Year,Date ,Hour,DataRecorded,DataReviewed,Observer,Time,Frame,Direction,Range,Length,Confidence,Comments
2024,12/29/2023,13:30,Full,Second 30,JB,13:46:06,4899,upstream,,51.3,1,recording starts for 2024 season
2024,12/29/2023,14:00,Full,First 30,JB,No fish,,,,,,
2024,12/29/2023,14:30,Full,Second 30,JB,No fish,,,,,,
2024,12/29/2023,15:00,Full,First 30,JB,No fish,,,,,,
2024,12/29/2023,15:30,Full,Second 30,JB,No fish,,,,,,
2024,12/29/2023,16:00,Full,First 30,JB,No fish,,,,,,
2024,12/29/2023,16:30,Full,Second 30,JB,No fish,,,,,,
2024,12/29/2023,17:00,Full,First 30,JB,No fish,,,,,,
2024,12/29/2023,17:30,Full,Second 30,JB,No fish,,,,,,
2024,12/29/2023,18:00,Full,First 30,JB,No fish,,,,,,
2024,12/29/2023,18:30,Full,Second 30,JB,No fish,,,,,,
2024,12/29/2023,19:00,Full,First 30,JB,No fish,,,,,,
2024,12/29/2023,19:30,Full,Second 30,JB,19:32:53,860,upstream,,74.4,1,"Not quite a full upstream movement on imagery, but assumed to be."
2024,12/29/2023,20:00,Full,First 30,JB,No fish,,,,,,
2024,12/29/2023,20:30,Full,Second 30,JB,No fish,,,,,,
2024,12/29/2023,21:00,Full,First 30,JB,No fish,,,,,,
2024,12/29/2023,21:30,Full,Second 30,JB,No fish,,,,,,
2024,12/29/2023,22:00,Full,First 30,JB,No fish,,,,,,
2024,12/29/2023,22:30,Full,Second 30,JB,No fish,,,,,,
2024,12/29/2023,23:00,Full,First 30,JB,No fish,,,,,,
2024,12/29/2023,23:30,Full,Second 30,JB,No fish,,,,,,
2024,12/30/2023,0:00,Full,First 30,JB,No fish,,,,,,
2024,12/30/2023,0:30,Full,Second 30,JB,No fish,,,,,,
2024,12/30/2023,1:00,Full,First 30,JB,No fish,,,,,,
2024,12/30/2023,1:30,Full,Second 30,JB,No fish,,,,,,
2024,12/30/2023,2:00,Full,First 30,JB,No fish,,,,,,
2024,12/30/2023,2:30,Full,Second 30,JB,No fish,,,,,,
2024,12/30/2023,3:00,Full,First 30,JB,No fish,,,,,,
2024,12/30/2023,3:30,Full,Second 30,JB,No fish,,,,,,
2024,12/30/2023,4:00,Full,First 30,JB,No fish,,,,,,
2024,12/30/2023,4:30,Full,Second 30,JB,No fish,,,,,,
2024,12/30/2023,5:00,Full,First 30,JB,No fish,,,,,,
2024,12/30/2023,5:30,Full,Second 30,JB,No fish,,,,,,
2024,12/30/2023,6:00,Full,First 30,JB,6:11:26,3410,upstream,,81.8,1,
2024,12/30/2023,6:30,Full,Second 30,JB,No fish,,,,,,
2024,12/30/2023,7:00,Full,First 30,JB,No fish,,,,,,
2024,12/30/2023,7:30,Full,Second 30,JB,No fish,,,,,,
2024,12/30/2023,8:00,Full,First 30,JB,No fish,,,,,,
2024,12/30/2023,8:30,Full,Second 30,JB,No fish,,,,,,
2024,12/30/2023,9:00,Full,First 30,JB,No fish,,,,,,
2024,12/30/2023,9:30,Full,Second 30,JB,No fish,,,,,,
2024,12/30/2023,10:00,Full,First 30,JB,No fish,,,,,,
2024,12/30/2023,10:30,Full,Second 30,JB,10:50:29,6084,upstream,,76.6,1,
2024,12/30/2023,11:00,Full,First 30,JB,11:19:52,5897,upstream,,86.1,1,
2024,12/30/2023,11:30,Full,Second 30,JB,11:38:48,2615,upstream,,72.4,1,
2024,12/30/2023,12:00,Full,First 30,JB,No fish,,,,,,
2024,12/30/2023,12:30,Full,Second 30,JB,No fish,,,,,,
2024,12/30/2023,13:00,Full,First 30,JB,No fish,,,,,,
2024,12/30/2023,13:30,Full,Second 30,JB,No fish,,,,,,
2024,12/30/2023,14:00,Full,First 30,JB,No fish,,,,,,
2024,12/30/2023,14:30,Full,Second 30,JB,No fish,,,,,,
2024,12/30/2023,15:00,Full,First 30,JB,No fish,,,,,,
2024,12/30/2023,15:30,Full,Second 30,JB,No fish,,,,,,
2024,12/30/2023,16:00,Full,First 30,JB,No fish,,,,,,
2024,12/30/2023,16:30,Full,Second 30,JB,No fish,,,,,,
2024,12/30/2023,17:00,Full,First 30,JB,No fish,,,,,,
2024,12/30/2023,17:30,Full,Second 30,JB,No fish,,,,,,
2024,12/30/2023,18:00,Full,First 30,JB,No fish,,,,,,
2024,12/30/2023,18:30,Full,Second 30,JB,No fish,,,,,,
2024,12/30/2023,19:00,Full,First 30,JB,No fish,,,,,,
2024,12/30/2023,19:30,Full,Second 30,JB,No fish,,,,,,
2024,12/30/2023,20:00,Full,First 30,JB,No fish,,,,,,
2024,12/30/2023,20:30,Full,Second 30,JB,No fish,,,,,,
2024,12/30/2023,21:00,Full,First 30,JB,No fish,,,,,,
2024,12/30/2023,21:30,Full,Second 30,JB,No fish,,,,,,
2024,12/30/2023,22:00,Full,First 30,JB,No fish,,,,,,
2024,12/30/2023,22:30,Full,Second 30,JB,No fish,,,,,,
2024,12/30/2023,23:00,Full,First 30,JB,No fish,,,,,,
2024,12/30/2023,23:30,Full,Second 30,JB,No fish,,,,,,
2024,12/31/2023,0:00,Full,First 30,JB,No fish,,,,,,
2024,12/31/2023,0:30,Full,Second 30,JB,No fish,,,,,,
2024,12/31/2023,1:00,Full,First 30,JB,No fish,,,,,,
2024,12/31/2023,1:30,Full,Second 30,JB,No fish,,,,,,
2024,12/31/2023,2:00,Full,First 30,JB,No fish,,,,,,
2024,12/31/2023,2:30,Full,Second 30,JB,No fish,,,,,,
2024,12/31/2023,3:00,Full,First 30,JB,No fish,,,,,,
2024,12/31/2023,3:30,Full,Second 30,JB,No fish,,,,,,
2024,12/31/2023,4:00,Full,First 30,JB,No fish,,,,,,
2024,12/31/2023,4:30,Full,Second 30,JB,No fish,,,,,,
2024,12/31/2023,5:00,Full,First 30,JB,No fish,,,,,,
2024,12/31/2023,5:30,Full,Second 30,JB,No fish,,,,,,
2024,12/31/2023,6:00,Full,First 30,JB,No fish,,,,,,
2024,12/31/2023,6:30,Full,Second 30,JB,No fish,,,,,,
2024,12/31/2023,7:00,Full,First 30,JB,No fish,,,,,,
2024,12/31/2023,7:30,Full,Second 30,JB,No fish,,,,,,
2024,12/31/2023,8:00,Full,First 30,JB,No fish,,,,,,
2024,12/31/2023,8:30,Full,Second 30,JB,8:38:47,2620,downstream,,74.9,1,
2024,12/31/2023,8:30,Full,Second 30,JB,8:39:58,2977,upstream,,76.5,1,
2024,12/31/2023,9:00,Full,First 30,JB,No fish,,,,,,
2024,12/31/2023,9:30,Full,Second 30,JB,No fish,,,,,,
2024,12/31/2023,10:00,Full,First 30,JB,No fish,,,,,,
2024,12/31/2023,10:30,Full,Second 30,JB,No fish,,,,,,
2024,12/31/2023,11:00,Full,First 30,JB,No fish,,,,,,
2024,12/31/2023,11:30,Full,Second 30,JB,No fish,,,,,,
2024,12/31/2023,12:00,Full,First 30,JB,No fish,,,,,,
2024,12/31/2023,12:30,Full,Second 30,JB,12:50:55,6239,upstream,,67.2,1,
2024,12/31/2023,13:00,Full,First 30,JB,No fish,,,,,,
2024,12/31/2023,13:30,Full,Second 30,JB,No fish,,,,,,
2024,12/31/2023,14:00,Full,First 30,JB,No fish,,,,,,
2024,12/31/2023,14:30,Full,Second 30,JB,14:40:04,3000,upstream,,69.1,1,
2024,12/31/2023,15:00,Full,First 30,JB,No fish,,,,,,
2024,12/31/2023,15:30,Full,Second 30,JB,No fish,,,,,,
2024,12/31/2023,16:00,Full,First 30,JB,No fish,,,,,,
2024,12/31/2023,16:30,Full,Second 30,JB,No fish,,,,,,
2024,12/31/2023,17:00,Full,First 30,JB,No fish,,,,,,
2024,12/31/2023,17:30,Full,Second 30,JB,No fish,,,,,,
2024,12/31/2023,18:00,Full,First 30,JB,No fish,,,,,,
2024,12/31/2023,18:30,Full,Second 30,JB,No fish,,,,,,
2024,12/31/2023,19:00,Full,First 30,JB,No fish,,,,,,
2024,12/31/2023,19:30,Full,Second 30,JB,No fish,,,,,,
2024,12/31/2023,20:00,Full,First 30,JB,No fish,,,,,,
2024,12/31/2023,20:30,Full,Second 30,JB,No fish,,,,,,
2024,12/31/2023,21:00,Full,First 30,JB,No fish,,,,,,
2024,12/31/2023,21:30,Full,Second 30,JB,No fish,,,,,,
2024,12/31/2023,22:00,Full,First 30,JB,No fish,,,,,,
2024,12/31/2023,22:30,Full,Second 30,JB,No fish,,,,,,
2024,12/31/2023,23:00,Full,First 30,JB,No fish,,,,,,
2024,12/31/2023,23:30,Full,Second 30,JB,No fish,,,,,,
2024,1/1/2024,0:00,Full,First 30,JB,No fish,,,,,,
2024,1/1/2024,0:30,Full,Second 30,JB,No fish,,,,,,
2024,1/1/2024,1:00,Full,First 30,JB,No fish,,,,,,
2024,1/1/2024,1:30,Full,Second 30,JB,No fish,,,,,,
2024,1/1/2024,2:00,Full,First 30,JB,No fish,,,,,,
2024,1/1/2024,2:30,Full,Second 30,JB,No fish,,,,,,
2024,1/1/2024,3:00,Full,First 30,JB,No fish,,,,,,
2024,1/1/2024,3:30,Full,Second 30,JB,No fish,,,,,,
2024,1/1/2024,4:00,Full,First 30,JB,No fish,,,,,,
2024,1/1/2024,4:30,Full,Second 30,JB,No fish,,,,,,
2024,1/1/2024,5:00,Full,First 30,JB,No fish,,,,,,
2024,1/1/2024,5:30,Full,Second 30,JB,No fish,,,,,,
2024,1/1/2024,6:00,Full,First 30,JB,No fish,,,,,,
2024,1/1/2024,6:30,Full,Second 30,JB,No fish,,,,,,
2024,1/1/2024,7:00,Full,First 30,JB,No fish,,,,,,
2024,1/1/2024,7:30,Full,Second 30,JB,No fish,,,,,,
2024,1/1/2024,8:00,Full,First 30,JB,No fish,,,,,,
2024,1/1/2024,8:30,Full,Second 30,JB,No fish,,,,,,
2024,1/1/2024,9:00,Full,First 30,JB,No fish,,,,,,
2024,1/1/2024,9:30,Full,Second 30,JB,No fish,,,,,,
2024,1/1/2024,10:00,Full,First 30,JB,10:29:32,8769,upstream,,58.7,1,
2024,1/1/2024,10:30,Full,Second 30,JB,No fish,,,,,,
2024,1/1/2024,11:00,Full,First 30,JB,No fish,,,,,,
2024,1/1/2024,11:30,Full,Second 30,JB,No fish,,,,,,
2024,1/1/2024,12:00,Full,First 30,JB,No fish,,,,,,
2024,1/1/2024,12:30,Full,Second 30,JB,No fish,,,,,,
2024,1/1/2024,13:00,Full,First 30,JB,No fish,,,,,,
2024,1/1/2024,13:30,Full,Second 30,JB,No fish,,,,,,
2024,1/1/2024,14:00,Full,First 30,JB,No fish,,,,,,
2024,1/1/2024,14:30,Full,Second 30,JB,No fish,,,,,,
2024,1/1/2024,15:00,Full,First 30,JB,No fish,,,,,,
2024,1/1/2024,15:30,Full,Second 30,JB,No fish,,,,,,
2024,1/1/2024,16:00,Full,First 30,JB,No fish,,,,,,
2024,1/1/2024,16:30,Full,Second 30,JB,No fish,,,,,,
2024,1/1/2024,17:00,Full,First 30,JB,No fish,,,,,,
2024,1/1/2024,17:30,Full,Second 30,JB,No fish,,,,,,
2024,1/1/2024,18:00,Full,First 30,JB,No fish,,,,,,
2024,1/1/2024,18:30,Full,Second 30,JB,No fish,,,,,,
2024,1/1/2024,19:00,Full,First 30,JB,No fish,,,,,,
2024,1/1/2024,19:30,Full,Second 30,JB,No fish,,,,,,
2024,1/1/2024,20:00,Full,First 30,JB,No fish,,,,,,
2024,1/1/2024,20:30,Full,Second 30,JB,No fish,,,,,,
2024,1/1/2024,21:00,Full,First 30,JB,No fish,,,,,,
2024,1/1/2024,21:30,Full,Second 30,JB,No fish,,,,,,
2024,1/1/2024,22:00,Full,First 30,JB,No fish,,,,,,
2024,1/1/2024,22:30,Full,Second 30,JB,No fish,,,,,,
2024,1/1/2024,23:00,Full,First 30,JB,No fish,,,,,,
2024,1/1/2024,23:30,Full,Second 30,JB,No fish,,,,,,
2024,1/2/2024,0:00,Full,First 30,JB,No fish,,,,,,
2024,1/2/2024,0:30,Full,Second 30,JB,No fish,,,,,,
2024,1/2/2024,1:00,Full,First 30,JB,No fish,,,,,,
2024,1/2/2024,1:30,Full,Second 30,JB,No fish,,,,,,
2024,1/2/2024,2:00,Full,First 30,JB,No fish,,,,,,
2024,1/2/2024,2:30,Full,Second 30,JB,No fish,,,,,,
2024,1/2/2024,3:00,Full,First 30,JB,No fish,,,,,,
2024,1/2/2024,3:30,Full,Second 30,JB,No fish,,,,,,
2024,1/2/2024,4:00,Full,First 30,JB,No fish,,,,,,
2024,1/2/2024,4:30,Full,Second 30,JB,No fish,,,,,,
2024,1/2/2024,5:00,Full,First 30,JB,No fish,,,,,,
2024,1/2/2024,5:30,Full,Second 30,JB,No fish,,,,,,
2024,1/2/2024,6:00,Full,First 30,JB,No fish,,,,,,
2024,1/2/2024,6:30,Full,Second 30,JB,No fish,,,,,,
2024,1/2/2024,7:00,Full,First 30,JB,No fish,,,,,,
2024,1/2/2024,7:30,Full,Second 30,JB,7:43:45,3965,upstream,,51.2,1,
2024,1/2/2024,8:00,Full,First 30,JB,No fish,,,,,,
2024,1/2/2024,8:30,Full,Second 30,JB,No fish,,,,,,
2024,1/2/2024,9:00,Full,First 30,JB,No fish,,,,,,
2024,1/2/2024,9:30,Full,Second 30,JB,No fish,,,,,,
2024,1/2/2024,10:00,Full,First 30,JB,No fish,,,,,,
2024,1/2/2024,10:30,Full,Second 30,JB,No fish,,,,,,
2024,1/2/2024,11:00,Full,First 30,JB,No fish,,,,,,
2024,1/2/2024,11:30,Full,Second 30,JB,No fish,,,,,,
2024,1/2/2024,12:00,Full,First 30,JB,No fish,,,,,,
2024,1/2/2024,12:30,Full,Second 30,JB,No fish,,,,,,
2024,1/2/2024,13:00,Full,First 30,JB,No fish,,,,,,
2024,1/2/2024,13:30,Full,Second 30,JB,No fish,,,,,,
2024,1/2/2024,14:00,Full,First 30,JB,No fish,,,,,,
2024,1/2/2024,14:30,Full,Second 30,JB,No fish,,,,,,
2024,1/2/2024,15:00,Full,First 30,JB,No fish,,,,,,
2024,1/2/2024,15:30,Full,Second 30,JB,No fish,,,,,,
2024,1/2/2024,16:00,Full,First 30,JB,No fish,,,,,,
2024,1/2/2024,16:30,Full,Second 30,JB,No fish,,,,,,
2024,1/2/2024,17:00,Full,First 30,JB,No fish,,,,,,
2024,1/2/2024,17:30,Full,Second 30,JB,No fish,,,,,,
2024,1/2/2024,18:00,Full,First 30,JB,No fish,,,,,,
2024,1/2/2024,18:30,Full,Second 30,JB,No fish,,,,,,
2024,1/2/2024,19:00,Full,First 30,JB,No fish,,,,,,
2024,1/2/2024,19:30,Full,Second 30,JB,No fish,,,,,,
2024,1/2/2024,20:00,Full,First 30,JB,No fish,,,,,,
2024,1/2/2024,20:30,Full,Second 30,JB,No fish,,,,,,
2024,1/2/2024,21:00,Full,First 30,JB,21:04:03,1192,upstream,,71.8,1,
2024,1/2/2024,21:30,Full,Second 30,JB,No fish,,,,,,
2024,1/2/2024,22:00,Full,First 30,JB,22:08:54,2628,upstream,,81.9,1,
2024,1/2/2024,22:30,Full,Second 30,JB,No fish,,,,,,
2024,1/2/2024,23:00,Full,First 30,JB,No fish,,,,,,
2024,1/2/2024,23:30,Full,Second 30,JB,No fish,,,,,,
2024,1/3/2024,0:00,Full,First 30,JB,0:06:01,1769,upstream,,54.2,1,
2024,1/3/2024,0:00,Full,First 30,JB,No fish,,,,,,
2024,1/3/2024,0:30,Full,Second 30,JB,No fish,,,,,,
2024,1/3/2024,0:30,Full,Second 30,JB,No fish,,,,,,
2024,1/3/2024,1:00,Full,First 30,JB,No fish,,,,,,
2024,1/3/2024,1:00,Full,First 30,JB,No fish,,,,,,
2024,1/3/2024,1:30,Full,Second 30,JB,No fish,,,,,,
2024,1/3/2024,1:30,Full,Second 30,JB,No fish,,,,,,
2024,1/3/2024,2:00,Full,First 30,JB,No fish,,,,,,
2024,1/3/2024,2:00,Full,First 30,JB,No fish,,,,,,
2024,1/3/2024,2:30,Full,Second 30,JB,No fish,,,,,,
2024,1/3/2024,2:30,Full,Second 30,JB,No fish,,,,,,
2024,1/3/2024,3:00,Full,First 30,JB,3:03:19,978,upstream,,53.3,1,
2024,1/3/2024,3:00,Full,First 30,JB,3:19:39,5781,upstream,,63.2,1,
2024,1/3/2024,3:30,Full,Second 30,JB,No fish,,,,,,
2024,1/3/2024,4:00,Full,First 30,JB,No fish,,,,,,
2024,1/3/2024,4:30,Full,Second 30,JB,4:51:50,6448,upstream,,73.4,1,
2024,1/3/2024,5:00,Full,First 30,JB,No fish,,,,,,
2024,1/3/2024,5:30,Full,Second 30,JB,No fish,,,,,,
2024,1/3/2024,6:00,Full,First 30,JB,No fish,,,,,,
2024,1/3/2024,6:30,Full,Second 30,JB,No fish,,,,,,
2024,1/3/2024,7:00,Full,First 30,JB,No fish,,,,,,
2024,1/3/2024,7:30,Full,Second 30,JB,No fish,,,,,,
2024,1/3/2024,8:00,Full,First 30,JB,No fish,,,,,,
2024,1/3/2024,8:30,Full,Second 30,JB,No fish,,,,,,
2024,1/3/2024,9:00,Full,First 30,JB,No fish,,,,,,
2024,1/3/2024,9:30,Full,Second 30,JB,No fish,,,,,,
2024,1/3/2024,10:00,Full,First 30,JB,No fish,,,,,,
2024,1/3/2024,10:30,Full,Second 30,JB,No fish,,,,,,
2024,1/3/2024,11:00,Full,First 30,JB,No fish,,,,,,
2024,1/3/2024,11:30,Full,Second 30,JB,No fish,,,,,,
2024,1/3/2024,12:00,Full,First 30,JB,No fish,,,,,,
2024,1/3/2024,12:30,Full,Second 30,JB,No fish,,,,,,
2024,1/3/2024,13:00,Full,First 30,JB,No fish,,,,,,
2024,1/3/2024,13:30,Full,Second 30,JB,No fish,,,,,,
2024,1/3/2024,14:00,Full,First 30,JB,No fish,,,,,,
2024,1/3/2024,14:30,Full,Second 30,JB,No fish,,,,,,
2024,1/3/2024,15:00,Full,First 30,JB,No fish,,,,,,
2024,1/3/2024,15:30,Full,Second 30,JB,No fish,,,,,,
2024,1/3/2024,16:00,Full,First 30,JB,No fish,,,,,,
2024,1/3/2024,16:30,Full,Second 30,JB,No fish,,,,,,
2024,1/3/2024,17:00,Full,First 30,JB,17:02:19,685,downstream,,65.7,2,
2024,1/3/2024,17:00,Full,First 30,JB,17:07:08,2113,upstream,,61.5,1,
2024,1/3/2024,17:00,Full,First 30,JB,17:22:43,6729,upstream,,43.7,1,
2024,1/3/2024,17:30,Full,Second 30,JB,No fish,,,,,,
2024,1/3/2024,18:00,Full,First 30,JB,No fish,,,,,,
2024,1/3/2024,18:30,Full,Second 30,JB,No fish,,,,,,
2024,1/3/2024,19:00,Full,First 30,JB,No fish,,,,,,
2024,1/3/2024,19:30,Full,Second 30,JB,No fish,,,,,,
2024,1/3/2024,20:00,Full,First 30,JB,No fish,,,,,,
2024,1/3/2024,20:30,Full,Second 30,JB,No fish,,,,,,
2024,1/3/2024,21:00,Full,First 30,JB,No fish,,,,,,
2024,1/3/2024,21:30,Full,Second 30,JB,No fish,,,,,,
2024,1/3/2024,22:00,Full,First 30,JB,22:00:34,162,downstream,,66.9,2,"Object rigid for most of its movement through imagery, but casts significant acoustic shadow.  Needs review. "
2024,1/3/2024,22:30,Full,Second 30,JB,No fish,,,,,,
2024,1/3/2024,23:00,Full,First 30,JB,No fish,,,,,,
2024,1/3/2024,23:30,Full,Second 30,JB,No fish,,,,,,
2024,1/4/2024,0:00,Full,First 30,JB,0:06:01,1769,upstream,,54.2,1,
2024,1/4/2024,0:30,Full,Second 30,JB,No fish,,,,,,
2024,1/4/2024,1:00,Full,First 30,JB,No fish,,,,,,
2024,1/4/2024,1:30,Full,Second 30,JB,No fish,,,,,,
2024,1/4/2024,2:00,Full,First 30,JB,No fish,,,,,,
2024,1/4/2024,2:30,Full,Second 30,JB,No fish,,,,,,
2024,1/4/2024,3:00,Full,No review,JB,,,,,,,
2024,1/4/2024,3:30,Full,No review,JB,,,,,,,
2024,1/4/2024,4:00,Full,No review,JB,,,,,,,
2024,1/4/2024,4:30,Full,No review,JB,,,,,,,
2024,1/4/2024,5:00,Full,No review,JB,,,,,,,
2024,1/4/2024,5:30,Full,No review,JB,,,,,,,
2024,1/4/2024,6:00,Full,No review,JB,,,,,,,
2024,1/4/2024,6:30,Full,No review,JB,,,,,,,
2024,1/4/2024,7:00,Full,No review,JB,,,,,,,
2024,1/4/2024,7:30,Full,No review,JB,,,,,,,
2024,1/4/2024,8:00,Full,No review,JB,,,,,,,
2024,1/4/2024,8:30,Full,No review,JB,,,,,,,
2024,1/4/2024,9:00,Full,No review,JB,,,,,,,
2024,1/4/2024,9:30,Full,No review,JB,,,,,,,
2024,1/4/2024,10:00,Full,No review,JB,,,,,,,
2024,1/4/2024,10:30,Full,No review,JB,,,,,,,
2024,1/4/2024,11:00,Full,No review,JB,,,,,,,
2024,1/4/2024,11:30,Full,No review,JB,,,,,,,
2024,1/4/2024,12:00,Full,No review,JB,,,,,,,
2024,1/4/2024,12:30,Full,No review,JB,,,,,,,
2024,1/4/2024,13:00,Full,No review,JB,,,,,,,
2024,1/4/2024,13:30,Full,No review,JB,,,,,,,
2024,1/4/2024,14:00,Full,No review,JB,,,,,,,
2024,1/4/2024,14:30,Full,No review,JB,,,,,,,
2024,1/4/2024,15:00,Full,No review,JB,,,,,,,
2024,1/4/2024,15:30,Full,No review,JB,,,,,,,
2024,1/4/2024,16:00,Full,No review,JB,,,,,,,
2024,1/4/2024,16:30,Full,No review,JB,,,,,,,
2024,1/4/2024,17:00,Full,No review,JB,,,,,,,
2024,1/4/2024,17:30,Full,No review,JB,,,,,,,
2024,1/4/2024,18:00,Full,No review,JB,,,,,,,
2024,1/4/2024,18:30,Full,No review,JB,,,,,,,
2024,1/4/2024,19:00,Full,No review,JB,,,,,,,
2024,1/4/2024,19:30,Full,No review,JB,,,,,,,
2024,1/4/2024,20:00,Full,No review,JB,,,,,,,
2024,1/4/2024,20:30,Full,No review,JB,,,,,,,
2024,1/4/2024,21:00,Full,No review,JB,,,,,,,
2024,1/4/2024,21:30,Full,No review,JB,,,,,,,
2024,1/4/2024,22:00,Full,No review,JB,,,,,,,
2024,1/4/2024,22:30,Full,No review,JB,,,,,,,
2024,1/4/2024,23:00,Full,No review,JB,,,,,,,
2024,1/4/2024,23:30,Full,No review,JB,,,,,,,
2024,1/5/2024,3:00,Full,First 30,JB,No fish,,,,,,
2024,1/5/2024,3:30,Full,Second 30,JB,No fish,,,,,,
2024,1/5/2024,4:00,Full,First 30,JB,No fish,,,,,,
2024,1/5/2024,4:30,Full,Second 30,JB,No fish,,,,,,
2024,1/5/2024,5:00,Full,First 30,JB,No fish,,,,,,
2024,1/5/2024,5:30,Full,Second 30,JB,No fish,,,,,,
2024,1/5/2024,6:00,Full,First 30,JB,No fish,,,,,,
2024,1/5/2024,6:30,Full,Second 30,JB,No fish,,,,,,
2024,1/5/2024,7:00,Full,First 30,JB,No fish,,,,,,
2024,1/5/2024,7:30,Full,Second 30,JB,No fish,,,,,,
2024,1/5/2024,8:00,Full,First 30,JB,No fish,,,,,,
2024,1/5/2024,8:30,Full,Second 30,JB,No fish,,,,,,
2024,1/5/2024,9:00,Full,First 30,JB,No fish,,,,,,
2024,1/5/2024,9:30,Full,Second 30,JB,No fish,,,,,,
2024,1/5/2024,10:00,Full,First 30,JB,No fish,,,,,,
2024,1/5/2024,10:30,Full,Second 30,JB,No fish,,,,,,
2024,1/5/2024,11:00,Full,First 30,JB,No fish,,,,,,
2024,1/5/2024,11:30,Full,Second 30,JB,No fish,,,,,,
2024,1/5/2024,12:00,Full,First 30,JB,12:02:08,618,downstream,,53.6,2,Likely an animal. BC- unsure. Keep at 2. 
2024,1/5/2024,12:30,Full,Second 30,JB,No fish,,,,,,
2024,1/5/2024,13:00,Full,First 30,JB,No fish,,,,,,
2024,1/5/2024,13:30,Full,Second 30,JB,No fish,,,,,,
2024,1/5/2024,14:00,Full,First 30,JB,No fish,,,,,,
2024,1/5/2024,14:30,Full,Second 30,JB,No fish,,,,,,
2024,1/5/2024,15:00,Full,First 30,JB,No fish,,,,,,
2024,1/5/2024,15:30,Full,Second 30,JB,No fish,,,,,,
2024,1/5/2024,16:00,Full,First 30,JB,No fish,,,,,,
2024,1/5/2024,16:30,Full,Second 30,JB,No fish,,,,,,
2024,1/5/2024,17:00,Full,First 30,JB,No fish,,,,,,
2024,1/5/2024,17:30,Full,Second 30,JB,No fish,,,,,,
2024,1/5/2024,18:00,Full,First 30,JB,No fish,,,,,,
2024,1/5/2024,18:30,Full,Second 30,JB,No fish,,,,,,
2024,1/5/2024,19:00,Full,First 30,JB,No fish,,,,,,
2024,1/5/2024,19:30,Full,Second 30,JB,No fish,,,,,,
2024,1/5/2024,20:00,Full,First 30,JB,No fish,,,,,,
2024,1/5/2024,20:30,Full,Second 30,JB,No fish,,,,,,
2024,1/5/2024,21:00,Full,First 30,JB,No fish,,,,,,
2024,1/5/2024,21:30,Full,Second 30,JB,No fish,,,,,,
2024,1/5/2024,22:00,Full,First 30,JB,No fish,,,,,,
2024,1/5/2024,22:30,Full,Second 30,JB,No fish,,,,,,
2024,1/5/2024,23:00,Full,First 30,JB,No fish,,,,,,
2024,1/5/2024,23:30,Full,Second 30,JB,23:32:12,636,upstream,,77.4,1,
2024,1/5/2024,23:30,Full,Second 30,JB,23:48:02,5324,upstream,,78.4,1,
2024,1/6/2024,0:00,Full,First 30,JB,No fish,,,,,,
2024,1/6/2024,0:30,Full,Second 30,JB,No fish,,,,,,
2024,1/6/2024,1:00,Full,First 30,JB,No fish,,,,,,
2024,1/6/2024,1:30,Full,Second 30,JB,No fish,,,,,,
2024,1/6/2024,2:00,Full,First 30,JB,No fish,,,,,,
2024,1/6/2024,2:30,Full,Second 30,JB,No fish,,,,,,
2024,1/6/2024,3:00,Full,First 30,JB,No fish,,,,,,
2024,1/6/2024,3:30,Full,Second 30,JB,No fish,,,,,,
2024,1/6/2024,4:00,Full,First 30,JB,No fish,,,,,,
2024,1/6/2024,4:30,Full,Second 30,JB,No fish,,,,,,
2024,1/6/2024,5:00,Full,First 30,JB,No fish,,,,,,
2024,1/6/2024,5:30,Full,Second 30,JB,No fish,,,,,,
2024,1/6/2024,6:00,Full,First 30,JB,No fish,,,,,,
2024,1/6/2024,6:30,Full,Second 30,JB,No fish,,,,,,
2024,1/6/2024,7:00,Full,First 30,JB,No fish,,,,,,
2024,1/6/2024,7:30,Full,Second 30,JB,No fish,,,,,,
2024,1/6/2024,8:00,Full,First 30,JB,No fish,,,,,,
2024,1/6/2024,8:30,Full,Second 30,JB,No fish,,,,,,
2024,1/6/2024,9:00,Full,First 30,JB,No fish,,,,,,
2024,1/6/2024,9:30,Full,Second 30,JB,No fish,,,,,,
2024,1/6/2024,10:00,Full,First 30,JB,No fish,,,,,,
2024,1/6/2024,10:30,Full,Second 30,JB,No fish,,,,,,
2024,1/6/2024,11:00,Full,First 30,JB,No fish,,,,,,
2024,1/6/2024,11:30,Full,Second 30,JB,No fish,,,,,,
2024,1/6/2024,12:00,Full,First 30,JB,12:19:42,5824,upstream,,54.5,1,
2024,1/6/2024,12:30,Full,Second 30,JB,12:32:53,855,upstream,,47.0,1,
2024,1/6/2024,13:00,Full,First 30,JB,No fish,,,,,,
2024,1/6/2024,13:30,Full,Second 30,JB,No fish,,,,,,
2024,1/6/2024,14:00,Full,First 30,JB,No fish,,,,,,
2024,1/6/2024,14:30,Full,Second 30,JB,14:31:54,552,upstream,,62.6,1,
2024,1/6/2024,15:00,Full,First 30,JB,No fish,,,,,,
2024,1/6/2024,15:30,Full,Second 30,JB,No fish,,,,,,
2024,1/6/2024,16:00,Full,First 30,JB,No fish,,,,,,
2024,1/6/2024,16:30,Full,Second 30,JB,No fish,,,,,,
2024,1/6/2024,17:00,Full,First 30,JB,No fish,,,,,,
2024,1/6/2024,17:30,Full,Second 30,JB,No fish,,,,,,
2024,1/6/2024,18:00,Full,First 30,JB,No fish,,,,,,
2024,1/6/2024,18:30,Full,Second 30,JB,No fish,,,,,,
2024,1/6/2024,19:00,Full,First 30,JB,No fish,,,,,,
2024,1/6/2024,19:30,Full,Second 30,JB,No fish,,,,,,
2024,1/6/2024,20:00,Full,First 30,JB,No fish,,,,,,
2024,1/6/2024,20:30,Full,Second 30,JB,No fish,,,,,,
2024,1/6/2024,21:00,Full,First 30,JB,No fish,,,,,,
2024,1/6/2024,21:30,Full,Second 30,JB,No fish,,,,,,
2024,1/6/2024,22:00,Full,First 30,JB,No fish,,,,,,
2024,1/6/2024,22:30,Full,Second 30,JB,No fish,,,,,,
2024,1/6/2024,23:00,Full,First 30,JB,No fish,,,,,,
2024,1/6/2024,23:30,Full,Second 30,JB,No fish,,,,,,
2024,1/7/2024,0:00,Full,First 30,JB,No fish,,,,,,
2024,1/7/2024,0:30,Full,Second 30,JB,No fish,,,,,,
2024,1/7/2024,1:00,Full,First 30,JB,No fish,,,,,,
2024,1/7/2024,1:30,Full,Second 30,JB,No fish,,,,,,
2024,1/7/2024,2:00,Full,First 30,JB,No fish,,,,,,
2024,1/7/2024,2:30,Full,Second 30,JB,No fish,,,,,,
2024,1/7/2024,3:00,Full,First 30,JB,No fish,,,,,,
2024,1/7/2024,3:30,Full,Second 30,JB,No fish,,,,,,
2024,1/7/2024,4:00,Full,First 30,JB,No fish,,,,,,
2024,1/7/2024,4:30,Full,Second 30,JB,No fish,,,,,,
2024,1/7/2024,5:00,Full,First 30,JB,No fish,,,,,,
2024,1/7/2024,5:30,Full,Second 30,JB,5:38:32,2511,upstream,,60.2,1,
2024,1/7/2024,6:00,Full,First 30,JB,No fish,,,,,,
2024,1/7/2024,6:30,Full,Second 30,JB,No fish,,,,,,
2024,1/7/2024,7:00,Full,First 30,JB,No fish,,,,,,
2024,1/7/2024,7:30,Full,Second 30,JB,No fish,,,,,,
2024,1/7/2024,8:00,Full,First 30,JB,No fish,,,,,,
2024,1/7/2024,8:30,Full,Second 30,JB,No fish,,,,,,
2024,1/7/2024,9:00,Full,First 30,JB,No fish,,,,,,
2024,1/7/2024,9:30,Full,Second 30,JB,No fish,,,,,,
2024,1/7/2024,10:00,Full,First 30,JB,No fish,,,,,,
2024,1/7/2024,10:30,Full,Second 30,JB,No fish,,,,,,
2024,1/7/2024,11:00,Full,First 30,JB,No fish,,,,,,
2024,1/7/2024,11:30,Full,Second 30,JB,No fish,,,,,,
2024,1/7/2024,12:00,Full,First 30,JB,No fish,,,,,,
2024,1/7/2024,12:30,Full,Second 30,JB,No fish,,,,,,
2024,1/7/2024,13:00,Full,First 30,JB,No fish,,,,,,
2024,1/7/2024,13:30,Full,Second 30,JB,No fish,,,,,,
2024,1/7/2024,14:00,Full,First 30,JB,No fish,,,,,,
2024,1/7/2024,14:30,Full,Second 30,JB,No fish,,,,,,
2024,1/7/2024,15:00,Full,First 30,JB,No fish,,,,,,
2024,1/7/2024,15:30,Full,Second 30,JB,No fish,,,,,,
2024,1/7/2024,16:00,Full,First 30,JB,No fish,,,,,,
2024,1/7/2024,16:30,Full,Second 30,JB,No fish,,,,,,
2024,1/7/2024,17:00,Full,First 30,JB,No fish,,,,,,
2024,1/7/2024,17:30,Full,Second 30,JB,No fish,,,,,,
2024,1/7/2024,18:00,Full,First 30,JB,No fish,,,,,,
2024,1/7/2024,18:30,Full,Second 30,JB,No fish,,,,,,
2024,1/7/2024,19:00,Full,First 30,JB,No fish,,,,,,
2024,1/7/2024,19:30,Full,Second 30,JB,19:30:37,175,upstream,,62.3,1,
2024,1/7/2024,20:00,Full,First 30,JB,No fish,,,,,,
2024,1/7/2024,20:30,Full,Second 30,JB,No fish,,,,,,
2024,1/7/2024,21:00,Full,First 30,JB,No fish,,,,,,
2024,1/7/2024,21:30,Full,Second 30,JB,No fish,,,,,,
2024,1/7/2024,22:00,Full,First 30,JB,No fish,,,,,,
2024,1/7/2024,22:30,Full,Second 30,JB,No fish,,,,,,
2024,1/7/2024,23:00,Full,First 30,JB,No fish,,,,,,
2024,1/7/2024,23:30,Full,Second 30,JB,No fish,,,,,,
2024,1/8/2024,0:00,Full,First 30,JB,No fish,,,,,,
2024,1/8/2024,0:30,Full,Second 30,JB,No fish,,,,,,
2024,1/8/2024,1:00,Full,First 30,JB,No fish,,,,,,
2024,1/8/2024,1:30,Full,Second 30,JB,No fish,,,,,,
2024,1/8/2024,2:00,Full,First 30,JB,No fish,,,,,,
2024,1/8/2024,2:30,Full,Second 30,JB,No fish,,,,,,
2024,1/8/2024,3:00,Full,First 30,JB,No fish,,,,,,
2024,1/8/2024,3:30,Full,Second 30,JB,No fish,,,,,,
2024,1/8/2024,4:00,Full,First 30,JB,4:14:05,4141,upstream,,93.9,2,Probably animal. BC- yes. 
2024,1/8/2024,4:30,Full,Second 30,JB,No fish,,,,,,
2024,1/8/2024,5:00,Full,First 30,JB,No fish,,,,,,
2024,1/8/2024,5:30,Full,Second 30,JB,No fish,,,,,,
2024,1/8/2024,6:00,Full,First 30,JB,No fish,,,,,,
2024,1/8/2024,6:30,Full,Second 30,JB,No fish,,,,,,
2024,1/8/2024,7:00,Full,First 30,JB,No fish,,,,,,
2024,1/8/2024,7:30,Full,Second 30,JB,No fish,,,,,,
2024,1/8/2024,8:00,Full,First 30,JB,No fish,,,,,,
2024,1/8/2024,8:30,Full,Second 30,JB,No fish,,,,,,
2024,1/8/2024,9:00,Full,First 30,JB,No fish,,,,,,
2024,1/8/2024,9:30,Full,Second 30,JB,No fish,,,,,,
2024,1/8/2024,10:00,Full,First 30,JB,No fish,,,,,,
2024,1/8/2024,10:30,Full,Second 30,JB,No fish,,,,,,
2024,1/8/2024,11:00,Full,First 30,JB,No fish,,,,,,
2024,1/8/2024,11:30,Full,Second 30,JB,No fish,,,,,,
2024,1/8/2024,12:00,Full,First 30,JB,No fish,,,,,,
2024,1/8/2024,12:30,Full,Second 30,JB,No fish,,,,,,
2024,1/8/2024,13:00,Full,First 30,JB,No fish,,,,,,
2024,1/8/2024,13:30,Full,Second 30,JB,No fish,,,,,,
2024,1/8/2024,14:00,Full,First 30,JB,No fish,,,,,,
2024,1/8/2024,14:30,Full,Second 30,JB,No fish,,,,,,
2024,1/8/2024,15:00,Full,First 30,JB,No fish,,,,,,
2024,1/8/2024,15:30,Full,Second 30,JB,No fish,,,,,,
2024,1/8/2024,16:00,Full,First 30,JB,No fish,,,,,,
2024,1/8/2024,16:30,Full,Second 30,JB,No fish,,,,,,
2024,1/8/2024,17:00,Full,First 30,JB,No fish,,,,,,
2024,1/8/2024,17:30,Full,Second 30,JB,17:38:07,2419,upstream,,71.3,1,
2024,1/8/2024,18:00,Full,First 30,JB,No fish,,,,,,
2024,1/8/2024,18:30,Full,Second 30,JB,No fish,,,,,,
2024,1/8/2024,19:00,Full,First 30,JB,No fish,,,,,,
2024,1/8/2024,19:30,Full,Second 30,JB,No fish,,,,,,
2024,1/8/2024,20:00,Full,First 30,JB,No fish,,,,,,
2024,1/8/2024,20:30,Full,Second 30,JB,No fish,,,,,,
2024,1/8/2024,21:00,Full,First 30,JB,21:11:04,3301,upstream,,67.6,1,
2024,1/8/2024,21:30,Full,Second 30,JB,No fish,,,,,,
2024,1/8/2024,22:00,Full,First 30,JB,No fish,,,,,,
2024,1/8/2024,22:30,Full,Second 30,JB,No fish,,,,,,
2024,1/8/2024,23:00,Full,First 30,JB,No fish,,,,,,
2024,1/8/2024,23:30,Full,Second 30,JB,No fish,,,,,,
2024,1/9/2024,0:00,Full,First 30,JB,No fish,,,,,,
2024,1/9/2024,0:30,Full,Second 30,JB,No fish,,,,,,
2024,1/9/2024,1:00,Full,First 30,JB,13:20:12,6050,upstream,,62.6,1,
2024,1/9/2024,1:30,Full,Second 30,JB,No fish,,,,,,
2024,1/9/2024,2:00,Full,First 30,JB,No fish,,,,,,
2024,1/9/2024,2:30,Full,Second 30,JB,No fish,,,,,,
2024,1/9/2024,3:00,Full,First 30,JB,No fish,,,,,,
2024,1/9/2024,3:30,Full,Second 30,JB,No fish,,,,,,
2024,1/9/2024,4:00,Full,First 30,JB,No fish,,,,,,
2024,1/9/2024,4:30,Full,Second 30,JB,No fish,,,,,,
2024,1/9/2024,5:00,Full,First 30,JB,No fish,,,,,,
2024,1/9/2024,5:30,Full,Second 30,JB,No fish,,,,,,
2024,1/9/2024,6:00,Full,First 30,JB,No fish,,,,,,
2024,1/9/2024,6:30,Full,Second 30,JB,No fish,,,,,,
2024,1/9/2024,7:00,Full,First 30,JB,No fish,,,,,,
2024,1/9/2024,7:30,Full,Second 30,JB,No fish,,,,,,
2024,1/9/2024,8:00,Full,First 30,JB,No fish,,,,,,
2024,1/9/2024,8:30,Full,Second 30,JB,No fish,,,,,,
2024,1/9/2024,9:00,Full,First 30,JB,No fish,,,,,,
2024,1/9/2024,9:30,No data,No data,JB,,,,,,,
2024,1/9/2024,10:00,No data,No data,JB,,,,,,,
2024,1/9/2024,10:30,Partial,Second 30,JB,No fish,,,,,,file starts at 10:46
2024,1/9/2024,11:00,Partial,First 30,JB,No fish,,,,,,missing first 30 seconds and last 15 seconds
2024,1/9/2024,11:30,Full,Second 30,JB,No fish,,,,,,
2024,1/9/2024,12:00,Full,First 30,JB,No fish,,,,,,
2024,1/9/2024,12:30,Full,Second 30,JB,No fish,,,,,,
2024,1/9/2024,13:00,Full,First 30,JB,No fish,,,,,,
2024,1/9/2024,13:30,Full,Second 30,JB,No fish,,,,,,
2024,1/9/2024,14:00,Full,First 30,JB,No fish,,,,,,
2024,1/9/2024,14:30,Full,Second 30,JB,No fish,,,,,,
2024,1/9/2024,15:00,Full,First 30,JB,No fish,,,,,,
2024,1/9/2024,15:30,Full,Second 30,JB,No fish,,,,,,
2024,1/9/2024,16:00,Full,First 30,JB,No fish,,,,,,
2024,1/9/2024,16:30,Full,Second 30,JB,No fish,,,,,,
2024,1/9/2024,17:00,Full,First 30,JB,No fish,,,,,,
2024,1/9/2024,17:30,Full,Second 30,JB,No fish,,,,,,
2024,1/9/2024,18:00,Full,First 30,JB,No fish,,,,,,
2024,1/9/2024,18:30,Full,Second 30,JB,No fish,,,,,,
2024,1/9/2024,19:00,Full,First 30,JB,No fish,,,,,,
2024,1/9/2024,19:30,Full,Second 30,JB,No fish,,,,,,
2024,1/9/2024,20:00,Full,First 30,JB,No fish,,,,,,
2024,1/9/2024,20:30,Full,Second 30,JB,No fish,,,,,,
2024,1/9/2024,21:00,Full,First 30,JB,No fish,,,,,,
2024,1/9/2024,21:30,Full,Second 30,JB,No fish,,,,,,
2024,1/9/2024,22:00,Full,First 30,JB,No fish,,,,,,
2024,1/9/2024,22:30,Full,Second 30,JB,No fish,,,,,,
2024,1/9/2024,23:00,Full,First 30,JB,No fish,,,,,,
2024,1/9/2024,23:30,Full,Second 30,JB,No fish,,,,,,
2024,1/10/2024,0:00,Full,First 30,JB,No fish,,,,,,
2024,1/10/2024,0:30,Full,Second 30,JB,No fish,,,,,,
2024,1/10/2024,1:00,Full,First 30,JB,No fish,,,,,,
2024,1/10/2024,1:30,Full,Second 30,JB,No fish,,,,,,
2024,1/10/2024,2:00,Full,First 30,JB,No fish,,,,,,
2024,1/10/2024,2:30,Full,Second 30,JB,No fish,,,,,,
2024,1/10/2024,3:00,Full,First 30,JB,No fish,,,,,,
2024,1/10/2024,3:30,Full,Second 30,JB,No fish,,,,,,
2024,1/10/2024,4:00,Full,First 30,JB,No fish,,,,,,
2024,1/10/2024,4:30,Full,Second 30,JB,No fish,,,,,,
2024,1/10/2024,5:00,Full,First 30,JB,5:28:50,8656,upstream,,63.2,1,
2024,1/10/2024,5:30,Full,Second 30,JB,No fish,,,,,,
2024,1/10/2024,6:00,Full,First 30,JB,No fish,,,,,,
2024,1/10/2024,6:30,Full,Second 30,JB,No fish,,,,,,
2024,1/10/2024,7:00,Full,First 30,JB,7:27:08,8112,downstream,,69.4,1,
2024,1/10/2024,7:30,Full,Second 30,JB,No fish,,,,,,
2024,1/10/2024,8:00,Full,First 30,JB,8:19:26,5802,upstream,,56.3,1,
2024,1/10/2024,8:30,Full,Second 30,JB,No fish,,,,,,
2024,1/10/2024,9:00,Full,First 30,JB,No fish,,,,,,
2024,1/10/2024,9:30,Full,Second 30,JB,No fish,,,,,,
2024,1/10/2024,10:00,Full,First 30,JB,No fish,,,,,,
2024,1/10/2024,10:30,Full,Second 30,JB,No fish,,,,,,
2024,1/10/2024,11:00,Full,First 30,JB,No fish,,,,,,
2024,1/10/2024,11:30,Full,Second 30,JB,No fish,,,,,,
2024,1/10/2024,12:00,Full,First 30,JB,No fish,,,,,,
2024,1/10/2024,12:30,Full,Second 30,JB,No fish,,,,,,
2024,1/10/2024,13:00,Full,First 30,JB,No fish,,,,,,
2024,1/10/2024,13:30,Full,Second 30,JB,No fish,,,,,,
2024,1/10/2024,14:00,Full,First 30,JB,14:00:16,73,upstream,,73.1,1,
2024,1/10/2024,14:30,Full,Second 30,JB,No fish,,,,,,
2024,1/10/2024,15:00,Full,First 30,JB,No fish,,,,,,
2024,1/10/2024,15:30,Full,Second 30,JB,No fish,,,,,,
2024,1/10/2024,16:00,Full,First 30,JB,No fish,,,,,,
2024,1/10/2024,16:30,Full,Second 30,JB,No fish,,,,,,
2024,1/10/2024,17:00,Full,First 30,JB,17:23:31,7000,upstream,,74.8,1,
2024,1/10/2024,17:30,Full,Second 30,JB,17:57:32,8182,upstream,,62.2,1,
2024,1/10/2024,18:00,Full,First 30,JB,No fish,,,,,,
2024,1/10/2024,18:30,Full,Second 30,JB,No fish,,,,,,
2024,1/10/2024,19:00,Full,First 30,JB,No fish,,,,,,
2024,1/10/2024,19:30,Full,Second 30,JB,No fish,,,,,,
2024,1/10/2024,20:00,Full,First 30,JB,No fish,,,,,,
2024,1/10/2024,20:30,Full,Second 30,JB,No fish,,,,,,
2024,1/10/2024,21:00,Full,First 30,JB,No fish,,,,,,
2024,1/10/2024,21:30,Full,Second 30,JB,No fish,,,,,,
2024,1/10/2024,22:00,Full,First 30,JB,No fish,,,,,,
2024,1/10/2024,22:30,Full,Second 30,JB,No fish,,,,,,
2024,1/10/2024,23:00,Full,First 30,JB,No fish,,,,,,
2024,1/10/2024,23:30,Full,Second 30,JB,No fish,,,,,,
2024,1/11/2024,0:00,Full,First 30,JB,No fish,,,,,,
2024,1/11/2024,0:30,Full,Second 30,JB,No fish,,,,,,
2024,1/11/2024,1:00,Full,First 30,JB,No fish,,,,,,
2024,1/11/2024,1:30,Full,Second 30,JB,No fish,,,,,,
2024,1/11/2024,2:00,Full,First 30,JB,No fish,,,,,,
2024,1/11/2024,2:30,Full,Second 30,JB,No fish,,,,,,
2024,1/11/2024,3:00,Full,First 30,JB,No fish,,,,,,
2024,1/11/2024,3:30,Full,Second 30,JB,No fish,,,,,,
2024,1/11/2024,4:00,Full,First 30,JB,No fish,,,,,,
2024,1/11/2024,4:30,Full,Second 30,JB,No fish,,,,,,
2024,1/11/2024,5:00,Full,First 30,JB,No fish,,,,,,
2024,1/11/2024,5:30,Full,Second 30,JB,No fish,,,,,,
2024,1/11/2024,6:00,Full,First 30,JB,No fish,,,,,,
2024,1/11/2024,6:30,Full,Second 30,JB,No fish,,,,,,
2024,1/11/2024,7:00,Full,First 30,JB,7:22:15,6635,upstream,,64.1,1,
2024,1/11/2024,7:30,Full,Second 30,JB,7:42:31,3743,upstream,,76.3,1,
2024,1/11/2024,8:00,Full,First 30,JB,No fish,,,,,,
2024,1/11/2024,8:30,Full,Second 30,JB,No fish,,,,,,
2024,1/11/2024,9:00,Full,First 30,JB,No fish,,,,,,
2024,1/11/2024,9:30,Full,Second 30,JB,No fish,,,,,,
2024,1/11/2024,10:00,Full,First 30,JB,No fish,,,,,,
2024,1/11/2024,10:30,Full,Second 30,JB,No fish,,,,,,
2024,1/11/2024,11:00,Full,First 30,JB,No fish,,,,,,
2024,1/11/2024,11:30,Full,Second 30,JB,No fish,,,,,,
2024,1/11/2024,12:00,Full,First 30,JB,No fish,,,,,,
2024,1/11/2024,12:30,Full,Second 30,JB,No fish,,,,,,
2024,1/11/2024,13:00,Full,First 30,JB,13:14:26,4318,upstream,,62.6,1,
2024,1/11/2024,13:30,Full,Second 30,JB,No fish,,,,,,
2024,1/11/2024,14:00,Full,First 30,JB,No fish,,,,,,
2024,1/11/2024,14:30,Full,Second 30,JB,14:56:54,8058,upstream,,69.1,1,
2024,1/11/2024,15:00,Full,First 30,JB,No fish,,,,,,
2024,1/11/2024,15:30,Full,Second 30,JB,No fish,,,,,,
2024,1/11/2024,16:00,Full,First 30,JB,No fish,,,,,,
2024,1/11/2024,16:30,Full,Second 30,JB,No fish,,,,,,
2024,1/11/2024,17:00,Full,First 30,JB,17:12:46,3777,downstream,,48.0,1,
2024,1/11/2024,17:30,Full,Second 30,JB,No fish,,,,,,
2024,1/11/2024,18:00,Full,First 30,JB,No fish,,,,,,
2024,1/11/2024,18:30,Full,Second 30,JB,No fish,,,,,,
2024,1/11/2024,19:00,Full,First 30,JB,19:29:52,8861,downstream,,68.8,1,"Fish completely moves downstream in subsequent file (1930), but is only measureable in 1900. "
2024,1/11/2024,19:30,Full,Second 30,JB,19:30:47,231,upstream,,64.4,1,
2024,1/11/2024,20:00,Full,First 30,JB,No fish,,,,,,
2024,1/11/2024,20:30,Full,Second 30,JB,No fish,,,,,,
2024,1/11/2024,21:00,Full,First 30,JB,No fish,,,,,,
2024,1/11/2024,21:30,Full,Second 30,JB,21:37:05,2094,downstream,,62.2,1,
2024,1/11/2024,22:00,Full,First 30,JB,No fish,,,,,,
2024,1/11/2024,22:30,Full,Second 30,JB,22:47:24,5163,upstream,,70.5,1,
2024,1/11/2024,23:00,Full,First 30,JB,,,,,,,
2024,1/11/2024,23:30,Full,Second 30,JB,23:53:16,6888,downstream,,60.1,1,
2024,1/12/2024,0:00,Full,First 30,JB,0:22:50,6778,upstream,,68.7,1,
2024,1/12/2024,0:30,Full,Second 30,JB,0:42:00,3541,downstream,,52.9,1,
2024,1/12/2024,1:00,Full,First 30,JB,No fish,,,,,,
2024,1/12/2024,1:30,Full,Second 30,JB,1:36:50,2029,downstream,,54.2,1,
2024,1/12/2024,2:00,Full,First 30,JB,No fish,,,,,,
2024,1/12/2024,2:30,Full,Second 30,JB,No fish,,,,,,
2024,1/12/2024,3:00,Full,First 30,JB,No fish,,,,,,
2024,1/12/2024,3:30,Full,Second 30,JB,No fish,,,,,,
2024,1/12/2024,4:00,Full,First 30,JB,No fish,,,,,,
2024,1/12/2024,4:30,Full,Second 30,JB,No fish,,,,,,
2024,1/12/2024,5:00,Full,First 30,JB,No fish,,,,,,
2024,1/12/2024,5:30,Full,Second 30,JB,No fish,,,,,,
2024,1/12/2024,6:00,Full,First 30,JB,No fish,,,,,,
2024,1/12/2024,6:30,Full,Second 30,JB,No fish,,,,,,
2024,1/12/2024,7:00,Full,First 30,JB,No fish,,,,,,
2024,1/12/2024,7:30,Full,Second 30,JB,No fish,,,,,,
2024,1/12/2024,8:00,Full,First 30,JB,No fish,,,,,,
2024,1/12/2024,8:30,Full,Second 30,JB,No fish,,,,,,
2024,1/12/2024,9:00,Full,First 30,JB,No fish,,,,,,
2024,1/12/2024,9:30,Full,Second 30,JB,No fish,,,,,,
2024,1/12/2024,10:00,Full,First 30,JB,No fish,,,,,,
2024,1/12/2024,10:30,Full,Second 30,JB,No fish,,,,,,
2024,1/12/2024,11:00,Full,First 30,JB,No fish,,,,,,
2024,1/12/2024,11:30,Full,Second 30,JB,No fish,,,,,,
2024,1/12/2024,12:00,Full,First 30,JB,No fish,,,,,,
2024,1/12/2024,12:30,Full,Second 30,JB,No fish,,,,,,
2024,1/12/2024,13:00,Full,First 30,JB,No fish,,,,,,
2024,1/12/2024,13:30,Full,Second 30,JB,No fish,,,,,,
2024,1/12/2024,14:00,Full,First 30,JB,No fish,,,,,,
2024,1/12/2024,14:30,Full,Second 30,JB,No fish,,,,,,
2024,1/12/2024,15:00,Full,First 30,JB,No fish,,,,,,
2024,1/12/2024,15:30,Full,Second 30,JB,No fish,,,,,,
2024,1/12/2024,16:00,Full,First 30,JB,No fish,,,,,,
2024,1/12/2024,16:30,Full,Second 30,JB,No fish,,,,,,
2024,1/12/2024,17:00,Full,First 30,JB,17:25:29,7467,upstream,,69.8,1,
2024,1/12/2024,17:30,Full,Second 30,JB,No fish,,,,,,
2024,1/12/2024,18:00,Full,First 30,JB,No fish,,,,,,
2024,1/12/2024,18:30,Full,Second 30,JB,No fish,,,,,,
2024,1/12/2024,19:00,Full,First 30,JB,No fish,,,,,,
2024,1/12/2024,19:30,Full,Second 30,JB,No fish,,,,,,
2024,1/12/2024,20:00,Full,First 30,JB,No fish,,,,,,
2024,1/12/2024,20:30,Full,Second 30,JB,No fish,,,,,,
2024,1/12/2024,21:00,Full,First 30,JB,No fish,,,,,,
2024,1/12/2024,21:30,Full,Second 30,JB,No fish,,,,,,
2024,1/12/2024,22:00,Full,First 30,JB,No fish,,,,,,
2024,1/12/2024,22:30,Full,Second 30,JB,No fish,,,,,,
2024,1/12/2024,23:00,Full,First 30,JB,No fish,,,,,,
2024,1/12/2024,23:30,Full,Second 30,JB,No fish,,,,,,
2024,1/13/2024,0:00,Full,First 30,JB,No fish,,,,,,
2024,1/13/2024,0:30,Full,Second 30,JB,No fish,,,,,,
2024,1/13/2024,1:00,Full,First 30,JB,No fish,,,,,,
2024,1/13/2024,1:30,Full,Second 30,JB,No fish,,,,,,
2024,1/13/2024,2:00,Full,First 30,JB,No fish,,,,,,
2024,1/13/2024,2:30,Full,Second 30,JB,No fish,,,,,,
2024,1/13/2024,3:00,Full,First 30,JB,No fish,,,,,,
2024,1/13/2024,3:30,Full,Second 30,JB,3:35:19,1567,upstream,,77.8,1,
2024,1/13/2024,4:00,Full,First 30,JB,No fish,,,,,,
2024,1/13/2024,4:30,Full,Second 30,JB,No fish,,,,,,
2024,1/13/2024,5:00,Full,First 30,JB,No fish,,,,,,
2024,1/13/2024,5:30,Full,Second 30,JB,No fish,,,,,,
2024,1/13/2024,6:00,Full,First 30,JB,No fish,,,,,,
2024,1/13/2024,6:30,Full,Second 30,JB,No fish,,,,,,
2024,1/13/2024,7:00,Full,First 30,JB,No fish,,,,,,
2024,1/13/2024,7:30,Full,Second 30,JB,No fish,,,,,,
2024,1/13/2024,8:00,Full,First 30,JB,No fish,,,,,,
2024,1/13/2024,8:30,Full,Second 30,JB,No fish,,,,,,
2024,1/13/2024,9:00,Full,First 30,JB,No fish,,,,,,
2024,1/13/2024,9:30,Full,Second 30,JB,No fish,,,,,,
2024,1/13/2024,10:00,Full,First 30,JB,No fish,,,,,,
2024,1/13/2024,10:30,Full,Second 30,JB,No fish,,,,,,
2024,1/13/2024,11:00,Full,First 30,JB,No fish,,,,,,
2024,1/13/2024,11:30,Full,Second 30,JB,No fish,,,,,,
2024,1/13/2024,12:00,Full,First 30,JB,No fish,,,,,,
2024,1/13/2024,12:30,Full,Second 30,JB,No fish,,,,,,
2024,1/13/2024,13:00,Full,First 30,JB,No fish,,,,,,
2024,1/13/2024,13:30,Full,Second 30,JB,No fish,,,,,,
2024,1/13/2024,14:00,Full,First 30,JB,No fish,,,,,,
2024,1/13/2024,14:30,Full,Second 30,JB,No fish,,,,,,
2024,1/13/2024,15:00,Full,First 30,JB,No fish,,,,,,
2024,1/13/2024,15:30,Full,Second 30,JB,No fish,,,,,,
2024,1/13/2024,16:00,Full,First 30,JB,No fish,,,,,,
2024,1/13/2024,16:30,Full,Second 30,JB,No fish,,,,,,
2024,1/13/2024,17:00,Full,First 30,JB,No fish,,,,,,
2024,1/13/2024,17:30,Full,Second 30,JB,No fish,,,,,,
2024,1/13/2024,18:00,Full,First 30,JB,No fish,,,,,,
2024,1/13/2024,18:30,Full,Second 30,JB,No fish,,,,,,
2024,1/13/2024,19:00,Full,First 30,JB,No fish,,,,,,
2024,1/13/2024,19:30,Full,Second 30,JB,No fish,,,,,,
2024,1/13/2024,20:00,Full,First 30,JB,No fish,,,,,,
2024,1/13/2024,20:30,Full,Second 30,JB,No fish,,,,,,
2024,1/13/2024,21:00,Full,First 30,JB,21:07:17,2149,downstream,,66.8,1,
2024,1/13/2024,21:30,Full,Second 30,JB,No fish,,,,,,
2024,1/13/2024,22:00,Full,First 30,JB,No fish,,,,,,
2024,1/13/2024,22:30,Full,Second 30,JB,No fish,,,,,,
2024,1/13/2024,23:00,Full,First 30,JB,No fish,,,,,,
2024,1/13/2024,23:30,Full,Second 30,JB,No fish,,,,,,
2024,1/14/2024,0:00,Full,First 30,SM,No fish,,,,,,
2024,1/14/2024,0:30,Full,No review,,,,,,,,
2024,1/14/2024,1:00,Full,First 30,SM,No fish,,,,,,
2024,1/14/2024,1:30,Full,No review,,,,,,,,
2024,1/14/2024,2:00,Full,First 30,SM,No fish,,,,,,
2024,1/14/2024,2:30,Full,No review,,,,,,,,
2024,1/14/2024,3:00,Full,First 30,SM,No fish,,,,,,
2024,1/14/2024,3:30,Full,No review,,,,,,,,
2024,1/14/2024,4:00,Full,First 30,SM,4:15:44,4664,upstream,11.35,52.3,1,
2024,1/14/2024,4:30,Full,No review,,,,,,,,
2024,1/14/2024,5:00,Full,First 30,SM,No fish,,,,,,
2024,1/14/2024,5:30,Full,No review,,,,,,,,
2024,1/14/2024,6:00,Full,First 30,SM,No fish,,,,,,
2024,1/14/2024,6:30,Full,No review,,,,,,,,
2024,1/14/2024,7:00,Full,First 30,SM,No fish,,,,,,
2024,1/14/2024,7:30,Full,No review,,,,,,,,
2024,1/14/2024,8:00,Full,First 30,SM,8:04:09,1222,downstream,11.58,51.7,1,
2024,1/14/2024,8:00,Full,First 30,SM,8:04:15,1253,downstream,8.03,56.9,1,
2024,1/14/2024,8:30,Full,No review,,,,,,,,
2024,1/14/2024,9:00,Full,First 30,SM,No fish,,,,,,
2024,1/14/2024,9:30,Full,No review,,,,,,,,
2024,1/14/2024,10:00,Full,First 30,SM,No fish,,,,,,
2024,1/14/2024,10:30,Full,No review,,,,,,,,
2024,1/14/2024,11:00,Full,First 30,SM,No fish,,,,,,
2024,1/14/2024,11:30,Full,No review,,,,,,,,
2024,1/14/2024,12:00,Full,First 30,SM,No fish,,,,,,
2024,1/14/2024,12:30,Full,No review,,,,,,,,
2024,1/14/2024,13:00,Full,First 30,SM,No fish,,,,,,
2024,1/14/2024,13:30,Full,No review,,,,,,,,
2024,1/14/2024,14:00,Full,First 30,SM,No fish,,,,,,
2024,1/14/2024,14:30,Full,No review,,,,,,,,
2024,1/14/2024,15:00,Full,First 30,SM,No fish,,,,,,
2024,1/14/2024,15:30,Full,No review,,,,,,,,
2024,1/14/2024,16:00,Full,First 30,SM,No fish,,,,,,
2024,1/14/2024,16:30,Full,No review,,,,,,,,
2024,1/14/2024,17:00,Full,First 30,SM,No fish,,,,,,
2024,1/14/2024,17:30,Full,No review,,,,,,,,
2024,1/14/2024,18:00,Full,First 30,SM,No fish,,,,,,
2024,1/14/2024,18:30,Full,No review,,,,,,,,
2024,1/14/2024,19:00,Full,First 30,SM,No fish,,,,,,
2024,1/14/2024,19:30,Full,No review,,,,,,,,
2024,1/14/2024,20:00,Full,First 30,SM,No fish,,,,,,
2024,1/14/2024,20:30,Full,No review,,,,,,,,
2024,1/14/2024,21:00,Full,First 30,SM,21:27:19,8101,downstream,18.2,61.3,1,
2024,1/14/2024,21:30,Full,No review,,,,,,,,
2024,1/14/2024,22:00,Full,First 30,SM,No fish,,,,,,
2024,1/14/2024,22:30,Full,No review,,,,,,,,
2024,1/14/2024,23:00,Full,First 30,SM,No fish,,,,,,
2024,1/14/2024,23:30,Full,No review,,,,,,,,
2024,1/15/2024,0:00,Full,First 30,SM,0:12:36,3744,upstream,17.45,83,1,
2024,1/15/2024,0:30,Full,No review,,,,,,,,
2024,1/15/2024,1:00,Full,First 30,SM,No fish,,,,,,
2024,1/15/2024,1:30,Full,No review,,,,,,,,
2024,1/15/2024,2:00,Full,First 30,SM,No fish,,,,,,
2024,1/15/2024,2:30,Full,No review,,,,,,,,
2024,1/15/2024,3:00,Full,First 30,SM,3:05:36,1644,upstream,13.42,54.2,1,
2024,1/15/2024,3:30,Full,No review,,,,,,,,
2024,1/15/2024,4:00,Full,First 30,SM,4:18:33,5467,upstream,8.58,80.6,2,
2024,1/15/2024,4:30,Full,No review,,,,,,,,
2024,1/15/2024,5:00,Full,First 30,SM,No fish,,,,,,
2024,1/15/2024,5:30,Full,No review,,,,,,,,
2024,1/15/2024,6:00,Full,First 30,SM,No fish,,,,,,
2024,1/15/2024,6:30,Full,No review,,,,,,,,
2024,1/15/2024,7:00,Full,First 30,SM,7:02:38,772,upstream,15.49,46.9,1,
2024,1/15/2024,7:00,Full,First 30,SM,7:07:35,2238,downstream,5.95,64.5,1,
2024,1/15/2024,7:30,Full,No review,,,,,,,,
2024,1/15/2024,8:00,Full,First 30,SM,No fish,,,,,,
2024,1/15/2024,8:00,Full,First 30,SM,No fish,,,,,,
2024,1/15/2024,8:30,Full,No review,,,,,,,,
2024,1/15/2024,9:00,Full,First 30,SM,No fish,,,,,,
2024,1/15/2024,9:30,Full,No review,,,,,,,,
2024,1/15/2024,10:00,Full,First 30,SM,No fish,,,,,,
2024,1/15/2024,10:30,Full,No review,,,,,,,,
2024,1/15/2024,11:00,Full,First 30,SM,No fish,,,,,,
2024,1/15/2024,11:30,Full,No review,,,,,,,,
2024,1/15/2024,12:00,Full,First 30,SM,No fish,,,,,,
2024,1/15/2024,12:30,Full,No review,,,,,,,,
2024,1/15/2024,13:00,Full,First 30,SM,No fish,,,,,,
2024,1/15/2024,13:30,Full,No review,,,,,,,,
2024,1/15/2024,14:00,Full,First 30,SM,No fish,,,,,,
2024,1/15/2024,14:30,Full,No review,,,,,,,,
2024,1/15/2024,15:00,Full,First 30,SM,15:17:42,5367,downstream,8.39,55.4,1,
2024,1/15/2024,15:00,Full,First 30,SM,15:17:42,5269,downstream,10.61,55.9,1,
2024,1/15/2024,15:30,Full,No review,,,,,,,,
2024,1/15/2024,16:00,Full,First 30,SM,No fish,,,,,,
2024,1/15/2024,16:30,Full,No review,,,,,,,,
2024,1/15/2024,17:00,Full,First 30,SM,17:23:15,6889,downstream,5.83,63.9,1,
2024,1/15/2024,17:30,Full,No review,,,,,,,,
2024,1/15/2024,18:00,Full,First 30,SM,No fish,,,,,,
2024,1/15/2024,18:30,Full,No review,,,,,,,,
2024,1/15/2024,19:00,Full,First 30,SM,19:09:50,2951,upstream,15.23,74.7,1,
2024,1/15/2024,19:00,Full,First 30,SM,19:11:20,3400,upstream,6.12,60.8,1,
2024,1/15/2024,19:00,Full,First 30,SM,19:13:15,4122,upstream,14.93,80.9,1,
2024,1/15/2024,19:00,Full,First 30,SM,19:15:40,4701,upstream,3.14,73.5,1,
2024,1/15/2024,19:30,Full,No review,,,,,,,,
2024,1/15/2024,20:00,Full,First 30,SM,20:04:30,1376,upstream,15.71,56.7,1,
2024,1/15/2024,20:00,Full,First 30,SM,20:07:20,2201,downstream,7.7,84.6,2,BC changed to 2.
2024,1/15/2024,20:30,Full,No review,,,,,,,,
2024,1/15/2024,21:00,Full,First 30,SM,No fish,,,,,,
2024,1/15/2024,21:30,Full,No review,,,,,,,,
2024,1/15/2024,22:00,Full,First 30,SM,No fish,,,,,,
2024,1/15/2024,22:30,Full,No review,,,,,,,,
2024,1/15/2024,23:00,Full,First 30,SM,No fish,,,,,,
2024,1/15/2024,23:30,Full,No review,,,,,,,,
2024,1/16/2024,0:00,Full,First 30,SM,No fish,,,,,,
2024,1/16/2024,0:30,Full,No review,,,,,,,,
2024,1/16/2024,1:00,Full,First 30,SM,1:01:30,439,upstream,12.99,53.4,1,
2024,1/16/2024,1:00,Full,First 30,SM,1:20:49,6164,upstream,11.33,67.6,1,
2024,1/16/2024,1:30,Full,No review,,,,,,,,
2024,1/16/2024,2:00,Full,First 30,SM,No fish,,,,,,
2024,1/16/2024,2:30,Full,No review,,,,,,,,
2024,1/16/2024,3:00,Full,First 30,SM,No fish,,,,,,
2024,1/16/2024,3:30,Full,No review,,,,,,,,
2024,1/16/2024,4:00,Full,First 30,SM,No fish,,,,,,
2024,1/16/2024,4:30,Full,No review,,,,,,,,
2024,1/16/2024,5:00,Full,First 30,SM,No fish,,,,,,
2024,1/16/2024,5:30,Full,No review,,,,,,,,
2024,1/16/2024,6:00,Full,First 30,SM,No fish,,,,,,
2024,1/16/2024,6:30,Full,No review,,,,,,,,
2024,1/16/2024,7:00,Full,First 30,SM,No fish,,,,,,
2024,1/16/2024,7:30,Full,No review,,,,,,,,
2024,1/16/2024,8:00,Full,First 30,SM,No fish,,,,,,
2024,1/16/2024,8:30,Full,No review,,,,,,,,
2024,1/16/2024,9:00,Full,First 30,SM,No fish,,,,,,
2024,1/16/2024,9:30,Full,No review,,,,,,,,
2024,1/16/2024,10:00,Full,First 30,SM,No fish,,,,,,
2024,1/16/2024,10:30,Full,No review,,,,,,,,
2024,1/16/2024,11:00,Full,First 30,SM,No fish,,,,,,
2024,1/16/2024,11:30,Full,No review,,,,,,,,
2024,1/16/2024,12:00,Full,First 30,SM,No fish,,,,,,
2024,1/16/2024,12:30,Full,No review,,,,,,,,
2024,1/16/2024,13:00,Full,First 30,SM,No fish,,,,,,
2024,1/16/2024,13:30,Full,No review,,,,,,,,
2024,1/16/2024,14:00,Full,First 30,SM,No fish,,,,,,
2024,1/16/2024,14:30,Full,No review,,,,,,,,
2024,1/16/2024,15:00,Full,First 30,SM,No fish,,,,,,
2024,1/16/2024,15:30,Full,No review,,,,,,,,
2024,1/16/2024,16:00,Full,First 30,SM,No fish,,,,,,
2024,1/16/2024,16:30,Full,No review,,,,,,,,
2024,1/16/2024,17:00,Full,First 30,SM,No fish,,,,,,
2024,1/16/2024,17:30,Full,No review,,,,,,,,
2024,1/16/2024,18:00,Full,First 30,SM,No fish,,,,,,
2024,1/16/2024,18:30,Full,No review,,,,,,,,
2024,1/16/2024,19:00,Full,First 30,SM,No fish,,,,,,
2024,1/16/2024,19:30,Full,No review,,,,,,,,
2024,1/16/2024,20:00,Full,First 30,SM,No fish,,,,,,
2024,1/16/2024,20:30,Full,No review,,,,,,,,
2024,1/16/2024,21:00,Full,First 30,SM,No fish,,,,,,
2024,1/16/2024,21:30,Full,No review,,,,,,,,
2024,1/16/2024,22:00,Full,First 30,SM,No fish,,,,,,
2024,1/16/2024,22:30,Full,No review,,,,,,,,
2024,1/16/2024,23:00,Full,First 30,SM,No fish,,,,,,
2024,1/16/2024,23:30,Full,No review,,,,,,,,
2024,1/17/2024,0:00,Full,First 30,SM,No fish,,,,,,
2024,1/17/2024,0:30,Full,No review,,,,,,,,
2024,1/17/2024,1:00,Full,First 30,SM,No fish,,,,,,
2024,1/17/2024,1:30,Full,No review,,,,,,,,
2024,1/17/2024,2:00,Full,First 30,SM,2:10:48,3230,upstream,15.35,64.4,1,
2024,1/17/2024,2:30,Full,No review,,,,,,,,
2024,1/17/2024,3:00,Full,First 30,SM,No fish,,,,,,
2024,1/17/2024,3:30,Full,No review,,,,,,,,
2024,1/17/2024,4:00,Full,First 30,SM,No fish,,,,,,
2024,1/17/2024,4:30,Full,No review,,,,,,,,
2024,1/17/2024,5:00,Full,First 30,SM,No fish,,,,,,
2024,1/17/2024,5:30,Full,No review,,,,,,,,
2024,1/17/2024,6:00,Full,First 30,SM,No fish,,,,,,
2024,1/17/2024,6:30,Full,No review,,,,,,,,
2024,1/17/2024,7:00,Full,First 30,SM,No fish,,,,,,
2024,1/17/2024,7:30,Full,No review,,,,,,,,
2024,1/17/2024,8:00,Full,First 30,SM,No fish,,,,,,
2024,1/17/2024,8:30,Full,No review,,,,,,,,
2024,1/17/2024,9:00,Full,First 30,SM,No fish,,,,,,
2024,1/17/2024,9:30,Full,No review,,,,,,,,
2024,1/17/2024,10:00,Full,First 30,SM,No fish,,,,,,
2024,1/17/2024,10:30,Full,No review,,,,,,,,
2024,1/17/2024,11:00,Full,First 30,SM,No fish,,,,,,
2024,1/17/2024,11:30,Full,No review,,,,,,,,
2024,1/17/2024,12:00,Full,First 30,SM,No fish,,,,,,
2024,1/17/2024,12:30,Full,No review,,,,,,,,
2024,1/17/2024,13:00,Full,First 30,SM,No fish,,,,,,
2024,1/17/2024,13:30,Full,No review,,,,,,,,
2024,1/17/2024,14:00,Full,First 30,SM,No fish,,,,,,
2024,1/17/2024,14:30,Full,No review,,,,,,,,
2024,1/17/2024,15:00,Full,First 30,SM,No fish,,,,,,
2024,1/17/2024,15:30,Full,No review,,,,,,,,
2024,1/17/2024,16:00,Full,First 30,SM,No fish,,,,,,
2024,1/17/2024,16:30,Full,No review,,,,,,,,
2024,1/17/2024,17:00,Full,First 30,SM,No fish,,,,,,
2024,1/17/2024,17:30,Full,No review,,,,,,,,
2024,1/17/2024,18:00,Full,First 30,SM,18:07:20,2201,upstream,5.9,73,1,
2024,1/17/2024,18:30,Full,No review,,,,,,,,
2024,1/17/2024,19:00,Full,First 30,SM,No fish,,,,,,
2024,1/17/2024,19:30,Full,No review,,,,,,,,
2024,1/17/2024,20:00,Full,First 30,SM,No fish,,,,,,
2024,1/17/2024,20:30,Full,No review,,,,,,,,
2024,1/17/2024,21:00,Full,First 30,SM,No fish,,,,,,
2024,1/17/2024,21:30,Full,No review,,,,,,,,
2024,1/17/2024,22:00,Full,First 30,SM,No fish,,,,,,
2024,1/17/2024,22:30,Full,No review,,,,,,,,
2024,1/17/2024,23:00,Full,First 30,SM,No fish,,,,,,
2024,1/17/2024,23:30,Full,No review,,,,,,,,
2024,1/18/2024,0:00,Full,First 30,SM,0:05:30,1623,downstream,13.76,47.6,1,
2024,1/18/2024,0:30,Full,No review,,,,,,,,
2024,1/18/2024,1:00,Full,First 30,SM,No fish,,,,,,
2024,1/18/2024,1:30,Full,No review,,,,,,,,
2024,1/18/2024,2:00,Full,First 30,SM,No fish,,,,,,
2024,1/18/2024,2:30,Full,No review,,,,,,,,
2024,1/18/2024,3:00,Full,First 30,SM,No fish,,,,,,
2024,1/18/2024,3:30,Full,No review,,,,,,,,
2024,1/18/2024,4:00,Full,First 30,SM,No fish,,,,,,
2024,1/18/2024,4:30,Full,No review,,,,,,,,
2024,1/18/2024,5:00,Full,First 30,SM,No fish,,,,,,
2024,1/18/2024,5:30,Full,No review,,,,,,,,
2024,1/18/2024,6:00,Full,First 30,SM,No fish,,,,,,
2024,1/18/2024,6:30,Full,No review,,,,,,,,
2024,1/18/2024,7:00,Full,First 30,SM,7:24:21,7157,upstream,15.43,51.1,1,
2024,1/18/2024,7:30,Full,No review,,,,,,,,
2024,1/18/2024,8:00,Full,First 30,SM,No fish,,,,,,
2024,1/18/2024,8:30,Full,No review,,,,,,,,
2024,1/18/2024,9:00,Full,First 30,SM,No fish,,,,,,
2024,1/18/2024,9:30,Full,No review,,,,,,,,
2024,1/18/2024,10:00,Full,First 30,SM,No fish,,,,,,
2024,1/18/2024,10:30,Full,No review,,,,,,,,
2024,1/18/2024,11:00,Full,First 30,SM,No fish,,,,,,
2024,1/18/2024,11:30,Full,No review,,,,,,,,
2024,1/18/2024,12:00,Full,First 30,SM,No fish,,,,,,
2024,1/18/2024,12:30,Full,No review,,,,,,,,
2024,1/18/2024,13:00,Full,First 30,SM,No fish,,,,,,
2024,1/18/2024,13:30,Full,No review,,,,,,,,
2024,1/18/2024,14:00,Full,First 30,SM,No fish,,,,,,
2024,1/18/2024,14:30,Full,No review,,,,,,,,
2024,1/18/2024,15:00,Full,First 30,SM,No fish,,,,,,
2024,1/18/2024,15:30,Full,No review,,,,,,,,
2024,1/18/2024,16:00,Full,First 30,SM,No fish,,,,,,
2024,1/18/2024,16:30,Full,No review,,,,,,,,
2024,1/18/2024,17:00,Full,First 30,SM,No fish,,,,,,
2024,1/18/2024,17:30,Full,No review,,,,,,,,
2024,1/18/2024,18:00,Full,First 30,SM,18:21:21,6307,upstream,6.08,69.3,1,
2024,1/18/2024,18:30,Full,No review,,,,,,,,
2024,1/18/2024,19:00,Full,First 30,SM,19:13:50,4148,upstream,7.76,69.5,1,
2024,1/18/2024,19:30,Full,No review,,,,,,,,
2024,1/18/2024,20:00,Full,First 30,SM,No fish,,,,,,
2024,1/18/2024,20:30,Full,No review,,,,,,,,
2024,1/18/2024,21:00,Full,First 30,SM,21:09:30,2828,downstream,4.6,70.3,1,
2024,1/18/2024,21:00,Full,First 30,SM,21:14:30,4305,upstream,9.59,78.1,1,
2024,1/18/2024,21:00,Full,First 30,SM,21:19:04,5667,downstream,10.25,81.4,1,
2024,1/18/2024,21:30,Full,No review,,,,,,,,
2024,1/18/2024,22:00,Full,First 30,SM,22:13:20,3975,downstream,7.66,82,1,
2024,1/18/2024,22:00,Full,First 30,SM,22:22:15,6622,downstream,13.63,72.1,1,
2024,1/18/2024,22:30,Full,No review,,,,,,,,
2024,1/18/2024,23:00,Full,First 30,SM,No fish,,,,,,
2024,1/18/2024,23:30,Full,No review,,,,,,,,
2024,1/19/2024,0:00,Full,No review,,,,,,,,
2024,1/19/2024,0:30,Full,No review,,,,,,,,
2024,1/19/2024,1:00,Full,No review,,,,,,,,
2024,1/19/2024,1:30,Full,No review,,,,,,,,
2024,1/19/2024,2:00,Full,No review,,,,,,,,
2024,1/19/2024,2:30,Full,No review,,,,,,,,
2024,1/19/2024,3:00,Full,No review,,,,,,,,
2024,1/19/2024,3:30,Full,No review,,,,,,,,
2024,1/19/2024,4:00,Full,No review,,,,,,,,
2024,1/19/2024,4:30,Full,No review,,,,,,,,
2024,1/19/2024,5:00,Full,No review,,,,,,,,
2024,1/19/2024,5:30,Full,No review,,,,,,,,
2024,1/19/2024,6:00,Full,No review,,,,,,,,
2024,1/19/2024,6:30,Full,No review,,,,,,,,
2024,1/19/2024,7:00,Full,No review,,,,,,,,
2024,1/19/2024,7:30,Full,No review,,,,,,,,
2024,1/19/2024,8:00,Full,No review,,,,,,,,
2024,1/19/2024,8:30,Full,No review,,,,,,,,
2024,1/19/2024,9:00,Full,No review,,,,,,,,
2024,1/19/2024,9:30,Full,No review,,,,,,,,
2024,1/19/2024,10:00,Full,No review,,,,,,,,
2024,1/19/2024,10:30,Full,No review,,,,,,,,
2024,1/19/2024,11:00,Full,No review,,,,,,,,
2024,1/19/2024,11:30,Full,No review,,,,,,,,
2024,1/19/2024,12:00,Full,No review,,,,,,,,
2024,1/19/2024,12:30,Full,No review,,,,,,,,
2024,1/19/2024,13:00,Full,No review,,,,,,,,
2024,1/19/2024,13:30,Full,No review,,,,,,,,
2024,1/19/2024,14:00,Full,No review,,,,,,,,
2024,1/19/2024,14:30,Full,No review,,,,,,,,
2024,1/19/2024,15:00,Full,No review,,,,,,,,
2024,1/19/2024,15:30,Full,No review,,,,,,,,
2024,1/19/2024,16:00,Full,No review,,,,,,,,
2024,1/19/2024,16:30,Full,No review,,,,,,,,
2024,1/19/2024,17:00,Full,No review,,,,,,,,
2024,1/19/2024,17:30,Full,No review,,,,,,,,
2024,1/19/2024,18:00,Full,No review,,,,,,,,
2024,1/19/2024,18:30,Full,No review,,,,,,,,
2024,1/19/2024,19:00,Full,No review,,,,,,,,
2024,1/19/2024,19:30,Full,No review,,,,,,,,
2024,1/19/2024,20:00,Full,No review,,,,,,,,
2024,1/19/2024,20:30,Full,No review,,,,,,,,
2024,1/19/2024,21:00,Full,No review,,,,,,,,
2024,1/19/2024,21:30,Full,No review,,,,,,,,
2024,1/19/2024,22:00,Full,No review,,,,,,,,
2024,1/19/2024,22:30,Full,No review,,,,,,,,
2024,1/19/2024,23:00,Full,No review,,,,,,,,
2024,1/19/2024,23:30,Full,No review,,,,,,,,
2024,1/20/2024,0:00,Full,No review,,,,,,,,
2024,1/20/2024,0:30,Full,No review,,,,,,,,
2024,1/20/2024,1:00,Full,No review,,,,,,,,
2024,1/20/2024,1:30,Full,No review,,,,,,,,
2024,1/20/2024,2:00,Full,No review,,,,,,,,
2024,1/20/2024,2:30,Full,No review,,,,,,,,
2024,1/20/2024,3:00,Full,No review,,,,,,,,
2024,1/20/2024,3:30,Full,No review,,,,,,,,
2024,1/20/2024,4:00,Full,No review,,,,,,,,
2024,1/20/2024,4:30,Full,No review,,,,,,,,
2024,1/20/2024,5:00,Full,No review,,,,,,,,
2024,1/20/2024,5:30,Full,No review,,,,,,,,
2024,1/20/2024,6:00,Full,No review,,,,,,,,
2024,1/20/2024,6:30,Full,No review,,,,,,,,
2024,1/20/2024,7:00,Full,No review,,,,,,,,
2024,1/20/2024,7:30,Full,No review,,,,,,,,
2024,1/20/2024,8:00,Full,No review,,,,,,,,
2024,1/20/2024,8:30,Full,No review,,,,,,,,
2024,1/20/2024,9:00,Full,No review,,,,,,,,
2024,1/20/2024,9:30,Full,No review,,,,,,,,
2024,1/20/2024,10:00,Full,No review,,,,,,,,
2024,1/20/2024,10:30,Full,No review,,,,,,,,
2024,1/20/2024,11:00,Full,No review,,,,,,,,
2024,1/20/2024,11:30,Full,No review,,,,,,,,
2024,1/20/2024,12:00,Full,No review,,,,,,,,
2024,1/20/2024,12:30,Full,No review,,,,,,,,
2024,1/20/2024,13:00,Full,No review,,,,,,,,
2024,1/20/2024,13:30,Full,No review,,,,,,,,
2024,1/20/2024,14:00,Full,No review,,,,,,,,
2024,1/20/2024,14:30,Full,No review,,,,,,,,
2024,1/20/2024,15:00,Full,No review,,,,,,,,
2024,1/20/2024,15:30,Full,No review,,,,,,,,
2024,1/20/2024,16:00,Full,No review,,,,,,,,
2024,1/20/2024,16:30,Full,No review,,,,,,,,
2024,1/20/2024,17:00,Full,No review,,,,,,,,
2024,1/20/2024,17:30,Full,No review,,,,,,,,
2024,1/20/2024,18:00,Full,No review,,,,,,,,
2024,1/20/2024,18:30,Full,No review,,,,,,,,
2024,1/20/2024,19:00,Full,No review,,,,,,,,
2024,1/20/2024,19:30,Full,No review,,,,,,,,
2024,1/20/2024,20:00,Full,No review,,,,,,,,
2024,1/20/2024,20:30,Full,No review,,,,,,,,
2024,1/20/2024,21:00,Full,No review,,,,,,,,
2024,1/20/2024,21:30,Full,No review,,,,,,,,
2024,1/20/2024,22:00,Full,No review,,,,,,,,
2024,1/20/2024,22:30,Full,No review,,,,,,,,
2024,1/20/2024,23:00,Full,No review,,,,,,,,
2024,1/20/2024,23:30,Full,No review,,,,,,,,
2024,1/21/2024,0:00,Full,No review,,,,,,,,
2024,1/21/2024,0:30,Full,No review,,,,,,,,
2024,1/21/2024,1:00,Full,No review,,,,,,,,
2024,1/21/2024,1:30,Full,No review,,,,,,,,
2024,1/21/2024,2:00,Full,No review,,,,,,,,
2024,1/21/2024,2:30,Full,No review,,,,,,,,
2024,1/21/2024,3:00,Full,No review,,,,,,,,
2024,1/21/2024,3:30,Full,No review,,,,,,,,
2024,1/21/2024,4:00,Full,No review,,,,,,,,
2024,1/21/2024,4:30,Full,No review,,,,,,,,
2024,1/21/2024,5:00,Full,No review,,,,,,,,
2024,1/21/2024,5:30,Full,No review,,,,,,,,
2024,1/21/2024,6:00,Full,No review,,,,,,,,
2024,1/21/2024,6:30,Full,No review,,,,,,,,
2024,1/21/2024,7:00,Full,No review,,,,,,,,
2024,1/21/2024,7:30,Full,No review,,,,,,,,
2024,1/21/2024,8:00,Full,No review,,,,,,,,
2024,1/21/2024,8:30,Full,No review,,,,,,,,
2024,1/21/2024,9:00,Full,No review,,,,,,,,
2024,1/21/2024,9:30,Full,No review,,,,,,,,
2024,1/21/2024,10:00,Full,No review,,,,,,,,
2024,1/21/2024,10:30,Full,No review,,,,,,,,
2024,1/21/2024,11:00,Full,No review,,,,,,,,
2024,1/21/2024,11:30,Full,No review,,,,,,,,
2024,1/21/2024,12:00,Full,No review,,,,,,,,
2024,1/21/2024,12:30,Full,No review,,,,,,,,
2024,1/21/2024,13:00,Full,No review,,,,,,,,
2024,1/21/2024,13:30,Full,No review,,,,,,,,
2024,1/21/2024,14:00,Full,No review,,,,,,,,
2024,1/21/2024,14:30,Full,No review,,,,,,,,
2024,1/21/2024,15:00,Full,No review,,,,,,,,
2024,1/21/2024,15:30,Full,No review,,,,,,,,
2024,1/21/2024,16:00,Full,No review,,,,,,,,
2024,1/21/2024,16:30,Full,No review,,,,,,,,
2024,1/21/2024,17:00,Full,No review,,,,,,,,
2024,1/21/2024,17:30,Full,No review,,,,,,,,
2024,1/21/2024,18:00,Full,No review,,,,,,,,
2024,1/21/2024,18:30,Full,No review,,,,,,,,
2024,1/21/2024,19:00,Full,No review,,,,,,,,
2024,1/21/2024,19:30,Full,No review,,,,,,,,
2024,1/21/2024,20:00,Full,No review,,,,,,,,
2024,1/21/2024,20:30,Full,No review,,,,,,,,
2024,1/21/2024,21:00,Full,No review,,,,,,,,
2024,1/21/2024,21:30,Full,No review,,,,,,,,
2024,1/21/2024,22:00,Full,No review,,,,,,,,
2024,1/21/2024,22:30,Full,No review,,,,,,,,
2024,1/21/2024,23:00,Full,No review,,,,,,,,
2024,1/21/2024,23:30,Full,No review,,,,,,,,
2024,1/21/2024,0:00,Full,No review,,,,,,,,
2024,1/21/2024,0:30,Full,No review,,,,,,,,
2024,1/21/2024,1:00,Full,No review,,,,,,,,
2024,1/21/2024,1:30,Full,No review,,,,,,,,
2024,1/21/2024,2:00,Full,No review,,,,,,,,
2024,1/21/2024,2:30,Full,No review,,,,,,,,
2024,1/21/2024,3:00,Full,No review,,,,,,,,
2024,1/21/2024,3:30,Full,No review,,,,,,,,
2024,1/21/2024,4:00,Full,No review,,,,,,,,
2024,1/21/2024,4:30,Full,No review,,,,,,,,
2024,1/21/2024,5:00,Full,No review,,,,,,,,
2024,1/21/2024,5:30,Full,No review,,,,,,,,
2024,1/21/2024,6:00,Full,No review,,,,,,,,
2024,1/21/2024,6:30,Full,No review,,,,,,,,
2024,1/21/2024,7:00,Full,No review,,,,,,,,
2024,1/21/2024,7:30,Full,No review,,,,,,,,
2024,1/21/2024,8:00,Full,No review,,,,,,,,
2024,1/21/2024,8:30,Full,No review,,,,,,,,
2024,1/21/2024,9:00,Full,No review,,,,,,,,
2024,1/21/2024,9:30,Full,No review,,,,,,,,
2024,1/21/2024,10:00,Full,No review,,,,,,,,
2024,1/21/2024,10:30,Full,No review,,,,,,,,
2024,1/21/2024,11:00,Full,No review,,,,,,,,
2024,1/21/2024,11:30,Full,No review,,,,,,,,
2024,1/21/2024,12:00,Full,No review,,,,,,,,
2024,1/21/2024,12:30,Full,No review,,,,,,,,
2024,1/21/2024,13:00,Full,No review,,,,,,,,
2024,1/21/2024,13:30,Full,No review,,,,,,,,
2024,1/21/2024,14:00,Full,No review,,,,,,,,
2024,1/21/2024,14:30,Full,No review,,,,,,,,
2024,1/21/2024,15:00,Full,No review,,,,,,,,
2024,1/21/2024,15:30,Full,No review,,,,,,,,
2024,1/21/2024,16:00,Full,No review,,,,,,,,
2024,1/21/2024,16:30,Full,No review,,,,,,,,
2024,1/21/2024,17:00,Full,No review,,,,,,,,
2024,1/21/2024,17:30,Full,No review,,,,,,,,
2024,1/21/2024,18:00,Full,No review,,,,,,,,
2024,1/21/2024,18:30,Full,No review,,,,,,,,
2024,1/21/2024,19:00,Full,No review,,,,,,,,
2024,1/21/2024,19:30,Full,No review,,,,,,,,
2024,1/21/2024,20:00,Full,No review,,,,,,,,
2024,1/21/2024,20:30,Full,No review,,,,,,,,
2024,1/21/2024,21:00,Full,No review,,,,,,,,
2024,1/21/2024,21:30,Full,No review,,,,,,,,
2024,1/21/2024,22:00,Full,No review,,,,,,,,
2024,1/21/2024,22:30,Full,No review,,,,,,,,
2024,1/21/2024,23:00,Full,No review,,,,,,,,
2024,1/21/2024,23:30,Full,No review,,,,,,,,
2024,1/22/2024,0:00,Full,No review,,,,,,,,
2024,1/22/2024,0:30,Full,No review,,,,,,,,
2024,1/22/2024,1:00,Full,No review,,,,,,,,
2024,1/22/2024,1:30,Full,No review,,,,,,,,
2024,1/22/2024,2:00,Full,No review,,,,,,,,
2024,1/22/2024,2:30,Full,No review,,,,,,,,
2024,1/22/2024,3:00,Full,No review,,,,,,,,
2024,1/22/2024,3:30,Full,No review,,,,,,,,
2024,1/22/2024,4:00,Full,No review,,,,,,,,
2024,1/22/2024,4:30,Full,No review,,,,,,,,
2024,1/22/2024,5:00,Full,No review,,,,,,,,
2024,1/22/2024,5:30,Full,No review,,,,,,,,
2024,1/22/2024,6:00,Full,No review,,,,,,,,
2024,1/22/2024,6:30,Full,No review,,,,,,,,
2024,1/22/2024,7:00,Full,No review,,,,,,,,
2024,1/22/2024,7:30,Full,No review,,,,,,,,
2024,1/22/2024,8:00,Full,No review,,,,,,,,
2024,1/22/2024,8:30,Full,No review,,,,,,,,
2024,1/22/2024,9:00,Full,No review,,,,,,,,
2024,1/22/2024,9:30,Full,No review,,,,,,,,
2024,1/22/2024,10:00,Full,No review,,,,,,,,
2024,1/22/2024,10:30,Full,No review,,,,,,,,
2024,1/22/2024,11:00,Full,No review,,,,,,,,
2024,1/22/2024,11:30,Full,No review,,,,,,,,
2024,1/22/2024,12:00,Full,No review,,,,,,,,
2024,1/22/2024,12:30,Full,No review,,,,,,,,
2024,1/22/2024,13:00,Full,No review,,,,,,,,
2024,1/22/2024,13:30,Full,No review,,,,,,,,
2024,1/22/2024,14:00,Full,No review,,,,,,,,
2024,1/22/2024,14:30,Full,No review,,,,,,,,
2024,1/22/2024,15:00,Full,No review,,,,,,,,
2024,1/22/2024,15:30,Full,No review,,,,,,,,
2024,1/22/2024,16:00,Full,No review,,,,,,,,
2024,1/22/2024,16:30,Full,No review,,,,,,,,
2024,1/22/2024,17:00,Full,No review,,,,,,,,
2024,1/22/2024,17:30,Full,No review,,,,,,,,
2024,1/22/2024,18:00,Full,No review,,,,,,,,
2024,1/22/2024,18:30,Full,No review,,,,,,,,
2024,1/22/2024,19:00,Full,No review,,,,,,,,
2024,1/22/2024,19:30,Full,No review,,,,,,,,
2024,1/22/2024,20:00,Full,No review,,,,,,,,
2024,1/22/2024,20:30,Full,No review,,,,,,,,
2024,1/22/2024,21:00,Full,No review,,,,,,,,
2024,1/22/2024,21:30,Full,No review,,,,,,,,
2024,1/22/2024,22:00,Full,No review,,,,,,,,
2024,1/22/2024,22:30,Full,No review,,,,,,,,
2024,1/22/2024,23:00,Full,No review,,,,,,,,
2024,1/22/2024,23:30,Full,No review,,,,,,,,
2024,1/23/2024,0:00,Full,No review,,,,,,,,
2024,1/23/2024,0:30,Full,No review,,,,,,,,
2024,1/23/2024,1:00,Full,No review,,,,,,,,
2024,1/23/2024,1:30,Full,No review,,,,,,,,
2024,1/23/2024,2:00,Full,No review,,,,,,,,
2024,1/23/2024,2:30,Full,No review,,,,,,,,
2024,1/23/2024,3:00,Full,No review,,,,,,,,
2024,1/23/2024,3:30,Full,No review,,,,,,,,
2024,1/23/2024,4:00,Full,No review,,,,,,,,
2024,1/23/2024,4:30,Full,No review,,,,,,,,
2024,1/23/2024,5:00,Full,No review,,,,,,,,
2024,1/23/2024,5:30,Full,No review,,,,,,,,
2024,1/23/2024,6:00,Full,No review,,,,,,,,
2024,1/23/2024,6:30,Full,No review,,,,,,,,
2024,1/23/2024,7:00,Full,No review,,,,,,,,
2024,1/23/2024,7:30,Full,No review,,,,,,,,
2024,1/23/2024,8:00,Full,No review,,,,,,,,
2024,1/23/2024,8:30,Full,No review,,,,,,,,
2024,1/23/2024,9:00,Full,No review,,,,,,,,
2024,1/23/2024,9:30,Full,No review,,,,,,,,
2024,1/23/2024,10:00,Full,No review,,,,,,,,
2024,1/23/2024,10:30,Full,No review,,,,,,,,
2024,1/23/2024,11:00,Full,No review,,,,,,,,
2024,1/23/2024,11:30,Full,No review,,,,,,,,
2024,1/23/2024,12:00,Full,No review,,,,,,,,
2024,1/23/2024,12:30,Full,No review,,,,,,,,
2024,1/23/2024,13:00,Full,No review,,,,,,,,
2024,1/23/2024,13:30,Full,No review,,,,,,,,
2024,1/23/2024,14:00,Full,No review,,,,,,,,
2024,1/23/2024,14:30,Full,No review,,,,,,,,
2024,1/23/2024,15:00,Full,No review,,,,,,,,
2024,1/23/2024,15:30,Full,No review,,,,,,,,
2024,1/23/2024,16:00,Full,No review,,,,,,,,
2024,1/23/2024,16:30,Full,No review,,,,,,,,
2024,1/23/2024,17:00,Full,No review,,,,,,,,
2024,1/23/2024,17:30,Full,No review,,,,,,,,
2024,1/23/2024,18:00,Full,No review,,,,,,,,
2024,1/23/2024,18:30,Full,No review,,,,,,,,
2024,1/23/2024,19:00,Full,No review,,,,,,,,
2024,1/23/2024,19:30,Full,No review,,,,,,,,
2024,1/23/2024,20:00,Full,No review,,,,,,,,
2024,1/23/2024,20:30,Full,No review,,,,,,,,
2024,1/23/2024,21:00,Full,No review,,,,,,,,
2024,1/23/2024,21:30,Full,No review,,,,,,,,
2024,1/23/2024,22:00,Full,No review,,,,,,,,
2024,1/23/2024,22:30,Full,No review,,,,,,,,
2024,1/23/2024,23:00,Full,No review,,,,,,,,
2024,1/23/2024,23:30,Full,No review,,,,,,,,
2024,1/24/2024,0:00,Full,First 30,SM,No fish,,,,,,Lots of feedback 
2024,1/24/2024,0:30,Full,No review,,,,,,,,
2024,1/24/2024,1:00,Full,First 30,SM,No fish,,,,,,Lots of feedback 
2024,1/24/2024,1:30,Full,No review,,,,,,,,
2024,1/24/2024,2:00,Full,First 30,SM,No fish,,,,,,Lots of feedback 
2024,1/24/2024,2:30,Full,No review,,,,,,,,
2024,1/24/2024,3:00,Full,First 30,SM,No fish,,,,,,Lots of feedback 
2024,1/24/2024,3:30,Full,No review,,,,,,,,
2024,1/24/2024,4:00,Full,First 30,SM,No fish,,,,,,Lots of feedback 
2024,1/24/2024,4:30,Full,No review,,,,,,,,
2024,1/24/2024,5:00,Full,First 30,SM,No fish,,,,,,Lots of feedback 
2024,1/24/2024,5:30,Full,No review,,,,,,,,
2024,1/24/2024,6:00,Full,First 30,SM,No fish,,,,,,Lots of feedback 
2024,1/24/2024,6:30,Full,No review,,,,,,,,
2024,1/24/2024,7:00,Full,First 30,SM,No fish,,,,,,Lots of feedback 
2024,1/24/2024,7:30,Full,No review,,,,,,,,
2024,1/24/2024,8:00,Full,First 30,SM,No fish,,,,,,Lots of feedback 
2024,1/24/2024,8:30,Full,No review,,,,,,,,
2024,1/24/2024,9:00,Full,First 30,SM,No fish,,,,,,Lots of feedback 
2024,1/24/2024,9:30,Full,No review,,,,,,,,
2024,1/24/2024,10:00,Full,First 30,SM,No fish,,,,,,Lots of feedback 
2024,1/24/2024,10:30,Full,No review,,,,,,,,
2024,1/24/2024,11:00,Full,First 30,SM,No fish,,,,,,Lots of feedback 
2024,1/24/2024,11:30,Full,No review,,,,,,,,
2024,1/24/2024,12:00,Full,First 30,SM,No fish,,,,,,Lots of feedback 
2024,1/24/2024,12:30,Full,No review,,,,,,,,
2024,1/24/2024,13:00,Full,First 30,SM,No fish,,,,,,Lots of feedback 
2024,1/24/2024,13:30,Full,No review,,,,,,,,
2024,1/24/2024,14:00,Full,First 30,SM,No fish,,,,,,Lots of feedback 
2024,1/24/2024,14:30,Full,No review,,,,,,,,
2024,1/24/2024,15:00,Full,First 30,SM,No fish,,,,,,Lots of feedback 
2024,1/24/2024,15:30,Full,No review,,,,,,,,
2024,1/24/2024,16:00,Full,First 30,SM,No fish,,,,,,Lots of feedback 
2024,1/24/2024,16:30,Full,No review,,,,,,,,
2024,1/24/2024,17:00,Full,First 30,SM,17:00:26,122,downstream,11.21,69.3,1,Lots of feedback 
2024,1/24/2024,17:30,Full,No review,,,,,,,,
2024,1/24/2024,18:00,Full,First 30,SM,No fish,,,,,,Lots of feedback 
2024,1/24/2024,18:30,Full,No review,,,,,,,,
2024,1/24/2024,19:00,Full,First 30,SM,19:19:30,5860,upstream,11.77,75.3,1,Lots of feedback 
2024,1/24/2024,19:30,Full,No review,,,,,,,,
2024,1/24/2024,20:00,Full,First 30,SM,No fish,,,,,,Lots of feedback 
2024,1/24/2024,20:30,Full,No review,,,,,,,,
2024,1/24/2024,21:00,Full,First 30,SM,No fish,,,,,,Lots of feedback 
2024,1/24/2024,21:30,Full,No review,,,,,,,,
2024,1/24/2024,22:00,Full,First 30,SM,No fish,,,,,,Lots of feedback 
2024,1/24/2024,22:30,Full,No review,,,,,,,,
2024,1/24/2024,23:00,Full,First 30,SM,No fish,,,,,,Lots of feedback 
2024,1/24/2024,23:30,Full,No review,,,,,,,,
2024,1/25/2024,0:00,Full,First 30,SM,No fish,,,,,,
2024,1/25/2024,0:30,Full,No review,,,,,,,,
2024,1/25/2024,1:00,Full,First 30,SM,No fish,,,,,,
2024,1/25/2024,1:30,Full,No review,,,,,,,,
2024,1/25/2024,2:00,Full,First 30,SM,No fish,,,,,,
2024,1/25/2024,2:30,Full,No review,,,,,,,,
2024,1/25/2024,3:00,Full,First 30,SM,No fish,,,,,,
2024,1/25/2024,3:30,Full,No review,,,,,,,,
2024,1/25/2024,4:00,Full,First 30,SM,No fish,,,,,,
2024,1/25/2024,4:30,Full,No review,,,,,,,,
2024,1/25/2024,5:00,Full,First 30,SM,No fish,,,,,,
2024,1/25/2024,5:30,Full,No review,,,,,,,,
2024,1/25/2024,6:00,Full,First 30,SM,No fish,,,,,,
2024,1/25/2024,6:30,Full,No review,,,,,,,,
2024,1/25/2024,7:00,Full,First 30,SM,No fish,,,,,,
2024,1/25/2024,7:30,Full,No review,,,,,,,,
2024,1/25/2024,8:00,Full,First 30,SM,8:13:30,4062,upstream,10.11,53.4,1,
2024,1/25/2024,8:30,Full,No review,,,,,,,,
2024,1/25/2024,9:00,Full,First 30,SM,No fish,,,,,,
2024,1/25/2024,9:30,Full,No review,,,,,,,,
2024,1/25/2024,10:00,Full,First 30,SM,No fish,,,,,,
2024,1/25/2024,10:30,Full,No review,,,,,,,,
2024,1/25/2024,11:00,Full,First 30,SM,No fish,,,,,,
2024,1/25/2024,11:30,Full,No review,,,,,,,,
2024,1/25/2024,12:00,Full,First 30,SM,No fish,,,,,,
2024,1/25/2024,12:30,Full,No review,,,,,,,,
2024,1/25/2024,13:00,Full,First 30,SM,No fish,,,,,,
2024,1/25/2024,13:30,Full,No review,,,,,,,,
2024,1/25/2024,14:00,Full,First 30,SM,No fish,,,,,,
2024,1/25/2024,14:30,Full,No review,,,,,,,,
2024,1/25/2024,15:00,Full,First 30,SM,No fish,,,,,,
2024,1/25/2024,15:30,Full,No review,,,,,,,,
2024,1/25/2024,16:00,Full,First 30,SM,No fish,,,,,,
2024,1/25/2024,16:30,Full,No review,,,,,,,,
2024,1/25/2024,17:00,Full,First 30,SM,No fish,,,,,,
2024,1/25/2024,17:30,Full,No review,,,,,,,,
2024,1/25/2024,18:00,Full,First 30,SM,No fish,,,,,,
2024,1/25/2024,18:30,Full,No review,,,,,,,,
2024,1/25/2024,19:00,Full,First 30,SM,No fish,,,,,,
2024,1/25/2024,19:30,Full,No review,,,,,,,,
2024,1/25/2024,20:00,Full,First 30,SM,No fish,,,,,,
2024,1/25/2024,20:30,Full,No review,,,,,,,,
2024,1/25/2024,21:00,Full,First 30,SM,No fish,,,,,,
2024,1/25/2024,21:30,Full,No review,,,,,,,,
2024,1/25/2024,22:00,Full,First 30,SM,No fish,,,,,,
2024,1/25/2024,22:30,Full,No review,,,,,,,,
2024,1/25/2024,23:00,Full,First 30,SM,No fish,,,,,,
2024,1/25/2024,23:30,Full,No review,,,,,,,,
2024,1/26/2024,0:00,Full,First 30,SM,No fish,,,,,,
2024,1/26/2024,0:30,Full,No review,,,,,,,,
2024,1/26/2024,1:00,Full,First 30,SM,1:02:30,754,upstream,9.97,79.3,1,
2024,1/26/2024,1:30,Full,No review,,,,,,,,
2024,1/26/2024,2:00,Full,First 30,SM,No fish,,,,,,
2024,1/26/2024,2:30,Full,No review,,,,,,,,
2024,1/26/2024,3:00,Full,First 30,SM,No fish,,,,,,
2024,1/26/2024,3:30,Full,No review,,,,,,,,
2024,1/26/2024,4:00,Full,First 30,SM,No fish,,,,,,
2024,1/26/2024,4:30,Full,No review,,,,,,,,
2024,1/26/2024,5:00,Full,First 30,SM,No fish,,,,,,
2024,1/26/2024,5:30,Full,No review,,,,,,,,
2024,1/26/2024,6:00,Full,First 30,SM,No fish,,,,,,
2024,1/26/2024,6:30,Full,No review,,,,,,,,
2024,1/26/2024,7:00,Full,First 30,SM,No fish,,,,,,
2024,1/26/2024,7:30,Full,No review,,,,,,,,
2024,1/26/2024,8:00,Full,First 30,SM,No fish,,,,,,
2024,1/26/2024,8:30,Full,No review,,,,,,,,
2024,1/26/2024,9:00,Full,First 30,SM,No fish,,,,,,
2024,1/26/2024,9:30,Full,No review,,,,,,,,
2024,1/26/2024,10:00,Full,First 30,SM,No fish,,,,,,
2024,1/26/2024,10:30,Full,No review,,,,,,,,
2024,1/26/2024,11:00,Full,First 30,SM,No fish,,,,,,
2024,1/26/2024,11:30,Full,No review,,,,,,,,
2024,1/26/2024,12:00,Full,First 30,SM,No fish,,,,,,
2024,1/26/2024,12:30,Full,No review,,,,,,,,
2024,1/26/2024,13:00,Full,First 30,SM,No fish,,,,,,
2024,1/26/2024,13:30,Full,No review,,,,,,,,
2024,1/26/2024,14:00,Full,First 30,SM,No fish,,,,,,
2024,1/26/2024,14:30,Full,No review,,,,,,,,
2024,1/26/2024,15:00,Full,First 30,SM,No fish,,,,,,
2024,1/26/2024,15:30,Full,No review,,,,,,,,
2024,1/26/2024,16:00,Full,First 30,SM,No fish,,,,,,
2024,1/26/2024,16:30,Full,No review,,,,,,,,
2024,1/26/2024,17:00,Full,First 30,SM,No fish,,,,,,
2024,1/26/2024,17:30,Full,No review,,,,,,,,
2024,1/26/2024,18:00,Full,First 30,SM,No fish,,,,,,
2024,1/26/2024,18:30,Full,No review,,,,,,,,
2024,1/26/2024,19:00,Full,First 30,SM,No fish,,,,,,
2024,1/26/2024,19:30,Full,No review,,,,,,,,
2024,1/26/2024,20:00,Full,First 30,SM,No fish,,,,,,
2024,1/26/2024,20:30,Full,No review,,,,,,,,
2024,1/26/2024,21:00,Full,First 30,SM,21:16:46,5033,upstream,9.51,65,1,
2024,1/26/2024,21:30,Full,No review,,,,,,,,
2024,1/26/2024,22:00,Full,First 30,SM,No fish,,,,,,
2024,1/26/2024,22:30,Full,No review,,,,,,,,
2024,1/26/2024,23:00,Full,First 30,SM,No fish,,,,,,
2024,1/26/2024,23:30,Full,No review,,,,,,,,
2024,1/27/2024,0:00,Full,First 30,SM,No fish,,,,,,
2024,1/27/2024,0:30,Full,No review,,,,,,,,
2024,1/27/2024,1:00,Full,First 30,SM,No fish,,,,,,
2024,1/27/2024,1:30,Full,No review,,,,,,,,
2024,1/27/2024,2:00,Full,First 30,SM,No fish,,,,,,
2024,1/27/2024,2:30,Full,No review,,,,,,,,
2024,1/27/2024,3:00,Full,First 30,SM,No fish,,,,,,
2024,1/27/2024,3:30,Full,No review,,,,,,,,
2024,1/27/2024,4:00,Full,First 30,SM,No fish,,,,,,
2024,1/27/2024,4:30,Full,No review,,,,,,,,
2024,1/27/2024,5:00,Full,First 30,SM,No fish,,,,,,
2024,1/27/2024,5:30,Full,No review,,,,,,,,
2024,1/27/2024,6:00,Full,First 30,SM,No fish,,,,,,
2024,1/27/2024,6:30,Full,No review,,,,,,,,
2024,1/27/2024,7:00,Full,First 30,SM,No fish,,,,,,
2024,1/27/2024,7:30,Full,No review,,,,,,,,
2024,1/27/2024,8:00,Full,First 30,SM,No fish,,,,,,
2024,1/27/2024,8:30,Full,No review,,,,,,,,
2024,1/27/2024,9:00,Full,First 30,SM,No fish,,,,,,
2024,1/27/2024,9:30,Full,No review,,,,,,,,
2024,1/27/2024,10:00,Full,First 30,SM,No fish,,,,,,
2024,1/27/2024,10:30,Full,No review,,,,,,,,
2024,1/27/2024,11:00,Full,First 30,SM,No fish,,,,,,
2024,1/27/2024,11:30,Full,No review,,,,,,,,
2024,1/27/2024,12:00,Full,First 30,SM,No fish,,,,,,
2024,1/27/2024,12:30,Full,No review,,,,,,,,
2024,1/27/2024,13:00,Full,First 30,SM,No fish,,,,,,
2024,1/27/2024,13:30,Full,No review,,,,,,,,
2024,1/27/2024,14:00,Full,First 30,SM,No fish,,,,,,
2024,1/27/2024,14:30,Full,No review,,,,,,,,
2024,1/27/2024,15:00,Full,First 30,SM,No fish,,,,,,
2024,1/27/2024,15:30,Full,No review,,,,,,,,
2024,1/27/2024,16:00,Full,First 30,SM,No fish,,,,,,
2024,1/27/2024,16:30,Full,No review,,,,,,,,
2024,1/27/2024,17:00,Full,First 30,SM,No fish,,,,,,
2024,1/27/2024,17:30,Full,No review,,,,,,,,
2024,1/27/2024,18:00,Full,First 30,SM,No fish,,,,,,
2024,1/27/2024,18:30,Full,No review,,,,,,,,
2024,1/27/2024,19:00,Full,First 30,SM,19:27:55,8374,upstream,7.1,75.3,1,Footage clears up significantly this file
2024,1/27/2024,19:30,Full,No review,,,,,,,,
2024,1/27/2024,20:00,Full,First 30,SM,No fish,,,,,,
2024,1/27/2024,20:30,Full,No review,,,,,,,,
2024,1/27/2024,21:00,Full,First 30,SM,No fish,,,,,,
2024,1/27/2024,21:30,Full,No review,,,,,,,,
2024,1/27/2024,22:00,Full,First 30,SM,No fish,,,,,,
2024,1/27/2024,22:30,Full,No review,,,,,,,,
2024,1/27/2024,23:00,Full,First 30,SM,No fish,,,,,,
2024,1/27/2024,23:30,Full,No review,,,,,,,,
2024,1/28/2024,0:00,Full,No review,,,,,,,,
2024,1/28/2024,0:30,Full,No review,,,,,,,,
2024,1/28/2024,1:00,Full,No review,,,,,,,,
2024,1/28/2024,1:30,Full,No review,,,,,,,,
2024,1/28/2024,2:00,Full,No review,,,,,,,,
2024,1/28/2024,2:30,Full,No review,,,,,,,,
2024,1/28/2024,3:00,Full,No review,,,,,,,,
2024,1/28/2024,3:30,Full,No review,,,,,,,,
2024,1/28/2024,4:00,Full,No review,,,,,,,,
2024,1/28/2024,4:30,Full,No review,,,,,,,,
2024,1/28/2024,5:00,Full,No review,,,,,,,,
2024,1/28/2024,5:30,Full,No review,,,,,,,,
2024,1/28/2024,6:00,Full,No review,,,,,,,,
2024,1/28/2024,6:30,Full,No review,,,,,,,,
2024,1/28/2024,7:00,Full,No review,,,,,,,,
2024,1/28/2024,7:30,Full,No review,,,,,,,,
2024,1/28/2024,8:00,Full,No review,,,,,,,,
2024,1/28/2024,8:30,Full,No review,,,,,,,,
2024,1/28/2024,9:00,Full,No review,,,,,,,,
2024,1/28/2024,9:30,Full,No review,,,,,,,,
2024,1/28/2024,10:00,Full,No review,,,,,,,,
2024,1/28/2024,10:30,Full,No review,,,,,,,,
2024,1/28/2024,11:00,Full,No review,,,,,,,,
2024,1/28/2024,11:30,Full,No review,,,,,,,,
2024,1/28/2024,12:00,Full,No review,,,,,,,,
2024,1/28/2024,12:30,Full,No review,,,,,,,,
2024,1/28/2024,13:00,Full,No review,,,,,,,,
2024,1/28/2024,13:30,Full,No review,,,,,,,,
2024,1/28/2024,14:00,Full,No review,,,,,,,,
2024,1/28/2024,14:30,Full,No review,,,,,,,,
2024,1/28/2024,15:00,Full,No review,,,,,,,,
2024,1/28/2024,15:30,Full,No review,,,,,,,,
2024,1/28/2024,16:00,Full,No review,,,,,,,,
2024,1/28/2024,16:30,Full,No review,,,,,,,,
2024,1/28/2024,17:00,Full,No review,,,,,,,,
2024,1/28/2024,17:30,Full,No review,,,,,,,,
2024,1/28/2024,18:00,Full,No review,,,,,,,,
2024,1/28/2024,18:30,Full,No review,,,,,,,,
2024,1/28/2024,19:00,Full,No review,,,,,,,,
2024,1/28/2024,19:30,Full,No review,,,,,,,,
2024,1/28/2024,20:00,Full,No review,,,,,,,,
2024,1/28/2024,20:30,Full,No review,,,,,,,,
2024,1/28/2024,21:00,Full,No review,,,,,,,,
2024,1/28/2024,21:30,Full,No review,,,,,,,,
2024,1/28/2024,22:00,Full,No review,,,,,,,,
2024,1/28/2024,22:30,Full,No review,,,,,,,,
2024,1/28/2024,23:00,Full,No review,,,,,,,,
2024,1/28/2024,23:30,Full,No review,,,,,,,,
2024,1/29/2024,0:00,Full,No review,,,,,,,,
2024,1/29/2024,0:30,Full,No review,,,,,,,,
2024,1/29/2024,1:00,Full,No review,,,,,,,,
2024,1/29/2024,1:30,Full,No review,,,,,,,,
2024,1/29/2024,2:00,Full,No review,,,,,,,,
2024,1/29/2024,2:30,Full,No review,,,,,,,,
2024,1/29/2024,3:00,Full,No review,,,,,,,,
2024,1/29/2024,3:30,Full,No review,,,,,,,,
2024,1/29/2024,4:00,Full,No review,,,,,,,,
2024,1/29/2024,4:30,Full,No review,,,,,,,,
2024,1/29/2024,5:00,Full,No review,,,,,,,,
2024,1/29/2024,5:30,Full,No review,,,,,,,,
2024,1/29/2024,6:00,Full,No review,,,,,,,,
2024,1/29/2024,6:30,Full,No review,,,,,,,,
2024,1/29/2024,7:00,Full,No review,,,,,,,,
2024,1/29/2024,7:30,Full,No review,,,,,,,,
2024,1/29/2024,8:00,Full,No review,,,,,,,,
2024,1/29/2024,8:30,Full,No review,,,,,,,,
2024,1/29/2024,9:00,Full,No review,,,,,,,,
2024,1/29/2024,9:30,Full,No review,,,,,,,,
2024,1/29/2024,10:00,Full,No review,,,,,,,,
2024,1/29/2024,10:30,Full,No review,,,,,,,,
2024,1/29/2024,11:00,Full,No review,,,,,,,,
2024,1/29/2024,11:30,Full,No review,,,,,,,,
2024,1/29/2024,12:00,Full,No review,,,,,,,,
2024,1/29/2024,12:30,Full,No review,,,,,,,,
2024,1/29/2024,13:00,Full,No review,,,,,,,,
2024,1/29/2024,13:30,Full,No review,,,,,,,,
2024,1/29/2024,14:00,Full,No review,,,,,,,,
2024,1/29/2024,14:30,Full,No review,,,,,,,,
2024,1/29/2024,15:00,Full,No review,,,,,,,,
2024,1/29/2024,15:30,Full,No review,,,,,,,,
2024,1/29/2024,16:00,Full,No review,,,,,,,,
2024,1/29/2024,16:30,Full,No review,,,,,,,,
2024,1/29/2024,17:00,Full,No review,,,,,,,,
2024,1/29/2024,17:30,Full,No review,,,,,,,,
2024,1/29/2024,18:00,Full,No review,,,,,,,,
2024,1/29/2024,18:30,Full,No review,,,,,,,,
2024,1/29/2024,19:00,Full,No review,,,,,,,,
2024,1/29/2024,19:30,Full,No review,,,,,,,,
2024,1/29/2024,20:00,Full,No review,,,,,,,,
2024,1/29/2024,20:30,Full,No review,,,,,,,,
2024,1/29/2024,21:00,Full,No review,,,,,,,,
2024,1/29/2024,21:30,Full,No review,,,,,,,,
2024,1/29/2024,22:00,Full,No review,,,,,,,,
2024,1/29/2024,22:30,Full,No review,,,,,,,,
2024,1/29/2024,23:00,Full,No review,,,,,,,,
2024,1/29/2024,23:30,Full,No review,,,,,,,,
2024,1/30/2024,0:00,Full,No review,,,,,,,,
2024,1/30/2024,0:30,Full,No review,,,,,,,,
2024,1/30/2024,1:00,Full,No review,,,,,,,,
2024,1/30/2024,1:30,Full,No review,,,,,,,,
2024,1/30/2024,2:00,Full,No review,,,,,,,,
2024,1/30/2024,2:30,Full,No review,,,,,,,,
2024,1/30/2024,3:00,Full,No review,,,,,,,,
2024,1/30/2024,3:30,Full,No review,,,,,,,,
2024,1/30/2024,4:00,Full,No review,,,,,,,,
2024,1/30/2024,4:30,Full,No review,,,,,,,,
2024,1/30/2024,5:00,Full,No review,,,,,,,,
2024,1/30/2024,5:30,Full,No review,,,,,,,,
2024,1/30/2024,6:00,Full,No review,,,,,,,,
2024,1/30/2024,6:30,Full,No review,,,,,,,,
2024,1/30/2024,7:00,Full,No review,,,,,,,,
2024,1/30/2024,7:30,Full,No review,,,,,,,,
2024,1/30/2024,8:00,Full,No review,,,,,,,,
2024,1/30/2024,8:30,Full,No review,,,,,,,,
2024,1/30/2024,9:00,Full,No review,,,,,,,,
2024,1/30/2024,9:30,Full,No review,,,,,,,,
2024,1/30/2024,10:00,Full,No review,,,,,,,,
2024,1/30/2024,10:30,Full,No review,,,,,,,,
2024,1/30/2024,11:00,Full,No review,,,,,,,,
2024,1/30/2024,11:30,Full,No review,,,,,,,,
2024,1/30/2024,12:00,Full,No review,,,,,,,,
2024,1/30/2024,12:30,Full,No review,,,,,,,,
2024,1/30/2024,13:00,Full,No review,,,,,,,,
2024,1/30/2024,13:30,Full,No review,,,,,,,,
2024,1/30/2024,14:00,Full,No review,,,,,,,,
2024,1/30/2024,14:30,Full,No review,,,,,,,,
2024,1/30/2024,15:00,Full,No review,,,,,,,,
2024,1/30/2024,15:30,Full,No review,,,,,,,,
2024,1/30/2024,16:00,Full,No review,,,,,,,,
2024,1/30/2024,16:30,Full,No review,,,,,,,,
2024,1/30/2024,17:00,Full,No review,,,,,,,,
2024,1/30/2024,17:30,Full,No review,,,,,,,,
2024,1/30/2024,18:00,Full,No review,,,,,,,,
2024,1/30/2024,18:30,Full,No review,,,,,,,,
2024,1/30/2024,19:00,Full,No review,,,,,,,,
2024,1/30/2024,19:30,Full,No review,,,,,,,,
2024,1/30/2024,20:00,Full,No review,,,,,,,,
2024,1/30/2024,20:30,Full,No review,,,,,,,,
2024,1/30/2024,21:00,Full,No review,,,,,,,,
2024,1/30/2024,21:30,Full,No review,,,,,,,,
2024,1/30/2024,22:00,Full,No review,,,,,,,,
2024,1/30/2024,22:30,Full,No review,,,,,,,,
2024,1/30/2024,23:00,Full,No review,,,,,,,,
2024,1/30/2024,23:30,Full,No review,,,,,,,,
2024,1/31/2024,0:00,No data,No data,,,,,,,,
2024,1/31/2024,0:30,No data,No data,,,,,,,,
2024,1/31/2024,1:00,No data,No data,,,,,,,,
2024,1/31/2024,1:30,No data,No data,,,,,,,,
2024,1/31/2024,2:00,No data,No data,,,,,,,,
2024,1/31/2024,2:30,No data,No data,,,,,,,,
2024,1/31/2024,3:00,No data,No data,,,,,,,,
2024,1/31/2024,3:30,No data,No data,,,,,,,,
2024,1/31/2024,4:00,No data,No data,,,,,,,,
2024,1/31/2024,4:30,No data,No data,,,,,,,,
2024,1/31/2024,5:00,No data,No data,,,,,,,,
2024,1/31/2024,5:30,No data,No data,,,,,,,,
2024,1/31/2024,6:00,No data,No data,,,,,,,,
2024,1/31/2024,6:30,No data,No data,,,,,,,,
2024,1/31/2024,7:00,No data,No data,,,,,,,,
2024,1/31/2024,7:30,No data,No data,,,,,,,,
2024,1/31/2024,8:00,No data,No data,,,,,,,,
2024,1/31/2024,8:30,No data,No data,,,,,,,,
2024,1/31/2024,9:00,No data,No data,,,,,,,,
2024,1/31/2024,9:30,No data,No data,,,,,,,,
2024,1/31/2024,10:00,No data,No data,,,,,,,,
2024,1/31/2024,10:30,No data,No data,,,,,,,,
2024,1/31/2024,11:00,No data,No data,,,,,,,,
2024,1/31/2024,11:30,No data,No data,,,,,,,,
2024,1/31/2024,12:00,No data,No data,,,,,,,,
2024,1/31/2024,12:30,No data,No data,,,,,,,,
2024,1/31/2024,13:00,No data,No data,,,,,,,,
2024,1/31/2024,13:30,No data,No data,,,,,,,,
2024,1/31/2024,14:00,No data,No data,,,,,,,,
2024,1/31/2024,14:30,No data,No data,,,,,,,,
2024,1/31/2024,15:00,No data,No data,,,,,,,,
2024,1/31/2024,15:30,No data,No data,,,,,,,,
2024,1/31/2024,16:00,No data,No data,,,,,,,,
2024,1/31/2024,16:30,No data,No data,,,,,,,,
2024,1/31/2024,17:00,No data,No data,,,,,,,,
2024,1/31/2024,17:30,No data,No data,,,,,,,,
2024,1/31/2024,18:00,No data,No data,,,,,,,,
2024,1/31/2024,18:30,No data,No data,,,,,,,,
2024,1/31/2024,19:00,No data,No data,,,,,,,,
2024,1/31/2024,19:30,No data,No data,,,,,,,,
2024,1/31/2024,20:00,No data,No data,,,,,,,,
2024,1/31/2024,20:30,No data,No data,,,,,,,,
2024,1/31/2024,21:00,No data,No data,,,,,,,,
2024,1/31/2024,21:30,No data,No data,,,,,,,,
2024,1/31/2024,22:00,No data,No data,,,,,,,,
2024,1/31/2024,22:30,No data,No data,,,,,,,,
2024,1/31/2024,23:00,No data,No data,,,,,,,,
2024,1/31/2024,23:30,No data,No data,,,,,,,,
2024,2/1/2024,0:00,No data,No data,,,,,,,,
2024,2/1/2024,0:30,No data,No data,,,,,,,,
2024,2/1/2024,1:00,No data,No data,,,,,,,,
2024,2/1/2024,1:30,No data,No data,,,,,,,,
2024,2/1/2024,2:00,No data,No data,,,,,,,,
2024,2/1/2024,2:30,No data,No data,,,,,,,,
2024,2/1/2024,3:00,No data,No data,,,,,,,,
2024,2/1/2024,3:30,No data,No data,,,,,,,,
2024,2/1/2024,4:00,No data,No data,,,,,,,,
2024,2/1/2024,4:30,No data,No data,,,,,,,,
2024,2/1/2024,5:00,No data,No data,,,,,,,,
2024,2/1/2024,5:30,No data,No data,,,,,,,,
2024,2/1/2024,6:00,No data,No data,,,,,,,,
2024,2/1/2024,6:30,No data,No data,,,,,,,,
2024,2/1/2024,7:00,No data,No data,,,,,,,,
2024,2/1/2024,7:30,No data,No data,,,,,,,,
2024,2/1/2024,8:00,No data,No data,,,,,,,,
2024,2/1/2024,8:30,No data,No data,,,,,,,,
2024,2/1/2024,9:00,No data,No data,,,,,,,,
2024,2/1/2024,9:30,No data,No data,,,,,,,,
2024,2/1/2024,10:00,No data,No data,,,,,,,,
2024,2/1/2024,10:30,No data,No data,,,,,,,,
2024,2/1/2024,11:00,No data,No data,,,,,,,,
2024,2/1/2024,11:30,No data,No data,,,,,,,,
2024,2/1/2024,12:00,No data,No data,,,,,,,,
2024,2/1/2024,12:30,No data,No data,,,,,,,,
2024,2/1/2024,13:00,No data,No data,,,,,,,,
2024,2/1/2024,13:30,No data,No data,,,,,,,,
2024,2/1/2024,14:00,No data,No data,,,,,,,,
2024,2/1/2024,14:30,No data,No data,,,,,,,,
2024,2/1/2024,15:00,No data,No data,,,,,,,,
2024,2/1/2024,15:30,No data,No data,,,,,,,,
2024,2/1/2024,16:00,No data,No data,,,,,,,,
2024,2/1/2024,16:30,No data,No data,,,,,,,,
2024,2/1/2024,17:00,No data,No data,,,,,,,,
2024,2/1/2024,17:30,No data,No data,,,,,,,,
2024,2/1/2024,18:00,No data,No data,,,,,,,,
2024,2/1/2024,18:30,No data,No data,,,,,,,,
2024,2/1/2024,19:00,No data,No data,,,,,,,,
2024,2/1/2024,19:30,No data,No data,,,,,,,,
2024,2/1/2024,20:00,No data,No data,,,,,,,,
2024,2/1/2024,20:30,No data,No data,,,,,,,,
2024,2/1/2024,21:00,No data,No data,,,,,,,,
2024,2/1/2024,21:30,No data,No data,,,,,,,,
2024,2/1/2024,22:00,No data,No data,,,,,,,,
2024,2/1/2024,22:30,No data,No data,,,,,,,,
2024,2/1/2024,23:00,No data,No data,,,,,,,,
2024,2/1/2024,23:30,No data,No data,,,,,,,,
2024,2/2/2024,0:00,No data,No data,,,,,,,,
2024,2/2/2024,0:30,No data,No data,,,,,,,,
2024,2/2/2024,1:00,No data,No data,,,,,,,,
2024,2/2/2024,1:30,No data,No data,,,,,,,,
2024,2/2/2024,2:00,No data,No data,,,,,,,,
2024,2/2/2024,2:30,No data,No data,,,,,,,,
2024,2/2/2024,3:00,No data,No data,,,,,,,,
2024,2/2/2024,3:30,No data,No data,,,,,,,,
2024,2/2/2024,4:00,No data,No data,,,,,,,,
2024,2/2/2024,4:30,No data,No data,,,,,,,,
2024,2/2/2024,5:00,No data,No data,,,,,,,,
2024,2/2/2024,5:30,No data,No data,,,,,,,,
2024,2/2/2024,6:00,No data,No data,,,,,,,,
2024,2/2/2024,6:30,No data,No data,,,,,,,,
2024,2/2/2024,7:00,No data,No data,,,,,,,,
2024,2/2/2024,7:30,No data,No data,,,,,,,,
2024,2/2/2024,8:00,No data,No data,,,,,,,,
2024,2/2/2024,8:30,No data,No data,,,,,,,,
2024,2/2/2024,9:00,No data,No data,,,,,,,,
2024,2/2/2024,9:30,No data,No data,,,,,,,,
2024,2/2/2024,10:00,No data,No data,,,,,,,,
2024,2/2/2024,10:30,No data,No data,,,,,,,,
2024,2/2/2024,11:00,No data,No data,,,,,,,,
2024,2/2/2024,11:30,No data,No data,,,,,,,,
2024,2/2/2024,12:00,No data,No data,,,,,,,,
2024,2/2/2024,12:30,No data,No data,,,,,,,,
2024,2/2/2024,13:00,No data,No data,,,,,,,,
2024,2/2/2024,13:30,No data,No data,,,,,,,,
2024,2/2/2024,14:00,No data,No data,,,,,,,,
2024,2/2/2024,14:30,No data,No data,,,,,,,,
2024,2/2/2024,15:00,No data,No data,,,,,,,,
2024,2/2/2024,15:30,No data,No data,,,,,,,,
2024,2/2/2024,16:00,No data,No data,,,,,,,,
2024,2/2/2024,16:30,No data,No data,,,,,,,,
2024,2/2/2024,17:00,No data,No data,,,,,,,,
2024,2/2/2024,17:30,No data,No data,,,,,,,,
2024,2/2/2024,18:00,No data,No data,,,,,,,,
2024,2/2/2024,18:30,No data,No data,,,,,,,,
2024,2/2/2024,19:00,No data,No data,,,,,,,,
2024,2/2/2024,19:30,No data,No data,,,,,,,,
2024,2/2/2024,20:00,No data,No data,,,,,,,,
2024,2/2/2024,20:30,No data,No data,,,,,,,,
2024,2/2/2024,21:00,No data,No data,,,,,,,,
2024,2/2/2024,21:30,No data,No data,,,,,,,,
2024,2/2/2024,22:00,No data,No data,,,,,,,,
2024,2/2/2024,22:30,No data,No data,,,,,,,,
2024,2/2/2024,23:00,No data,No data,,,,,,,,
2024,2/2/2024,23:30,No data,No data,,,,,,,,
2024,2/3/2024,0:00,No data,No data,,,,,,,,
2024,2/3/2024,0:30,No data,No data,,,,,,,,
2024,2/3/2024,1:00,No data,No data,,,,,,,,
2024,2/3/2024,1:30,No data,No data,,,,,,,,
2024,2/3/2024,2:00,No data,No data,,,,,,,,
2024,2/3/2024,2:30,No data,No data,,,,,,,,
2024,2/3/2024,3:00,No data,No data,,,,,,,,
2024,2/3/2024,3:30,No data,No data,,,,,,,,
2024,2/3/2024,4:00,No data,No data,,,,,,,,
2024,2/3/2024,4:30,No data,No data,,,,,,,,
2024,2/3/2024,5:00,No data,No data,,,,,,,,
2024,2/3/2024,5:30,No data,No data,,,,,,,,
2024,2/3/2024,6:00,No data,No data,,,,,,,,
2024,2/3/2024,6:30,No data,No data,,,,,,,,
2024,2/3/2024,7:00,No data,No data,,,,,,,,
2024,2/3/2024,7:30,No data,No data,,,,,,,,
2024,2/3/2024,8:00,No data,No data,,,,,,,,
2024,2/3/2024,8:30,No data,No data,,,,,,,,
2024,2/3/2024,9:00,No data,No data,,,,,,,,
2024,2/3/2024,9:30,No data,No data,,,,,,,,
2024,2/3/2024,10:00,No data,No data,,,,,,,,
2024,2/3/2024,10:30,No data,No data,,,,,,,,
2024,2/3/2024,11:00,No data,No data,,,,,,,,
2024,2/3/2024,11:30,No data,No data,,,,,,,,
2024,2/3/2024,12:00,No data,No data,,,,,,,,
2024,2/3/2024,12:30,No data,No data,,,,,,,,
2024,2/3/2024,13:00,No data,No data,,,,,,,,
2024,2/3/2024,13:30,No data,No data,,,,,,,,
2024,2/3/2024,14:00,No data,No data,,,,,,,,
2024,2/3/2024,14:30,No data,No data,,,,,,,,
2024,2/3/2024,15:00,No data,No data,,,,,,,,
2024,2/3/2024,15:30,No data,No data,,,,,,,,
2024,2/3/2024,16:00,No data,No data,,,,,,,,
2024,2/3/2024,16:30,No data,No data,,,,,,,,
2024,2/3/2024,17:00,No data,No data,,,,,,,,
2024,2/3/2024,17:30,No data,No data,,,,,,,,
2024,2/3/2024,18:00,No data,No data,,,,,,,,
2024,2/3/2024,18:30,No data,No data,,,,,,,,
2024,2/3/2024,19:00,No data,No data,,,,,,,,
2024,2/3/2024,19:30,No data,No data,,,,,,,,
2024,2/3/2024,20:00,No data,No data,,,,,,,,
2024,2/3/2024,20:30,No data,No data,,,,,,,,
2024,2/3/2024,21:00,No data,No data,,,,,,,,
2024,2/3/2024,21:30,No data,No data,,,,,,,,
2024,2/3/2024,22:00,No data,No data,,,,,,,,
2024,2/3/2024,22:30,No data,No data,,,,,,,,
2024,2/3/2024,23:00,No data,No data,,,,,,,,
2024,2/3/2024,23:30,No data,No data,,,,,,,,
2024,2/4/2024,0:00,No data,No data,,,,,,,,
2024,2/4/2024,0:30,No data,No data,,,,,,,,
2024,2/4/2024,1:00,No data,No data,,,,,,,,
2024,2/4/2024,1:30,No data,No data,,,,,,,,
2024,2/4/2024,2:00,No data,No data,,,,,,,,
2024,2/4/2024,2:30,No data,No data,,,,,,,,
2024,2/4/2024,3:00,No data,No data,,,,,,,,
2024,2/4/2024,3:30,No data,No data,,,,,,,,
2024,2/4/2024,4:00,No data,No data,,,,,,,,
2024,2/4/2024,4:30,No data,No data,,,,,,,,
2024,2/4/2024,5:00,No data,No data,,,,,,,,
2024,2/4/2024,5:30,No data,No data,,,,,,,,
2024,2/4/2024,6:00,No data,No data,,,,,,,,
2024,2/4/2024,6:30,No data,No data,,,,,,,,
2024,2/4/2024,7:00,No data,No data,,,,,,,,
2024,2/4/2024,7:30,No data,No data,,,,,,,,
2024,2/4/2024,8:00,No data,No data,,,,,,,,
2024,2/4/2024,8:30,No data,No data,,,,,,,,
2024,2/4/2024,9:00,No data,No data,,,,,,,,
2024,2/4/2024,9:30,No data,No data,,,,,,,,
2024,2/4/2024,10:00,No data,No data,,,,,,,,
2024,2/4/2024,10:30,No data,No data,,,,,,,,
2024,2/4/2024,11:00,No data,No data,,,,,,,,
2024,2/4/2024,11:30,No data,No data,,,,,,,,
2024,2/4/2024,12:00,No data,No data,,,,,,,,
2024,2/4/2024,12:30,No data,No data,,,,,,,,
2024,2/4/2024,13:00,No data,No data,,,,,,,,
2024,2/4/2024,13:30,No data,No data,,,,,,,,
2024,2/4/2024,14:00,No data,No data,,,,,,,,
2024,2/4/2024,14:30,No data,No data,,,,,,,,
2024,2/4/2024,15:00,No data,No data,,,,,,,,
2024,2/4/2024,15:30,No data,No data,,,,,,,,
2024,2/4/2024,16:00,No data,No data,,,,,,,,
2024,2/4/2024,16:30,No data,No data,,,,,,,,
2024,2/4/2024,17:00,No data,No data,,,,,,,,
2024,2/4/2024,17:30,No data,No data,,,,,,,,
2024,2/4/2024,18:00,No data,No data,,,,,,,,
2024,2/4/2024,18:30,No data,No data,,,,,,,,
2024,2/4/2024,19:00,No data,No data,,,,,,,,
2024,2/4/2024,19:30,No data,No data,,,,,,,,
2024,2/4/2024,20:00,No data,No data,,,,,,,,
2024,2/4/2024,20:30,No data,No data,,,,,,,,
2024,2/4/2024,21:00,No data,No data,,,,,,,,
2024,2/4/2024,21:30,No data,No data,,,,,,,,
2024,2/4/2024,22:00,No data,No data,,,,,,,,
2024,2/4/2024,22:30,No data,No data,,,,,,,,
2024,2/4/2024,23:00,No data,No data,,,,,,,,
2024,2/4/2024,23:30,No data,No data,,,,,,,,
2024,2/5/2024,0:00,No data,No data,,,,,,,,
2024,2/5/2024,0:30,No data,No data,,,,,,,,
2024,2/5/2024,1:00,No data,No data,,,,,,,,
2024,2/5/2024,1:30,No data,No data,,,,,,,,
2024,2/5/2024,2:00,No data,No data,,,,,,,,
2024,2/5/2024,2:30,No data,No data,,,,,,,,
2024,2/5/2024,3:00,No data,No data,,,,,,,,
2024,2/5/2024,3:30,No data,No data,,,,,,,,
2024,2/5/2024,4:00,No data,No data,,,,,,,,
2024,2/5/2024,4:30,No data,No data,,,,,,,,
2024,2/5/2024,5:00,No data,No data,,,,,,,,
2024,2/5/2024,5:30,No data,No data,,,,,,,,
2024,2/5/2024,6:00,No data,No data,,,,,,,,
2024,2/5/2024,6:30,No data,No data,,,,,,,,
2024,2/5/2024,7:00,No data,No data,,,,,,,,
2024,2/5/2024,7:30,No data,No data,,,,,,,,
2024,2/5/2024,8:00,No data,No data,,,,,,,,
2024,2/5/2024,8:30,No data,No data,,,,,,,,
2024,2/5/2024,9:00,No data,No data,,,,,,,,
2024,2/5/2024,9:30,No data,No data,,,,,,,,
2024,2/5/2024,10:00,No data,No data,,,,,,,,
2024,2/5/2024,10:30,No data,No data,,,,,,,,
2024,2/5/2024,11:00,No data,No data,,,,,,,,
2024,2/5/2024,11:30,No data,No data,,,,,,,,
2024,2/5/2024,12:00,No data,No data,,,,,,,,
2024,2/5/2024,12:30,No data,No data,,,,,,,,
2024,2/5/2024,13:00,No data,No data,,,,,,,,
2024,2/5/2024,13:30,No data,No data,,,,,,,,
2024,2/5/2024,14:00,No data,No data,,,,,,,,
2024,2/5/2024,14:30,No data,No data,,,,,,,,
2024,2/5/2024,15:00,No data,No data,,,,,,,,
2024,2/5/2024,15:30,No data,No data,,,,,,,,
2024,2/5/2024,16:00,No data,No data,,,,,,,,
2024,2/5/2024,16:30,No data,No data,,,,,,,,
2024,2/5/2024,17:00,No data,No data,,,,,,,,
2024,2/5/2024,17:30,No data,No data,,,,,,,,
2024,2/5/2024,18:00,No data,No data,,,,,,,,
2024,2/5/2024,18:30,No data,No data,,,,,,,,
2024,2/5/2024,19:00,No data,No data,,,,,,,,
2024,2/5/2024,19:30,No data,No data,,,,,,,,
2024,2/5/2024,20:00,No data,No data,,,,,,,,
2024,2/5/2024,20:30,No data,No data,,,,,,,,
2024,2/5/2024,21:00,No data,No data,,,,,,,,
2024,2/5/2024,21:30,No data,No data,,,,,,,,
2024,2/5/2024,22:00,No data,No data,,,,,,,,
2024,2/5/2024,22:30,No data,No data,,,,,,,,
2024,2/5/2024,23:00,No data,No data,,,,,,,,
2024,2/5/2024,23:30,No data,No data,,,,,,,,
2024,2/6/2024,0:00,No data,No data,,,,,,,,
2024,2/6/2024,0:30,No data,No data,,,,,,,,
2024,2/6/2024,1:00,No data,No data,,,,,,,,
2024,2/6/2024,1:30,No data,No data,,,,,,,,
2024,2/6/2024,2:00,No data,No data,,,,,,,,
2024,2/6/2024,2:30,No data,No data,,,,,,,,
2024,2/6/2024,3:00,No data,No data,,,,,,,,
2024,2/6/2024,3:30,No data,No data,,,,,,,,
2024,2/6/2024,4:00,No data,No data,,,,,,,,
2024,2/6/2024,4:30,No data,No data,,,,,,,,
2024,2/6/2024,5:00,No data,No data,,,,,,,,
2024,2/6/2024,5:30,No data,No data,,,,,,,,
2024,2/6/2024,6:00,No data,No data,,,,,,,,
2024,2/6/2024,6:30,No data,No data,,,,,,,,
2024,2/6/2024,7:00,No data,No data,,,,,,,,
2024,2/6/2024,7:30,No data,No data,,,,,,,,
2024,2/6/2024,8:00,No data,No data,,,,,,,,
2024,2/6/2024,8:30,No data,No data,,,,,,,,
2024,2/6/2024,9:00,No data,No data,,,,,,,,
2024,2/6/2024,9:30,No data,No data,,,,,,,,
2024,2/6/2024,10:00,No data,No data,,,,,,,,
2024,2/6/2024,10:30,No data,No data,,,,,,,,
2024,2/6/2024,11:00,No data,No data,,,,,,,,
2024,2/6/2024,11:30,No data,No data,,,,,,,,
2024,2/6/2024,12:00,No data,No data,,,,,,,,
2024,2/6/2024,12:30,No data,No data,,,,,,,,
2024,2/6/2024,13:00,No data,No data,,,,,,,,
2024,2/6/2024,13:30,No data,No data,,,,,,,,
2024,2/6/2024,14:00,No data,No data,,,,,,,,
2024,2/6/2024,14:30,No data,No data,,,,,,,,
2024,2/6/2024,15:00,No data,No data,,,,,,,,
2024,2/6/2024,15:30,No data,No data,,,,,,,,
2024,2/6/2024,16:00,No data,No data,,,,,,,,
2024,2/6/2024,16:30,No data,No data,,,,,,,,
2024,2/6/2024,17:00,No data,No data,,,,,,,,
2024,2/6/2024,17:30,No data,No data,,,,,,,,
2024,2/6/2024,18:00,No data,No data,,,,,,,,
2024,2/6/2024,18:30,No data,No data,,,,,,,,
2024,2/6/2024,19:00,No data,No data,,,,,,,,
2024,2/6/2024,19:30,No data,No data,,,,,,,,
2024,2/6/2024,20:00,No data,No data,,,,,,,,
2024,2/6/2024,20:30,No data,No data,,,,,,,,
2024,2/6/2024,21:00,No data,No data,,,,,,,,
2024,2/6/2024,21:30,No data,No data,,,,,,,,
2024,2/6/2024,22:00,No data,No data,,,,,,,,
2024,2/6/2024,22:30,No data,No data,,,,,,,,
2024,2/6/2024,23:00,No data,No data,,,,,,,,
2024,2/6/2024,23:30,No data,No data,,,,,,,,
2024,2/7/2024,0:00,No data,No data,,,,,,,,
2024,2/7/2024,0:30,No data,No data,,,,,,,,
2024,2/7/2024,1:00,No data,No data,,,,,,,,
2024,2/7/2024,1:30,No data,No data,,,,,,,,
2024,2/7/2024,2:00,No data,No data,,,,,,,,
2024,2/7/2024,2:30,No data,No data,,,,,,,,
2024,2/7/2024,3:00,No data,No data,,,,,,,,
2024,2/7/2024,3:30,No data,No data,,,,,,,,
2024,2/7/2024,4:00,No data,No data,,,,,,,,
2024,2/7/2024,4:30,No data,No data,,,,,,,,
2024,2/7/2024,5:00,No data,No data,,,,,,,,
2024,2/7/2024,5:30,No data,No data,,,,,,,,
2024,2/7/2024,6:00,No data,No data,,,,,,,,
2024,2/7/2024,6:30,No data,No data,,,,,,,,
2024,2/7/2024,7:00,No data,No data,,,,,,,,
2024,2/7/2024,7:30,No data,No data,,,,,,,,
2024,2/7/2024,8:00,No data,No data,,,,,,,,
2024,2/7/2024,8:30,No data,No data,,,,,,,,
2024,2/7/2024,9:00,No data,No data,,,,,,,,
2024,2/7/2024,9:30,No data,No data,,,,,,,,
2024,2/7/2024,10:00,No data,No data,,,,,,,,
2024,2/7/2024,10:30,No data,No data,,,,,,,,
2024,2/7/2024,11:00,No data,No data,,,,,,,,
2024,2/7/2024,11:30,No data,No data,,,,,,,,
2024,2/7/2024,12:00,No data,No data,,,,,,,,
2024,2/7/2024,12:30,No data,No data,,,,,,,,
2024,2/7/2024,13:00,No data,No data,,,,,,,,
2024,2/7/2024,13:30,No data,No data,,,,,,,,
2024,2/7/2024,14:00,No data,No data,,,,,,,,
2024,2/7/2024,14:30,No data,No data,,,,,,,,
2024,2/7/2024,15:00,No data,No data,,,,,,,,
2024,2/7/2024,15:30,No data,No data,,,,,,,,
2024,2/7/2024,16:00,No data,No data,,,,,,,,
2024,2/7/2024,16:30,No data,No data,,,,,,,,
2024,2/7/2024,17:00,No data,No data,,,,,,,,
2024,2/7/2024,17:30,No data,No data,,,,,,,,
2024,2/7/2024,18:00,No data,No data,,,,,,,,
2024,2/7/2024,18:30,No data,No data,,,,,,,,
2024,2/7/2024,19:00,No data,No data,,,,,,,,
2024,2/7/2024,19:30,No data,No data,,,,,,,,
2024,2/7/2024,20:00,No data,No data,,,,,,,,
2024,2/7/2024,20:30,No data,No data,,,,,,,,
2024,2/7/2024,21:00,No data,No data,,,,,,,,
2024,2/7/2024,21:30,No data,No data,,,,,,,,
2024,2/7/2024,22:00,No data,No data,,,,,,,,
2024,2/7/2024,22:30,No data,No data,,,,,,,,
2024,2/7/2024,23:00,No data,No data,,,,,,,,
2024,2/7/2024,23:30,No data,No data,,,,,,,,
2024,2/8/2024,0:00,No data,No data,,,,,,,,
2024,2/8/2024,0:30,No data,No data,,,,,,,,
2024,2/8/2024,1:00,No data,No data,,,,,,,,
2024,2/8/2024,1:30,No data,No data,,,,,,,,
2024,2/8/2024,2:00,No data,No data,,,,,,,,
2024,2/8/2024,2:30,No data,No data,,,,,,,,
2024,2/8/2024,3:00,No data,No data,,,,,,,,
2024,2/8/2024,3:30,No data,No data,,,,,,,,
2024,2/8/2024,4:00,No data,No data,,,,,,,,
2024,2/8/2024,4:30,No data,No data,,,,,,,,
2024,2/8/2024,5:00,No data,No data,,,,,,,,
2024,2/8/2024,5:30,No data,No data,,,,,,,,
2024,2/8/2024,6:00,No data,No data,,,,,,,,
2024,2/8/2024,6:30,No data,No data,,,,,,,,
2024,2/8/2024,7:00,No data,No data,,,,,,,,
2024,2/8/2024,7:30,No data,No data,,,,,,,,
2024,2/8/2024,8:00,No data,No data,,,,,,,,
2024,2/8/2024,8:30,No data,No data,,,,,,,,
2024,2/8/2024,9:00,No data,No data,,,,,,,,
2024,2/8/2024,9:30,No data,No data,,,,,,,,
2024,2/8/2024,10:00,No data,No data,,,,,,,,
2024,2/8/2024,10:30,No data,No data,,,,,,,,
2024,2/8/2024,11:00,No data,No data,,,,,,,,
2024,2/8/2024,11:30,No data,No data,,,,,,,,
2024,2/8/2024,12:00,No data,No data,,,,,,,,
2024,2/8/2024,12:30,No data,No data,,,,,,,,
2024,2/8/2024,13:00,No data,No data,,,,,,,,
2024,2/8/2024,13:30,No data,No data,,,,,,,,
2024,2/8/2024,14:00,No data,No data,,,,,,,,
2024,2/8/2024,14:30,No data,No data,,,,,,,,
2024,2/8/2024,15:00,No data,No data,,,,,,,,
2024,2/8/2024,15:30,No data,No data,,,,,,,,
2024,2/8/2024,16:00,No data,No data,,,,,,,,
2024,2/8/2024,16:30,No data,No data,,,,,,,,
2024,2/8/2024,17:00,No data,No data,,,,,,,,
2024,2/8/2024,17:30,No data,No data,,,,,,,,
2024,2/8/2024,18:00,No data,No data,,,,,,,,
2024,2/8/2024,18:30,No data,No data,,,,,,,,
2024,2/8/2024,19:00,No data,No data,,,,,,,,
2024,2/8/2024,19:30,No data,No data,,,,,,,,
2024,2/8/2024,20:00,No data,No data,,,,,,,,
2024,2/8/2024,20:30,No data,No data,,,,,,,,
2024,2/8/2024,21:00,No data,No data,,,,,,,,
2024,2/8/2024,21:30,No data,No data,,,,,,,,
2024,2/8/2024,22:00,No data,No data,,,,,,,,
2024,2/8/2024,22:30,No data,No data,,,,,,,,
2024,2/8/2024,23:00,No data,No data,,,,,,,,
2024,2/8/2024,23:30,No data,No data,,,,,,,,
2024,2/9/2024,0:00,No data,No data,,,,,,,,
2024,2/9/2024,0:30,No data,No data,,,,,,,,
2024,2/9/2024,1:00,No data,No data,,,,,,,,
2024,2/9/2024,1:30,No data,No data,,,,,,,,
2024,2/9/2024,2:00,No data,No data,,,,,,,,
2024,2/9/2024,2:30,No data,No data,,,,,,,,
2024,2/9/2024,3:00,No data,No data,,,,,,,,
2024,2/9/2024,3:30,No data,No data,,,,,,,,
2024,2/9/2024,4:00,No data,No data,,,,,,,,
2024,2/9/2024,4:30,No data,No data,,,,,,,,
2024,2/9/2024,5:00,No data,No data,,,,,,,,
2024,2/9/2024,5:30,No data,No data,,,,,,,,
2024,2/9/2024,6:00,No data,No data,,,,,,,,
2024,2/9/2024,6:30,No data,No data,,,,,,,,
2024,2/9/2024,7:00,No data,No data,,,,,,,,
2024,2/9/2024,7:30,No data,No data,,,,,,,,
2024,2/9/2024,8:00,No data,No data,,,,,,,,
2024,2/9/2024,8:30,No data,No data,,,,,,,,
2024,2/9/2024,9:00,No data,No data,,,,,,,,
2024,2/9/2024,9:30,No data,No data,,,,,,,,
2024,2/9/2024,10:00,No data,No data,,,,,,,,
2024,2/9/2024,10:30,No data,No data,,,,,,,,
2024,2/9/2024,11:00,No data,No data,,,,,,,,
2024,2/9/2024,11:30,No data,No data,,,,,,,,
2024,2/9/2024,12:00,No data,No data,,,,,,,,
2024,2/9/2024,12:30,No data,No data,,,,,,,,
2024,2/9/2024,13:00,No data,No data,,,,,,,,
2024,2/9/2024,13:30,No data,No data,,,,,,,,
2024,2/9/2024,14:00,No data,No data,,,,,,,,
2024,2/9/2024,14:30,No data,No data,,,,,,,,
2024,2/9/2024,15:00,No data,No data,,,,,,,,
2024,2/9/2024,15:30,No data,No data,,,,,,,,
2024,2/9/2024,16:00,No data,No data,,,,,,,,
2024,2/9/2024,16:30,No data,No data,,,,,,,,
2024,2/9/2024,17:00,No data,No data,,,,,,,,
2024,2/9/2024,17:30,No data,No data,,,,,,,,
2024,2/9/2024,18:00,No data,No data,,,,,,,,
2024,2/9/2024,18:30,No data,No data,,,,,,,,
2024,2/9/2024,19:00,No data,No data,,,,,,,,
2024,2/9/2024,19:30,No data,No data,,,,,,,,
2024,2/9/2024,20:00,No data,No data,,,,,,,,
2024,2/9/2024,20:30,No data,No data,,,,,,,,
2024,2/9/2024,21:00,No data,No data,,,,,,,,
2024,2/9/2024,21:30,No data,No data,,,,,,,,
2024,2/9/2024,22:00,No data,No data,,,,,,,,
2024,2/9/2024,22:30,No data,No data,,,,,,,,
2024,2/9/2024,23:00,No data,No data,,,,,,,,
2024,2/9/2024,23:30,No data,No data,,,,,,,,
2024,2/10/2024,1:30,No data,No data,,,,,,,,
2024,2/10/2024,2:00,No data,No data,,,,,,,,
2024,2/10/2024,2:30,No data,No data,,,,,,,,
2024,2/10/2024,3:00,No data,No data,,,,,,,,
2024,2/10/2024,3:30,No data,No data,,,,,,,,
2024,2/10/2024,4:00,No data,No data,,,,,,,,
2024,2/10/2024,4:30,No data,No data,,,,,,,,
2024,2/10/2024,5:00,No data,No data,,,,,,,,
2024,2/10/2024,5:30,No data,No data,,,,,,,,
2024,2/10/2024,6:00,No data,No data,,,,,,,,
2024,2/10/2024,6:30,No data,No data,,,,,,,,
2024,2/10/2024,7:00,No data,No data,,,,,,,,
2024,2/10/2024,7:30,No data,No data,,,,,,,,
2024,2/10/2024,8:00,No data,No data,,,,,,,,
2024,2/10/2024,8:30,No data,No data,,,,,,,,
2024,2/10/2024,9:00,No data,No data,,,,,,,,
2024,2/10/2024,9:30,No data,No data,,,,,,,,
2024,2/10/2024,10:00,No data,No data,,,,,,,,
2024,2/10/2024,10:30,No data,No data,,,,,,,,
2024,2/10/2024,11:00,No data,No data,,,,,,,,
2024,2/10/2024,11:30,No data,No data,,,,,,,,
2024,2/10/2024,12:00,No data,No data,,,,,,,,
2024,2/10/2024,12:30,No data,No data,,,,,,,,
2024,2/10/2024,13:00,No data,No data,,,,,,,,
2024,2/10/2024,13:30,No data,No data,,,,,,,,
2024,2/10/2024,14:00,No data,No data,,,,,,,,
2024,2/10/2024,14:30,No data,No data,,,,,,,,
2024,2/10/2024,15:00,No data,No data,,,,,,,,
2024,2/10/2024,15:30,No data,No data,,,,,,,,
2024,2/10/2024,16:00,No data,No data,,,,,,,,
2024,2/10/2024,16:30,No data,No data,,,,,,,,
2024,2/10/2024,17:00,No data,No data,,,,,,,,
2024,2/10/2024,17:30,No data,No data,,,,,,,,
2024,2/10/2024,18:00,No data,No data,,,,,,,,
2024,2/10/2024,18:30,No data,No data,,,,,,,,
2024,2/10/2024,19:00,No data,No data,,,,,,,,
2024,2/10/2024,19:30,No data,No data,,,,,,,,
2024,2/10/2024,20:00,No data,No data,,,,,,,,
2024,2/10/2024,20:30,No data,No data,,,,,,,,
2024,2/10/2024,21:00,No data,No data,,,,,,,,
2024,2/10/2024,21:30,No data,No data,,,,,,,,
2024,2/10/2024,22:00,No data,No data,,,,,,,,
2024,2/10/2024,22:30,No data,No data,,,,,,,,
2024,2/10/2024,23:00,No data,No data,,,,,,,,
2024,2/10/2024,23:30,No data,No data,,,,,,,,
2024,2/11/2024,0:00,No data,No data,,,,,,,,
2024,2/11/2024,0:30,No data,No data,,,,,,,,
2024,2/11/2024,1:00,No data,No data,,,,,,,,
2024,2/11/2024,1:30,No data,No data,,,,,,,,
2024,2/11/2024,2:00,No data,No data,,,,,,,,
2024,2/11/2024,2:30,No data,No data,,,,,,,,
2024,2/11/2024,3:00,No data,No data,,,,,,,,
2024,2/11/2024,3:30,No data,No data,,,,,,,,
2024,2/11/2024,4:00,No data,No data,,,,,,,,
2024,2/11/2024,4:30,No data,No data,,,,,,,,
2024,2/11/2024,5:00,No data,No data,,,,,,,,
2024,2/11/2024,5:30,No data,No data,,,,,,,,
2024,2/11/2024,6:00,No data,No data,,,,,,,,
2024,2/11/2024,6:30,No data,No data,,,,,,,,
2024,2/11/2024,7:00,No data,No data,,,,,,,,
2024,2/11/2024,7:30,No data,No data,,,,,,,,
2024,2/11/2024,8:00,No data,No data,,,,,,,,
2024,2/11/2024,8:30,No data,No data,,,,,,,,
2024,2/11/2024,9:00,No data,No data,,,,,,,,
2024,2/11/2024,9:30,No data,No data,,,,,,,,
2024,2/11/2024,10:00,No data,No data,,,,,,,,
2024,2/11/2024,10:30,No data,No data,,,,,,,,
2024,2/11/2024,11:00,No data,No data,,,,,,,,
2024,2/11/2024,11:30,No data,No data,,,,,,,,
2024,2/11/2024,12:00,No data,No data,,,,,,,,
2024,2/11/2024,12:30,No data,No data,,,,,,,,
2024,2/11/2024,13:00,No data,No data,,,,,,,,
2024,2/11/2024,13:30,No data,No data,,,,,,,,
2024,2/11/2024,14:00,No data,No data,,,,,,,,
2024,2/11/2024,14:30,No data,No data,,,,,,,,
2024,2/11/2024,15:00,No data,No data,,,,,,,,
2024,2/11/2024,15:30,No data,No data,,,,,,,,
2024,2/11/2024,16:00,No data,No data,,,,,,,,
2024,2/11/2024,16:30,No data,No data,,,,,,,,
2024,2/11/2024,17:00,No data,No data,,,,,,,,
2024,2/11/2024,17:30,No data,No data,,,,,,,,
2024,2/11/2024,18:00,No data,No data,,,,,,,,
2024,2/11/2024,18:30,No data,No data,,,,,,,,
2024,2/11/2024,19:00,No data,No data,,,,,,,,
2024,2/11/2024,19:30,No data,No data,,,,,,,,
2024,2/11/2024,20:00,No data,No data,,,,,,,,
2024,2/11/2024,20:30,No data,No data,,,,,,,,
2024,2/11/2024,21:00,No data,No data,,,,,,,,
2024,2/11/2024,21:30,No data,No data,,,,,,,,
2024,2/11/2024,22:00,No data,No data,,,,,,,,
2024,2/11/2024,22:30,No data,No data,,,,,,,,
2024,2/11/2024,23:00,No data,No data,,,,,,,,
2024,2/11/2024,23:30,No data,No data,,,,,,,,
2024,2/12/2024,0:00,No data,No data,,,,,,,,
2024,2/12/2024,0:30,No data,No data,,,,,,,,
2024,2/12/2024,1:00,No data,No data,,,,,,,,
2024,2/12/2024,1:30,No data,No data,,,,,,,,
2024,2/12/2024,2:00,No data,No data,,,,,,,,
2024,2/12/2024,2:30,No data,No data,,,,,,,,
2024,2/12/2024,3:00,No data,No data,,,,,,,,
2024,2/12/2024,3:30,No data,No data,,,,,,,,
2024,2/12/2024,4:00,No data,No data,,,,,,,,
2024,2/12/2024,4:30,No data,No data,,,,,,,,
2024,2/12/2024,5:00,No data,No data,,,,,,,,
2024,2/12/2024,5:30,No data,No data,,,,,,,,
2024,2/12/2024,6:00,No data,No data,,,,,,,,
2024,2/12/2024,6:30,No data,No data,,,,,,,,
2024,2/12/2024,7:00,No data,No data,,,,,,,,
2024,2/12/2024,7:30,No data,No data,,,,,,,,
2024,2/12/2024,8:00,No data,No data,,,,,,,,
2024,2/12/2024,8:30,No data,No data,,,,,,,,
2024,2/12/2024,9:00,No data,No data,,,,,,,,
2024,2/12/2024,9:30,No data,No data,,,,,,,,
2024,2/12/2024,10:00,No data,No data,,,,,,,,
2024,2/12/2024,10:30,No data,No data,,,,,,,,
2024,2/12/2024,11:00,No data,No data,,,,,,,,
2024,2/12/2024,11:30,No data,No data,,,,,,,,
2024,2/12/2024,12:00,No data,No data,,,,,,,,
2024,2/12/2024,12:30,No data,No data,,,,,,,,
2024,2/12/2024,13:00,No data,No data,,,,,,,,
2024,2/12/2024,13:30,No data,No data,,,,,,,,
2024,2/12/2024,14:00,No data,No data,,,,,,,,
2024,2/12/2024,14:30,No data,No data,,,,,,,,
2024,2/12/2024,15:00,No data,No data,,,,,,,,
2024,2/12/2024,15:30,No data,No data,,,,,,,,
2024,2/12/2024,16:00,No data,No data,,,,,,,,
2024,2/12/2024,16:30,No data,No data,,,,,,,,
2024,2/12/2024,17:00,No data,No data,,,,,,,,
2024,2/12/2024,17:30,No data,No data,,,,,,,,
2024,2/12/2024,18:00,No data,No data,,,,,,,,
2024,2/12/2024,18:30,No data,No data,,,,,,,,
2024,2/12/2024,19:00,No data,No data,,,,,,,,
2024,2/12/2024,19:30,No data,No data,,,,,,,,
2024,2/12/2024,20:00,No data,No data,,,,,,,,
2024,2/12/2024,20:30,No data,No data,,,,,,,,
2024,2/12/2024,21:00,No data,No data,,,,,,,,
2024,2/12/2024,21:30,No data,No data,,,,,,,,
2024,2/12/2024,22:00,No data,No data,,,,,,,,
2024,2/12/2024,22:30,No data,No data,,,,,,,,
2024,2/12/2024,23:00,No data,No data,,,,,,,,
2024,2/12/2024,23:30,No data,No data,,,,,,,,
2024,2/13/2024,0:00,No data,No data,,,,,,,,
2024,2/13/2024,0:30,No data,No data,,,,,,,,
2024,2/13/2024,1:00,No data,No data,,,,,,,,
2024,2/13/2024,1:30,No data,No data,,,,,,,,
2024,2/13/2024,2:00,No data,No data,,,,,,,,
2024,2/13/2024,2:30,No data,No data,,,,,,,,
2024,2/13/2024,3:00,No data,No data,,,,,,,,
2024,2/13/2024,3:30,No data,No data,,,,,,,,
2024,2/13/2024,4:00,No data,No data,,,,,,,,
2024,2/13/2024,4:30,No data,No data,,,,,,,,
2024,2/13/2024,5:00,No data,No data,,,,,,,,
2024,2/13/2024,5:30,No data,No data,,,,,,,,
2024,2/13/2024,6:00,No data,No data,,,,,,,,
2024,2/13/2024,6:30,No data,No data,,,,,,,,
2024,2/13/2024,7:00,No data,No data,,,,,,,,
2024,2/13/2024,7:30,No data,No data,,,,,,,,
2024,2/13/2024,8:00,No data,No data,,,,,,,,
2024,2/13/2024,8:30,No data,No data,,,,,,,,
2024,2/13/2024,9:00,No data,No data,,,,,,,,
2024,2/13/2024,9:30,No data,No data,,,,,,,,
2024,2/13/2024,10:00,No data,No data,,,,,,,,
2024,2/13/2024,10:30,No data,No data,,,,,,,,
2024,2/13/2024,11:00,No data,No data,,,,,,,,
2024,2/13/2024,11:30,No data,No data,,,,,,,,
2024,2/13/2024,12:00,No data,No data,,,,,,,,
2024,2/13/2024,12:30,No data,No data,,,,,,,,
2024,2/13/2024,13:00,No data,No data,,,,,,,,
2024,2/13/2024,13:30,No data,No data,,,,,,,,
2024,2/13/2024,14:00,No data,No data,,,,,,,,
2024,2/13/2024,14:30,No data,No data,,,,,,,,
2024,2/13/2024,15:00,No data,No data,,,,,,,,
2024,2/13/2024,15:30,No data,No data,,,,,,,,
2024,2/13/2024,16:00,No data,No data,,,,,,,,
2024,2/13/2024,16:30,No data,No data,,,,,,,,
2024,2/13/2024,17:00,No data,No data,,,,,,,,
2024,2/13/2024,17:30,No data,No data,,,,,,,,
2024,2/13/2024,18:00,No data,No data,,,,,,,,
2024,2/13/2024,18:30,No data,No data,,,,,,,,
2024,2/13/2024,19:00,No data,No data,,,,,,,,
2024,2/13/2024,19:30,No data,No data,,,,,,,,
2024,2/13/2024,20:00,No data,No data,,,,,,,,
2024,2/13/2024,20:30,No data,No data,,,,,,,,
2024,2/13/2024,21:00,No data,No data,,,,,,,,
2024,2/13/2024,21:30,No data,No data,,,,,,,,
2024,2/13/2024,22:00,No data,No data,,,,,,,,
2024,2/13/2024,22:30,No data,No data,,,,,,,,
2024,2/13/2024,23:00,No data,No data,,,,,,,,
2024,2/13/2024,23:30,No data,No data,,,,,,,,
2024,2/14/2024,0:00,No data,No data,,,,,,,,
2024,2/14/2024,0:30,No data,No data,,,,,,,,
2024,2/14/2024,1:00,No data,No data,,,,,,,,
2024,2/14/2024,1:30,No data,No data,,,,,,,,
2024,2/14/2024,2:00,No data,No data,,,,,,,,
2024,2/14/2024,2:30,No data,No data,,,,,,,,
2024,2/14/2024,3:00,No data,No data,,,,,,,,
2024,2/14/2024,3:30,No data,No data,,,,,,,,
2024,2/14/2024,4:00,No data,No data,,,,,,,,
2024,2/14/2024,4:30,No data,No data,,,,,,,,
2024,2/14/2024,5:00,No data,No data,,,,,,,,
2024,2/14/2024,5:30,No data,No data,,,,,,,,
2024,2/14/2024,6:00,No data,No data,,,,,,,,
2024,2/14/2024,6:30,No data,No data,,,,,,,,
2024,2/14/2024,7:00,No data,No data,,,,,,,,
2024,2/14/2024,7:30,No data,No data,,,,,,,,
2024,2/14/2024,8:00,No data,No data,,,,,,,,
2024,2/14/2024,8:30,No data,No data,,,,,,,,
2024,2/14/2024,9:00,No data,No data,,,,,,,,
2024,2/14/2024,9:30,No data,No data,,,,,,,,
2024,2/14/2024,10:00,No data,No data,,,,,,,,
2024,2/14/2024,10:30,No data,No data,,,,,,,,
2024,2/14/2024,11:00,No data,No data,,,,,,,,
2024,2/14/2024,11:30,No data,No data,,,,,,,,
2024,2/14/2024,12:00,Partial,First 30,AS,No fish,,,,,,"12:04-12:30, 26 min recorded and reviewed"
2024,2/14/2024,12:30,Full,Second 30,AS,No fish,,,,,,
2024,2/14/2024,13:00,Full,First 30,AS,No fish,,,,,,
2024,2/14/2024,13:30,Full,Second 30,AS,No fish,,,,,,
2024,2/14/2024,14:00,Full,First 30,AS,No fish,,,,,,
2024,2/14/2024,14:30,Full,Second 30,AS,No fish,,,,,,
2024,2/14/2024,15:00,Full,First 30,AS,No fish,,,,,,
2024,2/14/2024,15:30,Full,Second 30,AS,No fish,,,,,,
2024,2/14/2024,16:00,Full,First 30,AS,No fish,,,,,,
2024,2/14/2024,16:30,Full,Second 30,AS,No fish,,,,,,
2024,2/14/2024,17:00,Full,First 30,AS,No fish,,,,,,
2024,2/14/2024,17:30,Full,Second 30,AS,No fish,,,,,,
2024,2/14/2024,18:00,Full,First 30,AS,No fish,,,,,,
2024,2/14/2024,18:30,Full,Second 30,AS,No fish,,,,,,
2024,2/14/2024,19:00,Full,First 30,AS,No fish,,,,,,
2024,2/14/2024,19:30,Full,Second 30,AS,19:34:30,1353,upstream,10.88,82.2,1,
2024,2/14/2024,20:00,Full,First 30,AS,20:17:57,5409,upstream,11.04,73.8,1,
2024,2/14/2024,20:30,Full,Second 30,AS,No fish,,,,,,
2024,2/14/2024,21:00,Full,First 30,AS,No fish,,,,,,
2024,2/14/2024,21:30,Full,Second 30,AS,No fish,,,,,,
2024,2/14/2024,22:00,Full,First 30,AS,No fish,,,,,,
2024,2/14/2024,22:30,Full,Second 30,AS,22:33:20,996,upstream,16.85,50.7,1,has been holding since 19:11:10
2024,2/14/2024,23:00,Full,First 30,AS,No fish,,,,,,
2024,2/14/2024,23:30,Full,Second 30,AS,No fish,,,,,,
2024,2/15/2024,0:00,Full,First 30,AS,No fish,,,,,,
2024,2/15/2024,0:30,Full,Second 30,AS,No fish,,,,,,
2024,2/15/2024,1:00,Full,First 30,AS,No fish,,,,,,
2024,2/15/2024,1:30,Full,Second 30,AS,No fish,,,,,,
2024,2/15/2024,2:00,Full,First 30,AS,No fish,,,,,,
2024,2/15/2024,2:30,Full,Second 30,AS,No fish,,,,,,
2024,2/15/2024,3:00,Full,First 30,AS,No fish,,,,,,
2024,2/15/2024,3:30,Full,Second 30,AS,No fish,,,,,,
2024,2/15/2024,4:00,Full,First 30,AS,No fish,,,,,,
2024,2/15/2024,4:30,Full,Second 30,AS,No fish,,,,,,
2024,2/15/2024,5:00,Full,First 30,AS,5:00:24,113,upstream,6.25,45.2,1,
2024,2/15/2024,5:30,Full,Second 30,AS,No fish,,,,,,
2024,2/15/2024,6:00,Full,First 30,AS,6:25:15,7616,downstream,10.98,47.8,1,
2024,2/15/2024,6:00,Full,First 30,AS,6:25:28,7681,downstream,8.15,55.8,1,
2024,2/15/2024,6:30,Full,Second 30,AS,6:43:16,3999,upstream,15.53,42.6,2,fish less than 45cm
2024,2/15/2024,6:30,Full,Second 30,AS,6:51:29,6483,upstream,10.53,42.8,2,fish less than 45cm
2024,2/15/2024,7:00,Full,First 30,AS,No fish,,,,,,
2024,2/15/2024,7:30,Full,Second 30,AS,7:43:30,4048,downstream,9.59,39.5,2,fish less than 45cm
2024,2/15/2024,8:00,Full,First 30,AS,No fish,,,,,,
2024,2/15/2024,8:30,Full,Second 30,AS,No fish,,,,,,
2024,2/15/2024,9:00,Full,First 30,AS,No fish,,,,,,
2024,2/15/2024,9:30,Full,Second 30,AS,9:43:33,4084,downstream,11.44,43.5,2,fish less than 45cm
2024,2/15/2024,9:30,Full,Second 30,AS,9:58:30,8602,downstream,12.13,40,2,fish less than 45cm
2024,2/15/2024,10:00,Full,First 30,AS,No fish,,,,,,
2024,2/15/2024,10:30,Full,Second 30,AS,No fish,,,,,,
2024,2/15/2024,11:00,Full,First 30,AS,No fish,,,,,,
2024,2/15/2024,11:30,Full,Second 30,AS,No fish,,,,,,
2024,2/15/2024,12:00,Full,First 30,AS,No fish,,,,,,
2024,2/15/2024,12:30,Full,Second 30,AS,No fish,,,,,,
2024,2/15/2024,13:00,Full,First 30,AS,No fish,,,,,,
2024,2/15/2024,13:30,Full,Second 30,AS,No fish,,,,,,
2024,2/15/2024,14:00,Full,First 30,AS,14:16:20,4917,upstream,16.81,60.6,1,
2024,2/15/2024,14:30,Full,Second 30,AS,No fish,,,,,,
2024,2/15/2024,15:00,Full,First 30,AS,15:10:08,2997,Downstream,11.23,38.8,2,fish less than 45cm
2024,2/15/2024,15:30,Full,Second 30,AS,No fish,,,,,,
2024,2/15/2024,16:00,Full,First 30,AS,16:23:17,6933,upstream,12.85,43.7,2,fish less than 45cm
2024,2/15/2024,16:30,Full,Second 30,AS,16:36:58,2078,downstream,10.77,38.2,2,fish less than 45cm
2024,2/15/2024,17:00,Full,First 30,AS,No fish,,,,,,
2024,2/15/2024,17:30,Full,Second 30,AS,No fish,,,,,,
2024,2/15/2024,18:00,Full,First 30,AS,18:09:05,2720,upstream,16.22,45.2,1,
2024,2/15/2024,18:30,Full,Second 30,AS,18:30:20,95,upstream,9.02,55.3,1,
2024,2/15/2024,18:30,Full,Second 30,AS,18:50:36,6161,upstream,6.54,63.8,1,
2024,2/15/2024,19:00,Full,First 30,AS,19:12:36,3772,upstream,15.37,75.9,1,
2024,2/15/2024,19:00,Full,First 30,AS,19:26:51,8027,upstream,12.24,69.6,1,
2024,2/15/2024,19:30,Full,Second 30,AS,19:42:27,3714,upstream,13.98,45.4,1,
2024,2/15/2024,20:00,Full,First 30,AS,20:54:55,7397,downstream,14.7,65.3,1,
2024,2/15/2024,20:30,Full,Second 30,AS,No fish,,,,,,
2024,2/15/2024,21:00,Full,First 30,AS,21:13:53,,upstream,14.17,91.6,1,
2024,2/15/2024,21:30,Full,Second 30,AS,21:56:06,,upstream,14.32,81.7,1,
2024,2/15/2024,22:00,Full,First 30,AS,22:26:54,8048,downstream,6.36,64.6,1,
2024,2/15/2024,22:30,Full,Second 30,AS,22:34:15,1261,downstream,15.37,69.2,1,
2024,2/15/2024,23:00,Full,First 30,AS,23:05:30,1639,downstream,7.34,81.7,3,beaver
2024,2/15/2024,23:30,Full,Second 30,AS,23:56:18,7877,upstream,20.34,77.6,3,beaver
2024,2/16/2024,0:00,Full,First 30,JE,No fish,,,,,,
2024,2/16/2024,0:30,Full,Second 30,JE,0:48:54,5671,upstream,15.44,59.8,1,
2024,2/16/2024,1:00,Full,First 30,JE,No fish,,,,,,
2024,2/16/2024,1:30,Full,Second 30,JE,1:32:59,879,downstream,9.66,70.1,1,"Large fish appears in the middle of image, appears to be travelling downstream"
2024,2/16/2024,2:00,Full,First 30,JE,No fish,,,,,,
2024,2/16/2024,2:30,Full,Second 30,JE,No fish,,,,,,
2024,2/16/2024,3:00,Full,First 30,JE,No fish,,,,,,
2024,2/16/2024,3:30,Full,Second 30,JE,3:57:39,8251,upstream,7.11,47,1,
2024,2/16/2024,4:00,Full,First 30,JE,No fish,,,,,,
2024,2/16/2024,4:30,Full,Second 30,JE,No fish,,,,,,
2024,2/16/2024,5:00,Full,First 30,JE,5:17:23,5210,upstream,8.73,52.4,1,
2024,2/16/2024,5:30,Full,Second 30,JE,No fish,,,,,,
2024,2/16/2024,6:00,Full,First 30,JE,6:12:10,3638,downstream,14.99,46.7,1,
2024,2/16/2024,6:00,Full,First 30,JE,6:14:16,4267,upstream,8.82,46.4,1,
2024,2/16/2024,6:30,Full,Second 30,JE,No fish,,,,,,
2024,2/16/2024,7:00,Full,First 30,JE,No fish,,,,,,
2024,2/16/2024,7:30,Full,Second 30,JE,No fish,,,,,,
2024,2/16/2024,8:00,Full,First 30,JE,No fish,,,,,,
2024,2/16/2024,8:30,Full,Second 30,JE,No fish,,,,,,
2024,2/16/2024,9:00,Full,First 30,JE,No fish,,,,,,
2024,2/16/2024,9:30,Full,Second 30,JE,9:44:52,4449,downstream,11.69,62.7,1,
2024,2/16/2024,10:00,Full,First 30,JE,No fish,,,,,,
2024,2/16/2024,10:30,Full,Second 30,JE,No fish,,,,,,
2024,2/16/2024,11:00,Full,First 30,JE,No fish,,,,,,
2024,2/16/2024,11:30,Full,Second 30,JE,No fish,,,,,,
2024,2/16/2024,12:00,Full,First 30,JE,No fish,,,,,,
2024,2/16/2024,12:30,Full,Second 30,JE,No fish,,,,,,
2024,2/16/2024,13:00,Full,First 30,JE,No fish,,,,,,
2024,2/16/2024,13:30,Full,Second 30,JE,No fish,,,,,,
2024,2/16/2024,14:00,Full,First 30,JE,No fish,,,,,,
2024,2/16/2024,14:30,Full,Second 30,JE,No fish,,,,,,
2024,2/16/2024,15:00,Full,First 30,JE,No fish,,,,,,
2024,2/16/2024,15:30,Full,Second 30,JE,No fish,,,,,,
2024,2/16/2024,16:00,Full,First 30,JE,No fish,,,,,,
2024,2/16/2024,16:30,Full,Second 30,JE,No fish,,,,,,
2024,2/16/2024,17:00,Full,First 30,JE,No fish,,,,,,
2024,2/16/2024,17:30,Full,Second 30,JE,17:41:14,3329,downstream,8.06,68.5,1,
2024,2/16/2024,18:00,Full,First 30,JE,No fish,,,,,,
2024,2/16/2024,18:30,Full,Second 30,JE,18:43:22,3992,upstream,6.56,52.2,1,
2024,2/16/2024,18:30,Full,Second 30,JE,18:43:28,4018,upstream,7.43,53.6,1,
2024,2/16/2024,18:30,Full,Second 30,JE,18:54:57,7445,upstream,13.46,64.8,1,
2024,2/16/2024,19:00,Full,First 30,JE,19:10:28,3121,upstream,7.81,52,1,
2024,2/16/2024,19:30,Full,Second 30,JE,19:40:44,3190,upstream,11.87,54.3,1,
2024,2/16/2024,19:30,Full,Second 30,JE,19:54:08,7191,upstream,13,61,1,
2024,2/16/2024,20:00,Full,First 30,JE,20:19:24,5796,downstream,6.42,61.2,2,"Possible fish travalling DS quickly, also could be an otter. BC- keep at 2, unsure. "
2024,2/16/2024,20:30,Full,Second 30,JE,No fish,,,,,,
2024,2/16/2024,21:00,Full,First 30,JE,No fish,,,,,,
2024,2/16/2024,21:30,Full,Second 30,JE,No fish,,,,,,
2024,2/16/2024,22:00,Full,First 30,JE,No fish,,,,,,
2024,2/16/2024,22:30,Full,Second 30,JE,No fish,,,,,,
2024,2/16/2024,23:00,Full,First 30,JE,No fish,,,,,,
2024,2/16/2024,23:30,Full,Second 30,JE,No fish,,,,,,
2024,2/17/2024,0:00,Full,First 30,JE,0:20:08,6010,upstream,14.71,60.1,1,
2024,2/17/2024,0:30,Full,Second 30,JE,No fish,,,,,,
2024,2/17/2024,1:00,Full,First 30,JE,No fish,,,,,,
2024,2/17/2024,1:30,Full,Second 30,JE,No fish,,,,,,
2024,2/17/2024,2:00,Full,First 30,JE,No fish,,,,,,
2024,2/17/2024,2:30,Full,Second 30,JE,No fish,,,,,,
2024,2/17/2024,3:00,Full,First 30,JE,No fish,,,,,,
2024,2/17/2024,3:30,Full,Second 30,JE,No fish,,,,,,
2024,2/17/2024,4:00,Full,First 30,JE,No fish,,,,,,
2024,2/17/2024,4:30,Full,Second 30,JE,4:46:29,4930,upstream,18.3,58.9,1,
2024,2/17/2024,5:00,Full,First 30,JE,No fish,,,,,,
2024,2/17/2024,5:30,Full,Second 30,JE,No fish,,,,,,
2024,2/17/2024,6:00,Full,First 30,JE,No fish,,,,,,
2024,2/17/2024,6:30,Full,Second 30,JE,No fish,,,,,,
2024,2/17/2024,7:00,Full,First 30,JE,No fish,,,,,,
2024,2/17/2024,7:30,Full,Second 30,JE,No fish,,,,,,
2024,2/17/2024,8:00,Full,First 30,JE,No fish,,,,,,
2024,2/17/2024,8:30,Full,Second 30,JE,No fish,,,,,,
2024,2/17/2024,9:00,Full,First 30,JE,No fish,,,,,,
2024,2/17/2024,9:30,Full,Second 30,JE,No fish,,,,,,
2024,2/17/2024,10:00,Full,First 30,JE,No fish,,,,,,
2024,2/17/2024,10:30,Full,Second 30,JE,No fish,,,,,,
2024,2/17/2024,11:00,Full,First 30,JE,11:08:28,2530,upstream,14.03,64.5,1,
2024,2/17/2024,11:30,Full,Second 30,JE,No fish,,,,,,
2024,2/17/2024,12:00,Full,First 30,JE,No fish,,,,,,
2024,2/17/2024,12:30,Full,Second 30,JE,No fish,,,,,,
2024,2/17/2024,13:00,Full,First 30,JE,No fish,,,,,,
2024,2/17/2024,13:30,Full,Second 30,JE,No fish,,,,,,
2024,2/17/2024,14:00,Full,First 30,JE,No fish,,,,,,
2024,2/17/2024,14:30,Full,Second 30,JE,No fish,,,,,,
2024,2/17/2024,15:00,Full,First 30,JE,No fish,,,,,,
2024,2/17/2024,15:30,Full,Second 30,JE,No fish,,,,,,
2024,2/17/2024,16:00,Full,First 30,JE,No fish,,,,,,
2024,2/17/2024,16:30,Full,Second 30,JE,16:52:17,6658,upstream,10.72,68.5,1,
2024,2/17/2024,17:00,Full,First 30,JE,No fish,,,,,,
2024,2/17/2024,17:30,Full,Second 30,JE,No fish,,,,,,
2024,2/17/2024,18:00,Full,First 30,JE,No fish,,,,,,
2024,2/17/2024,18:30,Full,Second 30,JE,No fish,,,,,,
2024,2/17/2024,19:00,Full,First 30,JE,No fish,,,,,,
2024,2/17/2024,19:30,Full,Second 30,JE,No fish,,,,,,
2024,2/17/2024,20:00,Full,First 30,JE,No fish,,,,,,
2024,2/17/2024,20:30,Full,Second 30,JE,No fish,,,,,,
2024,2/17/2024,21:00,Full,First 30,JE,No fish,,,,,,
2024,2/17/2024,21:30,Full,Second 30,JE,21:37:17,2174,upstream,8.34,51.2,1,
2024,2/17/2024,22:00,Full,First 30,JE,No fish,,,,,,
2024,2/17/2024,22:30,Full,Second 30,JE,No fish,,,,,,
2024,2/17/2024,23:00,Full,First 30,JE,23:07:57,2378,upstream,11.47,61.1,1,
2024,2/17/2024,23:30,Full,Second 30,JE,No fish,,,,,,
2024,2/18/2024,0:00,Full,First 30,JE,No fish,,,,,,
2024,2/18/2024,0:30,Full,Second 30,JE,0:56:17,7839,upstream,11.13,59,1,
2024,2/18/2024,1:00,Full,First 30,JE,1:07:54,2357,downstream,5.29,57,1,
2024,2/18/2024,1:30,Full,Second 30,JE,1:52:42,6781,upstream,5.84,58.1,1,
2024,2/18/2024,2:00,Full,First 30,JE,No fish,,,,,,
2024,2/18/2024,2:30,Full,Second 30,JE,No fish,,,,,,
2024,2/18/2024,3:00,Full,First 30,JE,No fish,,,,,,
2024,2/18/2024,3:30,Full,Second 30,JE,No fish,,,,,,
2024,2/18/2024,4:00,Full,First 30,JE,No fish,,,,,,
2024,2/18/2024,4:30,Full,Second 30,JE,No fish,,,,,,
2024,2/18/2024,5:00,Full,First 30,JE,No fish,,,,,,
2024,2/18/2024,5:30,Full,Second 30,JE,5:35:36,1671,upstream,14.02,65.5,1,
2024,2/18/2024,5:30,Full,Second 30,JE,5:49:26,5823,upstream,11.19,59.2,1,
2024,2/18/2024,6:00,Full,First 30,JE,No fish,,,,,,
2024,2/18/2024,6:30,Full,Second 30,JE,6:42:57,3863,upstream,9.35,59.1,1,
2024,2/18/2024,7:00,Full,First 30,JE,No fish,,,,,,
2024,2/18/2024,7:30,Full,Second 30,JE,No fish,,,,,,
2024,2/18/2024,8:00,Full,First 30,JE,No fish,,,,,,
2024,2/18/2024,8:30,Full,Second 30,JE,No fish,,,,,,
2024,2/18/2024,9:00,Full,First 30,JE,No fish,,,,,,
2024,2/18/2024,9:30,Full,Second 30,JE,No fish,,,,,,
2024,2/18/2024,10:00,Full,First 30,JE,No fish,,,,,,
2024,2/18/2024,10:30,Full,Second 30,JE,No fish,,,,,,
2024,2/18/2024,11:00,Full,First 30,JE,No fish,,,,,,
2024,2/18/2024,11:30,Full,Second 30,JE,No fish,,,,,,
2024,2/18/2024,12:00,Full,First 30,JE,No fish,,,,,,
2024,2/18/2024,12:30,Full,Second 30,JE,No fish,,,,,,
2024,2/18/2024,13:00,Full,First 30,JE,No fish,,,,,,
2024,2/18/2024,13:30,Full,Second 30,JE,No fish,,,,,,
2024,2/18/2024,14:00,Full,First 30,JE,No fish,,,,,,
2024,2/18/2024,14:30,Full,Second 30,JE,No fish,,,,,,
2024,2/18/2024,15:00,Full,First 30,JE,No fish,,,,,,
2024,2/18/2024,15:30,Full,Second 30,JE,No fish,,,,,,
2024,2/18/2024,16:00,Full,First 30,JE,No fish,,,,,,
2024,2/18/2024,16:30,Full,Second 30,JE,No fish,,,,,,
2024,2/18/2024,17:00,Full,First 30,JE,No fish,,,,,,
2024,2/18/2024,17:30,Full,Second 30,JE,No fish,,,,,,
2024,2/18/2024,18:00,Full,First 30,JE,No fish,,,,,,
2024,2/18/2024,18:30,Full,Second 30,JE,18:31:23,407,downstream,11.82,65.4,1,
2024,2/18/2024,18:30,Full,Second 30,JE,18:36:54,2056,upstream,11.71,66.8,1,
2024,2/18/2024,18:30,Full,Second 30,JE,18:36:55,2060,upstream,11.77,62.6,1,
2024,2/18/2024,18:30,Full,Second 30,JE,18:38:59,2682,downstream,10.16,65.4,1,
2024,2/18/2024,18:30,Full,Second 30,JE,18:39:07,2718,downstream,12.9,62.4,1,
2024,2/18/2024,18:30,Full,Second 30,JE,18:45:53,4742,upstream,11.8,68.3,1,
2024,2/18/2024,18:30,Full,Second 30,JE,18:51:48,6505,downstream,5.79,57.8,1,
2024,2/18/2024,19:00,Full,First 30,JE,19:13:02,3888,upstream,11.18,63.2,1,
2024,2/18/2024,19:30,Full,Second 30,JE,No fish,,,,,,
2024,2/18/2024,20:00,Full,First 30,JE,20:14:06,4196,upstream,13.52,59.4,1,
2024,2/18/2024,20:30,Full,Second 30,JE,20:35:44,1710,downstream,10.38,55.5,1,
2024,2/18/2024,21:00,Full,First 30,JE,No fish,,,,,,
2024,2/18/2024,21:30,Full,Second 30,JE,No fish,,,,,,
2024,2/18/2024,22:00,Full,First 30,JE,22:19:32,5827,upstream,11.14,69.1,1,
2024,2/18/2024,22:30,Full,Second 30,JE,No fish,,,,,,
2024,2/18/2024,23:00,Full,First 30,JE,No fish,,,,,,
2024,2/18/2024,23:30,Full,Second 30,JE,23:46:46,5010,upstream,13.98,63.8,1,
2024,2/18/2024,23:30,Full,Second 30,JE,23:46:47,5017,upstream,14.2,64.2,1,
2024,2/19/2024,0:00,Full,First 30,AS,No fish,,,,,,
2024,2/19/2024,0:30,Full,Second 30,AS,0:47:41,5294,upstream,15.66,69,1,
2024,2/19/2024,1:00,Full,First 30,AS,1:07:43,2296,upstream,13.3,78.6,1,
2024,2/19/2024,1:30,Full,Second 30,AS,1:46:24,4893,upstream,13.15,60.9,1,
2024,2/19/2024,1:30,Full,Second 30,AS,1:47:43,5288,downstream,6.65,64.6,1,
2024,2/19/2024,1:30,Full,Second 30,AS,1:50:02,5978,upstream,12.93,74.9,1,
2024,2/19/2024,2:00,Full,First 30,AS,No fish,,,,,,
2024,2/19/2024,2:30,Full,Second 30,AS,No fish,,,,,,
2024,2/19/2024,3:00,Full,First 30,AS,No fish,,,,,,
2024,2/19/2024,3:30,Full,Second 30,AS,No fish,,,,,,
2024,2/19/2024,4:00,Full,First 30,AS,No fish,,,,,,
2024,2/19/2024,4:30,Full,Second 30,AS,4:58:13,8448,upstream,9.01,68.6,1,
2024,2/19/2024,5:00,Full,First 30,AS,No fish,,,,,,
2024,2/19/2024,5:30,Full,Second 30,AS,5:33:50,1148,upstream,11.87,88.1,1,
2024,2/19/2024,6:00,Full,First 30,AS,No fish,,,,,,
2024,2/19/2024,6:30,Full,Second 30,AS,6:33:00,890,downstream,13.76,63.6,1,
2024,2/19/2024,7:00,Full,First 30,AS,No fish,,,,,,
2024,2/19/2024,7:30,Full,Second 30,AS,No fish,,,,,,
2024,2/19/2024,8:00,Full,First 30,AS,No fish,,,,,,
2024,2/19/2024,8:30,Full,Second 30,AS,No fish,,,,,,
2024,2/19/2024,9:00,Full,First 30,AS,No fish,,,,,,
2024,2/19/2024,9:30,Full,Second 30,AS,No fish,,,,,,
2024,2/19/2024,10:00,Full,First 30,AS,No fish,,,,,,
2024,2/19/2024,10:30,Full,Second 30,AS,No fish,,,,,,
2024,2/19/2024,11:00,Full,First 30,AS,No fish,,,,,,
2024,2/19/2024,11:30,Full,Second 30,AS,No fish,,,,,,
2024,2/19/2024,12:00,Full,First 30,AS,No fish,,,,,,
2024,2/19/2024,12:30,Full,Second 30,AS,No fish,,,,,,
2024,2/19/2024,13:00,Full,First 30,AS,No fish,,,,,,
2024,2/19/2024,13:30,Full,Second 30,AS,No fish,,,,,,
2024,2/19/2024,14:00,Full,First 30,AS,No fish,,,,,,
2024,2/19/2024,14:30,Full,Second 30,AS,No fish,,,,,,
2024,2/19/2024,15:00,Full,First 30,AS,No fish,,,,,,
2024,2/19/2024,15:30,Full,Second 30,AS,No fish,,,,,,
2024,2/19/2024,16:00,Full,First 30,AS,No fish,,,,,,
2024,2/19/2024,16:30,Full,Second 30,AS,No fish,,,,,,
2024,2/19/2024,17:00,Full,First 30,AS,No fish,,,,,,
2024,2/19/2024,17:30,Full,Second 30,AS,No fish,,,,,,
2024,2/19/2024,18:00,Full,First 30,AS,18:02:24,713,upstream,15.72,52.5,1,
2024,2/19/2024,18:00,Full,First 30,AS,18:14:39,4377,downstream,11.65,50.4,1,
2024,2/19/2024,18:00,Full,First 30,AS,18:14:56,4453,downstream,10.54,90.9,1,
2024,2/19/2024,18:00,Full,First 30,AS,18:19:25,5791,upstream,12.72,87.1,1,
2024,2/19/2024,18:30,Full,Second 30,AS,18:35:44,1700,upstream,15.25,60,1,
2024,2/19/2024,19:00,Full,First 30,AS,No fish,,,,,,
2024,2/19/2024,19:30,Full,Second 30,AS,19:37:53,2365,downstream,14.39,69.7,1,
2024,2/19/2024,19:30,Full,Second 30,AS,19:37:53,2365,downstream,13.71,69.6,1,
2024,2/19/2024,19:30,Full,Second 30,AS,19:43:47,4125,upstream,15.6,69.9,1,
2024,2/19/2024,19:30,Full,Second 30,AS,19:45:13,4547,downstream,10.22,67.6,1,
2024,2/19/2024,20:00,Full,First 30,AS,20:36:36,1959,upstream,15.53,44,2,fish less than 45cm
2024,2/19/2024,20:30,Full,Second 30,AS,No fish,,,,,,
2024,2/19/2024,21:00,Full,First 30,AS,No fish,,,,,,
2024,2/19/2024,21:30,Full,Second 30,AS,No fish,,,,,,
2024,2/19/2024,22:00,Full,First 30,AS,No fish,,,,,,
2024,2/19/2024,22:30,Full,Second 30,AS,No fish,,,,,,
2024,2/19/2024,23:00,Full,First 30,AS,23:25:54,7727,upstream,17.1,57.3,1,
2024,2/19/2024,23:30,Full,Second 30,AS,23:57:10,8096,downstream,3.67,64.5,2,BC changed to confidence = 2
2024,2/20/2024,0:00,Full,First 30,AS,0:01:18,380,upstream,6.03,60.8,1,
2024,2/20/2024,0:00,Full,First 30,AS,0:01:18,380,upstream,6.29,58.6,1,
2024,2/20/2024,0:00,Full,First 30,AS,0:21:16,6348,upstream,6.82,68.4,1,
2024,2/20/2024,0:30,Full,Second 30,AS,0:37:51,2334,upstream,7.19,67.4,1,
2024,2/20/2024,1:00,Full,First 30,AS,No fish,,,,,,
2024,2/20/2024,1:30,Full,Second 30,AS,1:32:24,708,upstream,16.85,57.4,1,
2024,2/20/2024,1:30,Full,Second 30,AS,1:36:35,1948,upstream,13.68,36.5,2,fish less than 45cm
2024,2/20/2024,2:00,Full,First 30,AS,No fish,,,,,,
2024,2/20/2024,2:30,Full,Second 30,AS,2:55:35,7647,upstream,9.09,71.7,1,
2024,2/20/2024,3:00,Full,First 30,AS,No fish,,,,,,
2024,2/20/2024,3:30,Full,Second 30,AS,No fish,,,,,,
2024,2/20/2024,4:00,Full,First 30,AS,No fish,,,,,,
2024,2/20/2024,4:30,Full,Second 30,AS,No fish,,,,,,
2024,2/20/2024,5:00,Full,First 30,AS,No fish,,,,,,
2024,2/20/2024,5:30,Full,Second 30,AS,No fish,,,,,,
2024,2/20/2024,6:00,Full,First 30,AS,No fish,,,,,,
2024,2/20/2024,6:30,Full,Second 30,AS,6:52:47,6799,upstream,10.91,71.7,1,
2024,2/20/2024,7:00,Full,First 30,AS,No fish,,,,,,
2024,2/20/2024,7:30,Full,Second 30,AS,No fish,,,,,,
2024,2/20/2024,8:00,Full,First 30,AS,No fish,,,,,,
2024,2/20/2024,8:30,Full,Second 30,AS,No fish,,,,,,
2024,2/20/2024,9:00,Full,First 30,AS,No fish,,,,,,
2024,2/20/2024,9:30,Full,Second 30,AS,No fish,,,,,,
2024,2/20/2024,10:00,Full,First 30,AS,No fish,,,,,,
2024,2/20/2024,10:30,Full,Second 30,AS,No fish,,,,,,
2024,2/20/2024,11:00,Full,First 30,AS,No fish,,,,,,
2024,2/20/2024,11:30,Full,Second 30,AS,No fish,,,,,,
2024,2/20/2024,12:00,Full,First 30,AS,No fish,,,,,,
2024,2/20/2024,12:30,Full,Second 30,AS,No fish,,,,,,
2024,2/20/2024,13:00,Full,First 30,AS,No fish,,,,,,
2024,2/20/2024,13:30,Full,Second 30,AS,No fish,,,,,,
2024,2/20/2024,14:00,Full,First 30,AS,No fish,,,,,,
2024,2/20/2024,14:30,Full,Second 30,AS,No fish,,,,,,
2024,2/20/2024,15:00,Full,First 30,AS,No fish,,,,,,
2024,2/20/2024,15:30,Full,Second 30,AS,No fish,,,,,,
2024,2/20/2024,16:00,Full,First 30,AS,No fish,,,,,,
2024,2/20/2024,16:30,Full,Second 30,AS,16:54:49,7371,upstream,9.71,71.9,1,
2024,2/20/2024,17:00,Full,First 30,AS,No fish,,,,,,
2024,2/20/2024,17:30,Full,Second 30,AS,17:54:51,7407,upstream,10.69,35.8,2,fish less than 45cm
2024,2/20/2024,17:30,Full,Second 30,AS,17:55:32,7610,upstream,11.65,55.6,1,
2024,2/20/2024,18:00,Full,First 30,AS,18:01:58,586,upstream,13.94,79.9,1,
2024,2/20/2024,18:00,Full,First 30,AS,18:02:01,602,upstream,14.59,77.6,1,
2024,2/20/2024,18:00,Full,First 30,AS,18:12:57,3878,downstream,10.18,41.8,2,fish less than 45cm
2024,2/20/2024,18:00,Full,First 30,AS,18:24:44,7393,downstream,11.17,69.2,1,
2024,2/20/2024,18:30,Full,Second 30,AS,18:57:55,8321,upstream,15.45,43.7,2,fish less than 45cm
2024,2/20/2024,19:00,Full,First 30,AS,No fish,,,,,,
2024,2/20/2024,19:30,Full,Second 30,AS,No fish,,,,,,
2024,2/20/2024,20:00,Full,First 30,AS,20:27:55,8311,downstream,8.89,46.2,1,
2024,2/20/2024,20:00,Full,First 30,AS,20:28:54,8608,upstream,14.28,46.4,1,
2024,2/20/2024,20:30,Full,Second 30,AS,No fish,,,,,,
2024,2/20/2024,21:00,Full,First 30,AS,21:21:23,6362,downstream,13.04,87.3,2,fairly certain this is not a fish.
2024,2/20/2024,21:00,Full,First 30,AS,21:29:18,8704,downstream,7.05,117.9,3,animal
2024,2/20/2024,21:30,Full,Second 30,AS,21:44:57,4451,upstream,13.2,75.8,1,
2024,2/20/2024,21:30,Full,Second 30,AS,21:54:20,7239,downstream,12.05,76,1,
2024,2/20/2024,22:00,Full,First 30,AS,22:20:03,5967,upstream,14.09,43.7,2,fish less than 45cm
2024,2/20/2024,22:30,Full,Second 30,AS,No fish,,,,,,
2024,2/20/2024,23:00,Full,First 30,AS,No fish,,,,,,
2024,2/20/2024,23:30,Full,Second 30,AS,23:58:46,8570,downstream,15.15,78.9,1,
2024,2/21/2024,0:00,Full,First 30,AS,0:14:05,4211,upstream,10.94,78.6,1,
2024,2/21/2024,0:30,Full,Second 30,AS,0:38:32,2532,upstream,8.38,71.1,1,
2024,2/21/2024,1:00,Full,First 30,AS,1:09:03,2692,upstream,5.75,69.6,1,
2024,2/21/2024,1:00,Full,First 30,AS,1:16:33,4931,downstream,13.82,101.3,3,animal
2024,2/21/2024,1:30,Full,Second 30,AS,No fish,,,,,,
2024,2/21/2024,2:00,Full,First 30,AS,2:49:19,5758,downstream,12.8,73.8,1,
2024,2/21/2024,2:30,Full,Second 30,AS,No fish,,,,,,
2024,2/21/2024,3:00,Full,First 30,AS,3:05:38,1667,upstream,13.69,70.3,1,
2024,2/21/2024,3:00,Full,First 30,AS,3:09:53,2938,downstream,8.13,98.2,3,animal
2024,2/21/2024,3:30,Full,Second 30,AS,No fish,,,,,,
2024,2/21/2024,4:00,Full,First 30,AS,No fish,,,,,,
2024,2/21/2024,4:30,Full,Second 30,AS,No fish,,,,,,
2024,2/21/2024,5:00,Full,First 30,AS,No fish,,,,,,
2024,2/21/2024,5:30,Full,Second 30,AS,No fish,,,,,,
2024,2/21/2024,6:00,Full,First 30,AS,No fish,,,,,,
2024,2/21/2024,6:30,Full,Second 30,AS,6:30:12,52,upstream,14.43,72.1,1,fish less than 45cm
2024,2/21/2024,7:00,Full,First 30,AS,No fish,,,,,,
2024,2/21/2024,7:30,Full,Second 30,AS,No fish,,,,,,
2024,2/21/2024,8:00,Full,First 30,AS,No fish,,,,,,
2024,2/21/2024,8:30,Full,Second 30,AS,No fish,,,,,,
2024,2/21/2024,9:00,Full,First 30,AS,No fish,,,,,,
2024,2/21/2024,9:30,Full,Second 30,AS,No fish,,,,,,
2024,2/21/2024,10:00,Full,First 30,AS,No fish,,,,,,
2024,2/21/2024,10:30,Full,Second 30,AS,No fish,,,,,,
2024,2/21/2024,11:00,Full,First 30,AS,No fish,,,,,,
2024,2/21/2024,11:30,Full,Second 30,AS,No fish,,,,,,
2024,2/21/2024,12:00,Full,First 30,AS,No fish,,,,,,
2024,2/21/2024,12:30,Full,Second 30,AS,No fish,,,,,,
2024,2/21/2024,13:00,Full,First 30,AS,No fish,,,,,,
2024,2/21/2024,13:30,Full,Second 30,AS,No fish,,,,,,
2024,2/21/2024,14:00,Full,First 30,AS,No fish,,,,,,
2024,2/21/2024,14:30,Full,Second 30,AS,No fish,,,,,,
2024,2/21/2024,15:00,Full,First 30,AS,No fish,,,,,,
2024,2/21/2024,15:30,Full,Second 30,AS,15:44:44,4360,downstream,8.08,74.8,1,
2024,2/21/2024,16:00,Full,First 30,AS,No fish,,,,,,
2024,2/21/2024,16:30,Full,Second 30,AS,16:52:22,6627,upstream,11.19,41,2,fish less than 45cm
2024,2/21/2024,17:00,Full,First 30,AS,No fish,,,,,,
2024,2/21/2024,17:30,Full,Second 30,AS,No fish,,,,,,
2024,2/21/2024,18:00,Full,First 30,AS,18:07:02,2197,downstream,14.01,44.7,2,fish less than 45cm
2024,2/21/2024,18:00,Full,First 30,AS,18:10:26,3073,upstream,11.8,52.9,1,
2024,2/21/2024,18:30,Full,Second 30,AS,No fish,,,,,,
2024,2/21/2024,19:00,Full,First 30,AS,19:04:46,1407,downstream,12.04,33.5,2,fish less than 45cm
2024,2/21/2024,19:30,Full,Second 30,AS,19:55:18,7527,downstream,13.59,44.9,2,fish less than 45cm
2024,2/21/2024,20:00,Full,First 30,AS,No fish,,,,,,
2024,2/21/2024,20:30,Full,Second 30,AS,20:34:41,1378,downstream,14.9,76.7,1,
2024,2/21/2024,20:30,Full,Second 30,AS,20:34:53,1432,downstream,14.55,82,1,
2024,2/21/2024,21:00,Full,First 30,AS,21:13:55,4141,upstream,7.79,79,1,
2024,2/21/2024,21:30,Full,Second 30,AS,21:45:51,4712,upstream,15.16,40.6,2,fish less than 45cm
2024,2/21/2024,22:00,Full,First 30,AS,No fish,,,,,,
2024,2/21/2024,22:30,Full,Second 30,AS,No fish,,,,,,
2024,2/21/2024,23:00,Full,First 30,AS,23:17:58,5334,downstream,12.32,77.6,1,
2024,2/21/2024,23:30,Full,Second 30,AS,No fish,,,,,,
2024,2/22/2024,0:00,Full,First 30,JE,No fish,,,,,,
2024,2/22/2024,0:30,Full,Second 30,JE,No fish,,,,,,
2024,2/22/2024,1:00,Full,First 30,JE,No fish,,,,,,
2024,2/22/2024,1:30,Full,Second 30,JE,No fish,,,,,,
2024,2/22/2024,2:00,Full,First 30,JE,2:02:22,692,upstream,5.97,59.4,1,
2024,2/22/2024,2:30,Full,Second 30,JE,No fish,,,,,,
2024,2/22/2024,3:00,Full,First 30,JE,No fish,,,,,,
2024,2/22/2024,3:30,Full,Second 30,JE,No fish,,,,,,
2024,2/22/2024,4:00,Full,First 30,JE,No fish,,,,,,
2024,2/22/2024,4:30,Full,Second 30,JE,No fish,,,,,,
2024,2/22/2024,5:00,Full,First 30,JE,No fish,,,,,,
2024,2/22/2024,5:30,Full,Second 30,JE,No fish,,,,,,
2024,2/22/2024,6:00,Full,First 30,JE,6:28:29,8457,upstream,15.51,57.6,1,
2024,2/22/2024,6:30,Full,Second 30,JE,No fish,,,,,,
2024,2/22/2024,7:00,Full,First 30,JE,No fish,,,,,,
2024,2/22/2024,7:30,Full,Second 30,JE,No fish,,,,,,
2024,2/22/2024,8:00,Full,First 30,JE,No fish,,,,,,
2024,2/22/2024,8:30,Full,Second 30,JE,No fish,,,,,,
2024,2/22/2024,9:00,Full,First 30,JE,No fish,,,,,,
2024,2/22/2024,9:30,Full,Second 30,JE,No fish,,,,,,
2024,2/22/2024,10:00,Full,First 30,JE,10:20:53,6217,downstream,10.11,73.2,1,
2024,2/22/2024,10:00,Full,First 30,JE,10:21:35,6426,downstream,9.71,73,1,
2024,2/22/2024,10:00,Full,First 30,JE,10:26:56,8026,downstream,10.69,58.4,1,
2024,2/22/2024,10:30,Full,Second 30,JE,No fish,,,,,,
2024,2/22/2024,11:00,Full,First 30,JE,11:18:50,5605,downstream,10.08,70.6,1,
2024,2/22/2024,11:30,Full,Second 30,JE,No fish,,,,,,
2024,2/22/2024,12:00,Full,First 30,JE,No fish,,,,,,
2024,2/22/2024,12:30,Full,Second 30,JE,No fish,,,,,,
2024,2/22/2024,13:00,Full,First 30,JE,No fish,,,,,,
2024,2/22/2024,13:30,Full,Second 30,JE,No fish,,,,,,
2024,2/22/2024,14:00,Full,First 30,JE,No fish,,,,,,
2024,2/22/2024,14:30,Full,Second 30,JE,No fish,,,,,,
2024,2/22/2024,15:00,Full,First 30,JE,No fish,,,,,,
2024,2/22/2024,15:30,Full,Second 30,JE,No fish,,,,,,
2024,2/22/2024,16:00,Full,First 30,JE,No fish,,,,,,
2024,2/22/2024,16:30,Full,Second 30,JE,No fish,,,,,,
2024,2/22/2024,17:00,Full,First 30,JE,No fish,,,,,,
2024,2/22/2024,17:30,Full,Second 30,JE,No fish,,,,,,
2024,2/22/2024,18:00,Full,First 30,JE,18:18:40,5561,upstream,14.08,50.5,1,
2024,2/22/2024,18:30,Full,Second 30,JE,No fish,,,,,,
2024,2/22/2024,19:00,Full,First 30,JE,19:28:52,8581,downstream,14.99,55.9,1,
2024,2/22/2024,19:30,Full,Second 30,JE,No fish,,,,,,
2024,2/22/2024,20:00,Full,First 30,JE,No fish,,,,,,
2024,2/22/2024,20:30,Full,Second 30,JE,20:47:31,5201,downstream,13,56.2,1,
2024,2/22/2024,21:00,Full,First 30,JE,21:00:07,24,upstream,15.98,55.8,1,
2024,2/22/2024,21:00,Full,First 30,JE,21:01:36,466,upstream,13.33,68.5,1,
2024,2/22/2024,21:00,Full,First 30,JE,21:01:38,478,upstream,13.34,58.8,1,
2024,2/22/2024,21:30,Full,Second 30,JE,No fish,,,,,,
2024,2/22/2024,22:00,Full,First 30,JE,22:01:25,411,downstream,12.6,59.5,1,
2024,2/22/2024,22:30,Full,Second 30,JE,22:34:48,1425,upstream,16.69,70.7,1,
2024,2/22/2024,22:30,Full,Second 30,JE,22:59:10,8674,downstream,18.04,55.7,1,
2024,2/22/2024,23:00,Full,First 30,JE,23:03:14,955,upstream,18.5,54.7,1,
2024,2/22/2024,23:30,Full,Second 30,JE,No fish,,,,,,
2024,2/23/2024,0:00,Full,First 30,JE,No fish,,,,,,
2024,2/23/2024,0:30,Full,Second 30,JE,0:49:25,5794,upstream,13.81,67.6,1,
2024,2/23/2024,1:00,Full,First 30,JE,No fish,,,,,,
2024,2/23/2024,1:30,Full,Second 30,JE,No fish,,,,,,
2024,2/23/2024,2:00,Full,First 30,JE,No fish,,,,,,
2024,2/23/2024,2:30,Full,Second 30,JE,No fish,,,,,,
2024,2/23/2024,3:00,Full,First 30,JE,3:16:38,4943,upstream,4.76,51.6,1,
2024,2/23/2024,3:30,Full,Second 30,JE,3:58:04,8344,upstream,20.31,60.6,1,
2024,2/23/2024,3:30,Full,Second 30,JE,3:58:05,8346,upstream,19.67,70.8,1,
2024,2/23/2024,4:00,Full,First 30,JE,4:00:21,104,downstream,8.24,60.7,1,"Fish appears to be travelling DS, unable to obtain good image. BC changed to 1."
2024,2/23/2024,4:00,Full,First 30,JE,4:10:36,3147,downstream,13.92,77.6,1,
2024,2/23/2024,4:00,Full,First 30,JE,4:10:45,3194,upstream,8.36,53.7,1,
2024,2/23/2024,4:30,Full,Second 30,JE,No fish,,,,,,
2024,2/23/2024,5:00,Full,First 30,JE,No fish,,,,,,
2024,2/23/2024,5:30,Full,Second 30,JE,No fish,,,,,,
2024,2/23/2024,6:00,Full,First 30,JE,No fish,,,,,,
2024,2/23/2024,6:30,Full,Second 30,JE,6:52:53,6803,downstream,12.51,52.8,1,"Fish appears to have travelled DS, unable to see fish clearly pass DS boundary"
2024,2/23/2024,7:00,Full,First 30,JE,No fish,,,,,,
2024,2/23/2024,7:30,Full,Second 30,JE,No fish,,,,,,
2024,2/23/2024,8:00,Full,First 30,JE,No fish,,,,,,
2024,2/23/2024,8:30,Full,Second 30,JE,No fish,,,,,,
2024,2/23/2024,9:00,Full,First 30,JE,No fish,,,,,,
2024,2/23/2024,9:30,Full,Second 30,JE,No fish,,,,,,
2024,2/23/2024,10:00,Full,First 30,JE,No fish,,,,,,
2024,2/23/2024,10:30,Full,Second 30,JE,No fish,,,,,,
2024,2/23/2024,11:00,Full,First 30,JE,No fish,,,,,,
2024,2/23/2024,11:30,Full,Second 30,JE,No fish,,,,,,
2024,2/23/2024,12:00,Full,First 30,JE,No fish,,,,,,
2024,2/23/2024,12:30,Full,Second 30,JE,No fish,,,,,,
2024,2/23/2024,13:00,Full,First 30,JE,No fish,,,,,,
2024,2/23/2024,13:30,Full,Second 30,JE,No fish,,,,,,
2024,2/23/2024,14:00,Full,First 30,JE,No fish,,,,,,
2024,2/23/2024,14:30,Full,Second 30,JE,No fish,,,,,,
2024,2/23/2024,15:00,Full,First 30,JE,No fish,,,,,,
2024,2/23/2024,15:30,Full,Second 30,JE,No fish,,,,,,
2024,2/23/2024,16:00,Full,First 30,JE,No fish,,,,,,
2024,2/23/2024,16:30,Full,Second 30,JE,No fish,,,,,,
2024,2/23/2024,17:00,Full,First 30,JE,No fish,,,,,,
2024,2/23/2024,17:30,Full,Second 30,JE,No fish,,,,,,
2024,2/23/2024,18:00,Full,First 30,JE,18:04:11,1238,upstream,14.38,49.2,1,
2024,2/23/2024,18:30,Full,Second 30,JE,No fish,,,,,,
2024,2/23/2024,19:00,Full,First 30,JE,No fish,,,,,,
2024,2/23/2024,19:30,Full,Second 30,JE,19:34:38,1369,upstream,15.54,68.3,1,
2024,2/23/2024,20:00,Full,First 30,JE,No fish,,,,,,
2024,2/23/2024,20:30,Full,Second 30,JE,20:52:17,6615,upstream,15.58,60.9,1,
2024,2/23/2024,21:00,Full,First 30,JE,21:07:32,2239,downstream,13.94,50.2,1,
2024,2/23/2024,21:30,Full,Second 30,JE,No fish,,,,,,
2024,2/23/2024,22:00,Full,First 30,JE,No fish,,,,,,
2024,2/23/2024,22:30,Full,Second 30,JE,No fish,,,,,,
2024,2/23/2024,23:00,Full,First 30,JE,No fish,,,,,,
2024,2/23/2024,23:30,Full,Second 30,JE,23:47:43,5266,upstream,14.18,70.4,1,
2024,2/24/2024,0:00,Full,First 30,JE,No fish,,,,,,
2024,2/24/2024,0:30,Full,Second 30,JE,No fish,,,,,,
2024,2/24/2024,1:00,Full,First 30,JE,1:17:46,5277,upstream,12.73,61.3,1,
2024,2/24/2024,1:30,Full,Second 30,JE,No fish,,,,,,
2024,2/24/2024,2:00,Full,First 30,JE,No fish,,,,,,
2024,2/24/2024,2:30,Full,Second 30,JE,No fish,,,,,,
2024,2/24/2024,3:00,Full,First 30,JE,No fish,,,,,,
2024,2/24/2024,3:30,Full,Second 30,JE,No fish,,,,,,
2024,2/24/2024,4:00,Full,First 30,JE,No fish,,,,,,
2024,2/24/2024,4:30,Full,Second 30,JE,No fish,,,,,,
2024,2/24/2024,5:00,Full,First 30,JE,No fish,,,,,,
2024,2/24/2024,5:30,Full,Second 30,JE,No fish,,,,,,
2024,2/24/2024,6:00,Full,First 30,JE,No fish,,,,,,
2024,2/24/2024,6:30,Full,Second 30,JE,No fish,,,,,,
2024,2/24/2024,7:00,Full,First 30,JE,No fish,,,,,,
2024,2/24/2024,7:30,Full,Second 30,JE,No fish,,,,,,
2024,2/24/2024,8:00,Full,First 30,JE,No fish,,,,,,
2024,2/24/2024,8:30,Full,Second 30,JE,No fish,,,,,,
2024,2/24/2024,9:00,Full,First 30,JE,No fish,,,,,,
2024,2/24/2024,9:30,Full,Second 30,JE,No fish,,,,,,
2024,2/24/2024,10:00,Full,First 30,JE,No fish,,,,,,
2024,2/24/2024,10:30,Full,Second 30,JE,No fish,,,,,,
2024,2/24/2024,11:00,Full,First 30,JE,No fish,,,,,,
2024,2/24/2024,11:30,Full,Second 30,JE,No fish,,,,,,
2024,2/24/2024,12:00,Full,First 30,JE,No fish,,,,,,
2024,2/24/2024,12:30,Full,Second 30,JE,No fish,,,,,,
2024,2/24/2024,13:00,Full,First 30,JE,No fish,,,,,,
2024,2/24/2024,13:30,Full,Second 30,JE,No fish,,,,,,
2024,2/24/2024,14:00,Full,First 30,JE,No fish,,,,,,
2024,2/24/2024,14:30,Full,Second 30,JE,No fish,,,,,,
2024,2/24/2024,15:00,Full,First 30,JE,No fish,,,,,,
2024,2/24/2024,15:30,Full,Second 30,JE,No fish,,,,,,
2024,2/24/2024,16:00,Full,First 30,JE,No fish,,,,,,
2024,2/24/2024,16:30,Full,Second 30,JE,No fish,,,,,,
2024,2/24/2024,17:00,Full,First 30,JE,No fish,,,,,,
2024,2/24/2024,17:30,Full,Second 30,JE,No fish,,,,,,
2024,2/24/2024,18:00,Full,First 30,JE,18:14:46,4336,upstream,14.07,50.4,1,
2024,2/24/2024,18:30,Full,Second 30,JE,No fish,,,,,,
2024,2/24/2024,19:00,Full,First 30,JE,No fish,,,,,,
2024,2/24/2024,19:30,Full,Second 30,JE,19:37:59,2313,upstream,5.13,57.2,1,"Fish appears in middle of image, appears to be travelling US"
2024,2/24/2024,19:30,Full,Second 30,JE,19:53:32,6812,downstream,15.08,54.6,1,"Fish appears in middle of image, appears to be travelling DS"
2024,2/24/2024,20:00,Full,First 30,JE,No fish,,,,,,
2024,2/24/2024,20:30,Full,Second 30,JE,No fish,,,,,,
2024,2/24/2024,21:00,Full,First 30,JE,21:08:05,2264,upstream,6.51,55.1,1,
2024,2/24/2024,21:00,Full,First 30,JE,21:16:51,4734,upstream,7.57,56.9,1,
2024,2/24/2024,21:30,Full,Second 30,JE,21:36:06,1717,upstream,15.42,65.2,1,
2024,2/24/2024,22:00,Full,First 30,JE,22:07:16,2074,downstream,15.39,58.6,1,
2024,2/24/2024,22:30,Full,Second 30,JE,No fish,,,,,,
2024,2/24/2024,23:00,Full,First 30,JE,No fish,,,,,,
2024,2/24/2024,23:30,Full,Second 30,JE,No fish,,,,,,
2024,2/25/2024,0:00,Full,First 30,AS,No fish,,,,,,
2024,2/25/2024,0:30,Full,Second 30,AS,No fish,,,,,,
2024,2/25/2024,1:00,Full,First 30,AS,1:12:54,3750,downstream,9.53,73.3,1,
2024,2/25/2024,1:00,Full,First 30,AS,1:13:48,4014,downstream,11.32,79.6,1,
2024,2/25/2024,1:00,Full,First 30,AS,1:15:09,79.6,downstream,10.19,70.6,1,
2024,2/25/2024,1:00,Full,First 30,AS,1:15:58,4654,upstream,11.09,77.7,1,
2024,2/25/2024,1:00,Full,First 30,AS,1:16:31,4812,upstream,6.11,62.9,1,
2024,2/25/2024,1:00,Full,First 30,AS,1:17:52,62.9,downstream,14.1,77.9,1,
2024,2/25/2024,1:30,Full,Second 30,AS,1:43:04,3806,upstream,12.93,77.6,1,
2024,2/25/2024,2:00,Full,First 30,AS,No fish,,,,,,
2024,2/25/2024,2:30,Full,Second 30,AS,2:32:36,768,upstream,13.65,79.3,1,
2024,2/25/2024,2:30,Full,Second 30,AS,2:40:36,3089,upstream,14.99,76.5,1,
2024,2/25/2024,2:30,Full,Second 30,AS,2:44:01,4075,downstream,12.65,72.5,1,
2024,2/25/2024,2:30,Full,Second 30,AS,2:44:01,4078,downstream,12.82,80.5,1,
2024,2/25/2024,3:00,Full,First 30,AS,No fish,,,,,,
2024,2/25/2024,3:30,Full,Second 30,AS,3:36:23,1855,downstream,12.95,76.1,1,
2024,2/25/2024,4:00,Full,First 30,AS,No fish,,,,,,
2024,2/25/2024,4:30,Full,Second 30,AS,No fish,,,,,,
2024,2/25/2024,5:00,Full,First 30,AS,No fish,,,,,,
2024,2/25/2024,5:30,Full,Second 30,AS,No fish,,,,,,
2024,2/25/2024,6:00,Full,First 30,AS,No fish,,,,,,
2024,2/25/2024,6:30,Full,Second 30,AS,6:42:32,3643,upstream,10.55,65,1,
2024,2/25/2024,7:00,Full,First 30,AS,No fish,,,,,,
2024,2/25/2024,7:30,Full,Second 30,AS,No fish,,,,,,
2024,2/25/2024,8:00,Full,First 30,AS,No fish,,,,,,
2024,2/25/2024,8:30,Full,Second 30,AS,No fish,,,,,,
2024,2/25/2024,9:00,Full,First 30,AS,No fish,,,,,,
2024,2/25/2024,9:30,Full,Second 30,AS,No fish,,,,,,
2024,2/25/2024,10:00,Full,First 30,AS,No fish,,,,,,
2024,2/25/2024,10:30,Full,Second 30,AS,No fish,,,,,,
2024,2/25/2024,11:00,Full,First 30,AS,No fish,,,,,,
2024,2/25/2024,11:30,Full,Second 30,AS,No fish,,,,,,
2024,2/25/2024,12:00,Full,First 30,AS,No fish,,,,,,
2024,2/25/2024,12:30,Full,Second 30,AS,No fish,,,,,,
2024,2/25/2024,13:00,Full,First 30,AS,No fish,,,,,,
2024,2/25/2024,13:30,Full,Second 30,AS,No fish,,,,,,
2024,2/25/2024,14:00,Full,First 30,AS,No fish,,,,,,
2024,2/25/2024,14:30,Full,Second 30,AS,No fish,,,,,,
2024,2/25/2024,15:00,Full,First 30,AS,No fish,,,,,,
2024,2/25/2024,15:30,Full,Second 30,AS,No fish,,,,,,
2024,2/25/2024,16:00,Full,First 30,AS,No fish,,,,,,
2024,2/25/2024,16:30,Full,Second 30,AS,No fish,,,,,,
2024,2/25/2024,17:00,Full,First 30,AS,No fish,,,,,,
2024,2/25/2024,17:30,Full,Second 30,AS,No fish,,,,,,
2024,2/25/2024,18:00,Full,First 30,AS,18:25:46,7474,upstream,14.3,55.8,1,
2024,2/25/2024,18:30,Full,Second 30,AS,18:37:00,2035,upstream,14.86,41.2,2,
2024,2/25/2024,19:00,Full,First 30,AS,19:07:52,2275,upstream,14.2,43.6,2,
2024,2/25/2024,19:30,Full,Second 30,AS,19:33:55,1139,upstream,14.35,48.4,1,
2024,2/25/2024,20:00,Full,First 30,AS,No fish,,,,,,
2024,2/25/2024,20:30,Full,Second 30,AS,No fish,,,,,,
2024,2/25/2024,21:00,Full,First 30,AS,21:06:30,1900,upstream,8.07,65.7,1,
2024,2/25/2024,21:30,Full,Second 30,AS,No fish,,,,,,
2024,2/25/2024,22:00,Full,First 30,AS,22:22:35,6563,downstream,13.33,66.9,1,
2024,2/25/2024,22:30,Full,Second 30,AS,No fish,,,,,,
2024,2/25/2024,23:00,Full,First 30,AS,No fish,,,,,,
2024,2/25/2024,23:30,Full,Second 30,AS,No fish,,,,,,
2024,2/26/2024,0:00,Full,First 30,AS,No fish,,,,,,
2024,2/26/2024,0:30,Full,Second 30,AS,No fish,,,,,,
2024,2/26/2024,1:00,Full,First 30,AS,1:16:48,4871,upstream,8.12,59,1,
2024,2/26/2024,1:30,Full,Second 30,AS,No fish,,,,,,
2024,2/26/2024,2:00,Full,First 30,AS,2:27:28,7979,upstream,16.62,65.6,1,
2024,2/26/2024,2:00,Full,First 30,AS,2:27:29,7987,upstream,16.89,66.6,1,
2024,2/26/2024,2:30,Full,Second 30,AS,No fish,,,,,,
2024,2/26/2024,3:00,Full,First 30,AS,No fish,,,,,,
2024,2/26/2024,3:30,Full,Second 30,AS,No fish,,,,,,
2024,2/26/2024,4:00,Full,First 30,AS,No fish,,,,,,
2024,2/26/2024,4:30,Full,Second 30,AS,No fish,,,,,,
2024,2/26/2024,5:00,Full,First 30,AS,No fish,,,,,,
2024,2/26/2024,5:30,Full,Second 30,AS,No fish,,,,,,
2024,2/26/2024,6:00,Full,First 30,AS,6:25:28,7387,downstream,14.29,73.8,1,
2024,2/26/2024,6:30,Full,Second 30,AS,6:41:36,3368,downstream,6.47,85.4,2,Not certain this is a fish
2024,2/26/2024,7:00,Full,First 30,AS,No fish,,,,,,
2024,2/26/2024,7:30,Full,Second 30,AS,No fish,,,,,,
2024,2/26/2024,8:00,Full,First 30,AS,No fish,,,,,,
2024,2/26/2024,8:30,Full,Second 30,AS,No fish,,,,,,
2024,2/26/2024,9:00,Full,First 30,AS,No fish,,,,,,
2024,2/26/2024,9:30,Full,Second 30,AS,No fish,,,,,,
2024,2/26/2024,10:00,Full,First 30,AS,No fish,,,,,,
2024,2/26/2024,10:30,Full,Second 30,AS,No fish,,,,,,
2024,2/26/2024,11:00,Full,First 30,AS,No fish,,,,,,
2024,2/26/2024,11:30,Full,Second 30,AS,No fish,,,,,,
2024,2/26/2024,12:00,Full,First 30,AS,No fish,,,,,,
2024,2/26/2024,12:30,Full,Second 30,AS,No fish,,,,,,
2024,2/26/2024,13:00,Full,First 30,AS,No fish,,,,,,
2024,2/26/2024,13:30,Full,Second 30,AS,No fish,,,,,,
2024,2/26/2024,14:00,Full,First 30,AS,No fish,,,,,,
2024,2/26/2024,14:30,Full,Second 30,AS,No fish,,,,,,
2024,2/26/2024,15:00,Full,First 30,AS,No fish,,,,,,
2024,2/26/2024,15:30,Full,Second 30,AS,No fish,,,,,,
2024,2/26/2024,16:00,Full,First 30,AS,No fish,,,,,,
2024,2/26/2024,16:30,Full,Second 30,AS,No fish,,,,,,
2024,2/26/2024,17:00,Full,First 30,AS,No fish,,,,,,
2024,2/26/2024,17:30,Full,Second 30,AS,No fish,,,,,,
2024,2/26/2024,18:00,Full,First 30,AS,No fish,,,,,,
2024,2/26/2024,18:30,Full,Second 30,AS,18:30:22,102,upstream,15.34,64.6,1,
2024,2/26/2024,18:30,Full,Second 30,AS,18:34:15,1218,upstream,15.09,50.8,1,
2024,2/26/2024,19:00,Full,First 30,AS,19:24:00,6942,upstream,7.34,80.7,1,
2024,2/26/2024,19:30,Full,Second 30,AS,19:48:36,5363,upstream,8.28,82.8,1,
2024,2/26/2024,19:30,Full,Second 30,AS,19:49:03,5498,upstream,11.33,76.9,1,
2024,2/26/2024,19:30,Full,Second 30,AS,19:59:09,8408,upstream,13.88,72.1,1,
2024,2/26/2024,20:00,Full,First 30,AS,20:28:36,8207,upstream,9.74,76.6,1,
2024,2/26/2024,20:30,Full,Second 30,AS,20:47:07,4936,downstream,14.4,63.5,1,
2024,2/26/2024,20:30,Full,Second 30,AS,20:53:26,6743,upstream,7.38,79.1,1,
2024,2/26/2024,21:00,Full,First 30,AS,21:29:45,8539,downstream,7.35,79.7,1,
2024,2/26/2024,21:30,Full,Second 30,AS,21:49:20,5499,upstream,13.01,74.7,1,
2024,2/26/2024,21:30,Full,Second 30,AS,21:55:01,7126,downstream,10.63,73.1,1,
2024,2/26/2024,22:00,Full,First 30,AS,22:02:24,695,downstream,5.18,48.5,2,Not certain this is a fish
2024,2/26/2024,22:30,Full,Second 30,AS,No fish,,,,,,
2024,2/26/2024,23:00,Full,First 30,AS,No fish,,,,,,
2024,2/26/2024,23:30,Full,Second 30,AS,No fish,,,,,,
2024,2/27/2024,0:00,Full,First 30,AS,No fish,,,,,,
2024,2/27/2024,0:30,Full,Second 30,AS,No fish,,,,,,
2024,2/27/2024,1:00,Full,First 30,AS,No fish,,,,,,
2024,2/27/2024,1:30,Full,Second 30,AS,No fish,,,,,,
2024,2/27/2024,2:00,Full,First 30,AS,No fish,,,,,,
2024,2/27/2024,2:30,Full,Second 30,AS,No fish,,,,,,
2024,2/27/2024,3:00,Full,First 30,AS,No fish,,,,,,
2024,2/27/2024,3:30,Full,Second 30,AS,3:43:10,3826,upstream,12.83,65.3,1,
2024,2/27/2024,3:30,Full,Second 30,AS,3:43:43,3986,upstream,14.15,56.4,1,
2024,2/27/2024,4:00,Full,First 30,AS,No fish,,,,,,
2024,2/27/2024,4:30,Full,Second 30,AS,No fish,,,,,,
2024,2/27/2024,5:00,Full,First 30,AS,No fish,,,,,,
2024,2/27/2024,5:30,Full,Second 30,AS,No fish,,,,,,
2024,2/27/2024,6:00,Full,First 30,AS,6:06:52,1962,downstream,8,63.9,1,
2024,2/27/2024,6:00,Full,First 30,AS,6:07:38,2182,downstream,12.66,48.5,1,
2024,2/27/2024,6:00,Full,First 30,AS,6:11:00,3136,upstream,14.44,63.8,1,
2024,2/27/2024,6:30,Full,Second 30,AS,6:45:50,4540,downstream,9.64,65.6,1,
2024,2/27/2024,7:00,Full,First 30,AS,7:03:55,1110,downstream,7.02,68.4,1,
2024,2/27/2024,7:00,Full,First 30,AS,7:28:28,7980,upstream,11.98,61.8,1,
2024,2/27/2024,7:30,Full,Second 30,AS,No fish,,,,,,
2024,2/27/2024,8:00,Full,First 30,AS,No fish,,,,,,
2024,2/27/2024,8:30,Full,Second 30,AS,No fish,,,,,,
2024,2/27/2024,9:00,Full,First 30,AS,No fish,,,,,,
2024,2/27/2024,9:30,No data,No data,AS,,,,,,,
2024,2/27/2024,10:00,No data,No data,AS,,,,,,,
2024,2/27/2024,10:30,No data,No data,AS,,,,,,,
2024,2/27/2024,11:00,No data,No data,AS,,,,,,,
2024,2/27/2024,11:30,No data,No data,AS,,,,,,,
2024,2/27/2024,12:00,No data,No data,AS,,,,,,,
2024,2/27/2024,12:30,No data,No data,AS,,,,,,,
2024,2/27/2024,13:00,No data,No data,AS,,,,,,,
2024,2/27/2024,13:30,No data,No data,AS,,,,,,,
2024,2/27/2024,14:00,No data,No data,AS,,,,,,,
2024,2/27/2024,14:30,No data,No data,AS,,,,,,,
2024,2/27/2024,15:00,No data,No data,AS,,,,,,,
2024,2/27/2024,15:30,Partial,Second 30,AS,15:49:02,4968,upstream,9.56,69.5,1,"15:32:34 to 15:59:59, 27 min recorded and reviewed"
2024,2/27/2024,16:00,Full,First 30,AS,No fish,,,,,,
2024,2/27/2024,16:30,Full,Second 30,AS,No fish,,,,,,
2024,2/27/2024,17:00,Full,First 30,AS,No fish,,,,,,
2024,2/27/2024,17:30,Full,Second 30,AS,No fish,,,,,,
2024,2/27/2024,18:00,Full,First 30,AS,18:12:42,3821,upstream,9.25,82.5,1,
2024,2/27/2024,18:00,Full,First 30,AS,18:27:48,8386,downstream,11.18,61.8,1,
2024,2/27/2024,18:30,Full,Second 30,AS,18:36:13,1885,upstream,13.6,62.5,1,
2024,2/27/2024,18:30,Full,Second 30,AS,18:45:10,4587,downstream,10.77,63.5,1,
2024,2/27/2024,18:30,Full,Second 30,AS,18:55:24,7678,upstream,5.72,62.3,1,
2024,2/27/2024,18:30,Full,Second 30,AS,18:57:46,8393,upstream,6.27,81.4,1,
2024,2/27/2024,19:00,Full,First 30,AS,19:16:28,4979,upstream,8.26,73,1,
2024,2/27/2024,19:00,Full,First 30,AS,19:29:26,8892,upstream,8.85,80.1,1,
2024,2/27/2024,19:30,Full,Second 30,AS,19:42:26,3766,upstream,14.28,73.7,1,
2024,2/27/2024,19:30,Full,Second 30,AS,19:47:01,5145,upstream,6.95,83,1,
2024,2/27/2024,19:30,Full,Second 30,AS,19:47:18,5228,upstream,15.44,69.1,1,
2024,2/27/2024,19:30,Full,Second 30,AS,19:47:18,5230,upstream,7.95,67.8,1,
2024,2/27/2024,19:30,Full,Second 30,AS,19:48:09,5484,upstream,10.68,75.6,1,
2024,2/27/2024,19:30,Full,Second 30,AS,19:48:43,5658,upstream,11.73,75.9,1,
2024,2/27/2024,19:30,Full,Second 30,AS,19:57:50,8407,downstream,11.19,86.1,1,
2024,2/27/2024,20:00,Full,First 30,AS,20:04:48,1449,downstream,7.52,82.2,1,
2024,2/27/2024,20:00,Full,First 30,AS,20:16:58,2949,upstream,10.36,78.1,1,
2024,2/27/2024,20:30,Full,Second 30,AS,20:37:36,2292,upstream,7.3,73.3,1,
2024,2/27/2024,21:00,Full,First 30,AS,21:09:20,2813,upstream,6.12,70.3,1,
2024,2/27/2024,21:00,Full,First 30,AS,21:26:55,8130,upstream,13.33,71.1,1,
2024,2/27/2024,21:30,Full,Second 30,AS,21:32:00,594,downstream,13.01,52.1,1,
2024,2/27/2024,21:30,Full,Second 30,AS,21:44:11,4279,downstream,15.04,76.3,1,
2024,2/27/2024,22:00,Full,First 30,AS,22:06:59,2108,upstream,7.44,65.1,1,
2024,2/27/2024,22:00,Full,First 30,AS,22:29:38,8968,upstream,7.45,72,1,
2024,2/27/2024,22:00,Full,First 30,AS,22:29:41,8981,upstream,7.94,75.9,1,
2024,2/27/2024,22:30,Full,Second 30,AS,No fish,,,,,,
2024,2/27/2024,23:00,Full,First 30,AS,No fish,,,,,,
2024,2/27/2024,23:30,Full,Second 30,AS,23:31:50,545,downstream,12.57,57.1,1,
2024,2/27/2024,23:30,Full,Second 30,AS,23:41:28,3461,upstream,14.58,59.5,1,
2024,2/28/2024,0:00,Full,First 30,AS,No fish,,,,,,
2024,2/28/2024,0:30,Full,Second 30,AS,0:52:54,6913,downstream,14.86,56.5,1,
2024,2/28/2024,0:30,Full,Second 30,AS,0:55:00,7549,upstream,19.1,57.9,1,
2024,2/28/2024,1:00,Full,First 30,AS,1:07:12,2162,upstream,10.61,55.6,1,
2024,2/28/2024,1:00,Full,First 30,AS,1:23:48,7181,downstream,14.47,55.7,1,
2024,2/28/2024,1:00,Full,First 30,AS,1:23:50,7191,downstream,13.99,60.3,1,
2024,2/28/2024,1:30,Full,Second 30,AS,1:32:32,751,upstream,13.2,60.2,1,
2024,2/28/2024,1:30,Full,Second 30,AS,1:32:37,776,upstream,13.84,63.3,1,
2024,2/28/2024,2:00,Full,First 30,AS,2:14:38,4426,upstream,14.41,52.6,1,
2024,2/28/2024,2:00,Full,First 30,AS,2:23:28,7097,downstream,10.9,82.1,1,
2024,2/28/2024,2:30,Full,Second 30,AS,No fish,,,,,,
2024,2/28/2024,3:00,Full,First 30,AS,3:23:59,7233,upstream,8.93,83.5,1,
2024,2/28/2024,3:00,Full,First 30,AS,3:24:13,7306,upstream,11.03,67,1,
2024,2/28/2024,3:30,Full,Second 30,AS,3:51:47,6581,downstream,8.14,53.7,1,
2024,2/28/2024,4:00,Full,First 30,AS,No fish,,,,,,
2024,2/28/2024,4:30,Full,Second 30,AS,No fish,,,,,,
2024,2/28/2024,5:00,Full,First 30,AS,No fish,,,,,,
2024,2/28/2024,5:30,Full,Second 30,AS,5:38:09,2458,upstream,13.12,63.2,1,
2024,2/28/2024,6:00,Full,First 30,AS,6:21:43,6568,upstream,14.42,53.5,1,
2024,2/28/2024,6:30,Full,Second 30,AS,6:40:10,3062,downstream,10.06,61.4,1,
2024,2/28/2024,6:30,Full,Second 30,AS,6:40:12,3069,downstream,9.01,64.4,1,
2024,2/28/2024,6:30,Full,Second 30,AS,6:53:40,7134,upstream,14.97,57.6,1,
2024,2/28/2024,7:00,Full,First 30,AS,No fish,,,,,,
2024,2/28/2024,7:30,Full,Second 30,AS,No fish,,,,,,
2024,2/28/2024,8:00,Full,First 30,AS,No fish,,,,,,
2024,2/28/2024,8:30,Full,Second 30,AS,No fish,,,,,,
2024,2/28/2024,9:00,Full,First 30,AS,No fish,,,,,,
2024,2/28/2024,9:30,Full,Second 30,AS,No fish,,,,,,
2024,2/28/2024,10:00,Full,First 30,AS,No fish,,,,,,
2024,2/28/2024,10:30,Full,Second 30,AS,No fish,,,,,,
2024,2/28/2024,11:00,Full,First 30,AS,No fish,,,,,,
2024,2/28/2024,11:30,Full,Second 30,AS,No fish,,,,,,
2024,2/28/2024,12:00,Full,First 30,AS,No fish,,,,,,
2024,2/28/2024,12:30,Full,Second 30,AS,No fish,,,,,,
2024,2/28/2024,13:00,Full,First 30,AS,No fish,,,,,,
2024,2/28/2024,13:30,Full,Second 30,AS,No fish,,,,,,
2024,2/28/2024,14:00,Full,First 30,AS,No fish,,,,,,
2024,2/28/2024,14:30,Full,Second 30,AS,No fish,,,,,,
2024,2/28/2024,15:00,Full,First 30,AS,No fish,,,,,,
2024,2/28/2024,15:30,Full,Second 30,AS,No fish,,,,,,
2024,2/28/2024,16:00,Full,First 30,AS,No fish,,,,,,
2024,2/28/2024,16:30,Full,Second 30,AS,No fish,,,,,,
2024,2/28/2024,17:00,Full,First 30,AS,No fish,,,,,,
2024,2/28/2024,17:30,Full,Second 30,AS,No fish,,,,,,
2024,2/28/2024,18:00,Full,First 30,AS,18:08:29,2547,upstream,13.48,61.1,1,
2024,2/28/2024,18:00,Full,First 30,AS,18:12:08,3644,upstream,9.33,61.6,1,
2024,2/28/2024,18:00,Full,First 30,AS,18:21:06,6344,downstream,8.18,52.6,1,
2024,2/28/2024,18:30,Full,Second 30,AS,18:32:09,637,upstream,8.42,63.8,1,
2024,2/28/2024,18:30,Full,Second 30,AS,18:36:12,1858,upstream,14.34,64.1,1,
2024,2/28/2024,18:30,Full,Second 30,AS,18:41:46,3527,downstream,10.45,73.9,1,
2024,2/28/2024,19:00,Full,First 30,AS,No fish,,,,,,
2024,2/28/2024,19:30,Full,Second 30,AS,No fish,,,,,,
2024,2/28/2024,20:00,Full,First 30,AS,No fish,,,,,,
2024,2/28/2024,20:30,Full,Second 30,AS,20:35:07,1533,upstream,6.76,68.1,1,
2024,2/28/2024,21:00,Full,First 30,AS,No fish,,,,,,
2024,2/28/2024,21:30,Full,Second 30,AS,No fish,,,,,,
2024,2/28/2024,22:00,Full,First 30,AS,No fish,,,,,,
2024,2/28/2024,22:30,Full,Second 30,AS,22:51:33,6442,upstream,13.83,68.5,1,
2024,2/28/2024,23:00,Full,First 30,AS,No fish,,,,,,
2024,2/28/2024,23:30,Full,Second 30,AS,No fish,,,,,,
2024,2/29/2024,0:00,Full,First 30,JE,0:11:06,3317,upstream,7.88,57.1,1,
2024,2/29/2024,0:30,Full,Second 30,JE,No fish,,,,,,
2024,2/29/2024,1:00,Full,First 30,JE,1:13:54,4153,downstream,10.59,57.6,1,
2024,2/29/2024,1:30,Full,Second 30,JE,1:41:45,3517,upstream,10.08,50.3,1,
2024,2/29/2024,2:00,Full,First 30,JE,2:28:10,8427,upstream,7.82,51.3,1,
2024,2/29/2024,2:30,Full,Second 30,JE,No fish,,,,,,
2024,2/29/2024,3:00,Full,First 30,JE,No fish,,,,,,
2024,2/29/2024,3:30,Full,Second 30,JE,No fish,,,,,,
2024,2/29/2024,4:00,Full,First 30,JE,No fish,,,,,,
2024,2/29/2024,4:30,Full,Second 30,JE,No fish,,,,,,
2024,2/29/2024,5:00,Full,First 30,JE,No fish,,,,,,
2024,2/29/2024,5:30,Full,Second 30,JE,No fish,,,,,,
2024,2/29/2024,6:00,Full,First 30,JE,No fish,,,,,,
2024,2/29/2024,6:30,Full,Second 30,JE,No fish,,,,,,
2024,2/29/2024,7:00,Full,First 30,JE,7:13:56,4155,upstream,5.33,52.7,1,
2024,2/29/2024,7:30,Full,Second 30,JE,7:41:31,3428,upstream,8.47,54.3,1,
2024,2/29/2024,8:00,Full,First 30,JE,No fish,,,,,,
2024,2/29/2024,8:30,Full,Second 30,JE,No fish,,,,,,
2024,2/29/2024,9:00,Full,First 30,JE,No fish,,,,,,
2024,2/29/2024,9:30,Full,Second 30,JE,No fish,,,,,,
2024,2/29/2024,10:00,Full,First 30,JE,No fish,,,,,,
2024,2/29/2024,10:30,Full,Second 30,JE,No fish,,,,,,
2024,2/29/2024,11:00,Full,First 30,JE,No fish,,,,,,
2024,2/29/2024,11:30,Full,Second 30,JE,No fish,,,,,,
2024,2/29/2024,12:00,Full,First 30,JE,No fish,,,,,,
2024,2/29/2024,12:30,Full,Second 30,JE,12:37:17,2185,upstream,6.44,60.6,1,
2024,2/29/2024,13:00,Full,First 30,JE,No fish,,,,,,
2024,2/29/2024,13:30,Full,Second 30,JE,No fish,,,,,,
2024,2/29/2024,14:00,Full,First 30,JE,No fish,,,,,,
2024,2/29/2024,14:30,Full,Second 30,JE,No fish,,,,,,
2024,2/29/2024,15:00,Full,First 30,JE,No fish,,,,,,
2024,2/29/2024,15:30,Full,Second 30,JE,15:45:14,4541,upstream,8.4,56.5,1,
2024,2/29/2024,16:00,Full,First 30,JE,No fish,,,,,,
2024,2/29/2024,16:30,Full,Second 30,JE,No fish,,,,,,
2024,2/29/2024,17:00,Full,First 30,JE,No fish,,,,,,
2024,2/29/2024,17:30,Full,Second 30,JE,No fish,,,,,,
2024,2/29/2024,18:00,Full,First 30,JE,No fish,,,,,,
2024,2/29/2024,18:30,Full,Second 30,JE,18:55:52,7769,upstream,6.91,55.8,1,
2024,2/29/2024,19:00,Full,First 30,JE,No fish,,,,,,
2024,2/29/2024,19:30,Full,Second 30,JE,No fish,,,,,,
2024,2/29/2024,20:00,Full,First 30,JE,No fish,,,,,,
2024,2/29/2024,20:30,Full,Second 30,JE,No fish,,,,,,
2024,2/29/2024,21:00,Full,First 30,JE,No fish,,,,,,
2024,2/29/2024,21:30,Full,Second 30,JE,21:58:20,8506,upstream,9.18,53.6,1,
2024,2/29/2024,22:00,Full,First 30,JE,No fish,,,,,,
2024,2/29/2024,22:30,Full,Second 30,JE,No fish,,,,,,
2024,2/29/2024,23:00,Full,First 30,JE,No fish,,,,,,
2024,2/29/2024,23:30,Full,Second 30,JE,No fish,,,,,,
2024,3/1/2024,0:00,Full,First 30,JE,No fish,,,,,,
2024,3/1/2024,0:30,Full,Second 30,JE,No fish,,,,,,
2024,3/1/2024,1:00,Full,First 30,JE,1:26:54,8077,upstream,7.21,57,1,
2024,3/1/2024,1:30,Full,Second 30,JE,1:38:59,2695,upstream,12.15,56.4,1,
2024,3/1/2024,2:00,Full,First 30,JE,No fish,,,,,,
2024,3/1/2024,2:30,Full,Second 30,JE,No fish,,,,,,
2024,3/1/2024,3:00,Full,First 30,JE,No fish,,,,,,
2024,3/1/2024,3:30,Full,Second 30,JE,No fish,,,,,,
2024,3/1/2024,4:00,Full,First 30,JE,No fish,,,,,,
2024,3/1/2024,4:30,Full,Second 30,JE,No fish,,,,,,
2024,3/1/2024,5:00,Full,First 30,JE,No fish,,,,,,
2024,3/1/2024,5:30,Full,Second 30,JE,No fish,,,,,,
2024,3/1/2024,6:00,Full,First 30,JE,6:25:01,7529,upstream,7.51,51,1,
2024,3/1/2024,6:30,Full,Second 30,JE,No fish,,,,,,
2024,3/1/2024,7:00,Full,First 30,JE,No fish,,,,,,
2024,3/1/2024,7:30,Full,Second 30,JE,No fish,,,,,,
2024,3/1/2024,8:00,Full,First 30,JE,No fish,,,,,,
2024,3/1/2024,8:30,Full,Second 30,JE,No fish,,,,,,
2024,3/1/2024,9:00,Full,First 30,JE,No fish,,,,,,
2024,3/1/2024,9:30,Full,Second 30,JE,No fish,,,,,,
2024,3/1/2024,10:00,Full,First 30,JE,No fish,,,,,,
2024,3/1/2024,10:30,Full,Second 30,JE,No fish,,,,,,
2024,3/1/2024,11:00,Full,First 30,JE,No fish,,,,,,
2024,3/1/2024,11:30,Full,Second 30,JE,No fish,,,,,,
2024,3/1/2024,12:00,Full,First 30,JE,No fish,,,,,,
2024,3/1/2024,12:30,Full,Second 30,JE,No fish,,,,,,
2024,3/1/2024,13:00,Full,First 30,JE,No fish,,,,,,
2024,3/1/2024,13:30,Partial,Second 30,JE,No fish,,,,,,
2024,3/1/2024,14:00,Full,First 30,JE,No fish,,,,,,
2024,3/1/2024,14:30,Full,Second 30,JE,No fish,,,,,,
2024,3/1/2024,15:00,Full,First 30,JE,15:15:31,4650,upstream,11.5,56.1,1,
2024,3/1/2024,15:30,Full,Second 30,JE,No fish,,,,,,
2024,3/1/2024,16:00,Full,First 30,JE,No fish,,,,,,
2024,3/1/2024,16:30,Full,Second 30,JE,No fish,,,,,,
2024,3/1/2024,17:00,Full,First 30,JE,No fish,,,,,,
2024,3/1/2024,17:30,Full,Second 30,JE,No fish,,,,,,
2024,3/1/2024,18:00,Full,First 30,JE,No fish,,,,,,
2024,3/1/2024,18:30,Full,Second 30,JE,18:37:20,2193,upstream,9.54,62.8,1,
2024,3/1/2024,19:00,Full,First 30,JE,No fish,,,,,,
2024,3/1/2024,19:30,Full,Second 30,JE,No fish,,,,,,
2024,3/1/2024,20:00,Full,First 30,JE,No fish,,,,,,
2024,3/1/2024,20:30,Full,Second 30,JE,No fish,,,,,,
2024,3/1/2024,21:00,Full,First 30,JE,21:04:08,1233,upstream,6.63,57.5,1,
2024,3/1/2024,21:30,Full,Second 30,JE,No fish,,,,,,
2024,3/1/2024,22:00,Full,First 30,JE,No fish,,,,,,
2024,3/1/2024,22:30,Full,Second 30,JE,No fish,,,,,,
2024,3/1/2024,23:00,Full,First 30,JE,No fish,,,,,,
2024,3/1/2024,23:30,Full,Second 30,JE,No fish,,,,,,
2024,3/2/2024,0:00,Full,First 30,JE,No fish,,,,,,
2024,3/2/2024,0:30,Full,Second 30,JE,No fish,,,,,,
2024,3/2/2024,1:00,Full,First 30,JE,1:28:26,8549,upstream,7.29,59.1,1,
2024,3/2/2024,1:30,Full,Second 30,JE,No fish,,,,,,
2024,3/2/2024,2:00,Full,First 30,JE,No fish,,,,,,
2024,3/2/2024,2:30,Full,Second 30,JE,No fish,,,,,,
2024,3/2/2024,3:00,Full,First 30,JE,No fish,,,,,,
2024,3/2/2024,3:30,Full,Second 30,JE,No fish,,,,,,
2024,3/2/2024,4:00,Full,First 30,JE,No fish,,,,,,
2024,3/2/2024,4:30,Full,Second 30,JE,No fish,,,,,,
2024,3/2/2024,5:00,Full,First 30,JE,No fish,,,,,,
2024,3/2/2024,5:30,Full,Second 30,JE,No fish,,,,,,
2024,3/2/2024,6:00,Full,First 30,JE,6:26:08,7859,downstream,10.67,47.2,1,Choppy image and only a few frames showing the potential fish.BC changed to 1. 
2024,3/2/2024,6:30,Full,Second 30,JE,No fish,,,,,,
2024,3/2/2024,7:00,Full,First 30,JE,No fish,,,,,,
2024,3/2/2024,7:30,Full,Second 30,JE,No fish,,,,,,
2024,3/2/2024,8:00,Full,First 30,JE,No fish,,,,,,
2024,3/2/2024,8:30,Full,Second 30,JE,No fish,,,,,,
2024,3/2/2024,9:00,Full,First 30,JE,No fish,,,,,,
2024,3/2/2024,9:30,Full,Second 30,JE,No fish,,,,,,
2024,3/2/2024,10:00,Full,First 30,JE,No fish,,,,,,
2024,3/2/2024,10:30,Full,Second 30,JE,No fish,,,,,,
2024,3/2/2024,11:00,Full,First 30,JE,No fish,,,,,,
2024,3/2/2024,11:30,Full,Second 30,JE,No fish,,,,,,
2024,3/2/2024,12:00,Full,First 30,JE,No fish,,,,,,
2024,3/2/2024,12:30,Full,Second 30,JE,No fish,,,,,,
2024,3/2/2024,13:00,Full,First 30,JE,No fish,,,,,,
2024,3/2/2024,13:30,Full,Second 30,JE,No fish,,,,,,
2024,3/2/2024,14:00,Full,First 30,JE,No fish,,,,,,
2024,3/2/2024,14:30,Full,Second 30,JE,No fish,,,,,,
2024,3/2/2024,15:00,Full,First 30,JE,No fish,,,,,,
2024,3/2/2024,15:30,Full,Second 30,JE,No fish,,,,,,
2024,3/2/2024,16:00,Full,First 30,JE,16:13:33,4070,upstream,7.99,54.3,1,
2024,3/2/2024,16:30,Full,Second 30,JE,No fish,,,,,,
2024,3/2/2024,17:00,Full,First 30,JE,No fish,,,,,,
2024,3/2/2024,17:30,Full,Second 30,JE,No fish,,,,,,
2024,3/2/2024,18:00,Full,First 30,JE,No fish,,,,,,
2024,3/2/2024,18:30,Full,Second 30,JE,18:41:43,3516,upstream,7.75,64.7,1,
2024,3/2/2024,18:30,Full,Second 30,JE,18:48:08,5439,downstream,7.92,54.5,1,
2024,3/2/2024,18:30,Full,Second 30,JE,18:48:09,5447,downstream,8.23,61,1,
2024,3/2/2024,19:00,Full,First 30,JE,19:21:13,6371,upstream,8.24,61.3,1,
2024,3/2/2024,19:00,Full,First 30,JE,19:25:42,7713,upstream,5.96,54.8,1,
2024,3/2/2024,19:30,Full,Second 30,JE,No fish,,,,,,
2024,3/2/2024,20:00,Full,First 30,JE,No fish,,,,,,
2024,3/2/2024,20:30,Full,Second 30,JE,No fish,,,,,,
2024,3/2/2024,21:00,Full,First 30,JE,No fish,,,,,,
2024,3/2/2024,21:30,Full,Second 30,JE,No fish,,,,,,
2024,3/2/2024,22:00,Full,First 30,JE,No fish,,,,,,
2024,3/2/2024,22:30,Full,Second 30,JE,No fish,,,,,,
2024,3/2/2024,23:00,Full,First 30,JE,No fish,,,,,,
2024,3/2/2024,23:30,Full,Second 30,JE,No fish,,,,,,
2024,3/3/2024,0:00,No data,No data,AS,,,,,,,
2024,3/3/2024,0:30,No data,No data,AS,,,,,,,
2024,3/3/2024,1:00,No data,No data,AS,,,,,,,
2024,3/3/2024,1:30,No data,No data,AS,,,,,,,
2024,3/3/2024,2:00,No data,No data,AS,,,,,,,
2024,3/3/2024,2:30,No data,No data,AS,,,,,,,
2024,3/3/2024,3:00,No data,No data,AS,,,,,,,
2024,3/3/2024,3:30,No data,No data,AS,,,,,,,
2024,3/3/2024,4:00,No data,No data,AS,,,,,,,
2024,3/3/2024,4:30,No data,No data,AS,,,,,,,
2024,3/3/2024,5:00,No data,No data,AS,,,,,,,
2024,3/3/2024,5:30,No data,No data,AS,,,,,,,
2024,3/3/2024,6:00,No data,No data,AS,,,,,,,
2024,3/3/2024,6:30,No data,No data,AS,,,,,,,
2024,3/3/2024,7:00,No data,No data,AS,,,,,,,
2024,3/3/2024,7:30,No data,No data,AS,,,,,,,
2024,3/3/2024,8:00,No data,No data,AS,,,,,,,
2024,3/3/2024,8:30,No data,No data,AS,,,,,,,
2024,3/3/2024,9:00,No data,No data,AS,,,,,,,
2024,3/3/2024,9:30,No data,No data,AS,,,,,,,
2024,3/3/2024,10:00,No data,No data,AS,,,,,,,
2024,3/3/2024,10:30,No data,No data,AS,,,,,,,
2024,3/3/2024,11:00,No data,No data,AS,,,,,,,
2024,3/3/2024,11:30,No data,No data,AS,,,,,,,
2024,3/3/2024,12:00,No data,No data,AS,,,,,,,
2024,3/3/2024,12:30,No data,No data,AS,,,,,,,
2024,3/3/2024,13:00,No data,No data,AS,,,,,,,
2024,3/3/2024,13:30,No data,No data,AS,,,,,,,
2024,3/3/2024,14:00,No data,No data,AS,,,,,,,
2024,3/3/2024,14:30,No data,No data,AS,,,,,,,
2024,3/3/2024,15:00,No data,No data,AS,,,,,,,
2024,3/3/2024,15:30,No data,No data,AS,,,,,,,
2024,3/3/2024,16:00,No data,No data,AS,,,,,,,
2024,3/3/2024,16:30,No data,No data,AS,,,,,,,
2024,3/3/2024,17:00,No data,No data,AS,,,,,,,
2024,3/3/2024,17:30,No data,No data,AS,,,,,,,
2024,3/3/2024,18:00,No data,No data,AS,,,,,,,
2024,3/3/2024,18:30,No data,No data,AS,,,,,,,
2024,3/3/2024,19:00,No data,No data,AS,,,,,,,
2024,3/3/2024,19:30,No data,No data,AS,,,,,,,
2024,3/3/2024,20:00,No data,No data,AS,,,,,,,
2024,3/3/2024,20:30,No data,No data,AS,,,,,,,
2024,3/3/2024,21:00,No data,No data,AS,,,,,,,
2024,3/3/2024,21:30,No data,No data,AS,,,,,,,
2024,3/3/2024,22:00,No data,No data,AS,,,,,,,
2024,3/3/2024,22:30,No data,No data,AS,,,,,,,
2024,3/3/2024,23:00,No data,No data,AS,,,,,,,
2024,3/3/2024,23:30,No data,No data,AS,,,,,,,
2024,3/4/2024,0:00,No data,No data,AS,,,,,,,
2024,3/4/2024,0:30,No data,No data,AS,,,,,,,
2024,3/4/2024,1:00,No data,No data,AS,,,,,,,
2024,3/4/2024,1:30,No data,No data,AS,,,,,,,
2024,3/4/2024,2:00,No data,No data,AS,,,,,,,
2024,3/4/2024,2:30,No data,No data,AS,,,,,,,
2024,3/4/2024,3:00,No data,No data,AS,,,,,,,
2024,3/4/2024,3:30,No data,No data,AS,,,,,,,
2024,3/4/2024,4:00,No data,No data,AS,,,,,,,
2024,3/4/2024,4:30,No data,No data,AS,,,,,,,
2024,3/4/2024,5:00,No data,No data,AS,,,,,,,
2024,3/4/2024,5:30,No data,No data,AS,,,,,,,
2024,3/4/2024,6:00,No data,No data,AS,,,,,,,
2024,3/4/2024,6:30,No data,No data,AS,,,,,,,
2024,3/4/2024,7:00,No data,No data,AS,,,,,,,
2024,3/4/2024,7:30,No data,No data,AS,,,,,,,
2024,3/4/2024,8:00,No data,No data,AS,,,,,,,
2024,3/4/2024,8:30,No data,No data,AS,,,,,,,
2024,3/4/2024,9:00,No data,No data,AS,,,,,,,
2024,3/4/2024,9:30,Full,Second 30,AS,No fish,,,,,,"Image restored at 09:50, but echogram distorted"
2024,3/4/2024,10:00,Full,First 30,AS,No fish,,,,,,distorted echogram image
2024,3/4/2024,10:30,Full,Second 30,AS,No fish,,,,,,distorted echogram image
2024,3/4/2024,11:00,Full,First 30,AS,No fish,,,,,,distorted echogram image
2024,3/4/2024,11:30,Full,Second 30,AS,No fish,,,,,,distorted echogram image
2024,3/4/2024,12:00,Full,First 30,AS,No fish,,,,,,distorted echogram image
2024,3/4/2024,12:30,Full,Second 30,AS,No fish,,,,,,distorted echogram image
2024,3/4/2024,13:00,Full,First 30,AS,No fish,,,,,,distorted echogram image
2024,3/4/2024,13:30,Full,Second 30,AS,No fish,,,,,,distorted echogram image
2024,3/4/2024,14:00,Full,First 30,AS,No fish,,,,,,distorted echogram image
2024,3/4/2024,14:30,Full,Second 30,AS,No fish,,,,,,distorted echogram image
2024,3/4/2024,15:00,Full,First 30,AS,15:15:12,1198,upstream,8.53,78.4,1,distorted echogram image
2024,3/4/2024,15:30,Full,Second 30,AS,No fish,,,,,,distorted echogram image
2024,3/4/2024,16:00,Full,First 30,AS,No fish,,,,,,distorted echogram image
2024,3/4/2024,16:30,Full,Second 30,AS,No fish,,,,,,distorted echogram image
2024,3/4/2024,17:00,Full,First 30,AS,No fish,,,,,,distorted echogram image
2024,3/4/2024,17:30,Full,Second 30,AS,No fish,,,,,,distorted echogram image
2024,3/4/2024,18:00,Full,First 30,AS,No fish,,,,,,distorted echogram image
2024,3/4/2024,18:30,Full,Second 30,AS,18:33:09,928,upstream,14.11,69.6,1,distorted echogram image
2024,3/4/2024,18:30,Full,Second 30,AS,18:56:12,7816,upstream,7.11,71.4,1,distorted echogram image
2024,3/4/2024,19:00,Full,First 30,AS,19:22:58,6866,upstream,6.98,65.3,1,distorted echogram image
2024,3/4/2024,19:30,Full,Second 30,AS,19:35:25,1606,upstream,6.32,62,1,distorted echogram image
2024,3/4/2024,19:30,Full,Second 30,AS,19:41:17,3336,upstream,6.52,67.8,1,distorted echogram image
2024,3/4/2024,19:30,Full,Second 30,AS,19:43:14,3918,upstream,5.53,68.9,1,distorted echogram image
2024,3/4/2024,20:00,Full,First 30,AS,20:03:27,1020,upstream,7.86,74.5,1,distorted echogram image
2024,3/4/2024,20:00,Full,First 30,AS,20:08:15,2455,upstream,6.79,65.1,1,distorted echogram image
2024,3/4/2024,20:00,Full,First 30,AS,20:08:15,2455,upstream,6.44,64.3,1,distorted echogram image
2024,3/4/2024,20:00,Full,First 30,AS,20:15:17,4548,upstream,11.02,62.2,1,distorted echogram image
2024,3/4/2024,20:30,Full,Second 30,AS,20:38:49,2628,upstream,9.39,71,1,distorted echogram image
2024,3/4/2024,20:30,Full,Second 30,AS,20:56:26,7878,upstream,8.12,79.1,1,distorted echogram image
2024,3/4/2024,21:00,Full,First 30,AS,21:21:23,6370,downstream,7.06,79.6,1,distorted echogram image
2024,3/4/2024,21:30,Full,Second 30,AS,No fish,,,,,,distorted echogram image
2024,3/4/2024,22:00,Full,First 30,AS,No fish,,,,,,distorted echogram image
2024,3/4/2024,22:30,Full,Second 30,AS,22:53:17,6924,downstream,7.67,61,1,distorted echogram image
2024,3/4/2024,23:00,Full,First 30,AS,23:01:46,517,upstream,19.81,51.8,1,distorted echogram image
2024,3/4/2024,23:30,Full,Second 30,AS,No fish,,,,,,
2024,3/5/2024,0:00,Full,First 30,AS,No fish,,,,,,
2024,3/5/2024,0:30,Full,Second 30,AS,No fish,,,,,,
2024,3/5/2024,1:00,Full,First 30,AS,No fish,,,,,,
2024,3/5/2024,1:30,Full,Second 30,AS,1:41:46,3492,upstream,20.31,60,1,
2024,3/5/2024,2:00,Full,First 30,AS,No fish,,,,,,
2024,3/5/2024,2:30,Full,Second 30,AS,2:42:40,3776,upstream,15.45,58,1,
2024,3/5/2024,3:00,Full,First 30,AS,3:11:42,3496,downstream,12.28,52.1,1,
2024,3/5/2024,3:30,Full,Second 30,AS,No fish,,,,,,
2024,3/5/2024,4:00,Full,First 30,AS,No fish,,,,,,
2024,3/5/2024,4:30,Full,Second 30,AS,No fish,,,,,,
2024,3/5/2024,5:00,Full,First 30,AS,No fish,,,,,,
2024,3/5/2024,5:30,Full,Second 30,AS,No fish,,,,,,
2024,3/5/2024,6:00,Full,First 30,AS,6:15:12,4554,upstream,14.5,49.6,1,
2024,3/5/2024,6:30,Full,Second 30,AS,No fish,,,,,,
2024,3/5/2024,7:00,Full,First 30,AS,No fish,,,,,,
2024,3/5/2024,7:30,Full,Second 30,AS,No fish,,,,,,
2024,3/5/2024,8:00,Full,First 30,AS,No fish,,,,,,
2024,3/5/2024,8:30,Full,Second 30,AS,No fish,,,,,,
2024,3/5/2024,9:00,Full,First 30,AS,No fish,,,,,,
2024,3/5/2024,9:30,Full,Second 30,AS,No fish,,,,,,
2024,3/5/2024,10:00,Full,First 30,AS,No fish,,,,,,
2024,3/5/2024,10:30,Full,Second 30,AS,No fish,,,,,,
2024,3/5/2024,11:00,Full,First 30,AS,No fish,,,,,,
2024,3/5/2024,11:30,Full,Second 30,AS,No fish,,,,,,
2024,3/5/2024,12:00,Full,First 30,AS,No fish,,,,,,
2024,3/5/2024,12:30,Full,Second 30,AS,No fish,,,,,,
2024,3/5/2024,13:00,Full,First 30,AS,No fish,,,,,,
2024,3/5/2024,13:30,Full,Second 30,AS,No fish,,,,,,
2024,3/5/2024,14:00,Full,First 30,AS,No fish,,,,,,
2024,3/5/2024,14:30,Full,Second 30,AS,No fish,,,,,,
2024,3/5/2024,15:00,Full,First 30,AS,No fish,,,,,,
2024,3/5/2024,15:30,Full,Second 30,AS,No fish,,,,,,
2024,3/5/2024,16:00,Full,First 30,AS,No fish,,,,,,
2024,3/5/2024,16:30,Full,Second 30,AS,No fish,,,,,,
2024,3/5/2024,17:00,Full,First 30,AS,No fish,,,,,,
2024,3/5/2024,17:30,Full,Second 30,AS,No fish,,,,,,
2024,3/5/2024,18:00,Full,First 30,AS,No fish,,,,,,
2024,3/5/2024,18:30,Full,Second 30,AS,No fish,,,,,,
2024,3/5/2024,19:00,Full,First 30,AS,19:02:15,666,upstream,8.87,66.1,1,
2024,3/5/2024,19:00,Full,First 30,AS,19:02:21,695,upstream,7.6,59.2,1,
2024,3/5/2024,19:00,Full,First 30,AS,19:03:40,1082,upstream,8.1,72.6,1,
2024,3/5/2024,19:00,Full,First 30,AS,19:07:43,2290,downstream,6.39,60.9,1,
2024,3/5/2024,19:00,Full,First 30,AS,19:15:03,4466,upstream,13.32,69.9,1,
2024,3/5/2024,19:30,Full,Second 30,AS,19:50:42,6162,upstream,12.71,67.9,1,
2024,3/5/2024,20:00,Full,First 30,AS,No fish,,,,,,
2024,3/5/2024,20:30,Full,Second 30,AS,No fish,,,,,,
2024,3/5/2024,21:00,Full,First 30,AS,21:04:11,1240,upstream,19.19,49.2,1,
2024,3/5/2024,21:30,Full,Second 30,AS,No fish,,,,,,
2024,3/5/2024,22:00,Full,First 30,AS,No fish,,,,,,
2024,3/5/2024,22:30,Full,Second 30,AS,No fish,,,,,,
2024,3/5/2024,23:00,Full,First 30,AS,No fish,,,,,,
2024,3/5/2024,23:30,Full,Second 30,AS,No fish,,,,,,
2024,3/6/2024,0:00,Full,First 30,AS,No fish,,,,,,
2024,3/6/2024,0:30,Full,Second 30,AS,No fish,,,,,,
2024,3/6/2024,1:00,Full,First 30,AS,No fish,,,,,,
2024,3/6/2024,1:30,Full,Second 30,AS,No fish,,,,,,
2024,3/6/2024,2:00,Full,First 30,AS,No fish,,,,,,
2024,3/6/2024,2:30,Full,Second 30,AS,2:32:43,806,upstream,9.25,68.4,1,
2024,3/6/2024,3:00,Full,First 30,AS,No fish,,,,,,
2024,3/6/2024,3:30,Full,Second 30,AS,No fish,,,,,,
2024,3/6/2024,4:00,Full,First 30,AS,No fish,,,,,,
2024,3/6/2024,4:30,Full,Second 30,AS,No fish,,,,,,
2024,3/6/2024,5:00,Full,First 30,AS,No fish,,,,,,
2024,3/6/2024,5:30,Full,Second 30,AS,No fish,,,,,,
2024,3/6/2024,6:00,Full,First 30,AS,No fish,,,,,,
2024,3/6/2024,6:30,Full,Second 30,AS,No fish,,,,,,
2024,3/6/2024,7:00,Full,First 30,AS,No fish,,,,,,
2024,3/6/2024,7:30,Full,Second 30,AS,No fish,,,,,,
2024,3/6/2024,8:00,Full,First 30,AS,No fish,,,,,,
2024,3/6/2024,8:30,Full,Second 30,AS,No fish,,,,,,
2024,3/6/2024,9:00,Full,First 30,AS,9:17:36,5249,upstream,10.98,68.9,1,
2024,3/6/2024,9:00,Full,First 30,AS,9:17:37,5252,upstream,11.35,64.5,1,
2024,3/6/2024,9:30,Full,Second 30,AS,No fish,,,,,,
2024,3/6/2024,10:00,Full,First 30,AS,No fish,,,,,,
2024,3/6/2024,10:30,Full,Second 30,AS,No fish,,,,,,
2024,3/6/2024,11:00,Full,First 30,AS,No fish,,,,,,
2024,3/6/2024,11:30,Full,Second 30,AS,No fish,,,,,,
2024,3/6/2024,12:00,Full,First 30,AS,No fish,,,,,,
2024,3/6/2024,12:30,Full,Second 30,AS,No fish,,,,,,
2024,3/6/2024,13:00,Full,First 30,AS,No fish,,,,,,
2024,3/6/2024,13:30,Full,Second 30,AS,No fish,,,,,,
2024,3/6/2024,14:00,Full,First 30,AS,No fish,,,,,,
2024,3/6/2024,14:30,Full,Second 30,AS,No fish,,,,,,
2024,3/6/2024,15:00,Full,First 30,AS,No fish,,,,,,
2024,3/6/2024,15:30,Full,Second 30,AS,No fish,,,,,,
2024,3/6/2024,16:00,Full,First 30,AS,No fish,,,,,,
2024,3/6/2024,16:30,Full,Second 30,AS,16:58:23,8440,downstream,8.76,75.9,1,
2024,3/6/2024,17:00,Full,First 30,AS,No fish,,,,,,
2024,3/6/2024,17:30,Full,Second 30,AS,No fish,,,,,,
2024,3/6/2024,18:00,Full,First 30,AS,No fish,,,,,,
2024,3/6/2024,18:30,Full,Second 30,AS,No fish,,,,,,
2024,3/6/2024,19:00,Full,First 30,AS,No fish,,,,,,
2024,3/6/2024,19:30,Full,Second 30,AS,19:56:28,7859,upstream,7.46,76,1,
2024,3/6/2024,20:00,Full,First 30,AS,No fish,,,,,,
2024,3/6/2024,20:30,Full,Second 30,AS,20:42:44,3772,downstream,8.92,66,1,
2024,3/6/2024,21:00,Full,First 30,AS,No fish,,,,,,
2024,3/6/2024,21:30,Full,Second 30,AS,No fish,,,,,,
2024,3/6/2024,22:00,Full,First 30,AS,No fish,,,,,,
2024,3/6/2024,22:30,Full,Second 30,AS,22:33:50,1142,upstream,13.47,66.4,1,
2024,3/6/2024,23:00,Full,First 30,AS,No fish,,,,,,
2024,3/6/2024,23:30,Full,Second 30,AS,No fish,,,,,,
2024,3/7/2024,0:00,Full,First 30,JE,0:16:52,5009,upstream,7.01,61.1,1,
2024,3/7/2024,0:30,Full,Second 30,JE,No fish,,,,,,
2024,3/7/2024,1:00,Full,First 30,JE,No fish,,,,,,
2024,3/7/2024,1:30,Full,Second 30,JE,No fish,,,,,,
2024,3/7/2024,2:00,Full,First 30,JE,No fish,,,,,,
2024,3/7/2024,2:30,Full,Second 30,JE,No fish,,,,,,
2024,3/7/2024,3:00,Full,First 30,JE,No fish,,,,,,
2024,3/7/2024,3:30,Full,Second 30,JE,3:32:44,800,upstream,14.25,69.3,1,
2024,3/7/2024,4:00,Full,First 30,JE,No fish,,,,,,
2024,3/7/2024,4:30,Full,Second 30,JE,No fish,,,,,,
2024,3/7/2024,5:00,Full,First 30,JE,No fish,,,,,,
2024,3/7/2024,5:30,Full,Second 30,JE,No fish,,,,,,
2024,3/7/2024,6:00,Full,First 30,JE,6:00:06,24,upstream,9.52,52.9,1,
2024,3/7/2024,6:00,Full,First 30,JE,6:02:11,640,upstream,10.77,59.3,1,
2024,3/7/2024,6:00,Full,First 30,JE,6:06:44,1987,upstream,14.9,51.1,1,
2024,3/7/2024,6:30,Full,Second 30,JE,No fish,,,,,,
2024,3/7/2024,7:00,Full,First 30,JE,No fish,,,,,,
2024,3/7/2024,7:30,Full,Second 30,JE,No fish,,,,,,
2024,3/7/2024,8:00,Full,First 30,JE,No fish,,,,,,
2024,3/7/2024,8:30,Full,Second 30,JE,8:42:15,3638,upstream,11.84,70.2,1,
2024,3/7/2024,8:30,Full,Second 30,JE,8:42:21,3666,upstream,12.47,69,1,
2024,3/7/2024,8:30,Full,Second 30,JE,8:42:45,3787,upstream,11.16,59.5,1,
2024,3/7/2024,9:00,Full,First 30,JE,No fish,,,,,,
2024,3/7/2024,9:30,Full,Second 30,JE,No fish,,,,,,
2024,3/7/2024,10:00,Full,First 30,JE,10:04:16,1268,upstream,14.72,57.1,1,
2024,3/7/2024,10:30,Full,Second 30,JE,10:40:08,3007,upstream,12.97,53.7,1,
2024,3/7/2024,11:00,Full,First 30,JE,No fish,,,,,,
2024,3/7/2024,11:30,Full,Second 30,JE,No fish,,,,,,
2024,3/7/2024,12:00,Full,First 30,JE,No fish,,,,,,
2024,3/7/2024,12:30,Full,Second 30,JE,No fish,,,,,,
2024,3/7/2024,13:00,Full,First 30,JE,No fish,,,,,,
2024,3/7/2024,13:30,Full,Second 30,JE,No fish,,,,,,
2024,3/7/2024,14:00,Full,First 30,JE,No fish,,,,,,
2024,3/7/2024,14:30,Full,Second 30,JE,No fish,,,,,,
2024,3/7/2024,15:00,Full,First 30,JE,No fish,,,,,,
2024,3/7/2024,15:30,Full,Second 30,JE,No fish,,,,,,
2024,3/7/2024,16:00,Full,First 30,JE,No fish,,,,,,
2024,3/7/2024,16:30,Full,Second 30,JE,No fish,,,,,,
2024,3/7/2024,17:00,Full,First 30,JE,No fish,,,,,,
2024,3/7/2024,17:30,Full,Second 30,JE,17:56:37,7901,downstream,10.79,59.3,1,
2024,3/7/2024,17:30,Full,Second 30,JE,17:56:37,7899,downstream,10.64,63.9,1,
2024,3/7/2024,17:30,Full,Second 30,JE,17:56:37,7901,downstream,10.78,55.4,1,3 fish travelling DS together
2024,3/7/2024,18:00,Full,First 30,JE,No fish,,,,,,
2024,3/7/2024,18:30,Full,Second 30,JE,18:43:15,3919,upstream,15.27,47.6,1,
2024,3/7/2024,18:30,Full,Second 30,JE,18:44:51,4397,downstream,14.36,55.9,1,
2024,3/7/2024,18:30,Full,Second 30,JE,18:49:32,5790,upstream,19.22,64.6,1,
2024,3/7/2024,19:00,Full,First 30,JE,19:08:58,2651,downstream,8.57,62.9,1,
2024,3/7/2024,19:00,Full,First 30,JE,19:11:20,3351,upstream,14.54,63.2,1,
2024,3/7/2024,19:30,Full,Second 30,JE,19:52:01,6525,upstream,11.94,64.1,1,
2024,3/7/2024,20:00,Full,First 30,JE,20:18:51,5609,downstream,15.17,66.7,1,
2024,3/7/2024,20:00,Full,First 30,JE,20:27:59,8308,downstream,6.31,52.9,1,
2024,3/7/2024,20:00,Full,First 30,JE,20:29:16,8690,upstream,15.32,67.7,1,
2024,3/7/2024,20:30,Full,Second 30,JE,20:38:34,2544,upstream,14,63.7,1,
2024,3/7/2024,21:00,Full,First 30,JE,No fish,,,,,,
2024,3/7/2024,21:30,Full,Second 30,JE,No fish,,,,,,
2024,3/7/2024,22:00,Full,First 30,JE,No fish,,,,,,
2024,3/7/2024,22:30,Full,Second 30,JE,No fish,,,,,,
2024,3/7/2024,23:00,Full,First 30,JE,No fish,,,,,,
2024,3/7/2024,23:30,Full,Second 30,JE,No fish,,,,,,
2024,3/8/2024,0:00,Full,First 30,JE,No fish,,,,,,
2024,3/8/2024,0:30,Full,Second 30,JE,0:58:36,8526,downstream,18.12,53.9,1,
2024,3/8/2024,1:00,Full,First 30,JE,1:24:46,7357,upstream,10.84,65.2,1,
2024,3/8/2024,1:30,Full,Second 30,JE,No fish,,,,,,
2024,3/8/2024,2:00,Full,First 30,JE,No fish,,,,,,
2024,3/8/2024,2:30,Full,Second 30,JE,No fish,,,,,,
2024,3/8/2024,3:00,Full,First 30,JE,No fish,,,,,,
2024,3/8/2024,3:30,Full,Second 30,JE,3:33:29,1035,downstream,6.78,67.1,1,
2024,3/8/2024,3:30,Full,Second 30,JE,3:34:58,1473,upstream,11.18,73.1,1,
2024,3/8/2024,4:00,Full,First 30,JE,4:23:10,6875,downstream,15.05,49.6,1,Fish appears in the center of sonar image but looks to be travelling DS
2024,3/8/2024,4:30,Full,Second 30,JE,4:47:04,5053,downstream,5.34,58.7,1,
2024,3/8/2024,4:30,Full,Second 30,JE,4:48:07,5357,upstream,14.86,72.1,1,
2024,3/8/2024,5:00,Full,First 30,JE,5:15:35,4631,upstream,16.02,76.2,1,
2024,3/8/2024,5:00,Full,First 30,JE,5:16:02,4765,downstream,9.84,67.2,1,
2024,3/8/2024,5:30,Full,Second 30,JE,5:34:23,1300,upstream,13.08,69.1,1,
2024,3/8/2024,5:30,Full,Second 30,JE,5:57:17,8125,downstream,11.4,62,1,
2024,3/8/2024,6:00,Full,First 30,JE,6:16:14,4819,upstream,14.08,81.5,1,
2024,3/8/2024,6:30,Full,Second 30,JE,No fish,,,,,,
2024,3/8/2024,7:00,Full,First 30,JE,No fish,,,,,,
2024,3/8/2024,7:30,Full,Second 30,JE,No fish,,,,,,
2024,3/8/2024,8:00,Full,First 30,JE,No fish,,,,,,
2024,3/8/2024,8:30,Full,Second 30,JE,No fish,,,,,,
2024,3/8/2024,9:00,Full,First 30,JE,No fish,,,,,,
2024,3/8/2024,9:30,Full,Second 30,JE,9:49:44,5880,upstream,10.89,70.5,1,
2024,3/8/2024,10:00,Full,First 30,JE,No fish,,,,,,
2024,3/8/2024,10:30,Full,Second 30,JE,No fish,,,,,,
2024,3/8/2024,11:00,Full,First 30,JE,No fish,,,,,,
2024,3/8/2024,11:30,Full,Second 30,JE,No fish,,,,,,
2024,3/8/2024,12:00,Full,First 30,JE,No fish,,,,,,
2024,3/8/2024,12:30,Full,Second 30,JE,No fish,,,,,,
2024,3/8/2024,13:00,Full,First 30,JE,No fish,,,,,,
2024,3/8/2024,13:30,Full,Second 30,JE,No fish,,,,,,
2024,3/8/2024,14:00,Full,First 30,JE,No fish,,,,,,
2024,3/8/2024,14:30,Full,Second 30,JE,No fish,,,,,,
2024,3/8/2024,15:00,Full,First 30,JE,No fish,,,,,,
2024,3/8/2024,15:30,Full,Second 30,JE,No fish,,,,,,
2024,3/8/2024,16:00,Full,First 30,JE,No fish,,,,,,
2024,3/8/2024,16:30,Full,Second 30,JE,No fish,,,,,,
2024,3/8/2024,17:00,Full,First 30,JE,No fish,,,,,,
2024,3/8/2024,17:30,Full,Second 30,JE,No fish,,,,,,
2024,3/8/2024,18:00,Full,First 30,JE,No fish,,,,,,
2024,3/8/2024,18:30,Full,Second 30,JE,18:33:46,1106,upstream,12.92,65.4,1,
2024,3/8/2024,19:00,Full,First 30,JE,19:13:23,3944,upstream,15.71,64.4,1,
2024,3/8/2024,19:00,Full,First 30,JE,19:16:48,4960,downstream,10.78,73.4,1,
2024,3/8/2024,19:30,Full,Second 30,JE,No fish,,,,,,
2024,3/8/2024,20:00,Full,First 30,JE,20:24:32,7201,upstream,13.92,68.3,1,
2024,3/8/2024,20:30,Full,Second 30,JE,20:49:31,5754,upstream,7.45,53.9,1,
2024,3/8/2024,21:00,Full,First 30,JE,21:00:19,88,upstream,7.89,63.2,1,
2024,3/8/2024,21:00,Full,First 30,JE,21:27:29,8136,upstream,7.2,56.8,1,
2024,3/8/2024,21:30,Full,Second 30,JE,No fish,,,,,,
2024,3/8/2024,22:00,Full,First 30,JE,22:13:24,3956,upstream,12.91,65.6,1,
2024,3/8/2024,22:30,Full,Second 30,JE,22:56:10,7778,upstream,7.14,50,1,
2024,3/8/2024,23:00,Full,First 30,JE,23:12:36,3745,downstream,14.56,69.3,1,
2024,3/8/2024,23:00,Full,First 30,JE,23:26:27,7843,upstream,15.28,48.2,1,
2024,3/8/2024,23:30,Full,Second 30,JE,No fish,,,,,,
2024,3/9/2024,0:00,Full,First 30,JE,No fish,,,,,,
2024,3/9/2024,0:30,Full,Second 30,JE,No fish,,,,,,
2024,3/9/2024,1:00,Full,First 30,JE,1:17:06,,,,,,
2024,3/9/2024,1:30,Full,Second 30,JE,No fish,,,,,,
2024,3/9/2024,2:00,Full,First 30,JE,2:08:10,2426,upstream,15.52,67.8,1,
2024,3/9/2024,2:30,Full,Second 30,JE,No fish,,,,,,
2024,3/9/2024,3:00,Full,First 30,JE,No fish,,,,,,
2024,3/9/2024,3:30,Full,Second 30,JE,No fish,,,,,,
2024,3/9/2024,4:00,Full,First 30,JE,No fish,,,,,,
2024,3/9/2024,4:30,Full,Second 30,JE,No fish,,,,,,
2024,3/9/2024,5:00,Full,First 30,JE,No fish,,,,,,
2024,3/9/2024,5:30,Full,Second 30,JE,5:55:59,7739,upstream,7.77,61.5,1,
2024,3/9/2024,6:00,Full,First 30,JE,6:07:14,2145,upstream,10.93,52.4,1,
2024,3/9/2024,6:30,Full,Second 30,JE,No fish,,,,,,
2024,3/9/2024,7:00,Full,First 30,JE,No fish,,,,,,
2024,3/9/2024,7:30,Full,Second 30,JE,No fish,,,,,,
2024,3/9/2024,8:00,Full,First 30,JE,No fish,,,,,,
2024,3/9/2024,8:30,Full,Second 30,JE,No fish,,,,,,
2024,3/9/2024,9:00,Full,First 30,JE,No fish,,,,,,
2024,3/9/2024,9:30,Full,Second 30,JE,No fish,,,,,,
2024,3/9/2024,10:00,Full,First 30,JE,No fish,,,,,,
2024,3/9/2024,10:30,Full,Second 30,JE,No fish,,,,,,
2024,3/9/2024,11:00,Full,First 30,JE,No fish,,,,,,
2024,3/9/2024,11:30,Full,Second 30,JE,No fish,,,,,,
2024,3/9/2024,12:00,Full,First 30,JE,No fish,,,,,,
2024,3/9/2024,12:30,Full,Second 30,JE,No fish,,,,,,
2024,3/9/2024,13:00,Full,First 30,JE,No fish,,,,,,
2024,3/9/2024,13:30,Full,Second 30,JE,No fish,,,,,,
2024,3/9/2024,14:00,Full,First 30,JE,No fish,,,,,,
2024,3/9/2024,14:30,Full,Second 30,JE,No fish,,,,,,
2024,3/9/2024,15:00,Full,First 30,JE,No fish,,,,,,
2024,3/9/2024,15:30,Full,Second 30,JE,No fish,,,,,,
2024,3/9/2024,16:00,Full,First 30,JE,No fish,,,,,,
2024,3/9/2024,16:30,Full,Second 30,JE,No fish,,,,,,
2024,3/9/2024,17:00,Full,First 30,JE,No fish,,,,,,
2024,3/9/2024,17:30,Full,Second 30,JE,No fish,,,,,,
2024,3/9/2024,18:00,Full,First 30,JE,No fish,,,,,,
2024,3/9/2024,18:30,Full,Second 30,JE,No fish,,,,,,
2024,3/9/2024,19:00,Full,First 30,JE,19:09:02,2658,downstream,6.52,50.7,1,
2024,3/9/2024,19:30,Full,Second 30,JE,No fish,,,,,,
2024,3/9/2024,20:00,Full,First 30,JE,20:19:27,5720,upstream,8.24,49.7,1,
2024,3/9/2024,20:30,Full,Second 30,JE,No fish,,,,,,
2024,3/9/2024,21:00,Full,First 30,JE,No fish,,,,,,
2024,3/9/2024,21:30,Full,Second 30,JE,No fish,,,,,,
2024,3/9/2024,22:00,Full,First 30,JE,No fish,,,,,,
2024,3/9/2024,22:30,Full,Second 30,JE,No fish,,,,,,
2024,3/9/2024,23:00,Full,First 30,JE,No fish,,,,,,
2024,3/9/2024,23:30,Full,Second 30,JE,23:34:02,1197,upstream,10.06,61.9,1,
2024,3/10/2024,0:00,Full,First 30,AS,0:05:14,1554,downstream,15.9,74.6,1,
2024,3/10/2024,0:30,Full,Second 30,AS,0:41:11,3302,downstream,7.74,75.2,1,
2024,3/10/2024,0:30,Full,Second 30,AS,0:48:20,5438,downstream,7.72,73.7,1,
2024,3/10/2024,1:00,Full,First 30,AS,1:05:57,1769,upstream,13.21,74.6,1,
2024,3/10/2024,1:00,Full,First 30,AS,1:06:00,1780,upstream,14.01,78,1,
2024,3/10/2024,1:30,Full,Second 30,AS,No fish,,,,,,
2024,3/10/2024,2:00,No data,No data,AS,,,,,,,Files 0200 and 0230 appear to not be present
2024,3/10/2024,2:30,No data,No data,AS,,,,,,,Files 0200 and 0230 appear to not be present
2024,3/10/2024,3:00,Full,First 30,AS,3:22:54,6791,downstream,13.22,80.2,1,
2024,3/10/2024,3:30,Full,Second 30,AS,3:39:23,2769,upstream,9.66,82.2,1,
2024,3/10/2024,3:30,Full,Second 30,AS,3:57:51,8248,downstream,16.48,71.3,1,
2024,3/10/2024,4:00,Full,First 30,AS,4:08:38,2586,downstream,9.81,72.7,1,
2024,3/10/2024,4:00,Full,First 30,AS,4:16:15,4832,upstream,7.69,71.8,1,
2024,3/10/2024,4:30,Full,Second 30,AS,No fish,,,,,,
2024,3/10/2024,5:00,Full,First 30,AS,5:08:11,2421,upstream,8.79,74.8,1,
2024,3/10/2024,5:00,Full,First 30,AS,5:22:59,6812,downstream,6.04,74.3,1,
2024,3/10/2024,5:30,Full,Second 30,AS,5:53:47,7052,upstream,6,52.3,1,
2024,3/10/2024,6:00,Full,First 30,AS,6:03:37,1062,upstream,16.12,66.2,1,
2024,3/10/2024,6:30,Full,Second 30,AS,6:36:47,2005,downstream,13.08,65.1,1,
2024,3/10/2024,7:00,Full,First 30,AS,No fish,,,,,,
2024,3/10/2024,7:30,Full,Second 30,AS,No fish,,,,,,
2024,3/10/2024,8:00,Full,First 30,AS,No fish,,,,,,
2024,3/10/2024,8:30,Full,Second 30,AS,No fish,,,,,,
2024,3/10/2024,9:00,Full,First 30,AS,No fish,,,,,,
2024,3/10/2024,9:30,Full,Second 30,AS,No fish,,,,,,
2024,3/10/2024,10:00,Full,First 30,AS,No fish,,,,,,
2024,3/10/2024,10:30,Full,Second 30,AS,No fish,,,,,,
2024,3/10/2024,11:00,Full,First 30,AS,No fish,,,,,,
2024,3/10/2024,11:30,Full,Second 30,AS,No fish,,,,,,
2024,3/10/2024,12:00,Full,First 30,AS,No fish,,,,,,
2024,3/10/2024,12:30,Full,Second 30,AS,No fish,,,,,,
2024,3/10/2024,13:00,Full,First 30,AS,No fish,,,,,,
2024,3/10/2024,13:30,Full,Second 30,AS,No fish,,,,,,
2024,3/10/2024,14:00,Full,First 30,AS,No fish,,,,,,
2024,3/10/2024,14:30,Full,Second 30,AS,No fish,,,,,,
2024,3/10/2024,15:00,Full,First 30,AS,No fish,,,,,,
2024,3/10/2024,15:30,Full,Second 30,AS,No fish,,,,,,
2024,3/10/2024,16:00,Full,First 30,AS,16:05:12,1511,upstream,11.44,74.9,1,
2024,3/10/2024,16:30,Full,Second 30,AS,No fish,,,,,,
2024,3/10/2024,17:00,Full,First 30,AS,17:22:07,6351,upstream,10.47,75.2,1,
2024,3/10/2024,17:00,Full,First 30,AS,17:24:13,6941,downstream,6.08,67.4,1,
2024,3/10/2024,17:00,Full,First 30,AS,17:26:30,7594,upstream,7.35,62.8,1,
2024,3/10/2024,17:30,Full,Second 30,AS,No fish,,,,,,
2024,3/10/2024,18:00,Full,First 30,AS,No fish,,,,,,
2024,3/10/2024,18:30,Full,Second 30,AS,No fish,,,,,,
2024,3/10/2024,19:00,Full,First 30,AS,No fish,,,,,,
2024,3/10/2024,19:30,Full,Second 30,AS,19:39:10,2627,downstream,8.35,73.2,1,
2024,3/10/2024,19:30,Full,Second 30,AS,19:42:58,3735,upstream,8.95,84.4,1,
2024,3/10/2024,20:00,Full,First 30,AS,20:02:37,760,downstream,16.55,71.9,1,
2024,3/10/2024,20:00,Full,First 30,AS,20:17:36,5085,upstream,6.42,69.2,1,
2024,3/10/2024,20:00,Full,First 30,AS,20:23:59,6916,upstream,16.79,57.9,1,
2024,3/10/2024,20:30,Full,Second 30,AS,20:47:15,4978,upstream,17.77,58.5,1,
2024,3/10/2024,21:00,Full,First 30,AS,21:15:20,4394,downstream,16.74,59.3,1,
2024,3/10/2024,21:30,Full,Second 30,AS,21:49:35,5636,downstream,17.82,59.6,1,
2024,3/10/2024,21:30,Full,Second 30,AS,21:55:09,7242,downstream,6,63.4,1,
2024,3/10/2024,21:30,Full,Second 30,AS,21:56:03,7500,downstream,14.44,75.3,1,
2024,3/10/2024,22:00,Full,First 30,AS,22:05:54,1698,upstream,6.6,69,1,
2024,3/10/2024,22:30,Full,Second 30,AS,22:30:07,29,upstream,7.98,72.1,1,
2024,3/10/2024,23:00,Full,First 30,AS,No fish,,,,,,
2024,3/10/2024,23:30,Full,Second 30,AS,No fish,,,,,,
2024,3/11/2024,0:00,Full,First 30,AS,0:27:47,8103,upstream,10.1,66.1,1,
2024,3/11/2024,0:30,Full,Second 30,AS,0:40:30,3048,downstream,6.84,71.5,1,
2024,3/11/2024,0:30,Full,Second 30,AS,0:48:16,5308,upstream,6.42,72,1,
2024,3/11/2024,1:00,Full,First 30,AS,1:07:50,2265,downstream,15.32,69.3,1,
2024,3/11/2024,1:00,Full,First 30,AS,1:19:58,5802,downstream,14.29,70.5,1,
2024,3/11/2024,1:30,Full,Second 30,AS,No fish,,,,,,
2024,3/11/2024,2:00,Full,First 30,AS,No fish,,,,,,
2024,3/11/2024,2:30,Full,Second 30,AS,No fish,,,,,,
2024,3/11/2024,3:00,Full,First 30,AS,3:15:14,5891,downstream,15.97,64.8,1,
2024,3/11/2024,3:30,Full,Second 30,AS,No fish,,,,,,
2024,3/11/2024,4:00,Full,First 30,AS,No fish,,,,,,
2024,3/11/2024,4:30,Full,Second 30,AS,4:35:50,1696,upstream,16.28,64,1,
2024,3/11/2024,5:00,Full,First 30,AS,No fish,,,,,,
2024,3/11/2024,5:30,Full,Second 30,AS,No fish,,,,,,
2024,3/11/2024,6:00,Full,First 30,AS,6:05:59,1725,upstream,6.47,76.8,1,
2024,3/11/2024,6:30,Full,Second 30,AS,6:48:10,5281,upstream,9.37,75.1,1,
2024,3/11/2024,6:30,Full,Second 30,AS,6:56:47,7779,upstream,13.11,57.9,1,
2024,3/11/2024,7:00,Full,First 30,AS,No fish,,,,,,
2024,3/11/2024,7:30,Full,Second 30,AS,No fish,,,,,,
2024,3/11/2024,8:00,Full,First 30,AS,No fish,,,,,,
2024,3/11/2024,8:30,Full,Second 30,AS,No fish,,,,,,
2024,3/11/2024,9:00,Full,First 30,AS,No fish,,,,,,
2024,3/11/2024,9:30,Full,Second 30,AS,No fish,,,,,,
2024,3/11/2024,10:00,Full,First 30,AS,No fish,,,,,,
2024,3/11/2024,10:30,Full,Second 30,AS,No fish,,,,,,
2024,3/11/2024,11:00,Full,First 30,AS,No fish,,,,,,
2024,3/11/2024,11:30,Full,Second 30,AS,No fish,,,,,,
2024,3/11/2024,12:00,Full,First 30,AS,No fish,,,,,,
2024,3/11/2024,12:30,Full,Second 30,AS,No fish,,,,,,
2024,3/11/2024,13:00,Full,First 30,AS,No fish,,,,,,
2024,3/11/2024,13:30,Full,Second 30,AS,No fish,,,,,,
2024,3/11/2024,14:00,Full,First 30,AS,No fish,,,,,,
2024,3/11/2024,14:30,Full,Second 30,AS,No fish,,,,,,
2024,3/11/2024,15:00,Full,First 30,AS,No fish,,,,,,
2024,3/11/2024,15:30,Full,Second 30,AS,No fish,,,,,,
2024,3/11/2024,16:00,Full,First 30,AS,No fish,,,,,,
2024,3/11/2024,16:30,Full,Second 30,AS,No fish,,,,,,
2024,3/11/2024,17:00,Full,First 30,AS,No fish,,,,,,
2024,3/11/2024,17:30,Full,Second 30,AS,No fish,,,,,,
2024,3/11/2024,18:00,Full,First 30,AS,No fish,,,,,,
2024,3/11/2024,18:30,Full,Second 30,AS,No fish,,,,,,
2024,3/11/2024,19:00,Full,First 30,AS,No fish,,,,,,
2024,3/11/2024,19:30,Full,Second 30,AS,19:44:41,4313,upstream,15.26,75.5,1,
2024,3/11/2024,19:30,Full,Second 30,AS,19:44:41,4313,upstream,14.51,81.9,1,
2024,3/11/2024,19:30,Full,Second 30,AS,19:44:41,4316,upstream,14.93,79.3,1,
2024,3/11/2024,19:30,Full,Second 30,AS,19:46:23,4811,downstream,10.96,60,1,
2024,3/11/2024,19:30,Full,Second 30,AS,19:53:16,6856,downstream,12.17,77.2,1,
2024,3/11/2024,19:30,Full,Second 30,AS,19:53:18,6865,downstream,11.77,85.7,1,
2024,3/11/2024,20:00,Full,First 30,AS,20:14:10,4142,upstream,15.98,61.8,1,
2024,3/11/2024,20:00,Full,First 30,AS,20:20:25,5956,downstream,13.98,78.3,1,
2024,3/11/2024,20:30,Full,Second 30,AS,20:32:55,847,upstream,13.08,83,1,
2024,3/11/2024,20:30,Full,Second 30,AS,20:51:12,6233,upstream,6.88,53.4,1,
2024,3/11/2024,20:30,Full,Second 30,AS,20:52:49,6712,upstream,6.02,60.7,1,
2024,3/11/2024,20:30,Full,Second 30,AS,20:55:01,7360,upstream,16.79,66.8,1,
2024,3/11/2024,21:00,Full,First 30,AS,21:02:14,645,upstream,9.77,78.3,1,
2024,3/11/2024,21:00,Full,First 30,AS,21:03:59,1164,downstream,15.79,74.7,1,
2024,3/11/2024,21:00,Full,First 30,AS,21:10:10,2985,upstream,9.67,82.6,1,
2024,3/11/2024,21:00,Full,First 30,AS,21:10:11,2991,upstream,9.66,72.7,1,
2024,3/11/2024,21:30,Full,Second 30,AS,21:35:38,1646,downstream,6.04,59.2,1,
2024,3/11/2024,21:30,Full,Second 30,AS,21:35:41,1661,downstream,6.6,73.8,1,
2024,3/11/2024,21:30,Full,Second 30,AS,21:36:50,1986,upstream,9.39,84,1,
2024,3/11/2024,21:30,Full,Second 30,AS,21:36:55,2012,upstream,9.33,61.3,1,
2024,3/11/2024,22:00,Full,First 30,AS,No fish,,,,,,
2024,3/11/2024,22:30,Full,Second 30,AS,No fish,,,,,,
2024,3/11/2024,23:00,Full,First 30,AS,No fish,,,,,,
2024,3/11/2024,23:30,Full,Second 30,AS,No fish,,,,,,
2024,3/12/2024,0:00,Full,First 30,AS,0:05:21,1551,downstream,15.6,70.9,1,
2024,3/12/2024,0:30,Full,Second 30,AS,0:58:35,8342,upstream,7.07,66.3,1,
2024,3/12/2024,1:00,Full,First 30,AS,1:05:17,1514,upstream,11.83,66.6,1,
2024,3/12/2024,1:30,Full,Second 30,AS,No fish,,,,,,
2024,3/12/2024,2:00,Full,First 30,AS,2:20:08,5856,downstream,13.93,81.3,1,
2024,3/12/2024,2:00,Full,First 30,AS,2:21:28,6249,upstream,13.54,86.1,1,
2024,3/12/2024,2:30,Full,Second 30,AS,No fish,,,,,,
2024,3/12/2024,3:00,Full,First 30,AS,3:04:43,1363,downstream,13.2,85.1,1,
2024,3/12/2024,3:00,Full,First 30,AS,3:28:37,8340,upstream,8.32,75.2,1,
2024,3/12/2024,3:30,Full,Second 30,AS,No fish,,,,,,
2024,3/12/2024,4:00,Full,First 30,AS,No fish,,,,,,
2024,3/12/2024,4:30,Full,Second 30,AS,No fish,,,,,,
2024,3/12/2024,5:00,Full,First 30,AS,No fish,,,,,,
2024,3/12/2024,5:30,Full,Second 30,AS,5:37:43,2242,downstream,14.63,82.5,1,
2024,3/12/2024,6:00,Full,First 30,AS,No fish,,,,,,
2024,3/12/2024,6:30,Full,Second 30,AS,6:31:11,335,downstream,11.18,85.9,1,
2024,3/12/2024,7:00,Full,First 30,AS,No fish,,,,,,
2024,3/12/2024,7:30,Full,Second 30,AS,No fish,,,,,,
2024,3/12/2024,8:00,Full,First 30,AS,No fish,,,,,,
2024,3/12/2024,8:30,Full,Second 30,AS,No fish,,,,,,
2024,3/12/2024,9:00,Full,First 30,AS,No fish,,,,,,
2024,3/12/2024,9:30,Full,Second 30,AS,No fish,,,,,,
2024,3/12/2024,10:00,Full,First 30,AS,No fish,,,,,,
2024,3/12/2024,10:30,Full,Second 30,AS,No fish,,,,,,
2024,3/12/2024,11:00,Full,First 30,AS,No fish,,,,,,
2024,3/12/2024,11:30,Full,Second 30,AS,No fish,,,,,,
2024,3/12/2024,12:00,Full,First 30,AS,No fish,,,,,,
2024,3/12/2024,12:30,Full,Second 30,AS,No fish,,,,,,
2024,3/12/2024,13:00,Full,First 30,AS,No fish,,,,,,
2024,3/12/2024,13:30,Full,Second 30,AS,No fish,,,,,,
2024,3/12/2024,14:00,Full,First 30,AS,No fish,,,,,,
2024,3/12/2024,14:30,Full,Second 30,AS,No fish,,,,,,
2024,3/12/2024,15:00,Full,First 30,AS,No fish,,,,,,
2024,3/12/2024,15:30,Full,Second 30,AS,No fish,,,,,,
2024,3/12/2024,16:00,Full,First 30,AS,No fish,,,,,,
2024,3/12/2024,16:30,Full,Second 30,AS,No fish,,,,,,
2024,3/12/2024,17:00,Full,First 30,AS,No fish,,,,,,
2024,3/12/2024,17:30,Full,Second 30,AS,No fish,,,,,,
2024,3/12/2024,18:00,Full,First 30,AS,No fish,,,,,,
2024,3/12/2024,18:30,Full,Second 30,AS,18:51:12,6100,downstream,10.06,82.2,1,
2024,3/12/2024,18:30,Full,Second 30,AS,18:51:13,6104,downstream,9.83,60.5,1,
2024,3/12/2024,18:30,Full,Second 30,AS,18:51:16,6118,downstream,9.32,69.2,1,
2024,3/12/2024,19:00,Full,First 30,AS,19:08:00,2313,upstream,9.95,83.2,1,
2024,3/12/2024,19:30,Full,Second 30,AS,19:48:28,5339,upstream,15.9,75.8,1,
2024,3/12/2024,19:30,Full,Second 30,AS,19:49:58,5778,upstream,13.76,70.3,1,
2024,3/12/2024,19:30,Full,Second 30,AS,19:50:48,6022,upstream,7.21,62.9,1,
2024,3/12/2024,20:00,Full,First 30,AS,20:07:07,2068,upstream,8.53,63.3,1,
2024,3/12/2024,20:00,Full,First 30,AS,20:19:02,5520,upstream,7.22,61.6,1,
2024,3/12/2024,20:00,Full,First 30,AS,20:20:07,5832,upstream,7.24,55.2,1,
2024,3/12/2024,20:30,Full,Second 30,AS,20:49:46,5688,upstream,16.12,67.3,1,
2024,3/12/2024,21:00,Full,First 30,AS,21:06:05,1749,upstream,6.77,55.6,1,
2024,3/12/2024,21:30,Full,Second 30,AS,No fish,,,,,,
2024,3/12/2024,22:00,Full,First 30,AS,No fish,,,,,,
2024,3/12/2024,22:30,Full,Second 30,AS,No fish,,,,,,
2024,3/12/2024,23:00,Full,First 30,AS,No fish,,,,,,
2024,3/12/2024,23:30,Full,Second 30,AS,No fish,,,,,,
2024,3/13/2024,0:00,Full,First 30,JE,No fish,,,,,,
2024,3/13/2024,0:30,Full,Second 30,JE,No fish,,,,,,
2024,3/13/2024,1:00,Full,First 30,JE,No fish,,,,,,
2024,3/13/2024,1:30,Full,Second 30,JE,No fish,,,,,,
2024,3/13/2024,2:00,Full,First 30,JE,2:04:45,1357,downstream,14.52,58.8,1,
2024,3/13/2024,2:30,Full,Second 30,JE,No fish,,,,,,
2024,3/13/2024,3:00,Full,First 30,JE,3:10:13,2935,downstream,10.93,69.2,1,
2024,3/13/2024,3:00,Full,First 30,JE,3:22:25,6404,downstream,9.89,65.6,1,
2024,3/13/2024,3:30,Full,Second 30,JE,3:44:17,4042,upstream,10.85,74,1,
2024,3/13/2024,3:30,Full,Second 30,JE,No fish,,,,,,
2024,3/13/2024,4:00,Full,First 30,JE,No fish,,,,,,
2024,3/13/2024,4:30,Full,Second 30,JE,No fish,,,,,,
2024,3/13/2024,5:00,Full,First 30,JE,No fish,,,,,,
2024,3/13/2024,5:30,Full,Second 30,JE,No fish,,,,,,
2024,3/13/2024,6:00,Full,First 30,JE,6:19:32,5513,downstream,13.38,68.2,1,
2024,3/13/2024,6:30,Full,Second 30,JE,No fish,,,,,,
2024,3/13/2024,7:00,Full,First 30,JE,No fish,,,,,,
2024,3/13/2024,7:30,Full,Second 30,JE,No fish,,,,,,
2024,3/13/2024,8:00,Full,First 30,JE,No fish,,,,,,
2024,3/13/2024,8:30,Full,Second 30,JE,No fish,,,,,,
2024,3/13/2024,9:00,Full,First 30,JE,9:20:57,5963,upstream,9.16,76.6,1,
2024,3/13/2024,9:30,Full,Second 30,JE,No fish,,,,,,
2024,3/13/2024,10:00,Full,First 30,JE,No fish,,,,,,
2024,3/13/2024,10:30,Full,Second 30,JE,No fish,,,,,,
2024,3/13/2024,11:00,Full,First 30,JE,No fish,,,,,,
2024,3/13/2024,11:30,Full,Second 30,JE,No fish,,,,,,
2024,3/13/2024,12:00,Full,First 30,JE,No fish,,,,,,
2024,3/13/2024,12:30,Full,Second 30,JE,No fish,,,,,,
2024,3/13/2024,13:00,Full,First 30,JE,No fish,,,,,,
2024,3/13/2024,13:30,Full,Second 30,JE,No fish,,,,,,
2024,3/13/2024,14:00,Full,First 30,JE,No fish,,,,,,
2024,3/13/2024,14:30,Full,Second 30,JE,No fish,,,,,,
2024,3/13/2024,15:00,Full,First 30,JE,No fish,,,,,,
2024,3/13/2024,15:30,Full,Second 30,JE,15:48:25,5223,upstream,8.21,51.2,1,
2024,3/13/2024,16:00,Full,First 30,JE,No fish,,,,,,
2024,3/13/2024,16:30,Full,Second 30,JE,No fish,,,,,,
2024,3/13/2024,17:00,Full,First 30,JE,No fish,,,,,,
2024,3/13/2024,17:30,Full,Second 30,JE,No fish,,,,,,
2024,3/13/2024,18:00,Full,First 30,JE,No fish,,,,,,
2024,3/13/2024,18:30,Full,Second 30,JE,No fish,,,,,,
2024,3/13/2024,19:00,Full,First 30,JE,No fish,,,,,,
2024,3/13/2024,19:30,Full,Second 30,JE,19:54:47,6947,upstream,14.78,53.2,1,Three fish all travelling US together
2024,3/13/2024,19:30,Full,Second 30,JE,19:54:51,6968,upstream,14.33,74.1,1,
2024,3/13/2024,19:30,Full,Second 30,JE,19:54:56,6995,upstream,14.54,55.1,1,
2024,3/13/2024,20:00,Full,First 30,JE,20:28:40,8092,upstream,14.56,67.7,1,
2024,3/13/2024,20:30,Full,Second 30,JE,20:37:53,2211,upstream,7.69,64.9,1,
2024,3/13/2024,20:30,Full,Second 30,JE,20:46:15,4560,downstream,7.58,69.6,1,
2024,3/13/2024,21:00,Full,First 30,JE,No fish,,,,,,
2024,3/13/2024,21:30,Full,Second 30,JE,21:54:49,6985,upstream,6.88,47.2,1,
2024,3/13/2024,22:00,Full,First 30,JE,No fish,,,,,,
2024,3/13/2024,22:30,Full,Second 30,JE,22:44:51,4109,downstream,18.1,65.3,1,
2024,3/13/2024,23:00,Full,First 30,JE,No fish,,,,,,
2024,3/13/2024,23:30,Full,Second 30,JE,23:52:17,6254,downstream,14.63,73.2,1,
2024,3/14/2024,0:00,Full,First 30,JE,0:24:27,6891,upstream,14.52,76.3,1,
2024,3/14/2024,0:30,Full,Second 30,JE,0:38:04,2286,downstream,14.05,72.7,1,
2024,3/14/2024,1:00,Full,First 30,JE,1:07:13,2033,upstream,9.34,71.1,1,
2024,3/14/2024,1:00,Full,First 30,JE,1:09:24,2656,downstream,14.81,73.8,1,
2024,3/14/2024,1:30,Full,Second 30,JE,1:35:55,1649,downstream,18.01,62.5,1,
2024,3/14/2024,2:00,Full,First 30,JE,No fish,,,,,,
2024,3/14/2024,2:30,Full,Second 30,JE,No fish,,,,,,
2024,3/14/2024,3:00,Full,First 30,JE,3:01:18,360,upstream,9.26,67.8,1,
2024,3/14/2024,3:30,Full,Second 30,JE,3:47:35,4841,upstream,7.88,55.5,1,
2024,3/14/2024,4:00,Full,First 30,JE,No fish,,,,,,
2024,3/14/2024,4:30,Full,Second 30,JE,No fish,,,,,,
2024,3/14/2024,5:00,Full,First 30,JE,No fish,,,,,,
2024,3/14/2024,5:30,Full,Second 30,JE,No fish,,,,,,
2024,3/14/2024,6:00,Full,First 30,JE,No fish,,,,,,
2024,3/14/2024,6:30,Full,Second 30,JE,6:42:25,3396,upstream,15.09,61.8,1,
2024,3/14/2024,6:30,Full,Second 30,JE,6:42:37,3455,upstream,14.48,66.2,1,
2024,3/14/2024,6:30,Full,Second 30,JE,6:47:57,4885,upstream,9.06,55.5,1,
2024,3/14/2024,6:30,Full,Second 30,JE,6:52:55,6257,upstream,13.6,73.4,1,
2024,3/14/2024,7:00,Full,First 30,JE,No fish,,,,,,
2024,3/14/2024,7:30,Full,Second 30,JE,No fish,,,,,,
2024,3/14/2024,8:00,Full,First 30,JE,No fish,,,,,,
2024,3/14/2024,8:30,Full,Second 30,JE,No fish,,,,,,
2024,3/14/2024,9:00,Full,First 30,JE,No fish,,,,,,
2024,3/14/2024,9:30,Full,Second 30,JE,No fish,,,,,,
2024,3/14/2024,10:00,Full,First 30,JE,No fish,,,,,,
2024,3/14/2024,10:30,Full,Second 30,JE,No fish,,,,,,
2024,3/14/2024,11:00,Full,First 30,JE,No fish,,,,,,
2024,3/14/2024,11:30,Full,Second 30,JE,No fish,,,,,,
2024,3/14/2024,12:00,Full,First 30,JE,No fish,,,,,,
2024,3/14/2024,12:30,Full,Second 30,JE,No fish,,,,,,
2024,3/14/2024,13:00,Full,First 30,JE,No fish,,,,,,
2024,3/14/2024,13:30,Full,Second 30,JE,No fish,,,,,,
2024,3/14/2024,14:00,Full,First 30,JE,No fish,,,,,,
2024,3/14/2024,14:30,Full,Second 30,JE,No fish,,,,,,
2024,3/14/2024,15:00,Full,First 30,JE,No fish,,,,,,
2024,3/14/2024,15:30,Full,Second 30,JE,No fish,,,,,,
2024,3/14/2024,16:00,Full,First 30,JE,No fish,,,,,,
2024,3/14/2024,16:30,Full,Second 30,JE,No fish,,,,,,
2024,3/14/2024,17:00,Full,First 30,JE,No fish,,,,,,
2024,3/14/2024,17:30,Full,Second 30,JE,No fish,,,,,,
2024,3/14/2024,18:00,Full,First 30,JE,No fish,,,,,,
2024,3/14/2024,18:30,Full,Second 30,JE,No fish,,,,,,
2024,3/14/2024,19:00,Full,First 30,JE,No fish,,,,,,
2024,3/14/2024,19:30,Full,Second 30,JE,No fish,,,,,,
2024,3/14/2024,20:00,Full,First 30,JE,20:00:23,62,upstream,14.86,70.5,1,
2024,3/14/2024,20:00,Full,First 30,JE,20:00:26,76,upstream,15.44,73.5,1,
2024,3/14/2024,20:00,Full,First 30,JE,20:05:58,1231,upstream,10.05,65,1,
2024,3/14/2024,20:00,Full,First 30,JE,20:16:21,3045,upstream,10.9,54.5,1,
2024,3/14/2024,20:00,Full,First 30,JE,20:19:52,3688,upstream,7.61,62.2,1,
2024,3/14/2024,20:30,Full,Second 30,JE,20:47:03,2836,downstream,15.65,59.1,1,
2024,3/14/2024,20:30,Full,Second 30,JE,20:48:40,3041,upstream,6.85,60,1,
2024,3/14/2024,20:30,Full,Second 30,JE,20:54:39,4128,upstream,12.23,67.9,1,
2024,3/14/2024,20:30,Full,Second 30,JE,20:56:38,4448,upstream,14.61,64.2,1,
2024,3/14/2024,21:00,Full,First 30,JE,21:00:47,197,upstream,6.46,57.3,1,
2024,3/14/2024,21:00,Full,First 30,JE,21:01:13,295,upstream,10.27,58.8,1,
2024,3/14/2024,21:00,Full,First 30,JE,21:15:43,2438,upstream,15.96,57.2,1,
2024,3/14/2024,21:30,Full,Second 30,JE,21:56:43,5010,upstream,11.12,75.7,1,
2024,3/14/2024,21:30,Full,Second 30,JE,21:56:47,5023,upstream,11.34,65.5,1,
2024,3/14/2024,22:00,Full,First 30,JE,No fish,,,,,,
2024,3/14/2024,22:30,Full,Second 30,JE,No fish,,,,,,
2024,3/14/2024,23:00,Full,First 30,JE,No fish,,,,,,
2024,3/14/2024,23:30,Full,Second 30,JE,23:52:43,3416,upstream,13.81,57.3,1,
2024,3/14/2024,23:30,Full,Second 30,JE,23:52:59,3481,upstream,6.36,56.6,1,"Fish appears in the middle of sonar image, seems to have been travelling US"
2024,3/15/2024,0:00,Full,First 30,JE,0:05:14,643,upstream,10.1,59.3,1,
2024,3/15/2024,0:00,Full,First 30,JE,0:08:37,1278,downstream,14.81,58.5,1,
2024,3/15/2024,0:00,Full,First 30,JE,0:17:20,2226,downstream,11.24,81.8,1,
2024,3/15/2024,0:00,Full,First 30,JE,0:25:31,3378,upstream,13.68,63.2,1,
2024,3/15/2024,0:30,Full,Second 30,JE,0:52:55,3459,upstream,16.16,56.7,1,
2024,3/15/2024,1:00,Full,First 30,JE,1:25:58,4018,upstream,13.29,65.4,1,
2024,3/15/2024,1:30,Full,Second 30,JE,1:36:10,839,downstream,14.11,69.7,1,
2024,3/15/2024,1:30,Full,Second 30,JE,1:36:10,840,downstream,13.85,68.4,1,"Two fish travelling DS together side-by-side, difficult to obtain clear image to measure each fish"
2024,3/15/2024,2:00,Full,First 30,JE,2:12:12,1539,upstream,13.08,71.3,1,
2024,3/15/2024,2:00,Full,First 30,JE,2:17:13,2124,downstream,12.77,68.9,1,
2024,3/15/2024,2:00,Full,First 30,JE,2:22:19,2899,upstream,5.6,55.6,1,
2024,3/15/2024,2:00,Full,First 30,JE,2:23:16,2962,downstream,9.37,78.2,1,
2024,3/15/2024,2:00,Full,First 30,JE,2:23:17,2963,downstream,9.12,76.1,1,"Two fish travelling DS together side-by-side, difficult to obtain clear image to measure each fish"
2024,3/15/2024,2:30,Full,Second 30,JE,2:33:41,606,upstream,7.46,58.9,1,
2024,3/15/2024,3:00,Full,First 30,JE,3:08:35,1119,upstream,11.02,75.1,1,
2024,3/15/2024,3:00,Full,First 30,JE,3:20:43,2686,downstream,16.05,66.9,1,
2024,3/15/2024,3:30,Full,Second 30,JE,3:38:08,1253,upstream,11.22,75.1,1,
2024,3/15/2024,3:30,Full,Second 30,JE,3:52:44,3135,upstream,11.14,69.4,1,
2024,3/15/2024,3:30,Full,Second 30,JE,3:54:18,3194,downstream,6.66,59.3,1,
2024,3/15/2024,3:30,Full,Second 30,JE,3:55:16,3378,downstream,14.84,69.6,1,
2024,3/15/2024,4:00,Full,First 30,JE,4:15:42,2856,upstream,14.44,61,1,
2024,3/15/2024,4:00,Full,First 30,JE,4:16:42,3044,downstream,6.7,54.3,1,
2024,3/15/2024,4:00,Full,First 30,JE,4:22:03,3639,upstream,13.19,71.4,1,
2024,3/15/2024,4:30,Full,Second 30,JE,4:33:03,501,downstream,7.93,63,1,
2024,3/15/2024,4:30,Full,Second 30,JE,4:59:22,3889,downstream,9.68,60.8,1,
2024,3/15/2024,4:30,Full,Second 30,JE,4:59:46,3966,upstream,8.2,62.8,1,
2024,3/15/2024,5:00,Full,First 30,JE,No fish,,,,,,
2024,3/15/2024,5:30,Full,Second 30,JE,No fish,,,,,,
2024,3/15/2024,6:00,Full,First 30,JE,No fish,,,,,,
2024,3/15/2024,6:30,Full,Second 30,JE,No fish,,,,,,
2024,3/15/2024,7:00,Full,First 30,JE,No fish,,,,,,
2024,3/15/2024,7:30,Full,Second 30,JE,No fish,,,,,,
2024,3/15/2024,8:00,Full,First 30,JE,No fish,,,,,,
2024,3/15/2024,8:30,Full,Second 30,JE,No fish,,,,,,
2024,3/15/2024,9:00,Full,First 30,JE,No fish,,,,,,
2024,3/15/2024,9:30,Full,Second 30,JE,No fish,,,,,,
2024,3/15/2024,10:00,Full,First 30,JE,No fish,,,,,,
2024,3/15/2024,10:30,Full,Second 30,JE,No fish,,,,,,
2024,3/15/2024,11:00,Full,First 30,JE,No fish,,,,,,
2024,3/15/2024,11:30,Full,Second 30,JE,No fish,,,,,,
2024,3/15/2024,12:00,Full,First 30,JE,No fish,,,,,,
2024,3/15/2024,12:30,Full,Second 30,JE,No fish,,,,,,
2024,3/15/2024,13:00,Full,First 30,JE,No fish,,,,,,
2024,3/15/2024,13:30,Full,Second 30,JE,No fish,,,,,,
2024,3/15/2024,14:00,Full,First 30,JE,No fish,,,,,,
2024,3/15/2024,14:30,Full,Second 30,JE,No fish,,,,,,
2024,3/15/2024,15:00,Full,First 30,JE,No fish,,,,,,
2024,3/15/2024,15:30,Full,Second 30,JE,No fish,,,,,,
2024,3/15/2024,16:00,Full,First 30,JE,No fish,,,,,,
2024,3/15/2024,16:30,Full,Second 30,JE,No fish,,,,,,
2024,3/15/2024,17:00,Full,First 30,JE,No fish,,,,,,
2024,3/15/2024,17:30,Full,Second 30,JE,No fish,,,,,,
2024,3/15/2024,18:00,Full,First 30,JE,No fish,,,,,,
2024,3/15/2024,18:30,Full,Second 30,JE,No fish,,,,,,
2024,3/15/2024,19:00,Full,First 30,JE,No fish,,,,,,
2024,3/15/2024,19:30,Full,Second 30,JE,No fish,,,,,,
2024,3/15/2024,20:00,Full,First 30,JE,20:14:09,1180,downstream,11.48,73.9,1,
2024,3/15/2024,20:30,Full,Second 30,JE,20:32:07,252,upstream,9.24,68.6,1,
2024,3/15/2024,21:00,Full,First 30,JE,No fish,,,,,,
2024,3/15/2024,21:30,Full,Second 30,JE,No fish,,,,,,
2024,3/15/2024,22:00,Full,First 30,JE,No fish,,,,,,
2024,3/15/2024,22:30,Full,Second 30,JE,No fish,,,,,,
2024,3/15/2024,23:00,Full,First 30,JE,No fish,,,,,,
2024,3/15/2024,23:30,Full,Second 30,JE,No fish,,,,,,
2024,3/16/2024,0:00,Partial,First 30,BP,No fish,,,,,,first 48 seconds not recorded. Recording off for entire day
2024,3/16/2024,0:30,Partial,No review,,,,,,,,
2024,3/16/2024,1:00,Partial,First 30,BP,No fish,,,,,,
2024,3/16/2024,1:30,Partial,No review,,,,,,,,
2024,3/16/2024,2:00,Partial,First 30,BP,2:23:58,3078,downstream,5.50,63.40,1,
2024,3/16/2024,2:30,Partial,No review,,,,,,,,
2024,3/16/2024,3:00,Partial,First 30,BP,No fish,,,,,,
2024,3/16/2024,3:30,Partial,No review,,,,,,,,
2024,3/16/2024,4:30,Partial,Second 30,BP,4:39:58,965,downstream,7.69,72.20,1,
2024,3/16/2024,4:30,Partial,No review,,,,,,,,
2024,3/16/2024,5:30,Partial,Second 30,BP,5:36:14,655,downstream,7.61,68.10,2,
2024,3/16/2024,5:30,Partial,Second 30,BP,5:38:16,755,downstream,9.76,59.40,1,
2024,3/16/2024,5:30,Partial,Second 30,BP,5:55:16,2276,upstream,6.88,72.40,1,
2024,3/16/2024,5:30,Partial,No review,,,,,,,,
2024,3/16/2024,6:00,Partial,First 30,BP,No fish,,,,,,
2024,3/16/2024,6:30,Partial,No review,,,,,,,,
2024,3/16/2024,7:00,Partial,First 30,BP,No fish,,,,,,
2024,3/16/2024,7:30,Partial,No review,,,,,,,,
2024,3/16/2024,8:00,Partial,First 30,BP,No fish,,,,,,
2024,3/16/2024,8:30,Partial,No review,,,,,,,,
2024,3/16/2024,9:00,Partial,First 30,BP,No fish,,,,,,
2024,3/16/2024,9:30,Partial,No review,,,,,,,,
2024,3/16/2024,10:00,Partial,First 30,BP,No fish,,,,,,
2024,3/16/2024,10:30,Partial,No review,,,,,,,,
2024,3/16/2024,11:00,Partial,First 30,BP,No fish,,,,,,
2024,3/16/2024,11:30,No data,No data,,,,,,,,
2024,3/16/2024,12:00,Partial,First 30,BP,No fish,,,,,,
2024,3/16/2024,12:30,Partial,No review,,,,,,,,
2024,3/16/2024,13:00,Partial,First 30,BP,No fish,,,,,,
2024,3/16/2024,13:30,No data,No data,,,,,,,,
2024,3/16/2024,14:00,Partial,First 30,BP,No fish,,,,,,
2024,3/16/2024,14:30,Partial,No review,,,,,,,,
2024,3/16/2024,15:00,Partial,First 30,BP,No fish,,,,,,
2024,3/16/2024,15:30,Partial,No review,,,,,,,,
2024,3/16/2024,16:00,Partial,First 30,BP,No fish,,,,,,
2024,3/16/2024,16:30,Partial,No review,,,,,,,,
2024,3/16/2024,17:00,Partial,First 30,BP,No fish,,,,,,
2024,3/16/2024,17:30,Partial,No review,,,,,,,,
2024,3/16/2024,18:00,Partial,First 30,BP,No fish,,,,,,
2024,3/16/2024,18:00,Partial,No review,,,,,,,,
2024,3/16/2024,18:30,No data,No data,,,,,,,,
2024,3/16/2024,19:00,No data,No data,,,,,,,,
2024,3/16/2024,19:30,No data,No data,,,,,,,,
2024,3/16/2024,20:00,No data,No data,,,,,,,,
2024,3/16/2024,20:30,No data,No data,,,,,,,,
2024,3/16/2024,21:00,No data,No data,,,,,,,,
2024,3/16/2024,21:30,No data,No data,,,,,,,,
2024,3/16/2024,22:00,No data,No data,,,,,,,,
2024,3/16/2024,22:30,No data,No data,,,,,,,,
2024,3/16/2024,23:00,No data,No data,,,,,,,,
2024,3/16/2024,23:30,No data,No data,,,,,,,,
2024,3/17/2024,0:00,No data,No data,,,,,,,,
2024,3/17/2024,0:30,No data,No data,,,,,,,,
2024,3/17/2024,1:00,No data,No data,,,,,,,,
2024,3/17/2024,1:30,No data,No data,,,,,,,,
2024,3/17/2024,2:00,No data,No data,,,,,,,,
2024,3/17/2024,2:30,No data,No data,,,,,,,,
2024,3/17/2024,3:00,No data,No data,,,,,,,,
2024,3/17/2024,3:30,No data,No data,,,,,,,,
2024,3/17/2024,4:00,No data,No data,,,,,,,,
2024,3/17/2024,4:30,No data,No data,,,,,,,,
2024,3/17/2024,5:00,No data,No data,,,,,,,,
2024,3/17/2024,5:30,No data,No data,,,,,,,,
2024,3/17/2024,6:00,No data,No data,,,,,,,,
2024,3/17/2024,6:30,No data,No data,,,,,,,,
2024,3/17/2024,7:00,No data,No data,,,,,,,,
2024,3/17/2024,7:30,No data,No data,,,,,,,,
2024,3/17/2024,8:00,No data,No data,,,,,,,,
2024,3/17/2024,8:30,No data,No data,,,,,,,,
2024,3/17/2024,9:00,No data,No data,,,,,,,,
2024,3/17/2024,9:30,No data,No data,,,,,,,,
2024,3/17/2024,10:00,No data,No data,,,,,,,,
2024,3/17/2024,10:30,No data,No data,,,,,,,,
2024,3/17/2024,11:00,No data,No data,,,,,,,,
2024,3/17/2024,11:30,No data,No data,,,,,,,,
2024,3/17/2024,12:00,No data,No data,,,,,,,,
2024,3/17/2024,12:30,No data,No data,,,,,,,,
2024,3/17/2024,13:00,No data,No data,,,,,,,,
2024,3/17/2024,13:30,No data,No data,,,,,,,,
2024,3/17/2024,14:00,No data,No data,,,,,,,,
2024,3/17/2024,14:30,No data,No data,,,,,,,,
2024,3/17/2024,15:00,No data,No data,,,,,,,,
2024,3/17/2024,15:30,No data,No data,,,,,,,,
2024,3/17/2024,16:00,No data,No data,,,,,,,,
2024,3/17/2024,16:30,No data,No data,,,,,,,,
2024,3/17/2024,17:00,No data,No data,,,,,,,,
2024,3/17/2024,17:30,No data,No data,,,,,,,,
2024,3/17/2024,18:00,No data,No data,,,,,,,,
2024,3/17/2024,18:30,No data,No data,,,,,,,,
2024,3/17/2024,19:00,No data,No data,,,,,,,,
2024,3/17/2024,19:30,No data,No data,,,,,,,,
2024,3/17/2024,20:00,No data,No data,,,,,,,,
2024,3/17/2024,20:30,No data,No data,,,,,,,,
2024,3/17/2024,21:00,No data,No data,,,,,,,,
2024,3/17/2024,21:30,No data,No data,,,,,,,,
2024,3/17/2024,22:00,No data,No data,,,,,,,,
2024,3/17/2024,22:30,No data,No data,,,,,,,,
2024,3/17/2024,23:00,No data,No data,,,,,,,,
2024,3/17/2024,23:30,No data,No data,,,,,,,,
2024,3/18/2024,0:00,No data,No data,AS,,,,,,,
2024,3/18/2024,0:30,No data,No data,AS,,,,,,,
2024,3/18/2024,1:00,No data,No data,AS,,,,,,,
2024,3/18/2024,1:30,No data,No data,AS,,,,,,,
2024,3/18/2024,2:00,No data,No data,AS,,,,,,,
2024,3/18/2024,2:30,No data,No data,AS,,,,,,,
2024,3/18/2024,3:00,No data,No data,AS,,,,,,,
2024,3/18/2024,3:30,No data,No data,AS,,,,,,,
2024,3/18/2024,4:00,No data,No data,AS,,,,,,,
2024,3/18/2024,4:30,No data,No data,AS,,,,,,,
2024,3/18/2024,5:00,No data,No data,AS,,,,,,,
2024,3/18/2024,5:30,No data,No data,AS,,,,,,,
2024,3/18/2024,6:00,No data,No data,AS,,,,,,,
2024,3/18/2024,6:30,No data,No data,AS,,,,,,,
2024,3/18/2024,7:00,No data,No data,AS,,,,,,,
2024,3/18/2024,7:30,No data,No data,AS,,,,,,,
2024,3/18/2024,8:00,No data,No data,AS,,,,,,,
2024,3/18/2024,8:30,No data,No data,AS,,,,,,,
2024,3/18/2024,9:00,No data,No data,AS,,,,,,,
2024,3/18/2024,9:30,No data,No data,AS,,,,,,,
2024,3/18/2024,10:00,No data,No data,AS,,,,,,,
2024,3/18/2024,10:30,No data,No data,AS,,,,,,,
2024,3/18/2024,11:00,Full,First 30,AS,No fish,,,,,,
2024,3/18/2024,11:30,Partial,Second 30,AS,No fish,,,,,,"11:30 to 11:40, 10 min recorded and reviewed"
2024,3/18/2024,11:30,Partial,Second 30,AS,No fish,,,,,,"11:40 to 12:00, 20 min recorded and reviewed"
2024,3/18/2024,12:00,Full,First 30,AS,No fish,,,,,,
2024,3/18/2024,12:30,Full,Second 30,AS,No fish,,,,,,
2024,3/18/2024,13:00,Full,First 30,AS,No fish,,,,,,
2024,3/18/2024,13:30,Full,Second 30,AS,No fish,,,,,,
2024,3/18/2024,14:00,Full,First 30,AS,No fish,,,,,,
2024,3/18/2024,14:30,Full,Second 30,AS,No fish,,,,,,
2024,3/18/2024,15:00,Full,First 30,AS,No fish,,,,,,
2024,3/18/2024,15:30,Full,Second 30,AS,No fish,,,,,,
2024,3/18/2024,16:00,Full,First 30,AS,No fish,,,,,,
2024,3/18/2024,16:30,Full,Second 30,AS,No fish,,,,,,
2024,3/18/2024,17:00,Full,First 30,AS,No fish,,,,,,
2024,3/18/2024,17:30,Full,Second 30,AS,No fish,,,,,,
2024,3/18/2024,18:00,Full,First 30,AS,No fish,,,,,,
2024,3/18/2024,18:30,Full,Second 30,AS,No fish,,,,,,
2024,3/18/2024,19:00,Full,First 30,AS,No fish,,,,,,
2024,3/18/2024,19:30,Full,Second 30,AS,No fish,,,,,,
2024,3/18/2024,20:00,Full,First 30,AS,20:00:05,,,,,,Otter chases a fish.
2024,3/18/2024,20:00,Full,First 30,AS,20:07:01,2160,upstream,16.73,58.9,1,
2024,3/18/2024,20:00,Full,First 30,AS,20:07:25,2287,upstream,13.7,77.2,1,
2024,3/18/2024,20:00,Full,First 30,AS,20:09:08,2832,downstream,15.08,59.9,1,
2024,3/18/2024,20:00,Full,First 30,AS,20:09:32,2954,upstream,12.55,84,1,
2024,3/18/2024,20:30,Full,Second 30,AS,No fish,,,,,,
2024,3/18/2024,21:00,Full,First 30,AS,21:02:14,669,upstream,7.3,66.6,1,
2024,3/18/2024,21:30,Full,Second 30,AS,21:36:15,1936,upstream,7.84,66.7,1,
2024,3/18/2024,22:00,Full,First 30,AS,No fish,,,,,,
2024,3/18/2024,22:30,Full,Second 30,AS,No fish,,,,,,
2024,3/18/2024,23:00,Full,First 30,AS,No fish,,,,,,
2024,3/18/2024,23:30,Full,Second 30,AS,23:35:01,1540,downstream,14.92,79.2,1,
2024,3/18/2024,23:30,Full,Second 30,AS,23:35:02,1546,downstream,14.65,66.5,1,
2024,3/19/2024,0:00,Full,First 30,AS,No fish,,,,,,
2024,3/19/2024,0:30,Full,Second 30,AS,No fish,,,,,,
2024,3/19/2024,1:00,Full,First 30,AS,No fish,,,,,,
2024,3/19/2024,1:30,Full,Second 30,AS,No fish,,,,,,
2024,3/19/2024,2:00,Full,First 30,AS,2:09:04,2804,upstream,7.04,56,1,
2024,3/19/2024,2:00,Full,First 30,AS,2:09:23,2900,upstream,8.76,76.6,1,
2024,3/19/2024,2:00,Full,First 30,AS,2:19:48,6121,downstream,17.96,78.3,1,
2024,3/19/2024,2:00,Full,First 30,AS,2:21:35,6672,upstream,13.94,77.7,1,
2024,3/19/2024,2:30,Full,Second 30,AS,2:37:56,2458,downstream,19.65,78,1,
2024,3/19/2024,2:30,Full,Second 30,AS,2:37:57,2460,downstream,19.2,65.5,1,
2024,3/19/2024,2:30,Full,Second 30,AS,2:41:43,3635,upstream,20.06,78.8,1,
2024,3/19/2024,2:30,Full,Second 30,AS,2:41:44,3643,upstream,19.83,64.9,1,
2024,3/19/2024,2:30,Full,Second 30,AS,2:48:24,5696,downstream,14.65,78.3,1,
2024,3/19/2024,2:30,Full,Second 30,AS,2:51:36,6696,upstream,8.46,66.1,1,
2024,3/19/2024,3:00,Full,First 30,AS,3:13:25,4175,upstream,8.69,63.9,1,
2024,3/19/2024,3:30,Full,Second 30,AS,3:33:21,1029,downstream,15.61,107.4,3,otter
2024,3/19/2024,3:30,Full,Second 30,AS,3:39:06,2807,downstream,9.06,76,1,
2024,3/19/2024,3:30,Full,Second 30,AS,3:42:29,3867,upstream,5.74,75.9,1,
2024,3/19/2024,3:30,Full,Second 30,AS,3:49:09,5920,downstream,8.97,75,1,
2024,3/19/2024,3:30,Full,Second 30,AS,3:59:04,9000,downstream,17.08,84.8,1,
2024,3/19/2024,4:00,Full,First 30,AS,4:01:42,507,upstream,16.43,84.7,1,
2024,3/19/2024,4:30,Full,Second 30,AS,No fish,,,,,,
2024,3/19/2024,5:00,Full,First 30,AS,5:00:37,178,downstream,15.64,87.2,1,
2024,3/19/2024,5:00,Full,First 30,AS,5:04:17,1308,upstream,8.84,85.3,1,
2024,3/19/2024,5:30,Full,Second 30,AS,5:34:59,1552,downstream,6.28,52.6,1,
2024,3/19/2024,6:00,Full,First 30,AS,6:19:16,5956,upstream,12.69,73.1,1,
2024,3/19/2024,6:30,Full,Second 30,AS,No fish,,,,,,
2024,3/19/2024,7:00,Full,First 30,AS,No fish,,,,,,
2024,3/19/2024,7:30,Full,Second 30,AS,No fish,,,,,,
2024,3/19/2024,8:00,Full,First 30,AS,No fish,,,,,,
2024,3/19/2024,8:30,Full,Second 30,AS,No fish,,,,,,
2024,3/19/2024,9:00,Full,First 30,AS,No fish,,,,,,
2024,3/19/2024,9:30,Full,Second 30,AS,No fish,,,,,,
2024,3/19/2024,10:00,Full,First 30,AS,No fish,,,,,,
2024,3/19/2024,10:30,Full,Second 30,AS,No fish,,,,,,
2024,3/19/2024,11:00,Full,First 30,AS,No fish,,,,,,
2024,3/19/2024,11:30,Full,Second 30,AS,No fish,,,,,,
2024,3/19/2024,12:00,Full,First 30,AS,No fish,,,,,,
2024,3/19/2024,12:30,Full,Second 30,AS,No fish,,,,,,
2024,3/19/2024,13:00,Full,First 30,AS,No fish,,,,,,
2024,3/19/2024,13:30,Full,Second 30,AS,No fish,,,,,,
2024,3/19/2024,14:00,Full,First 30,AS,No fish,,,,,,
2024,3/19/2024,14:30,Full,Second 30,AS,No fish,,,,,,
2024,3/19/2024,15:00,Full,First 30,AS,No fish,,,,,,
2024,3/19/2024,15:30,Full,Second 30,AS,No fish,,,,,,
2024,3/19/2024,16:00,Full,First 30,AS,No fish,,,,,,
2024,3/19/2024,16:30,Full,Second 30,AS,No fish,,,,,,
2024,3/19/2024,17:00,Full,First 30,AS,No fish,,,,,,
2024,3/19/2024,17:30,Full,Second 30,AS,No fish,,,,,,
2024,3/19/2024,18:00,Full,First 30,AS,No fish,,,,,,
2024,3/19/2024,18:30,Full,Second 30,AS,18:44:40,4507,upstream,11.29,77,1,
2024,3/19/2024,19:00,Full,First 30,AS,19:01:41,513,upstream,12.92,85.3,1,
2024,3/19/2024,19:30,Full,Second 30,AS,19:57:18,8435,downstream,11.66,52.1,1,
2024,3/19/2024,20:00,Full,First 30,AS,20:17:24,5356,upstream,7.08,66.2,1,
2024,3/19/2024,20:30,Full,Second 30,AS,20:36:37,2018,upstream,15.45,72.8,1,
2024,3/19/2024,20:30,Full,Second 30,AS,20:36:43,2050,upstream,17.63,80.7,1,
2024,3/19/2024,20:30,Full,Second 30,AS,20:38:45,,upstream,,,3,two otters
2024,3/19/2024,20:30,Full,Second 30,AS,20:46:05,4943,downstream,15.17,79.3,1,
2024,3/19/2024,20:30,Full,Second 30,AS,20:51:49,6748,upstream,10.16,80,1,
2024,3/19/2024,21:00,Full,First 30,AS,21:11:35,3561,upstream,16.19,67.4,1,
2024,3/19/2024,21:00,Full,First 30,AS,21:23:08,7097,downstream,11.1,68.5,1,
2024,3/19/2024,21:30,Full,Second 30,AS,21:46:33,5091,upstream,10.13,68.1,1,
2024,3/19/2024,22:00,Full,First 30,AS,No fish,,,,,,
2024,3/19/2024,22:30,Full,Second 30,AS,22:36:03,1878,upstream,10.77,75,1,
2024,3/19/2024,23:00,Full,First 30,AS,23:09:57,3047,downstream,15.8,71.6,1,
2024,3/19/2024,23:00,Full,First 30,AS,23:10:29,3220,upstream,9.7,68.7,1,
2024,3/19/2024,23:00,Full,First 30,AS,23:10:41,3279,upstream,16.21,68.5,1,
2024,3/19/2024,23:00,Full,First 30,AS,23:13:06,4039,upstream,15.23,77,1,
2024,3/19/2024,23:00,Full,First 30,AS,23:15:41,4838,downstream,13.1,83.4,1,
2024,3/19/2024,23:30,Full,Second 30,AS,No fish,,,,,,
2024,3/20/2024,0:00,Full,First 30,AS,0:00:23,113,downstream,12.03,71.4,1,
2024,3/20/2024,0:00,Full,First 30,AS,0:17:18,5331,upstream,14.02,74.6,1,
2024,3/20/2024,0:00,Full,First 30,AS,0:35:48,1774,downstream,14.85,55.7,1,
2024,3/20/2024,0:30,Full,Second 30,AS,0:54:44,7654,upstream,8.01,67.4,1,
2024,3/20/2024,0:30,Full,Second 30,AS,0:56:33,8209,downstream,13.17,68.5,1,
2024,3/20/2024,1:00,Full,First 30,AS,1:03:38,1098,downstream,10.3,77,1,
2024,3/20/2024,1:00,Full,First 30,AS,1:04:45,1443,upstream,9.48,75.9,1,
2024,3/20/2024,1:00,Full,First 30,AS,1:15:50,4872,upstream,7.13,64.5,1,
2024,3/20/2024,1:00,Full,First 30,AS,1:16:17,5009,downstream,11.1,63.9,1,
2024,3/20/2024,1:30,Full,Second 30,AS,1:37:19,2283,upstream,7,63.5,1,
2024,3/20/2024,1:30,Full,Second 30,AS,1:53:39,7341,downstream,14.52,84.5,1,
2024,3/20/2024,1:30,Full,Second 30,AS,1:55:46,8006,upstream,10.93,87.1,1,
2024,3/20/2024,2:00,Full,First 30,AS,2:13:33,4198,upstream,8.8,70.8,1,
2024,3/20/2024,2:30,Full,Second 30,AS,No fish,,,,,,
2024,3/20/2024,3:00,Full,First 30,AS,3:26:49,8277,upstream,8.58,69,1,
2024,3/20/2024,3:30,Full,Second 30,AS,No fish,,,,,,
2024,3/20/2024,4:00,Full,First 30,AS,4:14:12,4383,downstream,6.59,83,1,
2024,3/20/2024,4:30,Full,Second 30,AS,4:50:27,6321,upstream,10.13,72.5,1,
2024,3/20/2024,4:30,Full,Second 30,AS,4:53:16,7176,upstream,18.95,84.6,1,
2024,3/20/2024,5:00,Full,First 30,AS,No fish,,,,,,
2024,3/20/2024,5:30,Full,Second 30,AS,No fish,,,,,,
2024,3/20/2024,6:00,Full,First 30,AS,No fish,,,,,,
2024,3/20/2024,6:30,Full,Second 30,AS,No fish,,,,,,
2024,3/20/2024,7:00,Full,First 30,AS,No fish,,,,,,
2024,3/20/2024,7:30,Full,Second 30,AS,No fish,,,,,,
2024,3/20/2024,8:00,Full,First 30,AS,No fish,,,,,,
2024,3/20/2024,8:30,Full,Second 30,AS,8:55:05,7740,upstream,14.22,54,1,
2024,3/20/2024,9:00,Full,First 30,AS,No fish,,,,,,
2024,3/20/2024,9:30,Full,Second 30,AS,No fish,,,,,,
2024,3/20/2024,10:00,Full,First 30,AS,No fish,,,,,,
2024,3/20/2024,10:30,Full,Second 30,AS,No fish,,,,,,
2024,3/20/2024,11:00,Full,First 30,AS,No fish,,,,,,
2024,3/20/2024,11:30,Full,Second 30,AS,No fish,,,,,,
2024,3/20/2024,12:00,Partial,First 30,AS,No fish,,,,,,"12:00 to 12:13, 13 min recorded and reviewed"
2024,3/20/2024,12:30,Partial,Second 30,AS,No fish,,,,,,"12:50 to 12:59, 9 min recorded and reviewed"
2024,3/20/2024,13:00,Full,First 30,AS,13:02:29,282,upstream,10.02,83.4,1,
2024,3/20/2024,13:30,Full,Second 30,AS,No fish,,,,,,
2024,3/20/2024,14:00,Full,First 30,AS,No fish,,,,,,
2024,3/20/2024,14:30,Full,Second 30,AS,No fish,,,,,,
2024,3/20/2024,15:00,Full,First 30,AS,15:27:31,7309,upstream,14.27,74.3,1,
2024,3/20/2024,15:30,Full,Second 30,AS,15:31:22,418,upstream,11.71,69.2,1,
2024,3/20/2024,15:30,Full,Second 30,AS,15:37:37,2343,upstream,7.97,66.6,1,
2024,3/20/2024,16:00,Full,First 30,AS,16:04:05,1250,downstream,10.49,78.5,1,
2024,3/20/2024,16:00,Full,First 30,AS,16:04:06,1255,downstream,10.12,77.4,1,
2024,3/20/2024,16:30,Full,Second 30,AS,No fish,,,,,,
2024,3/20/2024,17:00,Full,First 30,AS,No fish,,,,,,
2024,3/20/2024,17:30,Full,Second 30,AS,17:54:48,7624,upstream,9.45,75.7,1,
2024,3/20/2024,17:30,Full,Second 30,AS,17:54:50,7632,upstream,10.28,77.4,1,
2024,3/20/2024,18:00,Full,First 30,AS,No fish,,,,,,
2024,3/20/2024,18:30,Full,Second 30,AS,No fish,,,,,,
2024,3/20/2024,19:00,Full,First 30,AS,No fish,,,,,,
2024,3/20/2024,19:30,Full,Second 30,AS,19:44:53,4553,downstream,12.5,87.9,1,
2024,3/20/2024,19:30,Full,Second 30,AS,19:51:24,6549,upstream,11.84,69.7,1,
2024,3/20/2024,20:00,Full,First 30,AS,20:05:09,1570,downstream,16.9,86.7,1,
2024,3/20/2024,20:00,Full,First 30,AS,20:08:03,2468,upstream,12.25,69.6,1,
2024,3/20/2024,20:30,Full,Second 30,AS,20:38:22,2554,upstream,7.09,79.6,1,
2024,3/20/2024,20:30,Full,Second 30,AS,20:44:55,4551,upstream,15.11,85.7,1,
2024,3/20/2024,20:30,Full,Second 30,AS,20:48:04,5531,upstream,7.54,60.4,1,
2024,3/20/2024,20:30,Full,Second 30,AS,20:59:53,9154,downstream,10.03,87,1,
2024,3/20/2024,21:00,Full,First 30,AS,21:03:44,1143,upstream,14,88,1,
2024,3/20/2024,21:00,Full,First 30,AS,21:04:49,1472,downstream,7.52,59.5,1,
2024,3/20/2024,21:00,Full,First 30,AS,21:05:48,1772,downstream,14.17,75.9,1,
2024,3/20/2024,21:00,Full,First 30,AS,21:11:44,3498,upstream,8.62,71.5,1,
2024,3/20/2024,21:30,Full,Second 30,AS,No fish,,,,,,
2024,3/20/2024,22:00,Full,First 30,AS,No fish,,,,,,
2024,3/20/2024,22:30,Full,Second 30,AS,22:46:03,4957,upstream,8.85,67.3,1,
2024,3/20/2024,22:30,Full,Second 30,AS,22:57:20,8446,upstream,16.24,65,1,
2024,3/20/2024,23:00,Full,First 30,AS,No fish,,,,,,
2024,3/20/2024,23:30,Full,Second 30,AS,23:53:13,6806,upstream,15.83,79,1,
2024,3/21/2024,0:00,Full,First 30,AS,0:08:54,2753,upstream,11.1,75.3,1,
2024,3/21/2024,0:00,Full,First 30,AS,0:26:19,8147,upstream,7.04,70.7,1,
2024,3/21/2024,0:30,Full,Second 30,AS,0:31:58,605,upstream,9.69,70.3,1,
2024,3/21/2024,0:30,Full,Second 30,AS,0:39:30,2929,downstream,12.92,68.1,1,
2024,3/21/2024,0:30,Full,Second 30,AS,0:41:36,3573,upstream,14.7,73.5,1,
2024,3/21/2024,1:00,Full,First 30,AS,No fish,,,,,,
2024,3/21/2024,1:30,Full,Second 30,AS,1:43:29,4180,downstream,15.39,65.8,1,
2024,3/21/2024,2:00,Full,First 30,AS,No fish,,,,,,
2024,3/21/2024,2:30,Full,Second 30,AS,2:51:08,6551,upstream,15.08,66,1,
2024,3/21/2024,3:00,Full,First 30,AS,No fish,,,,,,
2024,3/21/2024,3:30,Full,Second 30,AS,3:31:26,440,upstream,11.72,85.8,1,
2024,3/21/2024,3:30,Full,Second 30,AS,3:43:32,4175,downstream,11.38,84.1,1,
2024,3/21/2024,4:00,Full,First 30,AS,No fish,,,,,,
2024,3/21/2024,4:30,Full,Second 30,AS,4:47:12,5324,upstream,6.76,62.7,1,
2024,3/21/2024,5:00,Full,First 30,AS,No fish,,,,,,
2024,3/21/2024,5:30,Full,Second 30,AS,No fish,,,,,,
2024,3/21/2024,6:00,Full,First 30,AS,No fish,,,,,,
2024,3/21/2024,6:30,Full,Second 30,AS,No fish,,,,,,
2024,3/21/2024,7:00,Full,First 30,AS,7:01:02,312,upstream,12.71,61.7,1,
2024,3/21/2024,7:00,Full,First 30,AS,7:06:29,2004,downstream,11.21,86.8,1,
2024,3/21/2024,7:30,Full,Second 30,AS,No fish,,,,,,
2024,3/21/2024,8:00,Full,First 30,AS,No fish,,,,,,
2024,3/21/2024,8:30,Full,Second 30,AS,No fish,,,,,,
2024,3/21/2024,9:00,Full,First 30,AS,No fish,,,,,,
2024,3/21/2024,9:30,Full,Second 30,AS,No fish,,,,,,
2024,3/21/2024,10:00,Full,First 30,AS,No fish,,,,,,
2024,3/21/2024,10:30,Full,Second 30,AS,No fish,,,,,,
2024,3/21/2024,11:00,Full,First 30,AS,No fish,,,,,,
2024,3/21/2024,11:30,Full,Second 30,AS,No fish,,,,,,
2024,3/21/2024,12:00,Full,First 30,AS,No fish,,,,,,
2024,3/21/2024,12:30,Full,Second 30,AS,No fish,,,,,,
2024,3/21/2024,13:00,Full,First 30,AS,No fish,,,,,,
2024,3/21/2024,13:30,Full,Second 30,AS,No fish,,,,,,
2024,3/21/2024,14:00,Full,First 30,AS,No fish,,,,,,
2024,3/21/2024,14:30,Full,Second 30,AS,No fish,,,,,,
2024,3/21/2024,15:00,Full,First 30,AS,No fish,,,,,,
2024,3/21/2024,15:30,Full,Second 30,AS,No fish,,,,,,
2024,3/21/2024,16:00,Full,First 30,AS,No fish,,,,,,
2024,3/21/2024,16:30,Full,Second 30,AS,No fish,,,,,,
2024,3/21/2024,17:00,Full,First 30,AS,17:22:10,6822,upstream,8.45,68.5,1,
2024,3/21/2024,17:30,Full,Second 30,AS,No fish,,,,,,
2024,3/21/2024,18:00,Full,First 30,AS,No fish,,,,,,
2024,3/21/2024,18:30,Full,Second 30,AS,No fish,,,,,,
2024,3/21/2024,19:00,Full,First 30,AS,No fish,,,,,,
2024,3/21/2024,19:30,Full,Second 30,AS,No fish,,,,,,
2024,3/21/2024,20:00,Full,First 30,AS,20:07:05,2184,downstream,10.99,66.2,1,
2024,3/21/2024,20:00,Full,First 30,AS,20:08:49,2730,downstream,8.36,63.5,1,
2024,3/21/2024,20:00,Full,First 30,AS,20:09:36,2970,upstream,14.59,65.3,1,
2024,3/21/2024,20:00,Full,First 30,AS,20:09:38,2981,upstream,14.63,73.5,1,
2024,3/21/2024,20:00,Full,First 30,AS,20:16:37,5134,downstream,11.94,66.1,1,
2024,3/21/2024,20:00,Full,First 30,AS,20:17:38,5456,upstream,8.69,67.9,1,
2024,3/21/2024,20:00,Full,First 30,AS,20:18:21,5675,upstream,7.19,51,1,
2024,3/21/2024,20:00,Full,First 30,AS,20:20:38,6375,upstream,17.5,73.1,1,
2024,3/21/2024,20:30,Full,Second 30,AS,20:32:10,661,downstream,17.58,71.8,2,BC changed to confidence = 2
2024,3/21/2024,20:30,Full,Second 30,AS,20:37:29,2293,downstream,7,66.4,1,
2024,3/21/2024,20:30,Full,Second 30,AS,20:39:41,2971,upstream,18.64,72.7,1,
2024,3/21/2024,20:30,Full,Second 30,AS,20:41:24,3503,upstream,7.04,67.4,1,
2024,3/21/2024,20:30,Full,Second 30,AS,20:47:51,5501,downstream,13.99,56.1,1,
2024,3/21/2024,21:00,Full,First 30,AS,No fish,,,,,,
2024,3/21/2024,21:30,Full,Second 30,AS,No fish,,,,,,
2024,3/21/2024,22:00,Full,First 30,AS,22:33:34,1082,downstream,7.93,58.5,1,
2024,3/21/2024,22:30,Full,Second 30,AS,22:41:06,3413,upstream,17.24,75.3,1,
2024,3/21/2024,23:00,Full,First 30,AS,No fish,,,,,,
2024,3/21/2024,23:30,Full,Second 30,AS,23:32:55,894,upstream,12.87,76.4,1,
2024,3/22/2024,0:00,Full,First 30,JE,0:03:30,1073,upstream,9.9,58.3,1,
2024,3/22/2024,0:00,Full,First 30,JE,0:27:49,8572,upstream,12.27,66.3,1,
2024,3/22/2024,0:30,Full,Second 30,JE,No fish,,,,,,
2024,3/22/2024,1:00,Full,First 30,JE,1:24:02,7391,upstream,19.2,61.7,1,
2024,3/22/2024,1:30,Full,Second 30,JE,1:34:44,1446,upstream,15.38,66.4,1,
2024,3/22/2024,1:30,Full,Second 30,JE,1:39:03,2784,upstream,8.23,58.9,1,
2024,3/22/2024,2:00,Full,First 30,JE,No fish,,,,,,
2024,3/22/2024,2:30,Full,Second 30,JE,2:32:57,902,upstream,14.31,78.7,1,
2024,3/22/2024,3:00,Full,First 30,JE,No fish,,,,,,
2024,3/22/2024,3:30,Full,Second 30,JE,3:56:56,8321,upstream,7.4,60.9,1,
2024,3/22/2024,4:00,Full,First 30,JE,4:23:35,7281,upstream,8.35,54.7,1,
2024,3/22/2024,4:30,Full,Second 30,JE,No fish,,,,,,
2024,3/22/2024,5:00,Full,First 30,JE,No fish,,,,,,
2024,3/22/2024,5:30,Full,Second 30,JE,5:46:11,4992,downstream,15.56,48,1,Fish appears in middle of sonar image but appears to be travelling DS
2024,3/22/2024,6:00,Full,First 30,JE,No fish,,,,,,
2024,3/22/2024,6:30,Full,Second 30,JE,No fish,,,,,,
2024,3/22/2024,7:00,Full,First 30,JE,No fish,,,,,,
2024,3/22/2024,7:30,Full,Second 30,JE,No fish,,,,,,
2024,3/22/2024,8:00,Full,First 30,JE,No fish,,,,,,
2024,3/22/2024,8:30,Full,Second 30,JE,No fish,,,,,,
2024,3/22/2024,9:00,Full,First 30,JE,No fish,,,,,,
2024,3/22/2024,9:30,Full,Second 30,JE,No fish,,,,,,
2024,3/22/2024,10:00,Full,First 30,JE,No fish,,,,,,
2024,3/22/2024,10:30,Full,Second 30,JE,No fish,,,,,,
2024,3/22/2024,11:00,Full,First 30,JE,No fish,,,,,,
2024,3/22/2024,11:30,Full,Second 30,JE,No fish,,,,,,
2024,3/22/2024,12:00,Full,First 30,JE,12:00:14,69,upstream,13.29,63.1,1,
2024,3/22/2024,12:30,Full,Second 30,JE,No fish,,,,,,
2024,3/22/2024,13:00,Full,First 30,JE,No fish,,,,,,
2024,3/22/2024,13:30,Full,Second 30,JE,No fish,,,,,,
2024,3/22/2024,14:00,Full,First 30,JE,No fish,,,,,,
2024,3/22/2024,14:30,Full,Second 30,JE,No fish,,,,,,
2024,3/22/2024,15:00,Full,First 30,JE,No fish,,,,,,
2024,3/22/2024,15:30,Full,Second 30,JE,15:40:32,3213,upstream,13.97,67,1,
2024,3/22/2024,15:30,Full,Second 30,JE,15:40:35,3228,upstream,13.12,65,1,
2024,3/22/2024,15:30,Full,Second 30,JE,15:48:57,5800,upstream,7.11,60.6,1,
2024,3/22/2024,15:30,Full,Second 30,JE,15:48:58,5804,upstream,7.21,59.6,1,
2024,3/22/2024,15:30,Full,Second 30,JE,15:48:59,5810,upstream,7.39,52,1,
2024,3/22/2024,16:00,Full,First 30,JE,No fish,,,,,,
2024,3/22/2024,16:30,Full,Second 30,JE,No fish,,,,,,
2024,3/22/2024,17:00,Full,First 30,JE,No fish,,,,,,
2024,3/22/2024,17:30,Full,Second 30,JE,No fish,,,,,,
2024,3/22/2024,18:00,Full,First 30,JE,No fish,,,,,,
2024,3/22/2024,18:30,Full,Second 30,JE,No fish,,,,,,
2024,3/22/2024,19:00,Full,First 30,JE,No fish,,,,,,
2024,3/22/2024,19:30,Full,Second 30,JE,19:56:16,8072,downstream,10.94,72,1,
2024,3/22/2024,20:00,Full,First 30,JE,20:11:17,3460,upstream,19.33,56.1,1,
2024,3/22/2024,20:00,Full,First 30,JE,20:28:44,8828,downstream,8.3,56.2,1,
2024,3/22/2024,20:00,Full,First 30,JE,20:29:15,8984,upstream,14.85,57.6,1,
2024,3/22/2024,20:30,Full,Second 30,JE,20:33:07,949,upstream,15.39,69.2,1,
2024,3/22/2024,20:30,Full,Second 30,JE,20:44:14,4374,downstream,11.86,62.5,1,
2024,3/22/2024,20:30,Full,Second 30,JE,20:44:23,4419,downstream,9.35,65.7,1,
2024,3/22/2024,21:00,Full,First 30,JE,21:10:55,3338,upstream,9.61,71.7,1,
2024,3/22/2024,21:00,Full,First 30,JE,21:22:44,6947,downstream,13.99,68.9,1,
2024,3/22/2024,21:30,Full,Second 30,JE,No fish,,,,,,
2024,3/22/2024,22:00,Full,First 30,JE,22:27:24,8463,upstream,14.9,64.9,1,
2024,3/22/2024,22:30,Full,Second 30,JE,22:30:50,261,downstream,15.81,61.7,1,
2024,3/22/2024,22:30,Full,Second 30,JE,22:33:27,1062,upstream,8.93,62,1,
2024,3/22/2024,23:00,Full,First 30,JE,No fish,,,,,,
2024,3/22/2024,23:30,Full,Second 30,JE,23:58:45,8849,upstream,12.65,58.6,1,
2024,3/22/2024,23:30,Full,Second 30,JE,23:59:04,8946,upstream,10.65,65.6,1,
2024,3/22/2024,23:30,Full,Second 30,JE,23:59:10,8975,upstream,10.83,70,1,
2024,3/23/2024,0:00,Full,First 30,JE,0:24:37,7580,downstream,11.36,70.8,1,
2024,3/23/2024,0:30,Full,Second 30,JE,No fish,,,,,,
2024,3/23/2024,1:00,Full,First 30,JE,No fish,,,,,,
2024,3/23/2024,1:30,Full,Second 30,JE,No fish,,,,,,
2024,3/23/2024,2:00,Full,First 30,JE,2:18:06,5570,downstream,11.46,63.8,1,
2024,3/23/2024,2:00,Full,First 30,JE,2:22:36,6950,upstream,7.92,61.3,1,
2024,3/23/2024,2:30,Full,Second 30,JE,2:30:43,211,upstream,17.18,62.7,1,
2024,3/23/2024,2:30,Full,Second 30,JE,2:32:15,685,downstream,10.2,80,1,
2024,3/23/2024,2:30,Full,Second 30,JE,2:47:58,5536,upstream,10.23,75,1,
2024,3/23/2024,3:00,Full,First 30,JE,No fish,,,,,,
2024,3/23/2024,3:30,Full,Second 30,JE,No fish,,,,,,
2024,3/23/2024,4:00,Full,First 30,JE,4:16:51,5197,upstream,15.38,67,1,
2024,3/23/2024,4:00,Full,First 30,JE,4:28:38,8808,downstream,15.39,58,1,
2024,3/23/2024,4:30,Full,Second 30,JE,No fish,,,,,,
2024,3/23/2024,5:00,Full,First 30,JE,No fish,,,,,,
2024,3/23/2024,5:30,Full,Second 30,JE,No fish,,,,,,
2024,3/23/2024,6:00,Full,First 30,JE,No fish,,,,,,
2024,3/23/2024,6:30,Full,Second 30,JE,6:54:58,7713,downstream,11.2,65.7,1,
2024,3/23/2024,7:00,Full,First 30,JE,No fish,,,,,,
2024,3/23/2024,7:30,Full,Second 30,JE,No fish,,,,,,
2024,3/23/2024,8:00,Full,First 30,JE,No fish,,,,,,
2024,3/23/2024,8:30,Full,Second 30,JE,No fish,,,,,,
2024,3/23/2024,9:00,Full,First 30,JE,No fish,,,,,,
2024,3/23/2024,9:30,Full,Second 30,JE,No fish,,,,,,
2024,3/23/2024,10:00,Full,First 30,JE,No fish,,,,,,
2024,3/23/2024,10:30,Full,Second 30,JE,No fish,,,,,,
2024,3/23/2024,11:00,Full,First 30,JE,No fish,,,,,,
2024,3/23/2024,11:30,Full,Second 30,JE,No fish,,,,,,
2024,3/23/2024,12:00,Full,First 30,JE,No fish,,,,,,
2024,3/23/2024,12:30,Full,Second 30,JE,No fish,,,,,,
2024,3/23/2024,13:00,Full,First 30,JE,No fish,,,,,,
2024,3/23/2024,13:30,Full,Second 30,JE,No fish,,,,,,
2024,3/23/2024,14:00,Full,First 30,JE,No fish,,,,,,
2024,3/23/2024,14:30,Full,Second 30,JE,14:53:41,7235,upstream,7.28,61.7,1,
2024,3/23/2024,14:30,Full,Second 30,JE,14:53:44,7248,upstream,6.92,68.3,1,
2024,3/23/2024,15:00,Full,First 30,JE,No fish,,,,,,
2024,3/23/2024,15:30,Full,Second 30,JE,No fish,,,,,,
2024,3/23/2024,16:00,Full,First 30,JE,No fish,,,,,,
2024,3/23/2024,16:30,Full,Second 30,JE,No fish,,,,,,
2024,3/23/2024,17:00,Full,First 30,JE,No fish,,,,,,
2024,3/23/2024,17:30,Full,Second 30,JE,No fish,,,,,,
2024,3/23/2024,18:00,Full,First 30,JE,No fish,,,,,,
2024,3/23/2024,18:30,Full,Second 30,JE,No fish,,,,,,
2024,3/23/2024,19:00,Full,First 30,JE,No fish,,,,,,
2024,3/23/2024,19:30,Full,Second 30,JE,19:41:52,3663,upstream,11.78,70.3,1,
2024,3/23/2024,19:30,Full,Second 30,JE,19:55:08,7741,upstream,15.26,53.7,1,
2024,3/23/2024,20:00,Full,First 30,JE,20:00:02,6,upstream,15.26,67.3,1,
2024,3/23/2024,20:00,Full,First 30,JE,20:06:57,2115,upstream,6.87,63.3,1,
2024,3/23/2024,20:00,Full,First 30,JE,20:14:31,4452,downstream,13.44,46.7,1,
2024,3/23/2024,20:30,Full,Second 30,JE,20:42:28,3802,upstream,15.67,63.5,1,
2024,3/23/2024,20:30,Full,Second 30,JE,20:48:50,5765,downstream,4.82,63.8,1,
2024,3/23/2024,20:30,Full,Second 30,JE,20:57:22,8376,upstream,15.38,67.2,1,
2024,3/23/2024,21:00,Full,First 30,JE,21:08:51,2695,downstream,9.36,74.1,1,
2024,3/23/2024,21:00,Full,First 30,JE,21:20:25,6252,upstream,15.78,60.5,1,
2024,3/23/2024,21:30,Full,Second 30,JE,21:36:23,1953,downstream,9.72,58.2,1,
2024,3/23/2024,21:30,Full,Second 30,JE,21:39:17,2844,upstream,7.27,71.4,1,
2024,3/23/2024,21:30,Full,Second 30,JE,21:44:18,4382,upstream,16.11,48.1,1,
2024,3/23/2024,22:00,Full,First 30,JE,No fish,,,,,,
2024,3/23/2024,22:30,Full,Second 30,JE,No fish,,,,,,
2024,3/23/2024,23:00,Full,First 30,JE,23:16:58,5216,upstream,11.09,72.5,1,
2024,3/23/2024,23:30,Full,Second 30,JE,23:53:51,7347,downstream,13.78,62.1,1,
2024,3/23/2024,23:30,Full,Second 30,JE,23:57:39,8511,downstream,8.75,59.6,1,
2024,3/24/2024,0:00,Full,First 30,JE,No fish,,,,,,
2024,3/24/2024,0:30,Full,Second 30,JE,0:39:14,2820,upstream,13.23,62.1,1,
2024,3/24/2024,1:00,Full,First 30,JE,No fish,,,,,,
2024,3/24/2024,1:30,Full,Second 30,JE,No fish,,,,,,
2024,3/24/2024,2:00,Full,First 30,JE,2:02:57,893,downstream,9.06,78.5,1,
2024,3/24/2024,2:00,Full,First 30,JE,2:10:05,3102,upstream,15.22,77.1,1,
2024,3/24/2024,2:00,Full,First 30,JE,2:22:18,6858,downstream,5.94,60.3,1,
2024,3/24/2024,2:00,Full,First 30,JE,2:23:11,7129,downstream,5.92,57.1,1,
2024,3/24/2024,2:30,Full,Second 30,JE,2:42:22,3797,upstream,11.79,75.4,1,
2024,3/24/2024,3:00,Full,First 30,JE,No fish,,,,,,
2024,3/24/2024,3:30,Full,Second 30,JE,3:44:53,4567,upstream,13.57,59.1,1,
2024,3/24/2024,4:00,Full,First 30,JE,No fish,,,,,,
2024,3/24/2024,4:30,Full,Second 30,JE,No fish,,,,,,
2024,3/24/2024,5:00,Full,First 30,JE,5:27:57,8595,downstream,9.6,71.4,1,
2024,3/24/2024,5:30,Full,Second 30,JE,No fish,,,,,,
2024,3/24/2024,6:00,Full,First 30,JE,No fish,,,,,,
2024,3/24/2024,6:30,Full,Second 30,JE,No fish,,,,,,
2024,3/24/2024,7:00,Full,First 30,JE,No fish,,,,,,
2024,3/24/2024,7:30,Full,Second 30,JE,No fish,,,,,,
2024,3/24/2024,8:00,Full,First 30,JE,No fish,,,,,,
2024,3/24/2024,8:30,Full,Second 30,JE,No fish,,,,,,
2024,3/24/2024,9:00,Full,First 30,JE,No fish,,,,,,
2024,3/24/2024,9:30,Full,Second 30,JE,No fish,,,,,,
2024,3/24/2024,10:00,Full,First 30,JE,No fish,,,,,,
2024,3/24/2024,10:30,Full,Second 30,JE,No fish,,,,,,
2024,3/24/2024,11:00,Full,First 30,JE,No fish,,,,,,
2024,3/24/2024,11:30,Full,Second 30,JE,No fish,,,,,,
2024,3/24/2024,12:00,Full,First 30,JE,No fish,,,,,,
2024,3/24/2024,12:30,Full,Second 30,JE,No fish,,,,,,
2024,3/24/2024,13:00,Full,First 30,JE,No fish,,,,,,
2024,3/24/2024,13:30,Full,Second 30,JE,No fish,,,,,,
2024,3/24/2024,14:00,Full,First 30,JE,No fish,,,,,,
2024,3/24/2024,14:30,Full,Second 30,JE,No fish,,,,,,
2024,3/24/2024,15:00,Full,First 30,JE,No fish,,,,,,
2024,3/24/2024,15:30,Full,Second 30,JE,No fish,,,,,,
2024,3/24/2024,16:00,Full,First 30,JE,No fish,,,,,,
2024,3/24/2024,16:30,Full,Second 30,JE,No fish,,,,,,
2024,3/24/2024,17:00,Full,First 30,JE,No fish,,,,,,
2024,3/24/2024,17:30,Full,Second 30,JE,No fish,,,,,,
2024,3/24/2024,18:00,Full,First 30,JE,No fish,,,,,,
2024,3/24/2024,18:30,Full,Second 30,JE,No fish,,,,,,
2024,3/24/2024,19:00,Full,First 30,JE,No fish,,,,,,
2024,3/24/2024,19:30,Full,Second 30,JE,No fish,,,,,,
2024,3/24/2024,20:00,Full,First 30,JE,20:01:58,599,upstream,14,56.7,1,
2024,3/24/2024,20:00,Full,First 30,JE,20:02:26,734,upstream,15.63,56.4,1,
2024,3/24/2024,20:00,Full,First 30,JE,20:08:56,2734,upstream,12,52,1,
2024,3/24/2024,20:30,Full,Second 30,JE,20:38:11,2481,downstream,9.23,60.3,1,
2024,3/24/2024,20:30,Full,Second 30,JE,20:59:16,8962,upstream,14.82,73.6,1,
2024,3/24/2024,21:00,Full,First 30,JE,21:03:05,931,downstream,6.71,59.6,1,
2024,3/24/2024,21:00,Full,First 30,JE,21:13:27,4117,upstream,11.45,68,1,
2024,3/24/2024,21:00,Full,First 30,JE,21:26:38,8142,upstream,14.21,58.5,1,
2024,3/24/2024,21:00,Full,First 30,JE,21:26:39,8150,upstream,14.2,64.5,1,
2024,3/24/2024,21:00,Full,First 30,JE,21:26:44,8175,upstream,13.73,60,1,Three fish all travelling US together 
2024,3/24/2024,21:30,Full,Second 30,JE,21:37:53,2412,upstream,7.04,62.7,1,
2024,3/24/2024,21:30,Full,Second 30,JE,21:57:36,8498,upstream,16.63,52.8,1,
2024,3/24/2024,22:00,Full,First 30,JE,22:06:50,2104,downstream,12.8,60.6,1,
2024,3/24/2024,22:00,Full,First 30,JE,22:10:16,3149,upstream,7.25,61.5,1,
2024,3/24/2024,22:00,Full,First 30,JE,22:14:59,4587,upstream,10.32,71.7,1,
2024,3/24/2024,22:00,Full,First 30,JE,22:15:20,4700,upstream,16.34,52.4,1,
2024,3/24/2024,22:00,Full,First 30,JE,22:15:30,4748,upstream,14.38,75.9,1,
2024,3/24/2024,22:00,Full,First 30,JE,22:21:33,6613,downstream,14.75,63.5,1,
2024,3/24/2024,22:00,Full,First 30,JE,22:24:51,7623,upstream,15.26,64.1,1,
2024,3/24/2024,22:30,Full,Second 30,JE,22:30:48,242,upstream,8.16,68.8,1,
2024,3/24/2024,23:00,Full,First 30,JE,23:01:21,406,upstream,7.23,61,1,
2024,3/24/2024,23:00,Full,First 30,JE,23:07:11,2188,upstream,11.26,66.8,1,
2024,3/24/2024,23:00,Full,First 30,JE,23:07:17,2223,upstream,11.46,56.6,1,
2024,3/24/2024,23:30,Full,Second 30,JE,No fish,,,,,,
2024,3/25/2024,0:00,Full,First 30,BP,0:25:25,7828,upstream,11.28,82.20,1,
2024,3/25/2024,0:00,Full,First 30,BP,0:26:51,8272,upstream,15.00,70.90,1,
2024,3/25/2024,0:30,Full,No review,,,,,,,,
2024,3/25/2024,1:00,Full,First 30,BP,1:16:49,5172,upstream,13.59,63.50,1,
2024,3/25/2024,1:00,Full,First 30,BP,1:16:49,5172,upstream,13.91,58.80,1,2 fish paired up
2024,3/25/2024,1:00,Full,First 30,BP,1:22:15,6847,downstream,11.81,76.90,1,
2024,3/25/2024,1:30,Full,No review,,,,,,,,
2024,3/25/2024,2:00,Full,First 30,BP,2:06:07,1878,upstream,10.57,73.30,1,
2024,3/25/2024,2:30,Full,No review,,,,,,,,
2024,3/25/2024,3:00,Full,First 30,BP,3:04:29,1378,upstream,9.17,72.30,1,
2024,3/25/2024,3:30,Full,No review,,,,,,,,
2024,3/25/2024,4:00,Full,First 30,BP,4:20:27,6245,upstream,14.63,83.10,1,
2024,3/25/2024,4:00,Full,First 30,BP,4:24:51,7603,upstream,13.66,84.50,1,
2024,3/25/2024,4:30,Full,No review,,,,,,,,
2024,3/25/2024,5:00,Full,First 30,BP,5:03:47,1134,downstream,8.72,61.30,1,
2024,3/25/2024,5:00,Full,First 30,BP,5:04:07,1238,downstream,14.49,68.70,1,
2024,3/25/2024,5:30,Full,No review,,,,,,,,
2024,3/25/2024,6:00,Full,First 30,BP,6:01:10,3429,upstream,9.92,70.20,1,2 fish paired up
2024,3/25/2024,6:00,Full,First 30,BP,6:08:52,2720,downstream,11.41,58.70,1,2 fish paired up
2024,3/25/2024,6:00,Full,First 30,BP,6:08:53,2726,downstream,11.77,53.70,1,2 fish paired up
2024,3/25/2024,6:00,Full,First 30,BP,6:11:01,3379,upstream,8.46,58.70,1,2 fish paired up
2024,3/25/2024,6:30,Full,No review,,,,,,,,
2024,3/25/2024,7:00,Full,First 30,BP,No fish,,,,,,
2024,3/25/2024,7:30,Full,No review,,,,,,,,
2024,3/25/2024,8:00,Full,First 30,BP,8:00:51,254,downstream,4.22,46.60,2,"fishiest image I've seen this close to array, but still not positive. B keep at 2, bubbles"
2024,3/25/2024,8:30,Full,No review,,,,,,,,
2024,3/25/2024,9:00,Full,First 30,BP,No fish,,,,,,
2024,3/25/2024,9:30,Full,No review,,,,,,,,
2024,3/25/2024,10:00,Full,First 30,BP,No fish,,,,,,
2024,3/25/2024,10:30,Full,No review,,,,,,,,
2024,3/25/2024,11:00,Full,First 30,BP,No fish,,,,,,
2024,3/25/2024,11:30,Full,No review,,,,,,,,
2024,3/25/2024,12:00,Full,First 30,BP,12:23:02,7092,downstream,4.20,46.40,2,B keep at 2. looks like bubbles
2024,3/25/2024,12:30,Full,No review,,,,,,,,
2024,3/25/2024,13:00,Full,First 30,BP,No fish,,,,,,
2024,3/25/2024,13:30,Full,No review,,,,,,,,
2024,3/25/2024,14:00,Full,First 30,BP,No fish,,,,,,
2024,3/25/2024,14:30,Full,No review,,,,,,,,
2024,3/25/2024,15:00,Full,First 30,BP,No fish,,,,,,
2024,3/25/2024,15:30,Full,No review,,,,,,,,
2024,3/25/2024,16:00,Full,First 30,BP,16:05:09,1585,upstream,9.12,71.30,1,
2024,3/25/2024,16:00,Full,First 30,BP,16:22:44,6973,upstream,10.28,52.50,1,
2024,3/25/2024,16:30,Full,No review,,,,,,,,
2024,3/25/2024,17:00,Full,First 30,BP,No fish,,,,,,
2024,3/25/2024,17:30,Full,No review,,,,,,,,
2024,3/25/2024,18:00,Full,First 30,BP,No fish,,,,,,
2024,3/25/2024,18:30,Full,No review,,,,,,,,
2024,3/25/2024,19:00,Full,First 30,BP,No fish,,,,,,
2024,3/25/2024,19:30,Full,No review,,,,,,,,
2024,3/25/2024,20:00,Full,First 30,BP,20:08:19,2552,downstream,10.40,69.40,2,sure it's a fish but can't tell if it passes all the way through
2024,3/25/2024,20:00,Full,First 30,BP,20:13:06,409,upstream,14.58,65.20,1,
2024,3/25/2024,20:00,Full,First 30,,20:24:04,7584,upstream,9.60,79.90,1,
2024,3/25/2024,20:00,Full,First 30,,20:24:04,7584,upstream,9.60,79.90,1,
2024,3/25/2024,20:30,Full,No review,,,,,,,,
2024,3/25/2024,21:00,Full,First 30,BP,21:12:57,3967,upstream,15.94,61.50,1,
2024,3/25/2024,21:00,Full,First 30,BP,21:14:41,4495,upstream,7.25,68.30,1,
2024,3/25/2024,21:30,Full,No review,,,,,,,,
2024,3/25/2024,22:00,Full,First 30,BP,22:22:44,6983,upstream,12.52,59.60,1,
2024,3/25/2024,22:30,Full,No review,,,,,,,,
2024,3/25/2024,23:00,Full,First 30,BP,23:00:06,26,downstream,8.63,71.20,2,"sure it's a fish, but not sure if it passed all the way through beams. Checked 2230000 file but no track lined up with time."
2024,3/25/2024,23:00,Full,First 30,BP,23:20:05,6162,upstream,13.04,66.50,1,
2024,3/25/2024,23:00,Full,First 30,BP,23:20:41,6327,upstream,8.63,67.30,1,
2024,3/25/2024,23:30,Full,No review,,,,,,,,
2024,3/26/2024,0:00,Full,First 30,BP,0:06:40,2041,upstream,14.91,60.70,1,
2024,3/26/2024,0:00,Full,First 30,BP,0:12:05,3708,downstream,15.12,63.10,1,this may be the same fish recorded above
2024,3/26/2024,0:00,Full,First 30,BP,0:14:01,4306,upstream,16.61,52.60,1,
2024,3/26/2024,0:30,Full,No review,,,,,,,,
2024,3/26/2024,1:00,Full,First 30,BP,No fish,,,,,,
2024,3/26/2024,1:30,Full,No review,,,,,,,,
2024,3/26/2024,2:00,Full,First 30,BP,2:00:02,8,downstream,8.73,62.00,1,
2024,3/26/2024,2:00,Full,First 30,BP,2:14:44,4534,upstream,15.31,75.00,1,
2024,3/26/2024,2:00,Full,First 30,BP,2:14:49,4563,upstream,15.65,65.00,1,
2024,3/26/2024,2:00,Full,First 30,BP,2:15:12,4676,upstream,10.35,76.60,1,
2024,3/26/2024,2:00,Full,First 30,BP,2:15:24,4738,upstream,11.50,60.30,1,
2024,3/26/2024,2:00,Full,First 30,BP,2:18:24,5660,downstream,14.81,60.70,1,this could be the last fish above. Hard to see.
2024,3/26/2024,2:00,Full,First 30,BP,2:21:11,6515,upstream,13.83,72.50,1,
2024,3/26/2024,2:00,Full,First 30,BP,2:21:21,6564,downstream,12.67,71.00,1,
2024,3/26/2024,2:30,Full,No review,,,,,,,,
2024,3/26/2024,3:00,Full,First 30,BP,3:18:48,5761,upstream,11.01,68.60,1,
2024,3/26/2024,3:30,Full,No review,,,,,,,,
2024,3/26/2024,4:00,Full,First 30,BP,No fish,,,,,,
2024,3/26/2024,4:30,Full,No review,,,,,,,,
2024,3/26/2024,5:00,Full,First 30,BP,5:11:23,3500,downstream,4.73,54.60,1,
2024,3/26/2024,5:00,Full,First 30,BP,5:18:21,5647,upstream,7.17,65.10,1,
2024,3/26/2024,5:30,Full,No review,,,,,,,,
2024,3/26/2024,6:00,Full,First 30,BP,6:24:27,7548,downstream,10.71,66.70,2,moved very fast through beams; can't be sure what it is
2024,3/26/2024,6:30,Full,No review,,,,,,,,
2024,3/26/2024,7:00,Full,First 30,BP,No fish,,,,,,
2024,3/26/2024,7:30,Full,No review,,,,,,,,
2024,3/26/2024,8:00,Full,First 30,BP,No fish,,,,,,
2024,3/26/2024,8:30,Full,No review,,,,,,,,
2024,3/26/2024,9:00,Full,First 30,BP,No fish,,,,,3,I think there are some ducks or other small animals (no fish) in this file. 2 groups going upstream
2024,3/26/2024,9:30,Full,No review,,,,,,,,
2024,3/26/2024,10:00,Full,First 30,BP,10:27:20,8426,downstream,4.23,51.40,2,"imagery isn't very clear, can't really tell.B keep at 2. bubbles"
2024,3/26/2024,10:30,Full,No review,,,,,,,,
2024,3/26/2024,11:00,Full,First 30,BP,No fish,,,,,,
2024,3/26/2024,11:30,Full,No review,,,,,,,,
2024,3/26/2024,11:30,Full,No review,,,,,,,,
2024,3/26/2024,12:00,Full,First 30,BP,No fish,,,,,,
2024,3/26/2024,12:30,Full,No review,,,,,,,,
2024,3/26/2024,12:30,Full,No review,,,,,,,,
2024,3/26/2024,13:00,Full,First 30,BP,No fish,,,,,,
2024,3/26/2024,13:30,Full,No review,,,,,,,,
2024,3/26/2024,13:30,Full,No review,,,,,,,,
2024,3/26/2024,14:00,Full,First 30,BP,No fish,,,,,,
2024,3/26/2024,14:30,Full,No review,,,,,,,,
2024,3/26/2024,15:00,Full,First 30,BP,No fish,,,,,,
2024,3/26/2024,15:30,Full,No review,,,,,,,,
2024,3/26/2024,16:00,Full,First 30,BP,16:24:51,7600,upstream,6.50,59.50,1,3 fish moving together
2024,3/26/2024,16:00,Full,First 30,BP,16:24:52,7610,upstream,6.52,70.00,1,3 fish moving together
2024,3/26/2024,16:00,Full,First 30,BP,16:24:54,7617,upstream,6.32,64.80,1,3 fish moving together
2024,3/26/2024,16:00,Full,First 30,BP,16:27:09,8317,downstream,9.78,71.50,1,I believe these are likely the same 3 fish counted above; hard to measure individuals
2024,3/26/2024,16:30,Full,No review,,,,,,,,
2024,3/26/2024,17:00,Full,First 30,BP,No fish,,,,,,
2024,3/26/2024,17:30,Full,No review,,,,,,,,
2024,3/26/2024,18:00,Full,First 30,BP,No fish,,,,,,
2024,3/26/2024,18:30,Full,No review,,,,,,,,
2024,3/26/2024,19:00,Full,First 30,BP,19:11:17,3456,upstream,11.59,64.80,1,
2024,3/26/2024,19:00,Full,First 30,BP,19:14:03,4304,downstream,5.82,56.40,1,
2024,3/26/2024,19:00,Full,First 30,BP,19:18:19,5600,downstream,8.10,53.80,2,moved very fast through beams; can't be sure what it is
2024,3/26/2024,19:30,Full,No review,,,,,,,,
2024,3/26/2024,20:00,Full,First 30,BP,20:11:48,3601,downstream,9.81,62.00,2,moved very fast through beams; can't be sure what it is
2024,3/26/2024,20:00,Full,First 30,BP,20:24:27,7511,upstream,10.34,63.80,1,
2024,3/26/2024,20:30,Full,No review,,,,,,,,
2024,3/26/2024,21:00,Full,First 30,BP,21:01:38,500,upstream,8.35,67.30,1,
2024,3/26/2024,21:00,Full,First 30,BP,21:05:57,1821,upstream,14.63,92.80,1,
2024,3/26/2024,21:00,Full,First 30,BP,21:14:15,4367,downstream,6.44,74.20,1,
2024,3/26/2024,21:00,Full,First 30,BP,21:17:44,5450,upstream,7.10,67.60,1,
2024,3/26/2024,21:00,Full,First 30,BP,21:18:24,5654,upstream,20.09,69.60,2,BC changed to 2
2024,3/26/2024,21:00,Full,First 30,BP,21:27:59,8594,upstream,14.93,87.70,1,
2024,3/26/2024,21:00,Full,First 30,BP,21:28:06,8630,upstream,9.31,58.60,1,
2024,3/26/2024,21:00,Full,First 30,BP,21:29:58,9218,upstream,14.83,66.00,1,
2024,3/26/2024,21:30,Full,No review,,,,,,,,
2024,3/26/2024,22:00,Full,First 30,BP,22:03:46,1147,upstream,6.12,72.90,1,
2024,3/26/2024,22:00,Full,First 30,BP,22:15:59,4913,upstream,19.70,82.40,2,BC changed to 2
2024,3/26/2024,22:00,Full,First 30,BP,22:22:37,6942,upstream,16.85,47.30,1,
2024,3/26/2024,22:30,Full,No review,,,,,,,,
2024,3/26/2024,23:00,Full,First 30,BP,23:05:38,1739,downstream,13.77,95.70,1,
2024,3/26/2024,23:00,Full,First 30,BP,23:18:18,5627,upstream,8.13,67.90,1,
2024,3/26/2024,23:00,Full,First 30,BP,23:27:37,8481,upstream,8.77,85.40,1,
2024,3/26/2024,23:30,Full,No review,,,,,,,,
2024,3/27/2024,0:00,Full,First 30,AS,No fish,,,,,,
2024,3/27/2024,0:30,Full,Second 30,AS,0:31:24,427,upstream,7.32,72.3,1,
2024,3/27/2024,1:00,Full,First 30,AS,1:27:00,8319,downstream,14.66,81.2,1,
2024,3/27/2024,1:30,Full,Second 30,AS,1:40:37,3249,upstream,15.54,65,1,
2024,3/27/2024,1:30,Full,Second 30,AS,1:43:55,4270,upstream,10.95,83.8,1,
2024,3/27/2024,2:00,Full,First 30,AS,2:24:10,7451,downstream,8.59,83.6,1,
2024,3/27/2024,2:00,Full,First 30,AS,2:25:41,7921,downstream,14.3,70,1,
2024,3/27/2024,2:30,Full,Second 30,AS,2:37:17,2249,upstream,11.41,82.2,1,
2024,3/27/2024,2:30,Full,Second 30,AS,2:38:44,2693,downstream,8.15,82.5,1,
2024,3/27/2024,2:30,Full,Second 30,AS,2:57:28,8464,downstream,15.5,73.1,1,
2024,3/27/2024,2:30,Full,Second 30,AS,2:58:04,8655,upstream,16.28,73.1,1,
2024,3/27/2024,3:00,Full,First 30,AS,3:11:06,3407,upstream,14.97,72.3,1,
2024,3/27/2024,3:30,Full,Second 30,AS,No fish,,,,,,
2024,3/27/2024,4:00,Full,First 30,AS,No fish,,,,,,
2024,3/27/2024,4:30,Full,Second 30,AS,4:41:05,3411,upstream,13.14,79.7,1,
2024,3/27/2024,5:00,Full,First 30,AS,No fish,,,,,,
2024,3/27/2024,5:30,Full,Second 30,AS,No fish,,,,,,
2024,3/27/2024,6:00,Full,First 30,AS,6:15:29,4776,downstream,13.3,54.6,1,
2024,3/27/2024,6:00,Full,First 30,AS,6:26:25,8142,downstream,13.17,76,1,
2024,3/27/2024,6:30,Full,Second 30,AS,6:34:15,1306,downstream,8.03,76.8,1,
2024,3/27/2024,6:30,Full,Second 30,AS,6:50:45,6399,upstream,9.98,66.6,1,
2024,3/27/2024,7:00,Full,First 30,AS,No fish,,,,,,
2024,3/27/2024,7:30,Full,Second 30,AS,No fish,,,,,,
2024,3/27/2024,8:00,Full,First 30,AS,No fish,,,,,,
2024,3/27/2024,8:30,Full,Second 30,AS,No fish,,,,,,
2024,3/27/2024,9:00,Full,First 30,AS,No fish,,,,,,
2024,3/27/2024,9:30,Full,Second 30,AS,No fish,,,,,,
2024,3/27/2024,10:00,Full,First 30,AS,No fish,,,,,,
2024,3/27/2024,10:30,Full,Second 30,AS,No fish,,,,,,
2024,3/27/2024,11:00,Full,First 30,AS,No fish,,,,,,
2024,3/27/2024,11:30,Full,Second 30,AS,No fish,,,,,,
2024,3/27/2024,12:00,Full,First 30,AS,No fish,,,,,,
2024,3/27/2024,12:30,Full,Second 30,AS,No fish,,,,,,
2024,3/27/2024,13:00,Full,First 30,AS,No fish,,,,,,
2024,3/27/2024,13:30,Full,Second 30,AS,No fish,,,,,,
2024,3/27/2024,14:00,Full,First 30,AS,No fish,,,,,,
2024,3/27/2024,14:30,Full,Second 30,AS,No fish,,,,,,
2024,3/27/2024,15:00,Full,First 30,AS,No fish,,,,,,
2024,3/27/2024,15:30,Full,Second 30,AS,No fish,,,,,,
2024,3/27/2024,16:00,Full,First 30,AS,No fish,,,,,,
2024,3/27/2024,16:30,Full,Second 30,AS,No fish,,,,,,
2024,3/27/2024,17:00,Full,First 30,AS,17:24:17,7422,downstream,10.47,56.2,1,
2024,3/27/2024,17:30,Full,Second 30,AS,No fish,,,,,,
2024,3/27/2024,18:00,Full,First 30,AS,No fish,,,,,,
2024,3/27/2024,18:30,Full,Second 30,AS,No fish,,,,,,
2024,3/27/2024,19:00,Full,First 30,AS,No fish,,,,,,
2024,3/27/2024,19:30,Full,Second 30,AS,19:50:15,6220,downstream,11.42,58,1,
2024,3/27/2024,19:30,Full,Second 30,AS,19:57:03,8327,downstream,13.8,59.5,1,
2024,3/27/2024,20:00,Full,First 30,AS,20:17:41,5434,downstream,14.4,52.9,1,
2024,3/27/2024,20:00,Full,First 30,AS,20:21:13,6516,downstream,6.67,61.1,1,
2024,3/27/2024,20:00,Full,First 30,AS,20:22:10,6814,upstream,6.42,60.4,1,
2024,3/27/2024,20:30,Full,Second 30,AS,20:32:23,718,upstream,8.18,82.9,1,
2024,3/27/2024,20:30,Full,Second 30,AS,20:46:33,5085,upstream,10.6,84.3,1,
2024,3/27/2024,20:30,Full,Second 30,AS,20:53:19,7162,downstream,14.85,84,1,
2024,3/27/2024,21:00,Full,First 30,AS,21:00:03,8,upstream,10.65,82,1,
2024,3/27/2024,21:00,Full,First 30,AS,21:06:25,1947,upstream,6.38,52.1,1,
2024,3/27/2024,21:00,Full,First 30,AS,21:06:28,1963,upstream,11.73,86.4,1,
2024,3/27/2024,21:00,Full,First 30,AS,21:12:41,3867,downstream,7.57,83.4,1,
2024,3/27/2024,21:00,Full,First 30,AS,21:15:27,4723,downstream,9.48,82.5,1,
2024,3/27/2024,21:00,Full,First 30,AS,21:16:01,4899,downstream,10.31,84,1,
2024,3/27/2024,21:00,Full,First 30,AS,21:19:19,5928,upstream,16.01,58.1,1,
2024,3/27/2024,21:00,Full,First 30,AS,21:25:38,7877,downstream,14.49,84,1,
2024,3/27/2024,21:30,Full,Second 30,AS,21:32:02,610,downstream,5.45,65.5,1,
2024,3/27/2024,21:30,Full,Second 30,AS,21:32:44,819,upstream,7.2,69.1,1,
2024,3/27/2024,21:30,Full,Second 30,AS,21:32:53,864,upstream,8.47,87.3,1,
2024,3/27/2024,22:00,Full,First 30,AS,22:00:07,30,upstream,15.46,85.1,1,
2024,3/27/2024,22:30,Full,Second 30,AS,22:31:33,458,upstream,8.26,74,1,
2024,3/27/2024,22:30,Full,Second 30,AS,22:55:15,7723,upstream,7.06,69.7,1,
2024,3/27/2024,23:00,Full,First 30,AS,No fish,,,,,,
2024,3/27/2024,23:30,Full,Second 30,AS,23:39:24,2882,upstream,9.04,64,1,
2024,3/27/2024,23:30,Full,Second 30,AS,23:58:31,8783,downstream,11.16,86,1,
2024,3/28/2024,0:00,Full,First 30,AS,0:02:28,736,upstream,14.45,49.9,1,
2024,3/28/2024,0:00,Full,First 30,AS,0:28:49,8832,upstream,18.06,71.8,1,
2024,3/28/2024,0:30,Full,Second 30,AS,No fish,,,,,,
2024,3/28/2024,1:00,Full,First 30,AS,1:15:26,4755,downstream,14.38,65.4,1,
2024,3/28/2024,1:00,Full,First 30,AS,1:20:28,6310,downstream,12.61,69.6,1,
2024,3/28/2024,1:00,Full,First 30,AS,1:22:55,7064,downstream,10.19,70.8,1,
2024,3/28/2024,1:00,Full,First 30,AS,1:26:01,8021,downstream,15.11,66.3,1,
2024,3/28/2024,1:30,Full,Second 30,AS,No fish,,,,,,
2024,3/28/2024,2:00,Full,First 30,AS,No fish,,,,,,
2024,3/28/2024,2:30,Full,Second 30,AS,2:37:44,2374,upstream,16.96,69.9,1,
2024,3/28/2024,2:30,Full,Second 30,AS,2:51:56,6740,upstream,15.29,70.5,1,
2024,3/28/2024,3:00,Full,First 30,AS,3:21:30,6581,upstream,7.9,69.4,1,
2024,3/28/2024,3:30,Full,Second 30,AS,3:39:38,2963,upstream,15.59,85.6,1,
2024,3/28/2024,3:30,Full,Second 30,AS,3:49:27,6002,downstream,9.59,54.7,1,
2024,3/28/2024,3:30,Full,Second 30,AS,3:50:39,6372,downstream,13.72,78.1,1,
2024,3/28/2024,3:30,Full,Second 30,AS,3:52:30,6940,upstream,10.99,79.5,1,
2024,3/28/2024,4:00,Full,First 30,AS,No fish,,,,,,
2024,3/28/2024,4:30,Full,Second 30,AS,No fish,,,,,,
2024,3/28/2024,5:00,Full,First 30,AS,5:22:49,6998,upstream,6.42,73.7,1,
2024,3/28/2024,5:30,Full,Second 30,AS,No fish,,,,,,
2024,3/28/2024,6:00,Full,First 30,AS,6:19:18,5914,upstream,15.3,51.2,1,
2024,3/28/2024,6:30,Full,Second 30,AS,No fish,,,,,,
2024,3/28/2024,7:00,Full,First 30,AS,7:03:18,1002,upstream,11.22,47.2,1,
2024,3/28/2024,7:30,Full,Second 30,AS,No fish,,,,,,
2024,3/28/2024,8:00,Full,First 30,AS,No fish,,,,,,
2024,3/28/2024,8:30,Full,Second 30,AS,No fish,,,,,,
2024,3/28/2024,9:00,Full,First 30,AS,No fish,,,,,,
2024,3/28/2024,9:30,Full,Second 30,AS,No fish,,,,,,
2024,3/28/2024,10:00,Full,First 30,AS,No fish,,,,,,
2024,3/28/2024,10:30,Full,Second 30,AS,No fish,,,,,,
2024,3/28/2024,11:00,Full,First 30,AS,No fish,,,,,,
2024,3/28/2024,11:30,Full,Second 30,AS,No fish,,,,,,
2024,3/28/2024,12:00,Full,First 30,AS,No fish,,,,,,
2024,3/28/2024,12:30,Full,Second 30,AS,No fish,,,,,,
2024,3/28/2024,13:00,Full,First 30,AS,No fish,,,,,,
2024,3/28/2024,13:30,Full,Second 30,AS,No fish,,,,,,
2024,3/28/2024,14:00,Full,First 30,AS,No fish,,,,,,
2024,3/28/2024,14:30,Full,Second 30,AS,No fish,,,,,,
2024,3/28/2024,15:00,Full,First 30,AS,15:01:49,544,downstream,8.02,71.3,1,
2024,3/28/2024,15:00,Full,First 30,AS,15:01:49,546,downstream,8.58,77.3,1,
2024,3/28/2024,15:30,Full,Second 30,AS,No fish,,,,,,
2024,3/28/2024,16:00,Full,First 30,AS,16:17:59,5493,upstream,11.29,77.5,1,
2024,3/28/2024,16:00,Full,First 30,AS,16:18:31,5492,upstream,11.52,71,1,
2024,3/28/2024,16:30,Full,Second 30,AS,No fish,,,,,,
2024,3/28/2024,17:00,Full,First 30,AS,No fish,,,,,,
2024,3/28/2024,17:30,Full,Second 30,AS,No fish,,,,,,
2024,3/28/2024,18:00,Full,First 30,AS,No fish,,,,,,
2024,3/28/2024,18:30,Full,Second 30,AS,No fish,,,,,,
2024,3/28/2024,19:00,Full,First 30,AS,19:57:36,8432,downstream,14.37,72,1,
2024,3/28/2024,19:30,Full,Second 30,AS,No fish,,,,,,
2024,3/28/2024,20:00,Full,First 30,AS,20:01:04,321,downstream,9.86,70.3,1,
2024,3/28/2024,20:00,Full,First 30,AS,20:07:09,2204,upstream,6.89,71.8,1,
2024,3/28/2024,20:00,Full,First 30,AS,20:07:09,2204,upstream,7.17,64.8,1,
2024,3/28/2024,20:00,Full,First 30,AS,20:15:05,4627,downstream,11.86,75.5,1,
2024,3/28/2024,20:00,Full,First 30,AS,20:15:07,4641,downstream,12.72,59.2,1,
2024,3/28/2024,20:00,Full,First 30,AS,20:23:15,7133,upstream,15.47,72.7,1,
2024,3/28/2024,20:00,Full,First 30,AS,20:28:46,8832,upstream,14.69,63.9,1,
2024,3/28/2024,20:30,Full,Second 30,AS,20:31:43,519,upstream,7.78,59.7,1,
2024,3/28/2024,20:30,Full,Second 30,AS,20:32:05,631,upstream,9.71,83.1,1,
2024,3/28/2024,20:30,Full,Second 30,AS,20:32:19,701,downstream,11.8,85.2,1,
2024,3/28/2024,20:30,Full,Second 30,AS,20:39:30,2904,downstream,12.65,56.7,1,
2024,3/28/2024,20:30,Full,Second 30,AS,20:40:38,3250,downstream,11.58,83,1,
2024,3/28/2024,20:30,Full,Second 30,AS,20:43:00,3966,upstream,16.1,84.7,1,
2024,3/28/2024,20:30,Full,Second 30,AS,20:43:41,4174,downstream,9.9,72.9,1,
2024,3/28/2024,20:30,Full,Second 30,AS,20:43:49,4216,downstream,9.3,85.8,1,
2024,3/28/2024,20:30,Full,Second 30,AS,20:48:20,5590,upstream,6.56,66,1,
2024,3/28/2024,20:30,Full,Second 30,AS,20:55:53,7915,upstream,6.86,65.9,1,
2024,3/28/2024,20:30,Full,Second 30,AS,20:58:52,8833,upstream,15.36,82.7,1,
2024,3/28/2024,21:00,Full,First 30,AS,21:00:16,76,downstream,14.79,82.6,1,
2024,3/28/2024,21:00,Full,First 30,AS,21:08:59,2737,upstream,15.62,82.9,1,
2024,3/28/2024,21:00,Full,First 30,AS,21:09:23,2860,upstream,19.11,72.5,1,
2024,3/28/2024,21:00,Full,First 30,AS,21:10:32,3204,upstream,15.19,62.9,1,
2024,3/28/2024,21:00,Full,First 30,AS,21:11:12,3409,upstream,7.85,84.3,1,
2024,3/28/2024,21:00,Full,First 30,AS,21:21:12,6464,upstream,11.89,81.7,1,
2024,3/28/2024,21:00,Full,First 30,AS,21:24:48,7568,downstream,10.69,85.9,1,
2024,3/28/2024,21:30,Full,Second 30,AS,21:34:11,1271,upstream,8.49,75.7,1,
2024,3/28/2024,21:30,Full,Second 30,AS,21:43:29,4104,downstream,12.99,76.9,1,
2024,3/28/2024,21:30,Full,Second 30,AS,21:50:32,6259,downstream,8.24,79.7,1,
2024,3/28/2024,21:30,Full,Second 30,AS,21:54:49,7564,downstream,7.18,63,1,
2024,3/28/2024,21:30,Full,Second 30,AS,21:55:09,7672,upstream,5.9,69.7,1,
2024,3/28/2024,21:30,Full,Second 30,AS,21:55:09,7672,upstream,6.44,66.6,1,
2024,3/28/2024,21:30,Full,Second 30,AS,21:58:36,8723,downstream,13.64,65.9,1,
2024,3/28/2024,21:30,Full,Second 30,AS,21:58:37,8729,downstream,13.74,66.3,1,
2024,3/28/2024,21:30,Full,Second 30,AS,21:59:53,9117,downstream,5.92,66.9,1,
2024,3/28/2024,22:00,Full,First 30,AS,22:03:50,1156,upstream,15.7,65.5,1,
2024,3/28/2024,22:00,Full,First 30,AS,22:18:20,5609,upstream,13.09,67.5,1,
2024,3/28/2024,22:30,Full,Second 30,AS,22:38:21,2535,upstream,9.01,71.2,1,
2024,3/28/2024,22:30,Full,Second 30,AS,22:49:47,6033,downstream,6.79,74.3,1,
2024,3/28/2024,23:00,Full,First 30,AS,23:04:02,1215,upstream,6.84,73.9,1,
2024,3/28/2024,23:00,Full,First 30,AS,23:06:18,1914,downstream,12.98,66.1,1,
2024,3/28/2024,23:00,Full,First 30,AS,23:09:00,2741,upstream,15.42,64.3,1,
2024,3/28/2024,23:00,Full,First 30,AS,23:12:19,3760,downstream,9.86,64.5,1,
2024,3/28/2024,23:00,Full,First 30,AS,23:20:58,6398,downstream,9.35,71.9,1,
2024,3/28/2024,23:30,Full,Second 30,AS,No fish,,,,,,
2024,3/29/2024,0:00,Full,First 30,AS,0:24:37,7539,upstream,14.01,85.9,1,
2024,3/29/2024,0:30,Full,Second 30,AS,0:36:18,1932,upstream,5.75,65.3,1,
2024,3/29/2024,0:30,Full,Second 30,AS,0:45:10,4645,upstream,5.99,53.3,1,
2024,3/29/2024,0:30,Full,Second 30,AS,0:47:14,5283,downstream,7.26,77.4,1,
2024,3/29/2024,0:30,Full,Second 30,AS,0:56:24,8100,upstream,5.96,65.1,1,
2024,3/29/2024,1:00,Full,First 30,AS,1:27:38,8462,downstream,8.88,86.7,1,
2024,3/29/2024,1:30,Full,Second 30,AS,1:50:20,6238,upstream,10.1,75.4,1,
2024,3/29/2024,2:00,Full,First 30,AS,2:15:50,4833,downstream,15.48,65.3,1,
2024,3/29/2024,2:00,Full,First 30,AS,2:16:51,5145,downstream,12.07,84.2,1,
2024,3/29/2024,2:00,Full,First 30,AS,2:17:15,5273,upstream,11.98,71.4,1,
2024,3/29/2024,2:00,Full,First 30,AS,2:29:43,9083,upstream,15.51,75.5,1,
2024,3/29/2024,2:30,Full,Second 30,AS,2:31:56,591,upstream,13.97,72,1,
2024,3/29/2024,2:30,Full,Second 30,AS,2:47:35,5392,downstream,15.04,71.8,1,
2024,3/29/2024,2:30,Full,Second 30,AS,2:49:41,6053,upstream,15.34,73.6,1,
2024,3/29/2024,3:00,Full,First 30,AS,3:09:18,2859,downstream,9.03,71,1,
2024,3/29/2024,3:00,Full,First 30,AS,3:12:58,3984,downstream,11.09,69.4,1,
2024,3/29/2024,3:30,Full,Second 30,AS,3:30:52,256,downstream,11.05,82.2,1,
2024,3/29/2024,3:30,Full,Second 30,AS,3:50:08,6137,upstream,12.71,51.3,1,
2024,3/29/2024,4:00,Full,First 30,AS,4:05:17,1616,downstream,10.96,81.4,1,
2024,3/29/2024,4:30,Full,Second 30,AS,No fish,,,,,,
2024,3/29/2024,5:00,Full,First 30,AS,5:05:35,1703,upstream,14.49,75.9,1,
2024,3/29/2024,5:00,Full,First 30,AS,5:07:13,2210,upstream,10.72,73.5,1,
2024,3/29/2024,5:00,Full,First 30,AS,5:25:40,7836,downstream,13.33,65.9,1,
2024,3/29/2024,5:30,Full,Second 30,AS,5:50:56,6425,downstream,13.47,82.7,1,
2024,3/29/2024,5:30,Full,Second 30,AS,5:55:12,7730,downstream,8.07,67.6,1,
2024,3/29/2024,6:00,Full,First 30,AS,6:11:32,3521,downstream,9.98,73.3,1,
2024,3/29/2024,6:00,Full,First 30,AS,6:11:49,3609,downstream,9.46,83.9,1,
2024,3/29/2024,6:00,Full,First 30,AS,6:12:14,3730,upstream,14.83,82.2,1,
2024,3/29/2024,6:00,Full,First 30,AS,6:12:17,3742,upstream,14.77,75.8,1,
2024,3/29/2024,6:00,Full,First 30,AS,6:12:17,3742,upstream,15.17,76,1,
2024,3/29/2024,6:00,Full,First 30,AS,6:12:22,3772,upstream,10.39,72.2,1,
2024,3/29/2024,6:00,Full,First 30,AS,6:17:03,5194,downstream,10.13,69.3,1,
2024,3/29/2024,6:00,Full,First 30,AS,6:17:48,5427,upstream,10.25,71.7,1,
2024,3/29/2024,6:00,Full,First 30,AS,6:18:26,5618,downstream,14.45,71.8,1,
2024,3/29/2024,6:00,Full,First 30,AS,6:18:26,5618,downstream,15.04,81.9,1,
2024,3/29/2024,6:00,Full,First 30,AS,6:27:59,8559,downstream,6.24,73.6,1,
2024,3/29/2024,6:30,Full,Second 30,AS,6:34:40,1419,upstream,11.33,51.5,1,
2024,3/29/2024,6:30,Full,Second 30,AS,6:40:08,3097,upstream,13.46,80,1,
2024,3/29/2024,6:30,Full,Second 30,AS,6:45:10,4626,downstream,7.95,85.2,1,
2024,3/29/2024,7:00,Full,First 30,AS,No fish,,,,,,
2024,3/29/2024,7:30,Full,Second 30,AS,No fish,,,,,,
2024,3/29/2024,8:00,Full,First 30,AS,No fish,,,,,,
2024,3/29/2024,8:30,Full,Second 30,AS,No fish,,,,,,
2024,3/29/2024,9:00,Full,First 30,AS,No fish,,,,,,
2024,3/29/2024,9:30,Full,Second 30,AS,No fish,,,,,,
2024,3/29/2024,10:00,Full,First 30,AS,No fish,,,,,,
2024,3/29/2024,10:30,Full,Second 30,AS,No fish,,,,,,
2024,3/29/2024,11:00,Full,First 30,AS,No fish,,,,,,
2024,3/29/2024,11:30,Full,Second 30,AS,No fish,,,,,,
2024,3/29/2024,12:00,Full,First 30,AS,No fish,,,,,,
2024,3/29/2024,12:30,Full,Second 30,AS,No fish,,,,,,
2024,3/29/2024,13:00,Full,First 30,AS,No fish,,,,,,
2024,3/29/2024,13:30,Full,Second 30,AS,No fish,,,,,,
2024,3/29/2024,14:00,Full,First 30,AS,No fish,,,,,,
2024,3/29/2024,14:30,Full,Second 30,AS,No fish,,,,,,
2024,3/29/2024,15:00,Full,First 30,AS,No fish,,,,,,
2024,3/29/2024,15:30,Full,Second 30,AS,No fish,,,,,,
2024,3/29/2024,16:00,Full,First 30,AS,No fish,,,,,,
2024,3/29/2024,16:30,Full,Second 30,AS,No fish,,,,,,
2024,3/29/2024,17:00,Full,First 30,AS,No fish,,,,,,
2024,3/29/2024,17:30,Full,Second 30,AS,17:33:41,1123,upstream,13.41,50.2,1,
2024,3/29/2024,18:00,Full,First 30,AS,No fish,,,,,,
2024,3/29/2024,18:30,Full,Second 30,AS,No fish,,,,,,
2024,3/29/2024,19:00,Full,First 30,AS,No fish,,,,,,
2024,3/29/2024,19:30,Full,Second 30,AS,No fish,,,,,,
2024,3/29/2024,20:00,Full,First 30,AS,20:04:55,1483,downstream,10.51,79.7,1,
2024,3/29/2024,20:00,Full,First 30,AS,20:14:48,4498,upstream,8.07,79.7,1,
2024,3/29/2024,20:00,Full,First 30,AS,20:19:11,5852,upstream,14.09,86.6,1,
2024,3/29/2024,20:00,Full,First 30,AS,20:23:36,7199,downstream,14.36,87.5,1,
2024,3/29/2024,20:00,Full,First 30,AS,20:25:07,7667,downstream,9.55,73.5,1,
2024,3/29/2024,20:00,Full,First 30,AS,20:26:17,8023,downstream,14.36,86.9,1,
2024,3/29/2024,20:00,Full,First 30,AS,20:26:36,8120,upstream,13.75,83,1,
2024,3/29/2024,20:00,Full,First 30,AS,20:27:32,8406,upstream,10.54,83.7,1,
2024,3/29/2024,20:30,Full,Second 30,AS,20:04:07,3093,upstream,7.2,68.3,1,
2024,3/29/2024,20:30,Full,Second 30,AS,20:34:56,1506,upstream,6.92,68.4,1,
2024,3/29/2024,20:30,Full,Second 30,AS,20:40:06,3087,downstream,13.64,75,1,
2024,3/29/2024,20:30,Full,Second 30,AS,20:42:20,3772,downstream,11.56,75.4,1,
2024,3/29/2024,20:30,Full,Second 30,AS,20:43:48,4224,downstream,9.58,76.9,1,
2024,3/29/2024,20:30,Full,Second 30,AS,20:48:13,5563,upstream,7.55,66,1,
2024,3/29/2024,20:30,Full,Second 30,AS,20:50:22,6207,upstream,7.31,85.3,1,
2024,3/29/2024,20:30,Full,Second 30,AS,20:52:21,6811,upstream,19.33,77,1,
2024,3/29/2024,20:30,Full,Second 30,AS,20:53:06,7044,downstream,11.56,74.2,1,
2024,3/29/2024,20:30,Full,Second 30,AS,20:53:24,7134,downstream,12.24,77.8,1,
2024,3/29/2024,20:30,Full,Second 30,AS,20:55:04,7642,upstream,16.65,86.5,1,
2024,3/29/2024,20:30,Full,Second 30,AS,20:57:26,8366,downstream,7.14,85.1,1,
2024,3/29/2024,21:00,Full,First 30,AS,21:00:15,68,upstream,8.93,63.8,1,
2024,3/29/2024,21:00,Full,First 30,AS,21:01:45,524,downstream,7.49,85,1,
2024,3/29/2024,21:00,Full,First 30,AS,21:15:38,4735,downstream,18.04,80.1,1,
2024,3/29/2024,21:00,Full,First 30,AS,21:25:34,7745,upstream,14.82,65,1,
2024,3/29/2024,21:30,Full,Second 30,AS,21:39:41,2955,upstream,13.09,73,1,
2024,3/29/2024,21:30,Full,Second 30,AS,21:48:48,5749,upstream,6.07,77.5,1,
2024,3/29/2024,21:30,Full,Second 30,AS,21:48:52,5766,upstream,16.09,84.7,1,
2024,3/29/2024,21:30,Full,Second 30,AS,21:52:07,6763,downstream,8,77.1,1,
2024,3/29/2024,21:30,Full,Second 30,AS,21:53:02,7044,downstream,14.22,78.6,1,
2024,3/29/2024,21:30,Full,Second 30,AS,21:53:41,7240,upstream,6.06,75.8,1,
2024,3/29/2024,21:30,Full,Second 30,AS,21:53:51,7292,upstream,10.08,78.8,1,
2024,3/29/2024,21:30,Full,Second 30,AS,21:53:59,7331,downstream,13.38,85.7,1,
2024,3/29/2024,21:30,Full,Second 30,AS,21:54:46,7570,upstream,15.29,74.1,1,
2024,3/29/2024,21:30,Full,Second 30,AS,21:58:06,8598,upstream,14.35,78.1,1,
2024,3/29/2024,21:30,Full,Second 30,AS,21:58:13,8632,upstream,6.5,69.8,1,
2024,3/29/2024,22:00,Full,First 30,AS,22:10:54,3339,upstream,14.15,87.6,1,
2024,3/29/2024,22:00,Full,First 30,AS,22:15:44,4827,downstream,14.28,87.3,1,
2024,3/29/2024,22:00,Full,First 30,AS,22:27:47,8517,downstream,16.04,70.3,1,
2024,3/29/2024,22:30,Full,Second 30,AS,22:30:11,48,upstream,16.3,71.7,1,
2024,3/29/2024,22:30,Full,Second 30,AS,22:32:12,671,upstream,16.12,71.9,1,
2024,3/29/2024,22:30,Full,Second 30,AS,22:44:24,4394,downstream,9.04,77.3,1,
2024,3/29/2024,23:00,Full,First 30,AS,No fish,,,,,,
2024,3/29/2024,23:30,Full,Second 30,AS,No fish,,,,,,
2024,3/30/2024,0:00,Full,First 30,AS,0:05:36,1698,downstream,15.84,67.2,1,
2024,3/30/2024,0:30,Full,No review,AS,,,,,,,
2024,3/30/2024,1:00,Full,First 30,AS,1:07:26,2261,downstream,14.11,72.9,1,
2024,3/30/2024,1:00,Full,First 30,AS,1:07:59,2425,upstream,13.27,71.8,1,
2024,3/30/2024,1:00,Full,First 30,AS,1:24:59,7629,upstream,14.22,66.7,1,
2024,3/30/2024,1:30,Full,No review,AS,,,,,,,
2024,3/30/2024,2:00,Full,First 30,AS,No fish,,,,,,
2024,3/30/2024,2:30,Full,No review,AS,,,,,,,
2024,3/30/2024,3:00,Full,First 30,AS,3:18:58,5785,downstream,10.94,70.3,1,
2024,3/30/2024,3:30,Full,No review,AS,,,,,,,
2024,3/30/2024,4:00,Full,First 30,AS,No fish,,,,,,
2024,3/30/2024,4:30,Full,No review,AS,,,,,,,
2024,3/30/2024,5:00,Full,First 30,AS,No fish,,,,,,
2024,3/30/2024,5:30,Full,No review,AS,,,,,,,
2024,3/30/2024,6:00,Full,First 30,AS,6:00:07,26,upstream,11.32,50.9,1,
2024,3/30/2024,6:00,Full,First 30,AS,6:03:24,1020,downstream,14.87,76.3,1,
2024,3/30/2024,6:00,Full,First 30,AS,6:09:12,2800,downstream,10.44,77,1,
2024,3/30/2024,6:00,Full,First 30,AS,6:11:50,3603,upstream,7.56,77.4,1,
2024,3/30/2024,6:00,Full,First 30,AS,6:16:15,4941,downstream,6.52,77.6,1,
2024,3/30/2024,6:30,Full,No review,AS,,,,,,,
2024,3/30/2024,7:00,Full,First 30,AS,7:12:12,3734,downstream,9.51,76.6,1,
2024,3/30/2024,7:30,Full,No review,AS,,,,,,,
2024,3/30/2024,8:00,Full,First 30,AS,No fish,,,,,,
2024,3/30/2024,8:30,Full,No review,AS,,,,,,,
2024,3/30/2024,9:00,Full,First 30,AS,No fish,,,,,,
2024,3/30/2024,9:30,Full,No review,AS,,,,,,,
2024,3/30/2024,10:00,Full,First 30,AS,No fish,,,,,,
2024,3/30/2024,10:30,Full,No review,AS,,,,,,,
2024,3/30/2024,11:00,Full,First 30,AS,No fish,,,,,,
2024,3/30/2024,11:30,Full,No review,AS,,,,,,,
2024,3/30/2024,12:00,Full,First 30,AS,No fish,,,,,,
2024,3/30/2024,12:30,Full,No review,AS,,,,,,,
2024,3/30/2024,13:00,Full,First 30,AS,No fish,,,,,,
2024,3/30/2024,13:30,Full,No review,AS,,,,,,,
2024,3/30/2024,14:00,Full,First 30,AS,14:00:56,273,upstream,14.11,86.9,1,
2024,3/30/2024,14:00,Full,First 30,AS,14:02:01,600,downstream,11.71,85.7,1,
2024,3/30/2024,14:00,Full,First 30,AS,14:09:28,2875,downstream,14.58,52.9,1,
2024,3/30/2024,14:30,Full,No review,AS,,,,,,,
2024,3/30/2024,15:00,Full,First 30,AS,No fish,,,,,,
2024,3/30/2024,15:30,Full,No review,AS,,,,,,,
2024,3/30/2024,16:00,Full,First 30,AS,No fish,,,,,,
2024,3/30/2024,16:30,Full,No review,AS,,,,,,,
2024,3/30/2024,17:00,Full,First 30,AS,No fish,,,,,,
2024,3/30/2024,17:30,Full,No review,AS,,,,,,,
2024,3/30/2024,18:00,Full,First 30,AS,No fish,,,,,,
2024,3/30/2024,18:30,Full,No review,AS,,,,,,,
2024,3/30/2024,19:00,Full,First 30,AS,No fish,,,,,,
2024,3/30/2024,19:30,Full,No review,AS,,,,,,,
2024,3/30/2024,20:00,Full,First 30,AS,20:07:43,2334,downstream,8.55,73.4,1,
2024,3/30/2024,20:00,Full,First 30,AS,20:09:39,2922,upstream,7.69,69.8,1,
2024,3/30/2024,20:00,Full,First 30,AS,20:09:41,2931,upstream,7.12,63.1,1,
2024,3/30/2024,20:00,Full,First 30,AS,20:13:18,4038,upstream,13.16,65,1,
2024,3/30/2024,20:00,Full,First 30,AS,20:18:08,5514,downstream,15.42,66.6,1,
2024,3/30/2024,20:00,Full,First 30,AS,20:19:56,6055,upstream,9.43,69.3,1,
2024,3/30/2024,20:00,Full,First 30,AS,20:21:37,6567,upstream,9.13,62.7,1,
2024,3/30/2024,20:30,Full,No review,AS,,,,,,,
2024,3/30/2024,21:00,Full,First 30,AS,21:04:48,1455,upstream,7.26,68.9,1,
2024,3/30/2024,21:00,Full,First 30,AS,21:18:10,5533,upstream,8.38,87,1,
2024,3/30/2024,21:30,Full,No review,AS,,,,,,,
2024,3/30/2024,22:00,Full,First 30,AS,22:08:54,2702,upstream,12.87,74.7,1,
2024,3/30/2024,22:00,Full,First 30,AS,22:17:03,5197,upstream,16.76,74,1,
2024,3/30/2024,22:00,Full,First 30,AS,22:24:24,7423,downstream,16.16,70.6,1,
2024,3/30/2024,22:30,Full,No review,AS,,,,,,,
2024,3/30/2024,23:00,Full,First 30,AS,23:08:47,2668,downstream,12.74,86.9,1,
2024,3/30/2024,23:00,Full,First 30,AS,23:08:50,2683,downstream,14.03,80.3,1,
2024,3/30/2024,23:00,Full,First 30,AS,23:10:29,3188,downstream,12.84,75,1,
2024,3/30/2024,23:00,Full,First 30,AS,23:13:50,4210,downstream,15.3,74.3,1,
2024,3/30/2024,23:00,Full,First 30,AS,23:15:01,4573,downstream,6.95,75.7,1,
2024,3/30/2024,23:30,Full,No review,AS,,,,,,,
2024,3/31/2024,0:00,Full,First 30,JE,0:00:55,263,upstream,13.37,71.6,1,
2024,3/31/2024,0:00,Full,First 30,JE,0:06:09,1864,upstream,17.81,67.7,1,
2024,3/31/2024,0:00,Full,First 30,JE,0:12:13,3709,downstream,7.14,60.9,1,
2024,3/31/2024,0:00,Full,First 30,JE,0:20:15,6170,upstream,15.98,66.1,1,
2024,3/31/2024,0:00,Full,First 30,JE,0:23:42,7221,upstream,15.52,65.6,1,
2024,3/31/2024,0:00,Full,First 30,JE,0:28:00,8527,downstream,8.1,69.2,1,
2024,3/31/2024,0:30,Full,Second 30,JE,0:52:59,7020,downstream,13.58,61.2,1,
2024,3/31/2024,0:30,Full,Second 30,JE,0:55:21,7743,upstream,10.69,55.4,1,
2024,3/31/2024,1:00,Full,First 30,JE,1:02:53,876,upstream,6.89,63.4,1,
2024,3/31/2024,1:30,Full,Second 30,JE,1:35:28,1661,downstream,14.49,67.4,1,
2024,3/31/2024,2:00,Full,First 30,JE,No fish,,,,,,
2024,3/31/2024,2:30,Full,Second 30,JE,No fish,,,,,,
2024,3/31/2024,3:00,Full,First 30,JE,3:06:05,1838,upstream,6.57,63.1,1,
2024,3/31/2024,3:30,Full,Second 30,JE,No fish,,,,,,
2024,3/31/2024,4:00,Full,First 30,JE,4:07:38,2319,downstream,13.51,59.1,1,
2024,3/31/2024,4:00,Full,First 30,JE,4:16:10,4939,upstream,18.15,55.2,1,
2024,3/31/2024,4:00,Full,First 30,JE,4:21:08,6447,downstream,15.87,59.1,1,
2024,3/31/2024,4:00,Full,First 30,JE,4:24:47,7564,upstream,18.38,60.2,1,
2024,3/31/2024,4:00,Full,First 30,JE,4:25:48,7882,upstream,13.5,63.4,1,
2024,3/31/2024,4:00,Full,First 30,JE,4:28:51,8823,upstream,16.69,76.7,1,
2024,3/31/2024,4:30,Full,Second 30,JE,4:34:38,1416,downstream,9.06,72.9,1,
2024,3/31/2024,5:00,Full,First 30,JE,5:09:25,2875,downstream,9.04,73.6,1,
2024,3/31/2024,5:00,Full,First 30,JE,5:10:36,3232,downstream,10.74,74.3,1,
2024,3/31/2024,5:00,Full,First 30,JE,5:10:50,3305,upstream,10.3,67.1,1,
2024,3/31/2024,5:00,Full,First 30,JE,5:16:52,5149,downstream,13.65,52.7,1,
2024,3/31/2024,5:00,Full,First 30,JE,5:17:28,5334,upstream,14.88,67.9,1,
2024,3/31/2024,5:00,Full,First 30,JE,5:22:25,6842,downstream,11.36,59.1,1,
2024,3/31/2024,5:30,Full,Second 30,JE,5:58:23,8689,downstream,14.5,75,1,
2024,3/31/2024,6:00,Full,First 30,JE,6:15:28,4743,downstream,8.9,66.5,1,
2024,3/31/2024,6:00,Full,First 30,JE,6:15:28,4746,downstream,6.78,53.7,1,
2024,3/31/2024,6:30,Full,Second 30,JE,No fish,,,,,,
2024,3/31/2024,7:00,Full,First 30,JE,No fish,,,,,,
2024,3/31/2024,7:30,Full,Second 30,JE,No fish,,,,,,
2024,3/31/2024,8:00,Full,First 30,JE,No fish,,,,,,
2024,3/31/2024,8:30,Full,Second 30,JE,No fish,,,,,,
2024,3/31/2024,9:00,Full,First 30,JE,No fish,,,,,,
2024,3/31/2024,9:30,Full,Second 30,JE,No fish,,,,,,
2024,3/31/2024,10:00,Full,First 30,JE,No fish,,,,,,
2024,3/31/2024,10:30,Full,Second 30,JE,No fish,,,,,,
2024,3/31/2024,11:00,Full,First 30,JE,No fish,,,,,,
2024,3/31/2024,11:30,Full,Second 30,JE,No fish,,,,,,
2024,3/31/2024,12:00,Full,First 30,JE,No fish,,,,,,
2024,3/31/2024,12:30,Full,Second 30,JE,No fish,,,,,,
2024,3/31/2024,13:00,Full,First 30,JE,No fish,,,,,,
2024,3/31/2024,13:30,Full,Second 30,JE,No fish,,,,,,
2024,3/31/2024,14:00,Full,First 30,JE,No fish,,,,,,
2024,3/31/2024,14:30,Full,Second 30,JE,No fish,,,,,,
2024,3/31/2024,15:00,Full,First 30,JE,No fish,,,,,,
2024,3/31/2024,15:30,Full,Second 30,JE,No fish,,,,,,
2024,3/31/2024,16:00,Full,First 30,JE,No fish,,,,,,
2024,3/31/2024,16:30,Full,Second 30,JE,No fish,,,,,,
2024,3/31/2024,17:00,Full,First 30,JE,No fish,,,,,,
2024,3/31/2024,17:30,Full,Second 30,JE,No fish,,,,,,
2024,3/31/2024,18:00,Full,First 30,JE,No fish,,,,,,
2024,3/31/2024,18:30,Full,Second 30,JE,No fish,,,,,,
2024,3/31/2024,19:00,Full,First 30,JE,No fish,,,,,,
2024,3/31/2024,19:30,Full,Second 30,JE,No fish,,,,,,
2024,3/31/2024,20:00,Full,First 30,JE,20:20:30,6231,downstream,15.64,64.4,1,
2024,3/31/2024,20:00,Full,First 30,JE,20:22:28,6818,upstream,11.27,60.4,1,
2024,3/31/2024,20:00,Full,First 30,JE,20:28:50,8762,upstream,14.73,65.9,1,
2024,3/31/2024,20:30,Full,Second 30,JE,20:31:13,353,downstream,7.45,56.8,1,
2024,3/31/2024,20:30,Full,Second 30,JE,20:33:16,967,downstream,16.26,65.4,1,
2024,3/31/2024,20:30,Full,Second 30,JE,20:37:32,2267,upstream,15.4,60.4,1,
2024,3/31/2024,20:30,Full,Second 30,JE,20:43:07,3967,upstream,10.56,65.4,1,
2024,3/31/2024,20:30,Full,Second 30,JE,20:43:18,4021,upstream,15.91,66.6,1,
2024,3/31/2024,20:30,Full,Second 30,JE,20:43:45,4154,upstream,6.2,52.7,1,
2024,3/31/2024,20:30,Full,Second 30,JE,20:46:26,4976,upstream,7.03,60.7,1,
2024,3/31/2024,20:30,Full,Second 30,JE,20:59:41,9003,downstream,12.17,78.1,1,
2024,3/31/2024,21:00,Full,First 30,JE,21:01:36,479,upstream,15.77,70,1,
2024,3/31/2024,21:00,Full,First 30,JE,21:10:24,3152,downstream,7.68,70.4,1,
2024,3/31/2024,21:00,Full,First 30,JE,21:13:01,3945,downstream,16.57,66.6,1,
2024,3/31/2024,21:00,Full,First 30,JE,21:14:19,4336,upstream,19.44,61.6,1,
2024,3/31/2024,21:00,Full,First 30,JE,21:15:59,4845,upstream,8.5,66.8,1,
2024,3/31/2024,21:00,Full,First 30,JE,21:23:46,7206,upstream,6.38,53.5,1,
2024,3/31/2024,21:00,Full,First 30,JE,21:28:02,8503,downstream,8.86,62,1,
2024,3/31/2024,21:30,Full,Second 30,JE,21:32:36,785,upstream,6.38,53.4,1,
2024,3/31/2024,21:30,Full,Second 30,JE,21:33:27,1047,upstream,13.05,58.6,1,
2024,3/31/2024,21:30,Full,Second 30,JE,21:34:10,1261,upstream,13.83,71.1,1,
2024,3/31/2024,21:30,Full,Second 30,JE,21:40:06,3054,downstream,8.12,58.1,1,
2024,3/31/2024,21:30,Full,Second 30,JE,21:46:51,5106,downstream,7.31,63.9,1,
2024,3/31/2024,21:30,Full,Second 30,JE,21:51:46,6608,downstream,15.55,61.5,1,
2024,3/31/2024,21:30,Full,Second 30,JE,21:58:58,8793,upstream,7.93,58.5,1,
2024,3/31/2024,22:00,Full,First 30,JE,22:03:21,1006,downstream,8.34,57.5,1,
2024,3/31/2024,22:30,Full,Second 30,JE,22:42:17,3741,upstream,7.23,63.9,1,
2024,3/31/2024,23:00,Full,First 30,JE,23:04:45,1429,upstream,14.99,73.8,1,
2024,3/31/2024,23:00,Full,First 30,JE,23:12:41,3829,upstream,16.3,57.6,1,
2024,3/31/2024,23:00,Full,First 30,JE,23:14:52,4489,downstream,6.02,70.5,1,
2024,3/31/2024,23:00,Full,First 30,JE,23:17:08,5175,downstream,10.09,56.7,1,
2024,3/31/2024,23:00,Full,First 30,JE,23:20:27,6159,upstream,6.23,55.9,1,
2024,3/31/2024,23:30,Full,Second 30,JE,23:51:59,6699,downstream,17.68,65.2,1,
2024,3/31/2024,23:30,Full,Second 30,JE,23:55:49,7873,upstream,11.78,56.2,1,
2024,4/1/2024,0:00,Full,First 30,JE,0:01:25,422,downstream,7.99,73.3,1,
2024,4/1/2024,0:00,Full,First 30,JE,0:08:56,2711,upstream,15.71,64.2,1,
2024,4/1/2024,0:00,Full,First 30,JE,0:13:46,4172,upstream,9.73,59.1,1,
2024,4/1/2024,0:00,Full,First 30,JE,0:18:07,5497,upstream,15.2,72.2,1,
2024,4/1/2024,0:00,Full,First 30,JE,0:20:31,6220,upstream,13.58,63.8,1,
2024,4/1/2024,0:00,Full,First 30,JE,0:23:22,7101,upstream,15.26,69.2,1,
2024,4/1/2024,0:00,Full,First 30,JE,0:24:13,7360,upstream,8.33,69.8,1,
2024,4/1/2024,0:00,Full,First 30,JE,0:29:35,9000,downstream,8.04,60.9,1,
2024,4/1/2024,0:30,Full,Second 30,JE,0:30:24,111,downstream,14.46,72.1,1,
2024,4/1/2024,0:30,Full,Second 30,JE,0:31:46,531,downstream,10.61,71.9,1,
2024,4/1/2024,0:30,Full,Second 30,JE,0:42:57,3921,upstream,8.7,58.7,1,
2024,4/1/2024,0:30,Full,Second 30,JE,0:57:20,8309,upstream,15.21,69.9,1,
2024,4/1/2024,1:00,Full,First 30,JE,1:12:52,3885,upstream,14.45,65.1,1,
2024,4/1/2024,1:30,Full,Second 30,JE,1:46:54,5087,downstream,16.05,65.8,1,
2024,4/1/2024,1:30,Full,Second 30,JE,1:47:05,5148,upstream,18.95,62.6,1,
2024,4/1/2024,1:30,Full,Second 30,JE,1:48:00,5428,downstream,16.73,57.8,1,
2024,4/1/2024,2:00,Full,First 30,JE,No fish,,,,,,
2024,4/1/2024,2:30,Full,Second 30,JE,2:45:50,4821,upstream,10.78,74.4,1,
2024,4/1/2024,2:30,Full,Second 30,JE,2:46:50,5127,upstream,14.74,73.7,1,
2024,4/1/2024,2:30,Full,Second 30,JE,2:53:09,7060,downstream,7.58,70.9,1,
2024,4/1/2024,2:30,Full,Second 30,JE,2:54:25,7446,downstream,11.03,76.9,1,
2024,4/1/2024,2:30,Full,Second 30,JE,2:58:08,8582,upstream,13.32,74.1,1,
2024,4/1/2024,3:00,Full,First 30,JE,No fish,,,,,,
2024,4/1/2024,3:30,Full,Second 30,JE,3:36:32,1971,downstream,15.14,58.6,1,
2024,4/1/2024,4:00,Full,First 30,JE,4:01:36,476,upstream,15.1,71.2,1,
2024,4/1/2024,4:30,Full,Second 30,JE,4:30:45,222,upstream,19.71,64.4,2,"BC changed to 2, I think these are otters"
2024,4/1/2024,4:30,Full,Second 30,JE,4:30:49,239,upstream,19.95,71.9,2,"BC changed to 2, I think these are otters"
2024,4/1/2024,4:30,Full,Second 30,JE,4:38:16,2496,upstream,7.06,58.7,1,
2024,4/1/2024,5:00,Full,First 30,JE,5:02:04,619,downstream,14.26,63,1,
2024,4/1/2024,5:30,Full,Second 30,JE,5:39:19,2837,downstream,6.96,74.8,1,
2024,4/1/2024,5:30,Full,Second 30,JE,5:52:37,6913,downstream,6.94,58.3,1,
2024,4/1/2024,5:30,Full,Second 30,JE,5:58:30,8721,downstream,13.72,56.2,1,
2024,4/1/2024,6:00,Full,First 30,JE,6:06:27,1950,upstream,8.16,53.2,1,
2024,4/1/2024,6:00,Full,First 30,JE,6:08:42,2638,downstream,10.75,57.9,1,
2024,4/1/2024,6:00,Full,First 30,JE,6:17:06,5209,upstream,12.61,56.5,1,
2024,4/1/2024,6:00,Full,First 30,JE,6:27:52,8485,upstream,11.91,50.1,1,
2024,4/1/2024,6:30,Full,Second 30,JE,No fish,,,,,,
2024,4/1/2024,7:00,Full,First 30,JE,No fish,,,,,,
2024,4/1/2024,7:30,Full,Second 30,JE,No fish,,,,,,
2024,4/1/2024,8:00,Full,First 30,JE,No fish,,,,,,
2024,4/1/2024,8:30,Full,Second 30,JE,No fish,,,,,,
2024,4/1/2024,9:00,Full,First 30,JE,No fish,,,,,,
2024,4/1/2024,9:30,Full,Second 30,JE,No fish,,,,,,
2024,4/1/2024,10:00,Full,First 30,JE,No fish,,,,,,
2024,4/1/2024,10:30,Full,Second 30,JE,No fish,,,,,,
2024,4/1/2024,11:00,Full,First 30,JE,No fish,,,,,,
2024,4/1/2024,11:30,Full,Second 30,JE,No fish,,,,,,
2024,4/1/2024,12:00,Full,First 30,JE,No fish,,,,,,
2024,4/1/2024,12:30,Full,Second 30,JE,No fish,,,,,,
2024,4/1/2024,13:00,Full,First 30,JE,No fish,,,,,,
2024,4/1/2024,13:30,Full,Second 30,JE,No fish,,,,,,
2024,4/1/2024,14:00,Full,First 30,JE,No fish,,,,,,
2024,4/1/2024,14:30,Full,Second 30,JE,No fish,,,,,,
2024,4/1/2024,15:00,Full,First 30,JE,No fish,,,,,,
2024,4/1/2024,15:30,Full,Second 30,JE,No fish,,,,,,
2024,4/1/2024,16:00,Full,First 30,JE,No fish,,,,,,
2024,4/1/2024,16:30,Full,Second 30,JE,No fish,,,,,,
2024,4/1/2024,17:00,Full,First 30,JE,No fish,,,,,,
2024,4/1/2024,17:30,Full,Second 30,JE,No fish,,,,,,
2024,4/1/2024,18:00,Full,First 30,JE,No fish,,,,,,
2024,4/1/2024,18:30,Full,Second 30,JE,No fish,,,,,,
2024,4/1/2024,19:00,Full,First 30,JE,No fish,,,,,,
2024,4/1/2024,19:30,Full,Second 30,JE,No fish,,,,,,
2024,4/1/2024,20:00,Full,First 30,JE,20:02:48,830,downstream,8.31,51.1,1,
2024,4/1/2024,20:30,Full,Second 30,JE,20:35:48,1768,upstream,11.33,62.6,1,
2024,4/1/2024,20:30,Full,Second 30,JE,20:46:18,4971,upstream,7.83,65.5,1,
2024,4/1/2024,20:30,Full,Second 30,JE,20:52:07,6748,upstream,12.09,52.6,1,
2024,4/1/2024,21:00,Full,First 30,JE,21:07:43,2332,upstream,8.33,64.7,1,
2024,4/1/2024,21:00,Full,First 30,JE,21:08:10,2472,downstream,5.13,69.1,1,
2024,4/1/2024,21:00,Full,First 30,JE,21:13:25,4083,upstream,10.92,62.1,1,
2024,4/1/2024,21:30,Full,Second 30,JE,21:34:58,1519,upstream,7.2,60.1,1,
2024,4/1/2024,21:30,Full,Second 30,JE,21:39:50,2996,upstream,13.67,45.8,1,
2024,4/1/2024,21:30,Full,Second 30,JE,21:42:56,3949,upstream,7.1,64,1,
2024,4/1/2024,21:30,Full,Second 30,JE,21:51:46,6641,upstream,9.03,65.5,1,
2024,4/1/2024,22:00,Full,First 30,JE,22:02:27,727,downstream,7.39,75.4,1,
2024,4/1/2024,22:00,Full,First 30,JE,22:06:55,2089,upstream,7.33,62.8,1,
2024,4/1/2024,22:00,Full,First 30,JE,22:07:17,2207,upstream,10.86,56.6,1,
2024,4/1/2024,22:30,Full,Second 30,JE,22:45:09,4632,upstream,9.98,66.5,1,
2024,4/1/2024,22:30,Full,Second 30,JE,22:59:01,8844,upstream,7.96,62.6,1,
2024,4/1/2024,23:00,Full,First 30,JE,23:17:09,5214,upstream,14.25,56.9,1,
2024,4/1/2024,23:00,Full,First 30,JE,23:19:25,5914,upstream,19.95,60.8,1,
2024,4/1/2024,23:30,Full,Second 30,JE,23:39:28,2892,upstream,14.63,60.6,1,
2024,4/2/2024,0:00,Full,First 30,JE,0:28:48,8758,downstream,14.91,66.5,1,
2024,4/2/2024,0:30,Full,Second 30,JE,No fish,,,,,,
2024,4/2/2024,1:00,Full,First 30,JE,No fish,,,,,,
2024,4/2/2024,1:30,Full,Second 30,JE,1:36:41,2043,upstream,8.48,64,1,
2024,4/2/2024,2:00,Full,First 30,JE,No fish,,,,,,
2024,4/2/2024,2:30,Full,Second 30,JE,No fish,,,,,,
2024,4/2/2024,3:00,Full,First 30,JE,No fish,,,,,,
2024,4/2/2024,3:30,Full,Second 30,JE,No fish,,,,,,
2024,4/2/2024,4:00,Full,First 30,JE,4:00:35,168,upstream,14.04,69,1,
2024,4/2/2024,4:00,Full,First 30,JE,4:08:56,2710,downstream,13.22,55.7,1,
2024,4/2/2024,4:30,Full,Second 30,JE,No fish,,,,,,
2024,4/2/2024,5:00,Full,First 30,JE,5:18:41,5713,downstream,8.32,67,1,
2024,4/2/2024,5:00,Full,First 30,JE,5:21:15,6483,upstream,5.73,63.9,1,
2024,4/2/2024,5:30,Full,Second 30,JE,No fish,,,,,,
2024,4/2/2024,6:00,Full,First 30,JE,6:06:06,1855,downstream,10.23,58.9,1,
2024,4/2/2024,6:00,Full,First 30,JE,6:06:54,2099,upstream,5.28,65.9,1,
2024,4/2/2024,6:00,Full,First 30,JE,6:21:31,6535,downstream,9.24,67.1,1,
2024,4/2/2024,6:30,Full,Second 30,JE,No fish,,,,,,
2024,4/2/2024,7:00,Full,First 30,JE,No fish,,,,,,
2024,4/2/2024,7:30,Full,Second 30,JE,No fish,,,,,,
2024,4/2/2024,8:00,Full,First 30,JE,No fish,,,,,,
2024,4/2/2024,8:30,Full,Second 30,JE,No fish,,,,,,
2024,4/2/2024,9:00,Full,First 30,JE,No fish,,,,,,
2024,4/2/2024,9:30,Full,Second 30,JE,No fish,,,,,,
2024,4/2/2024,10:00,Full,First 30,JE,No fish,,,,,,
2024,4/2/2024,10:30,Full,Second 30,JE,No fish,,,,,,
2024,4/2/2024,11:00,Full,First 30,JE,No fish,,,,,,
2024,4/2/2024,11:30,Full,Second 30,JE,No fish,,,,,,
2024,4/2/2024,12:00,Full,First 30,JE,No fish,,,,,,
2024,4/2/2024,12:30,Full,Second 30,JE,No fish,,,,,,
2024,4/2/2024,13:00,Full,First 30,JE,No fish,,,,,,
2024,4/2/2024,13:30,Full,Second 30,JE,No fish,,,,,,
2024,4/2/2024,14:00,Full,First 30,JE,No fish,,,,,,
2024,4/2/2024,14:30,Full,Second 30,JE,No fish,,,,,,
2024,4/2/2024,15:00,Full,First 30,JE,No fish,,,,,,
2024,4/2/2024,15:30,Full,Second 30,JE,No fish,,,,,,
2024,4/2/2024,16:00,Full,First 30,JE,No fish,,,,,,
2024,4/2/2024,16:30,Full,Second 30,JE,No fish,,,,,,
2024,4/2/2024,17:00,Full,First 30,JE,No fish,,,,,,
2024,4/2/2024,17:30,Full,Second 30,JE,No fish,,,,,,
2024,4/2/2024,18:00,Full,First 30,JE,No fish,,,,,,
2024,4/2/2024,18:30,Full,Second 30,JE,No fish,,,,,,
2024,4/2/2024,19:00,Full,First 30,JE,No fish,,,,,,
2024,4/2/2024,19:30,Full,Second 30,JE,19:59:00,8851,upstream,13.61,61.2,1,
2024,4/2/2024,20:00,Full,First 30,JE,20:02:19,697,upstream,11.77,62.5,1,
2024,4/2/2024,20:00,Full,First 30,JE,20:02:35,773,downstream,13.21,51.3,1,
2024,4/2/2024,20:00,Full,First 30,JE,20:16:02,4856,upstream,5.7,55.2,1,
2024,4/2/2024,20:00,Full,First 30,JE,20:20:03,6086,upstream,11.46,63.3,1,
2024,4/2/2024,20:00,Full,First 30,JE,20:23:59,7271,upstream,13.44,62.5,1,
2024,4/2/2024,20:30,Full,Second 30,JE,20:34:29,1366,downstream,5.22,70.4,1,
2024,4/2/2024,20:30,Full,Second 30,JE,20:40:41,3251,upstream,7.22,64,1,
2024,4/2/2024,20:30,Full,Second 30,JE,20:44:54,4540,downstream,13.91,53.5,1,
2024,4/2/2024,20:30,Full,Second 30,JE,20:58:05,8562,upstream,10.02,61.9,1,
2024,4/2/2024,20:30,Full,Second 30,JE,20:58:41,8747,upstream,14.77,59,1,
2024,4/2/2024,21:00,Full,First 30,JE,21:07:19,2214,upstream,6.07,61.6,1,
2024,4/2/2024,21:30,Full,Second 30,JE,21:44:01,4280,upstream,7.02,60.1,1,
2024,4/2/2024,21:30,Full,Second 30,JE,21:44:26,4402,upstream,10.16,63.8,1,
2024,4/2/2024,21:30,Full,Second 30,JE,21:46:43,5098,upstream,10.83,69.1,1,
2024,4/2/2024,21:30,Full,Second 30,JE,21:48:09,5536,downstream,5.6,71.2,1,
2024,4/2/2024,21:30,Full,Second 30,JE,21:55:04,7646,downstream,6.31,71.1,1,
2024,4/2/2024,22:00,Full,First 30,JE,22:02:22,712,upstream,12.55,62.4,1,
2024,4/2/2024,22:00,Full,First 30,JE,22:05:05,1547,upstream,8.68,66.5,1,
2024,4/2/2024,22:00,Full,First 30,JE,22:05:19,1620,upstream,11.88,70.8,1,
2024,4/2/2024,22:00,Full,First 30,JE,22:08:23,2563,downstream,12.54,64.1,1,
2024,4/2/2024,22:00,Full,First 30,JE,22:20:08,6155,downstream,12.39,56.4,1,
2024,4/2/2024,22:00,Full,First 30,JE,22:29:43,9063,downstream,11.03,75.1,1,
2024,4/2/2024,22:30,Full,Second 30,JE,22:33:51,1161,downstream,14.84,56.1,1,
2024,4/2/2024,22:30,Full,Second 30,JE,22:35:13,1573,upstream,14.61,63,1,
2024,4/2/2024,22:30,Full,Second 30,JE,22:36:46,2051,downstream,6.58,61,1,
2024,4/2/2024,23:00,Full,First 30,JE,23:03:36,1089,upstream,14.89,51.3,1,
2024,4/2/2024,23:00,Full,First 30,JE,23:06:49,2087,upstream,10.38,61.2,1,
2024,4/2/2024,23:00,Full,First 30,JE,23:13:48,4222,upstream,5.65,71.1,1,
2024,4/2/2024,23:00,Full,First 30,JE,23:21:27,6538,upstream,8.48,71.5,1,
2024,4/2/2024,23:00,Full,First 30,JE,23:23:41,7216,upstream,10,69.3,1,
2024,4/2/2024,23:30,Full,Second 30,JE,23:35:59,1825,downstream,5.32,71.1,1,
2024,4/3/2024,0:00,Full,First 30,BP,0:03:13,980,upstream,15.31,53.80,1,
2024,4/3/2024,0:00,Full,First 30,BP,0:25:42,7867,upstream,11.86,75.90,1,
2024,4/3/2024,0:00,Full,First 30,BP,0:27:41,8476,upstream,6.18,75.60,1,
2024,4/3/2024,0:30,Full,No review,,,,,,,,
2024,4/3/2024,1:00,Full,First 30,BP,1:06:53,2098,downstream,12.70,74.40,1,
2024,4/3/2024,1:30,Full,No review,,,,,,,,
2024,4/3/2024,2:00,Full,First 30,BP,No fish,,, ,,,
2024,4/3/2024,2:30,Full,No review,,,,,,,,
2024,4/3/2024,3:00,Full,First 30,BP,3:21:03,6421,downstream,9.79,78.30,1,
2024,4/3/2024,3:30,Full,No review,,,,,,,,
2024,4/3/2024,4:00,Full,First 30,BP,4:11:36,3558,downstream,8.47,70.00,1,
2024,4/3/2024,4:00,Full,First 30,BP,4:19:27,5962,upstream,5.64,70.70,1,*could be same fish as above
2024,4/3/2024,4:30,Full,No review,,,,,,,,
2024,4/3/2024,5:00,Full,First 30,BP,No fish,,,,,,
2024,4/3/2024,5:30,Full,No review,,,,,,,,
2024,4/3/2024,6:00,Full,First 30,BP,6:05:54,1797,downstream,9.53,61.40,1,
2024,4/3/2024,6:00,Full,First 30,BP,6:18:44,5732,downstream,8.04,54.40,2,not enough frames to get a good image
2024,4/3/2024,6:30,Full,No review,,,,,,,,
2024,4/3/2024,7:00,Full,First 30,BP,No fish,,,,,,
2024,4/3/2024,7:30,Full,No review,,,,,,,,
2024,4/3/2024,8:00,Full,First 30,BP,No fish,,,,,,
2024,4/3/2024,8:30,Full,No review,,,,,,,,
2024,4/3/2024,9:00,Full,First 30,BP,No fish,,,,,,
2024,4/3/2024,9:30,Full,No review,,,,,,,,
2024,4/3/2024,10:00,Full,First 30,BP,No fish,,,,,,
2024,4/3/2024,10:30,Full,No review,,,,,,,,
2024,4/3/2024,11:00,Full,First 30,BP,No fish,,,,,,
2024,4/3/2024,11:30,Full,No review,,,,,,,,
2024,4/3/2024,12:00,Full,First 30,BP,No fish,,,,,,
2024,4/3/2024,12:30,Full,No review,,,,,,,,
2024,4/3/2024,13:00,Full,First 30,BP,No fish,,,,,,
2024,4/3/2024,13:30,Full,No review,,,,,,,,
2024,4/3/2024,14:00,Full,First 30,BP,No fish,,,,,,
2024,4/3/2024,14:30,Full,No review,,,,,,,,
2024,4/3/2024,15:00,Full,First 30,BP,No fish,,,,,,
2024,4/3/2024,15:30,Full,No review,,,,,,,,
2024,4/3/2024,16:00,Full,First 30,BP,16:09:07,2776,downstream,13.40,56.30,2,not enough frames to get a good image
2024,4/3/2024,16:30,Full,No review,,,,,,,,
2024,4/3/2024,17:00,Full,First 30,BP,No fish,,,,,,
2024,4/3/2024,17:30,Full,No review,,,,,,,,
2024,4/3/2024,18:00,Full,First 30,BP,18:01:13,361,downstream,13.97,57.80,2,not enough frames to get a good image
2024,4/3/2024,18:30,Full,No review,,,,,,,,
2024,4/3/2024,19:00,Full,First 30,BP,19:03:48,1151,downstream,11.88,78.30,1,
2024,4/3/2024,19:00,Full,First 30,BP,19:03:56,1190,downstream,12.56,71.40,1,
2024,4/3/2024,19:30,Full,No review,,,,,,,,
2024,4/3/2024,20:00,Full,First 30,BP,20:06:16,1892,upstream,13.68,97.70,1,
2024,4/3/2024,20:00,Full,First 30,BP,20:18:42,5684,upstream,15.35,73.50,1,
2024,4/3/2024,20:00,Full,First 30,BP,20:21:43,6607,upstream,14.21,75.00,1,
2024,4/3/2024,20:00,Full,First 30,BP,20:21:50,6638,upstream,16.27,92.80,1,
2024,4/3/2024,20:00,Full,First 30,BP,20:25:13,7679,upstream,14.35,76.90,1,
2024,4/3/2024,20:00,Full,First 30,BP,20:26:56,8193,downstream,10.72,71.30,1,
2024,4/3/2024,20:30,Full,No review,,,,,,,,
2024,4/3/2024,21:00,Full,First 30,BP,21:03:43,1129,upstream,17.98,71.20,1,
2024,4/3/2024,21:00,Full,First 30,BP,21:09:26,2864,downstream,18.61,69.40,1,fairly confident this could be same fish from above
2024,4/3/2024,21:00,Full,First 30,BP,21:14:12,4317,upstream,11.86,58.30,1,
2024,4/3/2024,21:00,Full,First 30,BP,21:19:13,5850,upstream,19.51,75.60,1,
2024,4/3/2024,21:00,Full,First 30,BP,21:22:52,6959,upstream,12.76,93.60,1,
2024,4/3/2024,21:00,Full,First 30,BP,21:23:08,7048,upstream,9.18,64.70,1,
2024,4/3/2024,21:30,Full,No review,,,,,,,,
2024,4/3/2024,22:00,Full,First 30,BP,22:12:31,3813,downstream,6.03,47.80,1,not positive about length of this fish; it is in the +/- 45cm range
2024,4/3/2024,22:00,Full,First 30,BP,22:14:18,4350,upstream,11.11,52.00,1,
2024,4/3/2024,22:00,Full,First 30,BP,22:24:47,7552,downstream,16.53,75.40,1,
2024,4/3/2024,22:00,Full,First 30,BP,22:27:45,8460,upstream,17.73,81.00,1,
2024,4/3/2024,22:30,Full,No review,,,,,,,,
2024,4/3/2024,23:00,Full,First 30,BP,23:01:00,295,downstream,19.39,61.70,1,
2024,4/3/2024,23:00,Full,First 30,BP,23:02:22,712,upstream,17.99,80.20,1,
2024,4/3/2024,23:00,Full,First 30,BP,23:02:58,893,downstream,17.67,65.60,1,
2024,4/3/2024,23:00,Full,First 30,BP,23:03:14,980,downstream,16.45,60.90,1,
2024,4/3/2024,23:00,Full,First 30,BP,23:04:55,1496,downstream,16.45,70.30,1,
2024,4/3/2024,23:30,Full,No review,,,,,,,,
2024,4/4/2024,0:00,Full,First 30,BP,0:19:52,5992,downstream,17.61,67.20,1,"not entirely positive it crossed through SONAR beams, imagery disappeared near far downstream end"
2024,4/4/2024,0:00,Full,First 30,BP,0:22:09,6685,upstream,19.05,68.60,1,
2024,4/4/2024,0:30,Full,No review,,,,,,,,
2024,4/4/2024,1:00,Full,First 30,BP,No fish,,,,,,imagery is very distorted
2024,4/4/2024,1:30,Full,No review,,,,,,,,
2024,4/4/2024,2:00,Full,First 30,BP,2:08:53,2697,upstream,16.35,67.50,1,
2024,4/4/2024,2:30,Full,No review,,,,,,,,
2024,4/4/2024,3:00,Full,First 30,BP,3:20:41,6303,downstream,18.05,68.30,1,
2024,4/4/2024,3:00,Full,First 30,BP,3:22:40,6909,downstream,16.32,71.40,1,
2024,4/4/2024,3:30,Full,No review,,,,,,,,
2024,4/4/2024,4:00,Full,First 30,BP,4:13:24,4060,downstream,12.13,81.40,1,
2024,4/4/2024,4:00,Full,First 30,BP,4:25:48,7823,downstream,9.92,72.40,1,
2024,4/4/2024,4:30,Full,No review,,,,,,,,
2024,4/4/2024,5:00,Full,First 30,BP,5:03:09,945,downstream,14.05,84.10,1,
2024,4/4/2024,5:00,Full,First 30,BP,5:10:06,3972,upstream,8.21,74.00,1,
2024,4/4/2024,5:00,Full,First 30,BP,5:22:01,6670,downstream,7.73,55.40,1,
2024,4/4/2024,5:30,Full,No review,,,,,,,,
2024,4/4/2024,6:00,Full,First 30,BP,6:05:49,1768,upstream,13.19,77.20,1,
2024,4/4/2024,6:30,Full,No review,,,,,,,,
2024,4/4/2024,7:00,Full,First 30,BP,No fish,,,,,,
2024,4/4/2024,7:30,Full,No review,,,,,,,,
2024,4/4/2024,8:00,Full,First 30,BP,No fish,,,,,,
2024,4/4/2024,8:30,Full,No review,,,,,,,,
2024,4/4/2024,9:00,Full,First 30,BP,No fish,,,,,,
2024,4/4/2024,9:30,Full,No review,,,,,,,,
2024,4/4/2024,10:00,Full,First 30,BP,10:01:04,315,downstream,9.72,65.30,2,"pretty sure it's a fish, but moved very fast & not picked up in very many frames. B unsure keep at 2."
2024,4/4/2024,10:30,Full,No review,,,,,,,,
2024,4/4/2024,11:00,Full,First 30,BP,No fish,,,,,,this may be a species composition/ tangle net day. Imagery is very cool!
2024,4/4/2024,11:30,Full,No review,,,,,,,,
2024,4/4/2024,12:00,Full,First 30,BP,No fish,,,,,,
2024,4/4/2024,12:30,Full,No review,,,,,,,,
2024,4/4/2024,13:00,Full,First 30,BP,No fish,,,,,,
2024,4/4/2024,13:30,Full,No review,,,,,,,,
2024,4/4/2024,14:00,Full,First 30,BP,No fish,,,,,,
2024,4/4/2024,14:30,Full,No review,,,,,,,,
2024,4/4/2024,15:00,Full,First 30,BP,No fish,,,,,,
2024,4/4/2024,15:30,Full,No review,,,,,,,,
2024,4/4/2024,16:00,Full,First 30,BP,No fish,,,,,,
2024,4/4/2024,16:30,Full,No review,,,,,,,,
2024,4/4/2024,17:00,Full,First 30,BP,No fish,,,,,,
2024,4/4/2024,17:30,Full,No review,,,,,,,,
2024,4/4/2024,18:00,Full,First 30,BP,No fish,,,,,,
2024,4/4/2024,18:30,Full,No review,,,,,,,,
2024,4/4/2024,19:00,Full,First 30,BP,No fish,,,,,,
2024,4/4/2024,19:30,Full,No review,,,,,,,,
2024,4/4/2024,20:00,Full,First 30,BP,20:11:19,3433,upstream,11.09,52.00,1,not 100% sure this fish passed all the way through. It went most of the way then disappeared
2024,4/4/2024,20:00,Full,First 30,BP,20:11:19,3431,upstream,11.30,68.50,1,
2024,4/4/2024,20:00,Full,First 30,BP,20:13:53,4214,upstream,15.05,63.10,1,
2024,4/4/2024,20:00,Full,First 30,BP,20:14:35,4424,upstream,11.79,63.20,1,
2024,4/4/2024,20:00,Full,First 30,BP,20:17:02,5169,upstream,13.41,62.50,1,
2024,4/4/2024,20:00,Full,First 30,BP,20:17:24,5281,downstream,14.26,55.90,1,
2024,4/4/2024,20:00,Full,First 30,BP,20:19:05,5796,upstream,13.90,63.70,1,
2024,4/4/2024,20:00,Full,First 30,BP,20:21:07,6411,upstream,15.06,67.00,1, 
2024,4/4/2024,20:00,Full,First 30,BP,20:24:08,7326,upstream,15.17,76.30,1,
2024,4/4/2024,20:00,Full,First 30,BP,20:24:08,7326,upstream,15.55,69.80,1,
2024,4/4/2024,20:30,Full,No review,,,,,,,,
2024,4/4/2024,21:00,Full,First 30,BP,21:04:27,1341,upstream,7.15,50.90,1,images of this fish are very grainy and distorted. I am not confident in length other than being over 45cm. Measurements ranged from 50 - 80cms
2024,4/4/2024,21:00,Full,First 30,BP,21:04:31,1364,upstream,7.87,55.60,1,
2024,4/4/2024,21:00,Full,First 30,BP,21:11:23,3429,downstream,13.98,72.70,1,
2024,4/4/2024,21:00,Full,First 30,BP,21:22:30,6819,downstream,15.64,68.50,1,
2024,4/4/2024,21:00,Full,First 30,BP,21:29:20,8879,upstream,14.15,87.60,1,
2024,4/4/2024,21:30,Full,No review,,,,,,,,
2024,4/4/2024,22:00,Full,First 30,BP,22:22:25,6838,downstream,14.43,69.00,1,
2024,4/4/2024,22:00,Full,First 30,BP,22:27:22,8351,upstream,15.07,62.00,1,
2024,4/4/2024,22:30,Full,No review,,,,,,,,
2024,4/4/2024,23:00,Full,First 30,BP,23:03:05,925,upstream,20.56,105.20,2,could be beaver. Very grainy & hard to make out. B agrees- beaver or otter
2024,4/4/2024,23:30,Full,No review,,,,,,,,
2024,4/5/2024,0:00,Full,First 30,AS,0:17:15,5243,downstream,7.67,83.6,1,
2024,4/5/2024,0:00,Full,First 30,AS,0:20:38,6275,downstream,15.22,85.6,1,
2024,4/5/2024,0:00,Full,First 30,AS,0:29:29,8972,upstream,8.19,74,1,
2024,4/5/2024,0:30,Full,Second 30,AS,0:30:09,38,upstream,10.49,79.7,1,
2024,4/5/2024,1:00,Full,First 30,AS,1:10:19,3123,downstream,7.78,50,1,
2024,4/5/2024,1:30,Full,No review,AS,,,,,,,
2024,4/5/2024,2:00,Full,First 30,AS,2:29:30,9000,downstream,8.01,74.4,1,
2024,4/5/2024,2:30,Full,No review,AS,,,,,,,
2024,4/5/2024,3:00,Full,First 30,AS,3:11:04,3385,downstream,14.63,84.8,1,
2024,4/5/2024,3:00,Full,First 30,AS,3:18:51,5742,upstream,9.01,65,1,
2024,4/5/2024,3:30,Full,No review,AS,,,,,,,
2024,4/5/2024,4:00,Full,First 30,AS,No fish,,,,,,
2024,4/5/2024,4:30,Full,No review,AS,,,,,,,
2024,4/5/2024,5:00,Full,First 30,AS,5:27:49,8441,downstream,7.21,83.4,1,
2024,4/5/2024,5:30,Full,No review,AS,,,,,,,
2024,4/5/2024,6:00,Full,First 30,AS,6:02:40,800,upstream,8.71,64.1,1,
2024,4/5/2024,6:00,Full,First 30,AS,6:04:56,1490,downstream,11.31,83.6,1,
2024,4/5/2024,6:00,Full,First 30,AS,6:04:56,1489,downstream,10.14,73.3,1,
2024,4/5/2024,6:00,Full,First 30,AS,6:07:13,2182,downstream,11.93,77.2,1,
2024,4/5/2024,6:00,Full,First 30,AS,6:13:58,4244,downstream,9.22,72.7,1,
2024,4/5/2024,6:00,Full,First 30,AS,6:22:44,6906,downstream,9.24,69.7,1,
2024,4/5/2024,6:30,Full,No review,AS,,,,,,,
2024,4/5/2024,7:00,Full,First 30,AS,7:28:39,8693,upstream,13.82,77.3,1,
2024,4/5/2024,7:30,Full,No review,AS,,,,,,,
2024,4/5/2024,8:00,Full,First 30,AS,8:07:59,2409,downstream,9.57,76.4,1,
2024,4/5/2024,8:30,Full,No review,AS,,,,,,,
2024,4/5/2024,9:00,Full,No review,AS,,,,,,,
2024,4/5/2024,9:30,Full,No review,AS,,,,,,,
2024,4/5/2024,10:00,Full,No review,AS,,,,,,,
2024,4/5/2024,10:30,Full,No review,AS,,,,,,,
2024,4/5/2024,11:00,Full,No review,AS,,,,,,,
2024,4/5/2024,11:30,Full,No review,AS,,,,,,,
2024,4/5/2024,12:00,Full,No review,AS,,,,,,,
2024,4/5/2024,12:30,Full,No review,AS,,,,,,,
2024,4/5/2024,13:00,Full,No review,AS,,,,,,,
2024,4/5/2024,13:30,Full,No review,AS,,,,,,,
2024,4/5/2024,14:00,Full,No review,AS,,,,,,,
2024,4/5/2024,14:30,Full,No review,AS,,,,,,,
2024,4/5/2024,15:00,Full,No review,AS,,,,,,,
2024,4/5/2024,15:30,Full,No review,AS,,,,,,,
2024,4/5/2024,16:00,Full,No review,AS,,,,,,,
2024,4/5/2024,16:30,Full,No review,AS,,,,,,,
2024,4/5/2024,17:00,Full,No review,AS,,,,,,,
2024,4/5/2024,17:30,Full,No review,AS,,,,,,,
2024,4/5/2024,18:00,Full,No review,AS,,,,,,,
2024,4/5/2024,18:30,Full,No review,AS,,,,,,,
2024,4/5/2024,19:00,Full,First 30,AS,No fish,,,,,,
2024,4/5/2024,19:30,Full,No review,AS,,,,,,,
2024,4/5/2024,20:00,Full,First 30,AS,No fish,,,,,,
2024,4/5/2024,20:30,Full,No review,AS,,,,,,,
2024,4/5/2024,21:00,Full,First 30,AS,21:17:02,5151,upstream,11.21,54,1,
2024,4/5/2024,21:00,Full,First 30,AS,21:21:45,6562,upstream,14.35,70.5,1,
2024,4/5/2024,21:00,Full,First 30,AS,21:23:46,7173,upstream,13.9,85.5,1,
2024,4/5/2024,21:30,Full,No review,AS,,,,,,,
2024,4/5/2024,22:00,Full,First 30,AS,22:02:43,805,upstream,14.64,85.3,1,
2024,4/5/2024,22:00,Full,First 30,AS,22:02:48,829,upstream,13.38,72,1,
2024,4/5/2024,22:00,Full,First 30,AS,22:21:13,6396,upstream,7.03,73,1,
2024,4/5/2024,22:00,Full,First 30,AS,22:21:38,6518,downstream,15.76,84.4,1,
2024,4/5/2024,22:00,Full,First 30,AS,22:24:43,7453,downstream,7.55,65.6,1,
2024,4/5/2024,22:00,Full,First 30,AS,22:26:35,8026,upstream,18.87,73,1,
2024,4/5/2024,22:00,Full,First 30,AS,22:28:57,8736,upstream,7.88,63.5,1,
2024,4/5/2024,22:30,Full,No review,AS,,,,,,,
2024,4/5/2024,23:00,Full,First 30,AS,23:00:11,49,downstream,8.03,64.3,1,
2024,4/5/2024,23:00,Full,First 30,AS,23:00:15,71,downstream,13.92,80,1,
2024,4/5/2024,23:00,Full,First 30,AS,23:05:10,1551,downstream,11.47,83.8,1,
2024,4/5/2024,23:00,Full,First 30,AS,23:06:30,1952,upstream,19.17,83.1,1,
2024,4/5/2024,23:00,Full,First 30,AS,23:08:09,2446,downstream,16.47,81.2,1,
2024,4/5/2024,23:00,Full,First 30,AS,23:10:21,3116,upstream,7.12,68.4,1,
2024,4/5/2024,23:00,Full,First 30,AS,23:16:47,5049,upstream,8.17,63.5,1,
2024,4/5/2024,23:00,Full,First 30,AS,23:20:16,6107,downstream,16.41,62.2,1,
2024,4/5/2024,23:00,Full,First 30,AS,23:23:41,7133,upstream,15.9,63.5,1,
2024,4/5/2024,23:30,Full,No review,AS,,,,,,,
2024,4/6/2024,0:00,Full,First 30,AS,0:06:42,2046,downstream,15.36,73.7,1,
2024,4/6/2024,0:00,Full,First 30,AS,0:07:38,2326,upstream,16.42,72.6,1,
2024,4/6/2024,0:00,Full,First 30,AS,0:17:27,5320,downstream,10.47,81.4,1,
2024,4/6/2024,0:00,Full,First 30,AS,0:19:14,5856,upstream,9.17,73.8,1,
2024,4/6/2024,0:00,Full,First 30,AS,0:24:15,7369,downstream,16.27,74.3,1,
2024,4/6/2024,0:00,Full,First 30,AS,0:26:01,7919,downstream,16.29,74.3,1,
2024,4/6/2024,0:30,Full,No review,AS,,,,,,,
2024,4/6/2024,1:00,Full,First 30,AS,1:00:54,259,downstream,6.92,61.4,1,
2024,4/6/2024,1:00,Full,First 30,AS,1:09:42,2941,downstream,14.56,79.4,1,
2024,4/6/2024,1:00,Full,First 30,AS,1:10:41,3241,downstream,13.87,84.7,1,
2024,4/6/2024,1:00,Full,First 30,AS,1:20:47,6279,upstream,6.18,73.7,1,
2024,4/6/2024,1:00,Full,First 30,AS,1:28:34,8657,downstream,14.72,80.7,1,
2024,4/6/2024,1:00,Full,First 30,AS,1:29:42,9002,upstream,9.01,62.3,1,
2024,4/6/2024,1:30,Full,No review,AS,,,,,,,
2024,4/6/2024,2:00,Full,First 30,AS,2:01:34,455,downstream,8.57,76.1,1,
2024,4/6/2024,2:00,Full,First 30,AS,2:19:42,5909,downstream,16.23,70.5,1,
2024,4/6/2024,2:00,Full,First 30,AS,2:21:56,6577,downstream,11.82,81.8,1,
2024,4/6/2024,2:00,Full,First 30,AS,2:29:00,8735,upstream,9.52,72.3,1,
2024,4/6/2024,2:30,Full,No review,AS,,,,,,,
2024,4/6/2024,3:00,Full,First 30,AS,3:16:59,5122,upstream,14.17,82.4,1,
2024,4/6/2024,3:30,Full,No review,AS,,,,,,,
2024,4/6/2024,4:00,Full,First 30,AS,No fish,,,,,,
2024,4/6/2024,4:30,Full,No review,AS,,,,,,,
2024,4/6/2024,5:00,Full,First 30,AS,No fish,,,,,,
2024,4/6/2024,5:30,Full,No review,AS,,,,,,,
2024,4/6/2024,6:00,Full,First 30,AS,6:00:07,29,upstream,10.83,81.7,1,
2024,4/6/2024,6:00,Full,First 30,AS,6:06:23,1925,downstream,10.25,83.5,1,
2024,4/6/2024,6:30,Full,No review,AS,,,,,,,
2024,4/6/2024,7:00,Full,First 30,AS,No fish,,,,,,
2024,4/6/2024,7:30,Full,No review,AS,,,,,,,
2024,4/6/2024,8:00,Full,First 30,AS,No fish,,,,,,
2024,4/6/2024,8:30,Full,No review,AS,,,,,,,
2024,4/6/2024,9:00,Full,First 30,AS,No fish,,,,,,
2024,4/6/2024,9:30,Full,No review,AS,,,,,,,
2024,4/6/2024,10:00,Full,No review,AS,,,,,,,
2024,4/6/2024,10:30,Full,No review,AS,,,,,,,
2024,4/6/2024,11:00,Full,No review,AS,,,,,,,
2024,4/6/2024,11:30,Full,No review,AS,,,,,,,
2024,4/6/2024,12:00,Full,No review,AS,,,,,,,
2024,4/6/2024,12:30,Full,No review,AS,,,,,,,
2024,4/6/2024,13:00,Full,No review,AS,,,,,,,
2024,4/6/2024,13:30,Full,No review,AS,,,,,,,
2024,4/6/2024,14:00,Full,No review,AS,,,,,,,
2024,4/6/2024,14:30,Full,No review,AS,,,,,,,
2024,4/6/2024,15:00,Full,No review,AS,,,,,,,
2024,4/6/2024,15:30,Full,No review,AS,,,,,,,
2024,4/6/2024,16:00,Full,No review,AS,,,,,,,
2024,4/6/2024,16:30,Full,No review,AS,,,,,,,
2024,4/6/2024,17:00,Full,No review,AS,,,,,,,
2024,4/6/2024,17:30,Full,No review,AS,,,,,,,
2024,4/6/2024,18:00,Full,No review,AS,,,,,,,
2024,4/6/2024,18:30,Full,No review,AS,,,,,,,
2024,4/6/2024,19:00,Full,First 30,AS,No fish,,,,,,
2024,4/6/2024,19:30,Full,No review,AS,,,,,,,
2024,4/6/2024,20:00,Full,First 30,AS,20:03:10,928,downstream,14.71,60.1,1,
2024,4/6/2024,20:00,Full,First 30,AS,20:09:06,2710,upstream,8.04,65.5,1,
2024,4/6/2024,20:00,Full,First 30,AS,20:12:40,3782,downstream,13.11,63.8,1,
2024,4/6/2024,20:00,Full,First 30,AS,20:17:24,5196,upstream,13.81,62.4,1,
2024,4/6/2024,20:00,Full,First 30,AS,20:17:30,5228,upstream,11.64,47.2,1,
2024,4/6/2024,20:00,Full,First 30,AS,20:24:41,7375,upstream,16.39,75.5,1,75.5 and 35 swimming side by side.
2024,4/6/2024,20:00,Full,First 30,AS,20:24:42,7378,upstream,16.11,35,2,75.5 and 35 swimming side by side.
2024,4/6/2024,20:00,Full,First 30,AS,20:25:41,7674,upstream,11.71,75.6,1,
2024,4/6/2024,20:30,Full,No review,AS,,,,,,,
2024,4/6/2024,21:00,Full,First 30,AS,21:02:29,736,upstream,18.77,82.9,1,
2024,4/6/2024,21:00,Full,First 30,AS,21:07:47,2303,downstream,9.46,64.4,1,
2024,4/6/2024,21:00,Full,First 30,AS,21:11:49,3521,upstream,5.91,52.2,1,
2024,4/6/2024,21:00,Full,First 30,AS,21:13:25,4002,downstream,10.18,66.1,1,
2024,4/6/2024,21:00,Full,First 30,AS,21:14:52,4434,downstream,15.38,89.7,1,
2024,4/6/2024,21:00,Full,First 30,AS,21:17:38,5268,upstream,15.73,72.4,1,
2024,4/6/2024,21:00,Full,First 30,AS,21:20:58,6267,upstream,19.07,89.7,1,
2024,4/6/2024,21:30,Full,No review,AS,,,,,,,
2024,4/6/2024,22:00,Full,First 30,AS,22:01:35,455,downstream,9.74,74.1,1,
2024,4/6/2024,22:00,Full,First 30,AS,22:06:12,1830,upstream,6.72,62.7,1,
2024,4/6/2024,22:00,Full,First 30,AS,22:08:28,2496,downstream,15.53,89.9,1,
2024,4/6/2024,22:00,Full,First 30,AS,22:09:39,2846,upstream,10.69,76.2,1,
2024,4/6/2024,22:00,Full,First 30,AS,22:10:44,3176,upstream,9.06,64.9,1,
2024,4/6/2024,22:00,Full,First 30,AS,22:11:46,3474,upstream,11.18,75.9,1,
2024,4/6/2024,22:30,Full,No review,AS,,,,,,,
2024,4/6/2024,23:00,Full,First 30,AS,23:22:12,6678,upstream,8.86,63.6,1,
2024,4/6/2024,23:30,Full,No review,AS,,,,,,,
2024,4/7/2024,0:00,Full,First 30,AS,0:04:49,1441,downstream,16.88,82.9,1,
2024,4/7/2024,0:00,Full,First 30,AS,0:08:03,2403,upstream,16.46,75.7,1,
2024,4/7/2024,0:30,Full,No review,AS,,,,,,,
2024,4/7/2024,1:00,Full,First 30,AS,1:10:18,3097,downstream,15.32,81.1,1,
2024,4/7/2024,1:00,Full,First 30,AS,1:11:33,3468,upstream,6.97,69.1,1,
2024,4/7/2024,1:00,Full,First 30,AS,1:13:32,4059,upstream,19.41,62.7,1,
2024,4/7/2024,1:30,Full,No review,AS,,,,,,,
2024,4/7/2024,2:00,Full,First 30,AS,2:02:48,838,upstream,8.58,64.7,1,
2024,4/7/2024,2:00,Full,First 30,AS,2:09:03,2736,downstream,10.58,87.5,1,
2024,4/7/2024,2:00,Full,First 30,AS,2:10:44,3245,downstream,16.38,72.1,1,
2024,4/7/2024,2:00,Full,First 30,AS,2:11:50,3581,upstream,11.87,78,1,
2024,4/7/2024,2:00,Full,First 30,AS,2:12:03,3635,upstream,10.75,87,1,
2024,4/7/2024,2:00,Full,First 30,AS,2:13:22,4035,downstream,8.92,85.7,1,
2024,4/7/2024,2:00,Full,First 30,AS,2:15:03,4540,upstream,8.74,85.2,1,
2024,4/7/2024,2:00,Full,First 30,AS,2:25:26,7658,upstream,17.86,75.3,1,
2024,4/7/2024,2:00,Full,First 30,AS,2:26:15,7906,upstream,12.69,85.9,1,
2024,4/7/2024,2:30,Full,No review,AS,,,,,,,
2024,4/7/2024,3:00,Full,First 30,AS,No fish,,,,,,
2024,4/7/2024,3:30,Full,No review,AS,,,,,,,
2024,4/7/2024,4:00,Full,First 30,AS,4:10:16,3082,downstream,7.68,77.2,1,
2024,4/7/2024,4:30,Full,No review,AS,,,,,,,
2024,4/7/2024,5:00,Full,First 30,AS,No fish,,,,,,
2024,4/7/2024,5:30,Full,No review,AS,,,,,,,
2024,4/7/2024,6:00,Full,First 30,AS,6:01:03,308,upstream,10.88,66.4,1,
2024,4/7/2024,6:00,Full,First 30,AS,6:04:56,1482,downstream,13.97,76.8,1,
2024,4/7/2024,6:00,Full,First 30,AS,6:06:19,1896,upstream,13.7,56.2,1,
2024,4/7/2024,6:30,Full,No review,AS,,,,,,,
2024,4/7/2024,7:00,Full,No review,AS,,,,,,,
2024,4/7/2024,7:30,Full,No review,AS,,,,,,,
2024,4/7/2024,8:00,Full,No review,AS,,,,,,,
2024,4/7/2024,8:30,Full,No review,AS,,,,,,,
2024,4/7/2024,9:00,Full,No review,AS,,,,,,,
2024,4/7/2024,9:30,Full,No review,AS,,,,,,,
2024,4/7/2024,10:00,Full,No review,AS,,,,,,,
2024,4/7/2024,10:30,Full,No review,AS,,,,,,,
2024,4/7/2024,11:00,Full,No review,AS,,,,,,,
2024,4/7/2024,11:30,Full,No review,AS,,,,,,,
2024,4/7/2024,12:00,Full,No review,AS,,,,,,,
2024,4/7/2024,12:30,Full,No review,AS,,,,,,,
2024,4/7/2024,13:00,Full,No review,AS,,,,,,,
2024,4/7/2024,13:30,Full,No review,AS,,,,,,,
2024,4/7/2024,14:00,Full,No review,AS,,,,,,,
2024,4/7/2024,14:30,Full,No review,AS,,,,,,,
2024,4/7/2024,15:00,Full,No review,AS,,,,,,,
2024,4/7/2024,15:30,Full,No review,AS,,,,,,,
2024,4/7/2024,16:00,Full,No review,AS,,,,,,,
2024,4/7/2024,16:30,Full,No review,AS,,,,,,,
2024,4/7/2024,17:00,Full,No review,AS,,,,,,,
2024,4/7/2024,17:30,Full,No review,AS,,,,,,,
2024,4/7/2024,18:00,Full,No review,AS,,,,,,,
2024,4/7/2024,18:30,Full,No review,AS,,,,,,,
2024,4/7/2024,19:00,Full,No review,AS,,,,,,,
2024,4/7/2024,19:30,Full,No review,AS,,,,,,,
2024,4/7/2024,20:00,Full,First 30,AS,20:15:54,4766,upstream,12.83,75.4,1,
2024,4/7/2024,20:00,Full,First 30,AS,20:16:26,4929,upstream,11.76,73.7,1,
2024,4/7/2024,20:00,Full,First 30,AS,20:22:50,6855,upstream,15.2,77.4,1,
2024,4/7/2024,20:00,Full,First 30,AS,20:29:53,8991,upstream,10.96,75.4,1,
2024,4/7/2024,20:30,Full,No review,AS,,,,,,,
2024,4/7/2024,21:00,Full,First 30,AS,21:07:18,2202,downstream,11.3,71.9,1,
2024,4/7/2024,21:00,Full,First 30,AS,21:12:16,3708,upstream,15.79,76.9,1,
2024,4/7/2024,21:00,Full,First 30,AS,21:29:25,8872,upstream,6.06,66.8,1,
2024,4/7/2024,21:30,Full,No review,AS,,,,,,,
2024,4/7/2024,22:00,Full,First 30,AS,22:09:32,2835,downstream,15.7,70,1,
2024,4/7/2024,22:00,Full,First 30,AS,22:13:24,3984,upstream,18.12,70.2,1,
2024,4/7/2024,22:00,Full,First 30,AS,22:26:38,7977,downstream,5.53,78.4,1,
2024,4/7/2024,22:00,Full,First 30,AS,22:29:31,8848,downstream,15.99,70.3,1,
2024,4/7/2024,22:30,Full,No review,AS,,,,,,,
2024,4/7/2024,23:00,Full,First 30,AS,23:14:25,4342,downstream,8.83,77.6,1,
2024,4/7/2024,23:00,Full,First 30,AS,23:16:18,4907,upstream,6.23,47.4,1,
2024,4/7/2024,23:00,Full,First 30,AS,23:20:08,6061,upstream,7.26,55.2,1,
2024,4/7/2024,23:00,Full,First 30,AS,23:28:57,8707,upstream,7.02,63,1,
2024,4/7/2024,23:30,Full,No review,AS,,,,,,,
2024,4/8/2024,0:00,Full,First 30,AS,0:27:03,8130,downstream,6.78,60.9,1,
2024,4/8/2024,0:30,Full,No review,AS,,,,,,,
2024,4/8/2024,1:00,Full,First 30,AS,1:06:40,2016,upstream,10.87,71.5,1,
2024,4/8/2024,1:00,Full,First 30,AS,1:13:45,4130,downstream,14.05,77.3,1,
2024,4/8/2024,1:30,Full,No review,AS,,,,,,,
2024,4/8/2024,2:00,Full,First 30,AS,No fish,,,,,,
2024,4/8/2024,2:30,Full,No review,AS,,,,,,,
2024,4/8/2024,3:00,Full,First 30,AS,3:06:52,2060,upstream,9.07,83,1,
2024,4/8/2024,3:30,Full,No review,AS,,,,,,,
2024,4/8/2024,4:00,Full,First 30,AS,No fish,,,,,,
2024,4/8/2024,4:30,Full,No review,AS,,,,,,,
2024,4/8/2024,5:00,Full,First 30,AS,No fish,,,,,,
2024,4/8/2024,5:30,Full,No review,AS,,,,,,,
2024,4/8/2024,6:00,Full,First 30,AS,6:02:29,731,upstream,14.3,64.9,1,
2024,4/8/2024,6:00,Full,First 30,AS,6:05:42,1696,upstream,13.94,46.9,1,
2024,4/8/2024,6:00,Full,First 30,AS,6:12:12,3672,downstream,10.83,86.5,1,
2024,4/8/2024,6:00,Full,First 30,AS,6:13:09,3943,downstream,11.49,73.6,1,
2024,4/8/2024,6:00,Full,First 30,AS,6:19:43,5912,upstream,11.24,54.4,1,
2024,4/8/2024,6:00,Full,First 30,AS,6:20:44,6221,downstream,11.13,74.2,1,
2024,4/8/2024,6:00,Full,First 30,AS,6:21:03,6312,upstream,12.94,85.5,1,
2024,4/8/2024,6:30,Full,No review,AS,,,,,,,
2024,4/8/2024,7:00,Full,First 30,AS,No fish,,,,,,
2024,4/8/2024,7:30,Full,No review,AS,,,,,,,
2024,4/8/2024,8:00,Full,First 30,AS,No fish,,,,,,
2024,4/8/2024,8:30,Full,No review,AS,,,,,,,
2024,4/8/2024,9:00,Full,No review,AS,,,,,,,
2024,4/8/2024,9:30,Full,No review,AS,,,,,,,
2024,4/8/2024,10:00,Full,No review,AS,,,,,,,
2024,4/8/2024,10:30,Full,No review,AS,,,,,,,
2024,4/8/2024,11:00,Full,No review,AS,,,,,,,
2024,4/8/2024,11:30,Full,No review,AS,,,,,,,
2024,4/8/2024,12:00,Full,No review,AS,,,,,,,
2024,4/8/2024,12:30,Full,No review,AS,,,,,,,
2024,4/8/2024,13:00,Full,No review,AS,,,,,,,
2024,4/8/2024,13:30,Full,No review,AS,,,,,,,
2024,4/8/2024,14:00,Full,No review,AS,,,,,,,
2024,4/8/2024,14:30,Full,No review,AS,,,,,,,
2024,4/8/2024,15:00,Full,No review,AS,,,,,,,
2024,4/8/2024,15:30,Full,No review,AS,,,,,,,
2024,4/8/2024,16:00,Full,No review,AS,,,,,,,
2024,4/8/2024,16:30,Full,No review,AS,,,,,,,
2024,4/8/2024,17:00,Full,First 30,AS,No fish,,,,,,
2024,4/8/2024,17:30,Full,No review,AS,,,,,,,
2024,4/8/2024,18:00,Full,First 30,AS,No fish,,,,,,
2024,4/8/2024,18:30,Full,No review,AS,,,,,,,
2024,4/8/2024,19:00,Full,First 30,AS,No fish,,,,,,
2024,4/8/2024,19:30,Full,No review,AS,,,,,,,
2024,4/8/2024,20:00,Full,First 30,AS,20:09:35,2825,upstream,10.21,64.1,1,
2024,4/8/2024,20:00,Full,First 30,AS,20:11:45,3481,upstream,13.68,86.4,1,
2024,4/8/2024,20:30,Full,No review,AS,,,,,,,
2024,4/8/2024,21:00,Full,First 30,AS,21:03:02,899,upstream,7.54,79.1,1,
2024,4/8/2024,21:00,Full,First 30,AS,21:18:05,5372,upstream,7.18,60.7,1,
2024,4/8/2024,21:30,Full,No review,AS,,,,,,,
2024,4/8/2024,22:00,Full,First 30,AS,22:14:13,4204,upstream,6.71,64,1,
2024,4/8/2024,22:30,Full,No review,AS,,,,,,,
2024,4/8/2024,23:00,Full,First 30,AS,23:13:32,4016,downstream,9.29,74.2,1,
2024,4/8/2024,23:30,Full,No review,AS,,,,,,,
2024,4/9/2024,0:00,Full,First 30,JE,0:10:27,3087,downstream,5.71,60.8,1,
2024,4/9/2024,0:00,Full,First 30,JE,0:13:46,4077,downstream,8.46,62.1,1,
2024,4/9/2024,0:00,Full,First 30,JE,0:24:41,7321,downstream,14.75,55.8,1,
2024,4/9/2024,0:30,Full,Second 30,JE,0:34:28,1318,upstream,9.8,55.9,1,
2024,4/9/2024,1:00,Full,First 30,JE,1:20:11,6009,upstream,8.28,73.1,1,
2024,4/9/2024,1:00,Full,First 30,JE,1:26:08,7786,downstream,11.67,67.2,1,
2024,4/9/2024,1:30,Full,Second 30,JE,1:35:07,1523,downstream,14.76,54.7,1,
2024,4/9/2024,1:30,Full,Second 30,JE,1:36:26,1913,upstream,16.79,58.4,1,
2024,4/9/2024,1:30,Full,Second 30,JE,1:38:42,2595,downstream,15.16,53.8,1,
2024,4/9/2024,1:30,Full,Second 30,JE,1:42:00,3580,upstream,14.99,67.1,1,
2024,4/9/2024,1:30,Full,Second 30,JE,1:45:12,4520,upstream,12.7,64.8,1,
2024,4/9/2024,1:30,Full,Second 30,JE,1:51:10,6289,downstream,18.13,53.2,1,
2024,4/9/2024,1:30,Full,Second 30,JE,1:55:11,7494,upstream,16.73,67,1,
2024,4/9/2024,1:30,Full,Second 30,JE,1:57:07,8060,upstream,6.71,52,1,
2024,4/9/2024,2:00,Full,First 30,JE,No fish,,,,,,
2024,4/9/2024,2:30,Full,Second 30,JE,2:33:31,1048,upstream,6.93,59.9,1,
2024,4/9/2024,3:00,Full,First 30,JE,3:05:48,1717,downstream,12.78,62.7,1,
2024,4/9/2024,3:00,Full,First 30,JE,3:06:13,1832,downstream,5.94,60.9,1,
2024,4/9/2024,3:00,Full,First 30,JE,3:06:52,2025,upstream,7.06,56.7,1,
2024,4/9/2024,3:00,Full,First 30,JE,3:08:12,2411,upstream,6.74,60.4,1,
2024,4/9/2024,3:30,Full,Second 30,JE,3:40:00,2950,downstream,15.12,61.2,1,
2024,4/9/2024,4:00,Full,First 30,JE,4:07:52,2324,upstream,8.7,68.8,1,
2024,4/9/2024,4:30,Full,Second 30,JE,4:43:54,4114,downstream,9.55,58.1,1,
2024,4/9/2024,4:30,Full,Second 30,JE,4:44:48,4374,upstream,13.97,68.1,1,
2024,4/9/2024,4:30,Full,Second 30,JE,4:53:35,6992,downstream,14.2,62.5,1,
2024,4/9/2024,4:30,Full,Second 30,JE,4:54:45,7335,upstream,16.47,53.2,1,
2024,4/9/2024,5:00,Full,First 30,JE,No fish,,,,,,
2024,4/9/2024,5:30,Full,Second 30,JE,5:41:25,3406,upstream,13.24,53.6,1,
2024,4/9/2024,5:30,Full,Second 30,JE,5:43:13,3944,downstream,13.04,52.8,1,
2024,4/9/2024,6:00,Full,First 30,JE,No fish,,,,,,
2024,4/9/2024,6:30,Full,Second 30,JE,No fish,,,,,,
2024,4/9/2024,7:00,Full,First 30,JE,No fish,,,,,,
2024,4/9/2024,7:30,Full,Second 30,JE,No fish,,,,,,
2024,4/9/2024,8:00,Full,First 30,JE,No fish,,,,,,
2024,4/9/2024,8:30,Full,Second 30,JE,No fish,,,,,,
2024,4/9/2024,9:00,Full,First 30,JE,No fish,,,,,,
2024,4/9/2024,9:30,Full,Second 30,JE,No fish,,,,,,
2024,4/9/2024,10:00,Full,First 30,JE,No fish,,,,,,
2024,4/9/2024,10:30,Full,Second 30,JE,No fish,,,,,,
2024,4/9/2024,11:00,Full,First 30,JE,No fish,,,,,,
2024,4/9/2024,11:30,Full,Second 30,JE,No fish,,,,,,
2024,4/9/2024,12:00,Full,First 30,JE,No fish,,,,,,
2024,4/9/2024,12:30,Full,Second 30,JE,No fish,,,,,,
2024,4/9/2024,13:00,Full,First 30,JE,No fish,,,,,,
2024,4/9/2024,13:30,Full,Second 30,JE,No fish,,,,,,
2024,4/9/2024,14:00,Full,First 30,JE,No fish,,,,,,
2024,4/9/2024,14:30,Full,Second 30,JE,No fish,,,,,,
2024,4/9/2024,15:00,Full,First 30,JE,No fish,,,,,,
2024,4/9/2024,15:30,Full,Second 30,JE,No fish,,,,,,
2024,4/9/2024,16:00,Full,First 30,JE,No fish,,,,,,
2024,4/9/2024,16:30,Full,Second 30,JE,No fish,,,,,,
2024,4/9/2024,17:00,Full,First 30,JE,No fish,,,,,,
2024,4/9/2024,17:30,Full,Second 30,JE,No fish,,,,,,
2024,4/9/2024,18:00,Full,First 30,JE,No fish,,,,,,
2024,4/9/2024,18:30,Full,Second 30,JE,No fish,,,,,,
2024,4/9/2024,19:00,Full,First 30,JE,No fish,,,,,,
2024,4/9/2024,19:30,Full,Second 30,JE,No fish,,,,,,
2024,4/9/2024,20:00,Full,First 30,JE,No fish,,,,,,
2024,4/9/2024,20:30,Full,Second 30,JE,20:33:33,1011,upstream,11.12,67.9,1,
2024,4/9/2024,20:30,Full,Second 30,JE,20:37:10,2073,upstream,14.48,68,1,
2024,4/9/2024,20:30,Full,Second 30,JE,20:37:16,2097,upstream,14.46,64.1,1,
2024,4/9/2024,20:30,Full,Second 30,JE,20:37:37,2211,upstream,14.57,65.2,1,
2024,4/9/2024,20:30,Full,Second 30,JE,20:38:35,2483,downstream,14.99,68.5,1,
2024,4/9/2024,20:30,Full,Second 30,JE,20:41:47,3416,upstream,10.81,72.2,1,
2024,4/9/2024,20:30,Full,Second 30,JE,20:47:58,5230,upstream,8.61,63,1,
2024,4/9/2024,20:30,Full,Second 30,JE,20:59:03,8486,downstream,15.99,54.7,1,
2024,4/9/2024,21:00,Full,First 30,JE,21:05:12,1519,upstream,19.07,60.8,1,
2024,4/9/2024,21:00,Full,First 30,JE,21:06:08,1800,upstream,14.1,62.9,1,
2024,4/9/2024,21:00,Full,First 30,JE,21:08:15,2396,downstream,8.03,64.9,1,
2024,4/9/2024,21:00,Full,First 30,JE,21:15:55,4646,upstream,11.17,61.6,1,
2024,4/9/2024,21:00,Full,First 30,JE,21:17:20,5065,upstream,10.91,58.2,1,
2024,4/9/2024,21:00,Full,First 30,JE,21:17:28,5102,downstream,15.55,64.7,1,
2024,4/9/2024,21:00,Full,First 30,JE,21:18:39,5456,upstream,17.13,64.6,1,
2024,4/9/2024,21:00,Full,First 30,JE,21:22:35,6602,upstream,7.11,54.7,1,
2024,4/9/2024,21:00,Full,First 30,JE,21:24:50,7253,upstream,9.72,66.4,1,
2024,4/9/2024,21:00,Full,First 30,JE,21:26:12,7663,upstream,7.61,66.4,1,
2024,4/9/2024,21:30,Full,Second 30,JE,21:45:28,4521,downstream,13.54,73.7,1,
2024,4/9/2024,21:30,Full,Second 30,JE,21:53:54,6983,downstream,9.64,71.7,1,
2024,4/9/2024,21:30,Full,Second 30,JE,21:54:00,7011,upstream,8.1,57.5,1,
2024,4/9/2024,21:30,Full,Second 30,JE,21:57:38,8072,upstream,10.58,67.3,1,
2024,4/9/2024,22:00,Full,First 30,JE,No fish,,,,,,
2024,4/9/2024,22:30,Full,Second 30,JE,22:32:06,596,upstream,6.84,52.8,1,
2024,4/9/2024,22:30,Full,Second 30,JE,22:32:44,784,downstream,12.77,65.2,1,
2024,4/9/2024,22:30,Full,Second 30,JE,22:48:40,5430,upstream,7.19,66.4,1,
2024,4/9/2024,23:00,Full,First 30,JE,23:10:11,2949,upstream,15.31,59.8,1,
2024,4/9/2024,23:00,Full,First 30,JE,23:12:03,3492,downstream,14,77.3,1,
2024,4/9/2024,23:00,Full,First 30,JE,23:16:21,4743,downstream,15.44,61.4,1,
2024,4/9/2024,23:00,Full,First 30,JE,23:17:57,5216,upstream,8.79,63.6,1,
2024,4/9/2024,23:00,Full,First 30,JE,23:23:53,6962,upstream,7.85,65,1,
2024,4/9/2024,23:30,Full,Second 30,JE,23:41:52,3460,downstream,14.72,63,1,
2024,4/9/2024,23:30,Full,Second 30,JE,23:43:38,3990,upstream,9.05,62.8,1,
2024,4/10/2024,0:00,Full,First 30,JE,0:06:41,1962,upstream,12.72,78.4,1,
2024,4/10/2024,0:00,Full,First 30,JE,0:08:49,2601,downstream,7.62,59.9,1,
2024,4/10/2024,0:00,Full,First 30,JE,0:10:59,3238,downstream,15.94,67.4,1,
2024,4/10/2024,0:00,Full,First 30,JE,0:11:38,3402,upstream,18.7,73,1,
2024,4/10/2024,0:00,Full,First 30,JE,0:18:42,5487,downstream,9.12,56.8,1,
2024,4/10/2024,0:00,Full,First 30,JE,0:20:48,6105,downstream,8.25,65.5,1,
2024,4/10/2024,0:00,Full,First 30,JE,0:22:29,6608,upstream,7.19,73.9,1,
2024,4/10/2024,0:30,Full,Second 30,JE,0:41:54,3455,upstream,5.21,54.9,1,
2024,4/10/2024,0:30,Full,Second 30,JE,0:50:05,5843,upstream,9.71,59.7,1,
2024,4/10/2024,0:30,Full,Second 30,JE,0:52:03,6405,upstream,15.93,66,1,
2024,4/10/2024,1:00,Full,First 30,JE,No fish,,,,,,
2024,4/10/2024,1:30,Full,Second 30,JE,No fish,,,,,,
2024,4/10/2024,2:00,Full,First 30,JE,No fish,,,,,,
2024,4/10/2024,2:30,Full,Second 30,JE,2:43:38,3941,downstream,7.13,67.6,1,
2024,4/10/2024,3:00,Full,First 30,JE,No fish,,,,,,
2024,4/10/2024,3:30,Full,Second 30,JE,3:44:52,4258,downstream,15.31,67.3,1,
2024,4/10/2024,4:00,Full,First 30,JE,4:06:00,1738,downstream,14.56,70.4,1,
2024,4/10/2024,4:00,Full,First 30,JE,4:07:39,2213,upstream,11.8,67.7,1,
2024,4/10/2024,4:30,Full,Second 30,JE,4:30:51,237,downstream,15.2,66.7,1,
2024,4/10/2024,4:30,Full,Second 30,JE,4:36:14,1798,downstream,11.41,67.5,1,
2024,4/10/2024,4:30,Full,Second 30,JE,4:49:21,5577,upstream,19.68,67.3,1,
2024,4/10/2024,4:30,Full,Second 30,JE,4:51:20,6164,downstream,17.88,76.7,1,
2024,4/10/2024,4:30,Full,Second 30,JE,4:52:41,6559,upstream,12.7,74.2,1,
2024,4/10/2024,4:30,Full,Second 30,JE,4:59:40,8585,downstream,15.1,73.5,1,
2024,4/10/2024,5:00,Full,First 30,JE,5:01:26,393,upstream,18.92,81.7,1,
2024,4/10/2024,5:00,Full,First 30,JE,5:20:12,5777,downstream,13.94,60.7,1,
2024,4/10/2024,5:30,Full,Second 30,JE,5:34:39,1340,downstream,7.28,73,1,
2024,4/10/2024,5:30,Full,Second 30,JE,5:47:23,5004,upstream,15.26,62.7,1,
2024,4/10/2024,5:30,Full,Second 30,JE,5:47:29,5038,upstream,13.39,77,1,
2024,4/10/2024,5:30,Full,Second 30,JE,5:50:37,5970,downstream,13.37,75,1,
2024,4/10/2024,5:30,Full,Second 30,JE,5:50:54,6057,downstream,7.81,69.4,1,
2024,4/10/2024,6:00,Full,First 30,JE,6:02:13,652,upstream,14.13,52.6,1,
2024,4/10/2024,6:30,Full,Second 30,JE,6:37:50,2246,upstream,13.52,64,1,
2024,4/10/2024,7:00,Full,First 30,JE,No fish,,,,,,
2024,4/10/2024,7:30,Full,Second 30,JE,No fish,,,,,,
2024,4/10/2024,8:00,Full,First 30,JE,No fish,,,,,,
2024,4/10/2024,8:30,Partial,Second 30,JE,No fish,,,,,,Sonar out from 8:37:38 to 12:18:45
2024,4/10/2024,9:00,No data,No data,JE,,,,,,,
2024,4/10/2024,9:30,No data,No data,JE,,,,,,,
2024,4/10/2024,10:00,No data,No data,JE,,,,,,,
2024,4/10/2024,10:30,No data,No data,JE,,,,,,,
2024,4/10/2024,11:00,No data,No data,JE,,,,,,,
2024,4/10/2024,11:30,No data,No data,JE,,,,,,,
2024,4/10/2024,12:00,Partial,First 30,JE,No fish,,,,,,
2024,4/10/2024,12:30,Full,Second 30,JE,No fish,,,,,,
2024,4/10/2024,13:00,Full,First 30,JE,No fish,,,,,,
2024,4/10/2024,13:30,Full,Second 30,JE,No fish,,,,,,
2024,4/10/2024,14:00,Full,First 30,JE,No fish,,,,,,
2024,4/10/2024,14:30,Full,Second 30,JE,No fish,,,,,,
2024,4/10/2024,15:00,Full,First 30,JE,No fish,,,,,,
2024,4/10/2024,15:30,Full,Second 30,JE,No fish,,,,,,
2024,4/10/2024,16:00,Full,First 30,JE,No fish,,,,,,
2024,4/10/2024,16:30,Full,Second 30,JE,No fish,,,,,,
2024,4/10/2024,17:00,Full,First 30,JE,No fish,,,,,,
2024,4/10/2024,17:30,Full,Second 30,JE,17:33:07,952,upstream,7.98,67.1,1,
2024,4/10/2024,18:00,Full,First 30,JE,No fish,,,,,,
2024,4/10/2024,18:30,Full,Second 30,JE,18:55:16,7567,upstream,8.52,64.7,1,
2024,4/10/2024,18:30,Full,Second 30,JE,18:55:19,7581,upstream,9.2,65.1,1,
2024,4/10/2024,18:30,Full,Second 30,JE,18:56:19,7875,upstream,11.29,67.9,1,
2024,4/10/2024,19:00,Full,First 30,JE,No fish,,,,,,
2024,4/10/2024,19:30,Full,Second 30,JE,No fish,,,,,,
2024,4/10/2024,20:00,Full,First 30,JE,20:28:39,8663,upstream,4.91,56.1,1,
2024,4/10/2024,20:30,Full,Second 30,JE,20:34:09,1251,upstream,15.45,64,1,
2024,4/10/2024,20:30,Full,Second 30,JE,20:35:49,1765,upstream,10.83,65.5,1,
2024,4/10/2024,20:30,Full,Second 30,JE,20:41:24,3428,downstream,7.62,55.1,1,
2024,4/10/2024,20:30,Full,Second 30,JE,20:45:45,4783,upstream,9.23,51.2,1,
2024,4/10/2024,20:30,Full,Second 30,JE,20:45:47,4791,upstream,8.72,61.3,1,
2024,4/10/2024,20:30,Full,Second 30,JE,20:45:54,4830,upstream,9.88,63.5,1,
2024,4/10/2024,20:30,Full,Second 30,JE,20:46:41,5073,upstream,13.93,66.4,1,
2024,4/10/2024,20:30,Full,Second 30,JE,20:57:13,8230,upstream,9.7,73.2,1,
2024,4/10/2024,21:00,Full,First 30,JE,21:00:54,264,downstream,9.11,66.2,1,
2024,4/10/2024,21:00,Full,First 30,JE,21:03:15,991,upstream,7.66,60.1,1,
2024,4/10/2024,21:00,Full,First 30,JE,21:10:07,3081,upstream,6.97,73.9,1,
2024,4/10/2024,21:30,Full,Second 30,JE,21:31:47,533,upstream,11.68,63.7,1,
2024,4/10/2024,21:30,Full,Second 30,JE,21:50:27,6179,downstream,15.33,54.2,1,
2024,4/10/2024,21:30,Full,Second 30,JE,21:51:47,6590,upstream,12.98,58.5,1,
2024,4/10/2024,21:30,Full,Second 30,JE,21:54:06,7306,upstream,14.91,60.8,1,
2024,4/10/2024,22:00,Full,First 30,JE,22:03:18,1009,upstream,7.11,65.6,1,
2024,4/10/2024,22:00,Full,First 30,JE,22:23:14,6989,downstream,11.06,75.1,1,
2024,4/10/2024,22:00,Full,First 30,JE,22:27:14,8173,upstream,6.07,75.2,1,
2024,4/10/2024,22:00,Full,First 30,JE,22:27:34,8271,upstream,11.22,74.2,1,
2024,4/10/2024,22:00,Full,First 30,JE,22:27:47,8336,upstream,12.42,77,1,
2024,4/10/2024,22:00,Full,First 30,JE,22:27:59,8395,upstream,9.04,64.3,1,
2024,4/10/2024,22:00,Full,First 30,JE,22:28:55,8685,downstream,14.07,75.8,1,
2024,4/10/2024,22:30,Full,Second 30,JE,22:43:09,4030,upstream,10.35,75.4,1,
2024,4/10/2024,22:30,Full,Second 30,JE,22:53:07,7030,upstream,17.32,55.1,1,
2024,4/10/2024,23:00,Full,First 30,JE,23:03:38,1085,upstream,8.96,74.2,1,
2024,4/10/2024,23:30,Full,Second 30,JE,23:55:32,7645,upstream,9.34,74.2,1,
2024,4/10/2024,23:30,Full,Second 30,JE,23:56:28,7920,downstream,10.22,65.8,1,
2024,4/11/2024,0:00,Full,First 30,JE,0:13:01,3890,upstream,6.18,65.6,1,
2024,4/11/2024,0:00,Full,First 30,JE,0:25:32,7659,downstream,6.04,66.7,1,
2024,4/11/2024,0:00,Full,First 30,JE,0:25:41,7704,downstream,8.62,69.9,1,
2024,4/11/2024,0:00,Full,First 30,JE,0:26:23,7921,downstream,9.14,63.4,1,
2024,4/11/2024,0:30,Full,Second 30,JE,0:30:29,126,downstream,7.01,64.1,1,
2024,4/11/2024,0:30,Full,Second 30,JE,0:38:08,2451,downstream,11.76,55.5,1,
2024,4/11/2024,0:30,Full,Second 30,JE,0:42:20,3685,upstream,14.94,68.9,1,
2024,4/11/2024,0:30,Full,Second 30,JE,0:43:41,4085,downstream,14.27,68.3,1,
2024,4/11/2024,0:30,Full,Second 30,JE,0:55:31,7650,downstream,13.8,65.1,1,
2024,4/11/2024,0:30,Full,Second 30,JE,0:57:32,8281,upstream,17.3,50.3,1,
2024,4/11/2024,1:00,Full,First 30,JE,1:05:06,1539,upstream,7.05,65,1,
2024,4/11/2024,1:00,Full,First 30,JE,1:16:59,5128,downstream,14.42,65.5,1,
2024,4/11/2024,1:30,Full,Second 30,JE,1:31:17,384,upstream,15.98,64.8,1,
2024,4/11/2024,1:30,Full,Second 30,JE,1:36:22,1932,upstream,15.37,56.8,1,
2024,4/11/2024,1:30,Full,Second 30,JE,1:58:06,8515,downstream,10.86,72.5,1,
2024,4/11/2024,2:00,Full,First 30,JE,2:07:48,2375,downstream,11.1,73.1,1,
2024,4/11/2024,2:00,Full,First 30,JE,2:24:01,7316,downstream,12.58,67.3,1,
2024,4/11/2024,2:00,Full,First 30,JE,2:28:29,8638,downstream,11.07,69.3,1,
2024,4/11/2024,2:30,Full,Second 30,JE,2:32:08,645,upstream,6.68,64,1,
2024,4/11/2024,2:30,Full,Second 30,JE,2:43:45,4159,upstream,13.46,71.7,1,
2024,4/11/2024,3:00,Full,First 30,JE,3:05:51,1733,downstream,12.1,78.2,1,
2024,4/11/2024,3:00,Full,First 30,JE,3:12:13,3681,downstream,10.27,66.7,1,
2024,4/11/2024,3:30,Full,Second 30,JE,3:42:00,3624,upstream,5.74,58.7,1,
2024,4/11/2024,4:00,Full,First 30,JE,4:02:57,864,upstream,6.19,67,1,
2024,4/11/2024,4:00,Full,First 30,JE,4:04:20,1275,upstream,8.51,70.6,1,
2024,4/11/2024,4:00,Full,First 30,JE,4:12:11,3671,upstream,9.34,72.7,1,
2024,4/11/2024,4:30,Full,Second 30,JE,4:59:05,8799,upstream,8.44,84.2,1,
2024,4/11/2024,5:00,Full,First 30,JE,5:06:51,2088,downstream,10.41,73.4,1,
2024,4/11/2024,5:00,Full,First 30,JE,5:08:35,2622,downstream,13.53,63.7,1,
2024,4/11/2024,5:00,Full,First 30,JE,5:13:27,4053,upstream,13.55,67,1,
2024,4/11/2024,5:00,Full,First 30,JE,5:23:07,6970,upstream,10.21,82.7,1,
2024,4/11/2024,5:30,Full,Second 30,JE,5:54:18,7373,downstream,10.26,61.3,1,
2024,4/11/2024,6:00,Full,First 30,JE,6:10:10,3049,upstream,8.63,71.2,1,
2024,4/11/2024,6:00,Full,First 30,JE,6:10:59,3294,upstream,11.04,77.9,1,
2024,4/11/2024,6:00,Full,First 30,JE,6:12:18,3695,downstream,8.88,62.1,1,
2024,4/11/2024,6:00,Full,First 30,JE,6:13:26,4039,downstream,7.47,61.2,1,
2024,4/11/2024,6:30,Full,Second 30,JE,No fish,,,,,,
2024,4/11/2024,7:00,Full,First 30,JE,No fish,,,,,,
2024,4/11/2024,7:30,Full,Second 30,JE,No fish,,,,,,
2024,4/11/2024,8:00,Full,First 30,JE,No fish,,,,,,
2024,4/11/2024,8:30,Full,Second 30,JE,No fish,,,,,,
2024,4/11/2024,9:00,Full,First 30,JE,No fish,,,,,,
2024,4/11/2024,9:30,Full,Second 30,JE,9:50:34,6216,downstream,9.91,70.9,1,
2024,4/11/2024,9:30,Full,Second 30,JE,9:50:34,6217,downstream,11.23,65.3,1,
2024,4/11/2024,10:00,Full,First 30,JE,No fish,,,,,,
2024,4/11/2024,10:30,Full,Second 30,JE,No fish,,,,,,
2024,4/11/2024,11:00,Full,First 30,JE,No fish,,,,,,
2024,4/11/2024,11:30,Full,Second 30,JE,No fish,,,,,,
2024,4/11/2024,12:00,Full,First 30,JE,No fish,,,,,,
2024,4/11/2024,12:30,Full,Second 30,JE,No fish,,,,,,
2024,4/11/2024,13:00,Full,First 30,JE,No fish,,,,,,
2024,4/11/2024,13:30,Full,Second 30,JE,No fish,,,,,,
2024,4/11/2024,14:00,Full,First 30,JE,No fish,,,,,,
2024,4/11/2024,14:30,Full,Second 30,JE,No fish,,,,,,
2024,4/11/2024,15:00,Full,First 30,JE,No fish,,,,,,
2024,4/11/2024,15:30,Full,Second 30,JE,No fish,,,,,,
2024,4/11/2024,16:00,Full,First 30,JE,No fish,,,,,,
2024,4/11/2024,16:30,Full,Second 30,JE,No fish,,,,,,
2024,4/11/2024,17:00,Full,First 30,JE,No fish,,,,,,
2024,4/11/2024,17:30,Full,Second 30,JE,No fish,,,,,,
2024,4/11/2024,18:00,Full,First 30,JE,No fish,,,,,,
2024,4/11/2024,18:30,Full,Second 30,JE,No fish,,,,,,
2024,4/11/2024,19:00,Full,First 30,JE,No fish,,,,,,
2024,4/11/2024,19:30,Full,Second 30,JE,19:34:27,1335,upstream,5.08,51.7,1,
2024,4/11/2024,20:00,Full,First 30,JE,20:16:21,4965,upstream,7.62,70.7,1,
2024,4/11/2024,20:00,Full,First 30,JE,20:21:31,6479,downstream,8.1,58.4,1,
2024,4/11/2024,20:00,Full,First 30,JE,20:22:41,6839,downstream,15,61.7,1,
2024,4/11/2024,20:00,Full,First 30,JE,20:26:56,8139,downstream,7.16,69.9,1,
2024,4/11/2024,20:30,Full,Second 30,JE,20:30:03,10,upstream,8.8,56.8,1,
2024,4/11/2024,20:30,Full,Second 30,JE,20:30:06,21,upstream,9.9,70.7,1,
2024,4/11/2024,20:30,Full,Second 30,JE,20:36:38,2014,upstream,11.94,61.7,1,
2024,4/11/2024,20:30,Full,Second 30,JE,20:39:30,2871,upstream,7.21,56.1,1,
2024,4/11/2024,20:30,Full,Second 30,JE,20:39:31,2880,upstream,11.58,68.4,1,
2024,4/11/2024,20:30,Full,Second 30,JE,20:47:09,5199,upstream,6.33,60.5,1,
2024,4/11/2024,20:30,Full,Second 30,JE,20:47:11,5212,upstream,5.87,63.6,1,
2024,4/11/2024,20:30,Full,Second 30,JE,20:47:15,5233,upstream,6.88,62.5,1,
2024,4/11/2024,20:30,Full,Second 30,JE,20:48:25,5575,upstream,7.27,67.3,1,
2024,4/11/2024,20:30,Full,Second 30,JE,20:48:33,5616,upstream,4.73,63.1,1,
2024,4/11/2024,20:30,Full,Second 30,JE,20:55:32,7758,upstream,5.82,57.8,1,
2024,4/11/2024,20:30,Full,Second 30,JE,20:56:04,7912,downstream,7.23,60,1,
2024,4/11/2024,20:30,Full,Second 30,JE,20:57:04,8197,upstream,6.08,59,1,
2024,4/11/2024,21:00,Full,First 30,JE,21:08:24,2531,upstream,13.99,60.9,1,
2024,4/11/2024,21:00,Full,First 30,JE,21:09:03,2731,upstream,13.47,76.1,1,
2024,4/11/2024,21:00,Full,First 30,JE,21:10:07,3057,upstream,14.37,65.8,1,
2024,4/11/2024,21:00,Full,First 30,JE,21:10:23,3140,upstream,7.18,75.1,1,
2024,4/11/2024,21:00,Full,First 30,JE,21:15:08,4585,upstream,8.19,65,1,
2024,4/11/2024,21:00,Full,First 30,JE,21:15:18,4635,upstream,10.75,65.6,1,
2024,4/11/2024,21:00,Full,First 30,JE,21:19:38,5924,upstream,14.98,61.5,1,
2024,4/11/2024,21:00,Full,First 30,JE,21:22:47,6896,downstream,7.15,64.6,1,
2024,4/11/2024,21:00,Full,First 30,JE,21:23:10,7016,downstream,12.55,63,1,
2024,4/11/2024,21:00,Full,First 30,JE,21:26:56,8123,upstream,13.13,62.9,1,
2024,4/11/2024,21:00,Full,First 30,JE,21:27:33,8302,upstream,14.93,64.7,1,
2024,4/11/2024,21:00,Full,First 30,JE,21:29:06,8764,downstream,9.23,66.9,1,
2024,4/11/2024,21:30,Full,Second 30,JE,21:37:33,2256,downstream,14.22,66.1,1,
2024,4/11/2024,21:30,Full,Second 30,JE,21:39:06,2732,upstream,14.66,64.7,1,
2024,4/11/2024,21:30,Full,Second 30,JE,21:47:48,5344,upstream,10.57,58.8,1,
2024,4/11/2024,21:30,Full,Second 30,JE,21:48:41,5618,downstream,10.2,71.6,1,
2024,4/11/2024,21:30,Full,Second 30,JE,21:49:39,5922,upstream,11.35,74.1,1,
2024,4/11/2024,22:00,Full,First 30,JE,22:01:46,537,downstream,8.51,59.4,1,
2024,4/11/2024,22:00,Full,First 30,JE,22:04:31,1336,downstream,6.21,78.8,1,
2024,4/11/2024,22:00,Full,First 30,JE,22:12:57,3896,upstream,6.77,74.4,1,
2024,4/11/2024,22:00,Full,First 30,JE,22:23:31,7092,downstream,12.91,63.4,1,
2024,4/11/2024,22:00,Full,First 30,JE,22:25:43,7740,upstream,8.86,65.5,1,
2024,4/11/2024,22:00,Full,First 30,JE,22:28:30,8597,upstream,7.23,74.2,1,
2024,4/11/2024,22:30,Full,Second 30,JE,22:47:15,5201,downstream,9.21,63.3,1,
2024,4/11/2024,23:00,Full,First 30,JE,23:04:50,1431,downstream,11.27,56.9,1,
2024,4/11/2024,23:00,Full,First 30,JE,23:07:19,2200,upstream,14.59,62.8,1,
2024,4/11/2024,23:00,Full,First 30,JE,23:07:52,2369,upstream,15.9,57.8,1,
2024,4/11/2024,23:00,Full,First 30,JE,23:09:17,2803,upstream,15.31,55.7,1,
2024,4/11/2024,23:00,Full,First 30,JE,23:11:14,3346,downstream,6.43,67.3,1,
2024,4/11/2024,23:00,Full,First 30,JE,23:17:55,5386,upstream,10.18,75.7,1,
2024,4/11/2024,23:30,Full,Second 30,JE,23:35:03,1528,upstream,15.23,60.7,1,
2024,4/11/2024,23:30,Full,Second 30,JE,23:38:59,2737,downstream,10.47,68.9,1,
2024,4/11/2024,23:30,Full,Second 30,JE,23:50:26,6195,downstream,13.9,66.6,1,
2024,4/11/2024,23:30,Full,Second 30,JE,23:50:45,6290,upstream,7.05,66.9,1,
2024,4/11/2024,23:30,Full,Second 30,JE,23:56:29,8042,upstream,15.1,71.1,1,
2024,4/12/2024,0:00,Full,First 30,BP,0:06:33,1978,downstream,5.46,58.00,1,
2024,4/12/2024,0:00,Full,First 30,BP,0:10:07,3028,upstream,7.37,86.90,1,
2024,4/12/2024,0:00,Full,First 30,BP,0:23:48,7156,downstream,15.03,79.50,1,
2024,4/12/2024,0:00,Full,First 30,BP,0:26:55,8123,upstream,14.01,71.50,1,
2024,4/12/2024,0:00,Full,First 30,BP,0:29:39,8925,downstream,7.98,76.20,1,
2024,4/12/2024,0:30,Full,No review,,,,,,,,
2024,4/12/2024,1:00,Full,First 30,BP,No fish,,,,,,
2024,4/12/2024,1:30,Full,No review,,,,,,,,
2024,4/12/2024,2:00,Full,First 30,BP,2:16:08,4828,downstream,6.68,81.30,1,
2024,4/12/2024,2:00,Full,First 30,BP,2:26:53,8057,upstream,13.77,81.20,1,
2024,4/12/2024,2:30,Full,No review,,,,,,,,
2024,4/12/2024,3:00,Full,First 30,BP,3:18:23,5517,downstream,6.43,84.40,1,
2024,4/12/2024,3:30,Full,No review,,,,,,,,
2024,4/12/2024,4:00,Full,First 30,BP,4:11:45,3526,upstream,7.85,81.50,1,
2024,4/12/2024,4:30,Full,No review,,,,,,,,
2024,4/12/2024,5:00,Full,First 30,BP,No fish,,,,,,
2024,4/12/2024,5:30,Full,No review,,,,,,,,
2024,4/12/2024,6:00,Full,First 30,BP,6:00:38,190,downstream,8.52,72.30,1,
2024,4/12/2024,6:00,Full,First 30,BP,6:06:01,1863,downstream,10.14,61.60,1,
2024,4/12/2024,6:00,Full,First 30,BP,6:16:30,4999,upstream,13.97,72.00,1,3 fish moving up together
2024,4/12/2024,6:00,Full,First 30,BP,6:16:30,5001,upstream,13.81,75.30,1,""""
2024,4/12/2024,6:00,Full,First 30,BP,6:16:31,5006,upstream,13.71,68.10,1,""""
2024,4/12/2024,6:30,Full,No review,,,,,,,,
2024,4/12/2024,7:00,Full,First 30,BP,No fish,,,,,,
2024,4/12/2024,7:30,Full,No review,,,,,,,,
2024,4/12/2024,8:00,Full,First 30,BP,No fish,,,,,,
2024,4/12/2024,8:30,Full,No review,,,,,,,,
2024,4/12/2024,9:00,Full,First 30,BP,No fish,,,,,,
2024,4/12/2024,9:30,Full,No review,,,,,,,,
2024,4/12/2024,10:00,Full,First 30,BP,No fish,,,,,,
2024,4/12/2024,10:30,Full,No review,,,,,,,,
2024,4/12/2024,11:00,Full,First 30,BP,No fish,,,,,,
2024,4/12/2024,11:30,Full,No review,,,,,,,,
2024,4/12/2024,12:00,Full,First 30,BP,No fish,,,,,,
2024,4/12/2024,12:30,Full,No review,,,,,,,,
2024,4/12/2024,13:00,Full,First 30,BP,No fish,,,,,,
2024,4/12/2024,13:30,Full,No review,,,,,,,,
2024,4/12/2024,14:00,Full,First 30,BP,No fish,,,,,,
2024,4/12/2024,14:30,Full,No review,,,,,,,,
2024,4/12/2024,15:00,Full,First 30,BP,No fish,,,,,,
2024,4/12/2024,15:30,Full,No review,,,,,,,,
2024,4/12/2024,16:00,Full,First 30,BP,No fish,,,,,,
2024,4/12/2024,16:30,Full,No review,,,,,,,,
2024,4/12/2024,17:00,Full,First 30,BP,No fish,,,,,,
2024,4/12/2024,17:30,Full,No review,,,,,,,,
2024,4/12/2024,18:00,Full,First 30,BP,No fish,,,,,,
2024,4/12/2024,18:30,Full,No review,,,,,,,,
2024,4/12/2024,19:00,Full,First 30,BP,No fish,,,,,,
2024,4/12/2024,19:30,Full,No review,,,,,,,,
2024,4/12/2024,20:00,Full,First 30,BP,20:04:15,1247,downstream,10.80,71.40,2,not enouh frames to tell for sure
2024,4/12/2024,20:30,Full,No review,,,,,,,,
2024,4/12/2024,21:00,Full,First 30,BP,21:08:53,2681,upstream,5.73,61.60,1,
2024,4/12/2024,21:00,Full,First 30,BP,21:14:01,4216,upstream,14.99,69.70,1,
2024,4/12/2024,21:00,Full,First 30,BP,21:20:04,6081,downstream,15.43,59.20,1,
2024,4/12/2024,21:00,Full,First 30,BP,21:23:49,7175,upstream,8.28,89.50,1,
2024,4/12/2024,21:00,Full,First 30,BP,21:28:46,8702,upstream,13.06,83.20,1,
2024,4/12/2024,21:30,Full,No review,,,,,,,,
2024,4/12/2024,22:00,Full,First 30,BP,22:00:08,31,upstream,14.15,65.90,1,
2024,4/12/2024,22:00,Full,First 30,BP,22:08:09,2480,upstream,9.18,85.60,1,
2024,4/12/2024,22:00,Full,First 30,BP,22:15:11,4617,upstream,9.24,76.20,1,
2024,4/12/2024,22:00,Full,First 30,BP,22:19:41,5969,upstream,6.11,74.40,1,
2024,4/12/2024,22:00,Full,First 30,BP,22:24:15,7359,upstream,12.26,64.40,1,
2024,4/12/2024,22:00,Full,First 30,BP,22:24:51,7546,upstream,11.28,77.50,1,
2024,4/12/2024,22:00,Full,First 30,BP,22:27:01,8220,upstream,15.15,65.50,1,
2024,4/12/2024,22:00,Full,First 30,BP,22:27:31,8363,downstream,8.65,82.70,1,
2024,4/12/2024,22:30,Full,No review,,,,,,,,
2024,4/12/2024,23:00,Full,First 30,BP,23:09:57,3006,downstream,17.80,61.20,1,
2024,4/12/2024,23:00,Full,First 30,BP,23:19:40,5958,downstream,17.42,63.00,1,
2024,4/12/2024,23:00,Full,First 30,BP,23:25:13,7680,upstream,4.86,61.40,1,
2024,4/12/2024,23:30,Full,No review,,,,,,,,
2024,4/13/2024,0:00,Full,First 30,BP,0:09:31,2861,upstream,16.64,90.40,1,
2024,4/13/2024,0:30,Full,No review,,,,,,,,
2024,4/13/2024,1:00,Full,First 30,BP,No fish,,,,,,
2024,4/13/2024,1:30,Full,No review,,,,,,,,
2024,4/13/2024,2:00,Full,First 30,BP,2:07:56,2395,upstream,13.44,69.40,1,
2024,4/13/2024,2:30,Full,No review,,,,,,,,
2024,4/13/2024,3:00,Full,First 30,BP,No fish,,,,,,
2024,4/13/2024,3:30,Full,No review,,,,,,,,
2024,4/13/2024,4:00,Full,First 30,BP,4:22:48,6866,upstream,7.03,62.60,1,
2024,4/13/2024,4:00,Full,First 30,BP,4:26:42,8015,downstream,10.57,70.80,1,
2024,4/13/2024,4:00,Full,First 30,BP,4:27:36,8286,downstream,13.96,65.90,1,
2024,4/13/2024,4:00,Full,First 30,BP,4:28:48,8642,upstream,13.36,86.30,1,
2024,4/13/2024,4:00,Full,First 30,BP,4:29:51,8961,upstream,11.00,89.61,1,
2024,4/13/2024,4:30,Full,No review,,,,,,,,
2024,4/13/2024,5:00,Full,First 30,BP,5:17:18,5198,downstream,7.20,73.30,1,
2024,4/13/2024,5:00,Full,First 30,BP,5:24:11,7291,upstream,11.51,72.80,1,
2024,4/13/2024,5:30,Full,No review,,,,,,,,
2024,4/13/2024,6:00,Full,First 30,BP,6:12:03,3631,downstream,11.12,60.30,1,
2024,4/13/2024,6:00,Full,First 30,BP,6:12:04,3634,downstream,10.95,89.10,1,
2024,4/13/2024,6:00,Full,First 30,BP,6:16:42,5052,upstream,13.71,90.00,1,
2024,4/13/2024,6:00,Full,First 30,BP,6:16:43,5057,upstream,13.47,75.70,1,
2024,4/13/2024,6:30,Full,No review,,,,,,,,
2024,4/13/2024,7:00,Full,First 30,BP,No fish,,,,,,
2024,4/13/2024,7:30,Full,No review,,,,,,,,
2024,4/13/2024,8:00,Full,First 30,BP,No fish,,,,,,
2024,4/13/2024,8:30,Full,No review,,,,,,,,
2024,4/13/2024,9:00,Full,First 30,BP,No fish,,,,,,
2024,4/13/2024,9:30,Full,No review,,,,,,,,
2024,4/13/2024,10:00,Full,First 30,BP,No fish,,,,,,
2024,4/13/2024,10:30,Full,No review,,,,,,,,
2024,4/13/2024,11:00,Full,First 30,BP,No fish,,,,,,
2024,4/13/2024,11:30,Full,No review,,,,,,,,
2024,4/13/2024,12:00,Full,First 30,BP,No fish,,,,,,
2024,4/13/2024,12:30,Full,No review,,,,,,,,
2024,4/13/2024,13:00,Full,First 30,BP,No fish,,,,,,
2024,4/13/2024,13:30,Full,No review,,,,,,,,
2024,4/13/2024,14:00,Full,First 30,BP,No fish,,,,,,
2024,4/13/2024,14:30,Full,No review,,,,,,,,
2024,4/13/2024,15:00,Full,First 30,BP,No fish,,,,,,
2024,4/13/2024,15:30,Full,No review,,,,,,,,
2024,4/13/2024,16:00,Full,First 30,BP,No fish,,,,,,
2024,4/13/2024,16:30,Full,No review,,,,,,,,
2024,4/13/2024,17:00,Full,First 30,BP,No fish,,,,,,
2024,4/13/2024,17:30,Full,No review,,,,,,,,
2024,4/13/2024,18:00,Full,First 30,BP,No fish,,,,,,
2024,4/13/2024,18:30,Full,No review,,,,,,,,
2024,4/13/2024,19:00,Full,First 30,BP,No fish,,,,,,
2024,4/13/2024,19:30,Full,No review,,,,,,,,
2024,4/13/2024,20:00,Full,First 30,BP,20:13:05,3949,downstream,10.46,61.10,2,
2024,4/13/2024,20:30,Full,No review,,,,,,,,
2024,4/13/2024,21:00,Full,First 30,BP,21:01:01,306,downstream,8.99,62.40,1,
2024,4/13/2024,21:00,Full,First 30,BP,21:03:10,974,upstream,11.80,64.70,1,
2024,4/13/2024,21:00,Full,First 30,BP,21:06:39,1992,upstream,15.41,63.20,1,
2024,4/13/2024,21:00,Full,First 30,BP,21:06:42,2010,downstream,6.09,104.80,2,"stick floating by, maybe? BC- keep at 2"
2024,4/13/2024,21:00,Full,First 30,BP,21:11:23,3431,upstream,7.70,79.90,1,
2024,4/13/2024,21:00,Full,First 30,BP,21:13:22,4035,upstream,15.89,61.50,1,
2024,4/13/2024,21:00,Full,First 30,BP,21:22:56,6908,downstream,15.61,55.90,2,
2024,4/13/2024,21:00,Full,First 30,BP,21:25:33,7683,upstream,14.19,48.40,1,not positive about length; close to 45cm cut off.
2024,4/13/2024,21:30,Full,No review,,,,,,,,
2024,4/13/2024,22:00,Full,First 30,BP,22:04:46,1408,downstream,8.17,124.60,2,"stick floating by, maybe? BC- keep at 2"
2024,4/13/2024,22:30,Full,No review,,,,,,,,
2024,4/13/2024,23:00,Full,First 30,BP,23:20:03,6084,downstream,5.20,80.30,1,
2024,4/13/2024,23:30,Full,No review,,,,,,,,
2024,4/14/2024,0:00,Full,First 30,SM,0:04:40,1413,upstream,13.27,60.2,1,
2024,4/14/2024,0:30,Full,No review,,,,,,,,
2024,4/14/2024,1:00,Full,First 30,SM,1:25:48,7831,upstream,14.04,48.3,1,
2024,4/14/2024,1:30,Full,No review,,,,,,,,
2024,4/14/2024,2:00,Full,First 30,SM,2:05:30,1684,upstream,5.2,71.1,1,
2024,4/14/2024,2:00,Full,First 30,SM,2:12:00,3663,downstream,14.95,72.6,1,
2024,4/14/2024,2:00,Full,First 30,SM,2:15:00,4522,downstream,14.23,58.1,1,
2024,4/14/2024,2:00,Full,First 30,SM,2:15:10,4582,downstream,15.84,47,1,
2024,4/14/2024,2:00,Full,First 30,SM,2:16:54,5129,downstream,14.47,54.9,1,
2024,4/14/2024,2:00,Full,First 30,SM,2:00:30,138,upstream,11.82,81.3,1,
2024,4/14/2024,2:00,Full,First 30,SM,2:05,1501,upstream,8.33,78.7,1,
2024,4/14/2024,2:30,Full,No review,,,,,,,,
2024,4/14/2024,3:00,Full,First 30,SM,3:12:00,3664,downstream,10.99,62.2,1,
2024,4/14/2024,3:00,Full,First 30,SM,3:14:10,4284,upstream,15.75,51.2,1,
2024,4/14/2024,3:00,Full,First 30,SM,3:17:31,5286,downstream,14.35,66.6,1,
2024,4/14/2024,3:00,Full,First 30,SM,3:22:20,6769,upstream,6.12,76.1,1,
2024,4/14/2024,3:00,Full,First 30,SM,3:29:23,8898,upstream,6.24,55.6,1,
2024,4/14/2024,3:30,Full,No review,,,,,,,,
2024,4/14/2024,4:00,Full,First 30,SM,4:13:10,3983,upstream,13.91,77,1,
2024,4/14/2024,4:00,Full,First 30,SM,4:18:28,5571,upstream,3.5,76,1,
2024,4/14/2024,4:30,Full,No review,,,,,,,,
2024,4/14/2024,5:00,Full,First 30,SM,5:10:37,3192,downstream,7.5,86.2,1,
2024,4/14/2024,5:00,Full,First 30,SM,5:17:26,5278,downstream,9.99,80.2,1,
2024,4/14/2024,5:00,Full,First 30,SM,5:23:24,7061,downstream,9.09,81.2,1,
2024,4/14/2024,5:30,Full,No review,,,,,,,,
2024,4/14/2024,6:00,Full,First 30,SM,No fish,,,,,,
2024,4/14/2024,6:30,Full,No review,,,,,,,,
2024,4/14/2024,7:00,Full,First 30,SM,No fish,,,,,,
2024,4/14/2024,7:30,Full,No review,,,,,,,,
2024,4/14/2024,8:00,Full,First 30,SM,No fish,,,,,,
2024,4/14/2024,8:30,Full,No review,,,,,,,,
2024,4/14/2024,9:00,Full,First 30,SM,No fish,,,,,,
2024,4/14/2024,9:30,Full,No review,,,,,,,,
2024,4/14/2024,10:00,Full,First 30,SM,No fish,,,,,,
2024,4/14/2024,10:30,Full,No review,,,,,,,,
2024,4/14/2024,11:00,Full,First 30,SM,No fish,,,,,,
2024,4/14/2024,11:30,Full,No review,,,,,,,,
2024,4/14/2024,12:00,Full,First 30,SM,No fish,,,,,,
2024,4/14/2024,12:30,Full,No review,,,,,,,,
2024,4/14/2024,13:00,Full,First 30,SM,No fish,,,,,,
2024,4/14/2024,13:30,Full,No review,,,,,,,,
2024,4/14/2024,14:00,Full,First 30,SM,No fish,,,,,,
2024,4/14/2024,14:30,Full,No review,,,,,,,,
2024,4/14/2024,15:00,Full,First 30,SM,No fish,,,,,,
2024,4/14/2024,15:30,Full,No review,,,,,,,,
2024,4/14/2024,16:00,Full,First 30,SM,No fish,,,,,,
2024,4/14/2024,16:30,Full,No review,,,,,,,,
2024,4/14/2024,17:00,Full,First 30,SM,17:24:04,7246,downstream,10.15,53.7,1,
2024,4/14/2024,17:30,Full,No review,,,,,,,,
2024,4/14/2024,18:00,Full,First 30,SM,No fish,,,,,,
2024,4/14/2024,18:30,Full,No review,,,,,,,,
2024,4/14/2024,19:00,Full,First 30,SM,No fish,,,,,,
2024,4/14/2024,19:30,Full,No review,,,,,,,,
2024,4/14/2024,20:00,Full,First 30,SM,20:26:32,7953,upstream,6.27,76.5,1,
2024,4/14/2024,20:00,Full,First 30,SM,20:28:58,8698,upstream,10.84,52.9,1,
2024,4/14/2024,20:00,Full,First 30,SM,20:26:35,7975,upstream,7.94,75.7,1,
2024,4/14/2024,20:00,Full,First 30,SM,20:26:36,7977,upstream,7.72,64.5,1,
2024,4/14/2024,20:30,Full,No review,,,,,,,,
2024,4/14/2024,21:00,Full,First 30,SM,21:19:23,5830,upstream,11.44,69.5,1,
2024,4/14/2024,21:30,Full,No review,,,,,,,,
2024,4/14/2024,22:00,Full,First 30,SM,22:01:50,545,upstream,13.22,82.5,1,
2024,4/14/2024,22:00,Full,First 30,SM,22:19:35,5883,upstream,9.47,47,1,
2024,4/14/2024,22:00,Full,First 30,SM,22:22:42,6765,downstream,11.16,60.6,1,
2024,4/14/2024,22:30,Full,No review,,,,,,,,
2024,4/14/2024,23:00,Full,First 30,SM,23:12:20,3733,upstream,11.08,75.2,1,
2024,4/14/2024,23:00,Full,First 30,SM,23:13:50,4153,upstream,17.12,85.2,1,
2024,4/14/2024,23:00,Full,First 30,SM,23:21:36,6506,downstream,13.08,49.6,1,
2024,4/14/2024,23:00,Full,First 30,SM,23:05:50,1762,upstream,12.98,50.8,1,
2024,4/14/2024,23:00,Full,First 30,SM,23:06:01,1823,downstream,7.81,84.1,2,"bc changed to 2, unsure"
2024,4/14/2024,23:30,Full,No review,,,,,,,,
2024,4/15/2024,0:00,Full,First 30,SM,0:09:10,2787,upstream,8.13,77.8,1,
2024,4/15/2024,0:00,Full,First 30,SM,0:18:55,5664,downstream,14.85,76,1,
2024,4/15/2024,0:00,Full,First 30,SM,0:20:24,6123,upstream,15.47,78.1,1,
2024,4/15/2024,0:00,Full,First 30,SM,0:28:44,8624,upstream,7.86,71.1,1,
2024,4/15/2024,0:00,Full,First 30,SM,0:29:12,8760,upstream,10.22,63,1,
2024,4/15/2024,0:30,Full,No review,,,,,,,,
2024,4/15/2024,1:00,Full,First 30,SM,1:14,4424,upstream,8.32,78.1,1,
2024,4/15/2024,1:00,Full,First 30,SM,1:28,8689,upstream,7.74,76.5,1,
2024,4/15/2024,1:30,Full,No review,,,,,,,,
2024,4/15/2024,2:00,Full,First 30,SM,2:21:52,6623,upstream,8.86,71.2,1,
2024,4/15/2024,2:00,Full,First 30,SM,2:26:43,8069,downstream,7.43,78.8,1,
2024,4/15/2024,2:00,Full,First 30,SM,2:06:00,1854,downstream,15.15,65.9,1,
2024,4/15/2024,2:00,Full,First 30,SM,2:07:20,2227,upstream,5.44,56.7,1,
2024,4/15/2024,2:30,Full,No review,,,,,,,,
2024,4/15/2024,3:00,Full,First 30,SM,3:03,906,downstream,11.71,70,1,
2024,4/15/2024,3:00,Full,First 30,SM,3:04:10,1269,upstream,14.04,79.2,1,
2024,4/15/2024,3:30,Full,No review,,,,,,,,
2024,4/15/2024,4:00,Full,First 30,SM,4:00:30,141,downstream,4.94,76.2,1,
2024,4/15/2024,4:00,Full,First 30,SM,4:03:10,949,upstream,5.6,61.6,1,
2024,4/15/2024,4:00,Full,First 30,SM,4:03:40,1107,downstream,5.85,62.3,1,
2024,4/15/2024,4:00,Full,First 30,SM,4:07:20,2238,upstream,6.23,81.2,1,
2024,4/15/2024,4:00,Full,First 30,SM,4:25:36,7722,downstream,8.26,69.1,1,
2024,4/15/2024,4:30,Full,No review,,,,,,,,
2024,4/15/2024,5:00,Full,First 30,SM,5:02:10,635,upstream,6.8,72.7,1,
2024,4/15/2024,5:00,Full,First 30,SM,5:07:50,2392,downstream,11.39,73.5,1,
2024,4/15/2024,5:00,Full,First 30,SM,5:28:17,8551,downstream,10.34,66.1,1,
2024,4/15/2024,5:30,Full,No review,,,,,,,,
2024,4/15/2024,6:00,Full,First 30,SM,6:00:40,199,upstream,10.71,52.9,1,
2024,4/15/2024,6:30,Full,No review,,,,,,,,
2024,4/15/2024,7:00,Full,First 30,SM,No fish,,,,,,
2024,4/15/2024,7:30,Full,No review,,,,,,,,
2024,4/15/2024,8:00,Full,First 30,SM,No fish,,,,,,
2024,4/15/2024,8:30,Full,No review,,,,,,,,
2024,4/15/2024,9:00,Full,First 30,SM,No fish,,,,,,
2024,4/15/2024,9:30,Full,No review,,,,,,,,
2024,4/15/2024,10:00,Full,First 30,SM,No fish,,,,,,
2024,4/15/2024,10:30,Full,No review,,,,,,,,
2024,4/15/2024,11:00,Full,First 30,SM,No fish,,,,,,
2024,4/15/2024,11:30,Full,No review,,,,,,,,
2024,4/15/2024,12:00,Full,First 30,SM,No fish,,,,,,
2024,4/15/2024,12:30,Full,No review,,,,,,,,
2024,4/15/2024,13:00,Full,First 30,SM,No fish,,,,,,
2024,4/15/2024,13:30,Full,No review,,,,,,,,
2024,4/15/2024,14:00,Partial,First 30,SM,No fish,,,,,,1400 file is corrupt and only 7 minutes are available to review
2024,4/15/2024,14:30,No data,No data,,,,,,,,1430 file only 30 secs long
2024,4/15/2024,15:00,No data,No data,SM,No fish,,,,,,1500 file is corrupt and 1 minute is available
2024,4/15/2024,15:30,Full,No review,,,,,,,,
2024,4/15/2024,16:00,Full,First 30,SM,No fish,,,,,,
2024,4/15/2024,16:30,Full,No review,,,,,,,,
2024,4/15/2024,17:00,Full,First 30,SM,17:20:21,,,,,3,Beavers? BC- ducks!
2024,4/15/2024,17:30,Full,No review,,,,,,,,
2024,4/15/2024,18:00,Full,First 30,SM,No fish,,,,,,
2024,4/15/2024,18:30,Full,No review,,,,,,,,
2024,4/15/2024,19:00,Full,First 30,SM,No fish,,,,,,
2024,4/15/2024,19:30,Full,No review,,,,,,,,
2024,4/15/2024,20:00,Full,First 30,SM,20:13:00,4115,upstream,11.04,59.2,1,
2024,4/15/2024,20:00,Full,First 30,SM,20:28:12,8850,upstream,14.21,58.7,1,
2024,4/15/2024,20:00,Full,First 30,SM,20:28:30,8942,downstream,11.74,59.3,1,
2024,4/15/2024,20:30,Full,No review,,,,,,,,
2024,4/15/2024,21:00,Full,First 30,SM,21:00:40,237,upstream,11.03,52.5,1,
2024,4/15/2024,21:00,Full,First 30,SM,21:02:10,687,upstream,14.18,81.5,1,
2024,4/15/2024,21:00,Full,First 30,SM,21:02:20,792,upstream,11.44,68.2,1,
2024,4/15/2024,21:00,Full,First 30,SM,21:04:15,1340,upstream,11.07,77.7,1,
2024,4/15/2024,21:00,Full,First 30,SM,21:04:56,1553,downstream,15.69,66.3,1,
2024,4/15/2024,21:00,Full,First 30,SM,21:05:51,1826,upstream,13.95,78.7,1,
2024,4/15/2024,21:00,Full,First 30,SM,21:08:20,2646,upstream,9.5,77.2,1,
2024,4/15/2024,21:00,Full,First 30,SM,21:09:59,3132,upstream,14.45,71.6,1,
2024,4/15/2024,21:00,Full,First 30,SM,21:14:16,4487,downstream,12.9,63.1,1,
2024,4/15/2024,21:00,Full,First 30,SM,21:15:24,4825,upstream,15.04,71.7,1,
2024,4/15/2024,21:30,Full,No review,,,,,,,,
2024,4/15/2024,22:00,Full,First 30,SM,22:00:20,101,upstream,14.87,78.8,1,
2024,4/15/2024,22:00,Full,First 30,SM,22:04:16,1325,downstream,15.71,45.5,1,
2024,4/15/2024,22:00,Full,First 30,SM,22:10:05,3168,upstream,10.87,73.1,1,
2024,4/15/2024,22:00,Full,First 30,SM,22:12:27,3891,upstream,8.92,66.3,1,
2024,4/15/2024,22:00,Full,First 30,SM,22:24:13,7582,downstream,8.48,75.2,1,
2024,4/15/2024,22:30,Full,No review,,,,,,,,
2024,4/15/2024,23:00,Full,First 30,SM,23:17:22,5457,downstream,6.73,82.3,1,
2024,4/15/2024,23:30,Full,No review,,,,,,,,
2024,4/16/2024,0:00,Full,First 30,SM,0:20:10,6328,downstream,11.86,73.6,1,
2024,4/16/2024,0:00,Full,First 30,SM,0:25:53,8116,downstream,6.04,54.5,1,
2024,4/16/2024,0:00,Full,First 30,SM,0:27:34,8651,upstream,9.93,78.1,1,
2024,4/16/2024,0:30,Full,No review,,,,,,,,
2024,4/16/2024,1:00,Full,First 30,SM,1:09:36,3000,downstream,12.01,74.3,1,
2024,4/16/2024,1:00,Full,First 30,SM,1:09:50,3108,downstream,18.22,62.2,1,
2024,4/16/2024,1:00,Full,First 30,SM,1:11:02,3450,upstream,13.86,66.3,1,
2024,4/16/2024,1:30,Full,No review,,,,,,,,
2024,4/16/2024,2:00,Full,First 30,SM,2:00:20,121,downstream,12.55,72.5,1,
2024,4/16/2024,2:00,Full,First 30,SM,2:03:15,1015,upstream,13.5,70.6,1,
2024,4/16/2024,2:00,Full,First 30,SM,2:20:36,6455,downstream,10.56,62.2,1,
2024,4/16/2024,2:00,Full,First 30,SM,2:28:13,8854,downstream,8,55.4,1,
2024,4/16/2024,2:00,Full,First 30,SM,2:28:35,8956,upstream,6.62,80.5,1,
2024,4/16/2024,2:30,Full,No review,,,,,,,,
2024,4/16/2024,3:00,Full,First 30,SM,3:01:57,608,downstream,9.29,61.5,1,
2024,4/16/2024,3:00,Full,First 30,SM,3:09:26,2950,upstream,7.27,60.6,1,
2024,4/16/2024,3:00,Full,First 30,SM,3:17:01,5323,downstream,10.39,75.9,1,
2024,4/16/2024,3:00,Full,First 30,SM,3:18:34,5815,downstream,9.05,65.6,1,
2024,4/16/2024,3:00,Full,First 30,SM,3:26:57,8433,upstream,11.41,75.8,1,
2024,4/16/2024,3:00,Full,First 30,SM,3:27:21,8650,upstream,10.54,76.2,1,
2024,4/16/2024,3:30,Full,No review,,,,,,,,
2024,4/16/2024,4:00,Full,First 30,SM,4:16:30,5411,upstream,12.01,72.2,1,
2024,4/16/2024,4:00,Full,First 30,SM,4:21:58,6876,upstream,11.77,53.1,1,
2024,4/16/2024,4:00,Full,First 30,SM,4:25:18,7923,downstream,8.43,59.3,1,
2024,4/16/2024,4:30,Full,No review,,,,,,,,
2024,4/16/2024,5:00,Full,First 30,SM,5:10:46,3378,downstream,5.84,59.2,1,
2024,4/16/2024,5:00,Full,First 30,SM,5:12:13,3842,downstream,13.35,67.8,1,
2024,4/16/2024,5:00,Full,First 30,SM,5:20:47,6530,downstream,6.15,73.7,1,
2024,4/16/2024,5:00,Full,First 30,SM,5:27:31,8638,upstream,7.67,70,1,
2024,4/16/2024,5:00,Full,First 30,SM,5:27:36,8665,upstream,8.15,68.8,1,
2024,4/16/2024,5:30,Full,No review,,,,,,,,
2024,4/16/2024,6:00,Full,First 30,SM,No fish,,,,,,
2024,4/16/2024,6:30,Full,No review,,,,,,,,
2024,4/16/2024,7:00,Full,First 30,SM,No fish,,,,,,
2024,4/16/2024,7:30,Full,No review,,,,,,,,
2024,4/16/2024,8:00,Full,First 30,SM,8:13:30,4223,upstream,15.44,57,2,"BC changed to 2, otter"
2024,4/16/2024,8:00,Full,First 30,SM,8:13:52,4337,upstream,2.91,57.2,2,"BC changed to 2, otter"
2024,4/16/2024,8:00,Full,First 30,SM,8:26:11,8211,downstream,7.3,45.8,1,
2024,4/16/2024,8:30,Full,No review,,,,,,,,
2024,4/16/2024,9:00,Full,First 30,SM,No fish,,,,,,
2024,4/16/2024,9:30,Full,No review,,,,,,,,
2024,4/16/2024,10:00,Full,First 30,SM,No fish,,,,,,
2024,4/16/2024,10:30,Full,No review,,,,,,,,
2024,4/16/2024,11:00,Full,First 30,SM,No fish,,,,,,
2024,4/16/2024,11:30,Full,No review,,,,,,,,
2024,4/16/2024,12:00,Full,First 30,SM,No fish,,,,,,
2024,4/16/2024,12:30,Full,No review,,,,,,,,
2024,4/16/2024,13:00,Full,First 30,SM,No fish,,,,,,
2024,4/16/2024,13:30,Full,No review,,,,,,,,
2024,4/16/2024,14:00,Full,First 30,SM,No fish,,,,,,
2024,4/16/2024,14:30,Full,No review,,,,,,,,
2024,4/16/2024,15:00,Full,First 30,SM,No fish,,,,,,
2024,4/16/2024,15:30,Full,No review,,,,,,,,
2024,4/16/2024,16:00,Full,First 30,SM,No fish,,,,,,
2024,4/16/2024,16:30,Full,No review,,,,,,,,
2024,4/16/2024,17:00,Full,First 30,SM,No fish,,,,,,
2024,4/16/2024,17:30,Full,No review,,,,,,,,
2024,4/16/2024,18:00,Full,First 30,SM,No fish,,,,,,
2024,4/16/2024,18:30,Full,No review,,,,,,,,
2024,4/16/2024,19:00,Full,First 30,SM,No fish,,,,,,
2024,4/16/2024,19:30,Full,No review,,,,,,,,
2024,4/16/2024,20:00,Full,First 30,SM,20:29:08,8981,upstream,8.25,79.3,1,
2024,4/16/2024,20:00,Full,First 30,SM,20:29:52,9210,upstream,10.59,65.6,1,
2024,4/16/2024,20:00,Full,First 30,SM,20:29:54,9218,upstream,11.41,58.2,1,
2024,4/16/2024,20:30,Full,No review,,,,,,,,
2024,4/16/2024,21:00,Full,First 30,SM,21:00:38,180,upstream,5.53,79.9,1,
2024,4/16/2024,21:00,Full,First 30,SM,21:00:52,249,upstream,8.83,72.2,1,
2024,4/16/2024,21:00,Full,First 30,SM,21:03,1020,downstream,8.17,83.8,2,
2024,4/16/2024,21:00,Full,First 30,SM,21:05:52,1806,upstream,8.09,65.2,1,
2024,4/16/2024,21:00,Full,First 30,SM,21:21:45,6709,upstream,10.49,71.6,1,
2024,4/16/2024,21:30,Full,No review,,,,,,,,
2024,4/16/2024,22:00,Full,First 30,SM,22:07:23,2295,downstream,12.31,66.9,1,
2024,4/16/2024,22:00,Full,First 30,SM,22:07:30,2313,downstream,12.32,57.3,1,
2024,4/16/2024,22:00,Full,First 30,SM,22:13:46,4257,upstream,15.57,70.5,1,
2024,4/16/2024,22:00,Full,First 30,SM,22:15:52,4908,upstream,13.14,74.6,1,
2024,4/16/2024,22:00,Full,First 30,SM,22:16:36,5139,upstream,8.59,79.2,1,
2024,4/16/2024,22:00,Full,First 30,SM,22:16:38,5150,upstream,8.09,76.8,1,
2024,4/16/2024,22:00,Full,First 30,SM,22:16:48,5203,upstream,15.77,60.6,1,
2024,4/16/2024,22:00,Full,First 30,SM,22:19:11,5908,downstream,8.39,70.2,1,
2024,4/16/2024,22:30,Full,No review,,,,,,,,
2024,4/16/2024,23:00,Full,First 30,SM,23:04:03,1273,upstream,9.16,69.9,1,
2024,4/16/2024,23:00,Full,First 30,SM,23:20:12,6225,upstream,13.95,70.2,1,
2024,4/16/2024,23:30,Full,No review,,,,,,,,
2024,4/17/2024,0:00,Full,First 30,JE,0:01:43,535,downstream,12.75,75.5,1,
2024,4/17/2024,0:00,Full,First 30,JE,0:18:25,5648,upstream,10.74,77.2,1,
2024,4/17/2024,0:00,Full,First 30,JE,0:18:30,5676,upstream,10.98,87.9,1,
2024,4/17/2024,0:00,Full,First 30,JE,0:22:23,6895,downstream,5.69,71.5,1,
2024,4/17/2024,0:00,Full,First 30,JE,0:25:34,7858,upstream,11.41,64.2,1,
2024,4/17/2024,0:30,Full,Second 30,JE,0:32:26,753,upstream,12.42,62.7,1,
2024,4/17/2024,0:30,Full,Second 30,JE,0:34:52,1478,downstream,11.38,67.6,1,
2024,4/17/2024,0:30,Full,Second 30,JE,0:38:39,2655,upstream,5.92,63.3,1,
2024,4/17/2024,0:30,Full,Second 30,JE,0:59:30,9086,downstream,7.87,79.7,1,
2024,4/17/2024,1:00,Full,First 30,JE,1:05:36,1697,upstream,10.2,66.4,1,
2024,4/17/2024,1:30,Full,Second 30,JE,1:32:01,602,upstream,8,73.2,1,
2024,4/17/2024,1:30,Full,Second 30,JE,1:35:21,1629,downstream,6.61,59.4,1,
2024,4/17/2024,1:30,Full,Second 30,JE,1:36:15,1910,upstream,15.54,56.7,1,
2024,4/17/2024,1:30,Full,Second 30,JE,1:37:22,2253,downstream,8.89,76.4,1,
2024,4/17/2024,1:30,Full,Second 30,JE,1:39:20,2876,upstream,13.94,73.6,1,
2024,4/17/2024,2:00,Full,First 30,JE,2:03:24,1023,upstream,11.67,68.4,1,
2024,4/17/2024,2:00,Full,First 30,JE,2:18:30,5700,upstream,11.5,76.4,1,
2024,4/17/2024,2:00,Full,First 30,JE,2:26:16,8103,upstream,13.72,56.8,1,
2024,4/17/2024,2:30,Full,Second 30,JE,2:35:01,1544,downstream,11.07,71.7,1,
2024,4/17/2024,2:30,Full,Second 30,JE,2:42:12,3758,upstream,12.86,64.3,1,
2024,4/17/2024,2:30,Full,Second 30,JE,2:44:21,4422,downstream,14.92,64.7,1,
2024,4/17/2024,2:30,Full,Second 30,JE,2:49:21,5971,upstream,10.6,66.9,1,
2024,4/17/2024,2:30,Full,Second 30,JE,2:57:23,8468,downstream,9.69,63.7,1,
2024,4/17/2024,3:00,Full,First 30,JE,3:08:50,2732,downstream,15.31,55.2,1,
2024,4/17/2024,3:00,Full,First 30,JE,3:10:59,3387,upstream,14.88,61.4,1,
2024,4/17/2024,3:00,Full,First 30,JE,3:12:33,3870,downstream,14.48,71.7,1,
2024,4/17/2024,3:00,Full,First 30,JE,3:17:07,5311,upstream,10.89,62,1,
2024,4/17/2024,3:00,Full,First 30,JE,3:19:54,6150,downstream,5.61,59.7,1,
2024,4/17/2024,3:00,Full,First 30,JE,3:26:34,8222,upstream,14.64,64.4,1,
2024,4/17/2024,3:30,Full,Second 30,JE,3:30:55,280,upstream,5.73,55.4,1,
2024,4/17/2024,3:30,Full,Second 30,JE,3:37:30,2315,downstream,12.22,69.6,1,
2024,4/17/2024,4:00,Full,First 30,JE,4:12:21,3808,downstream,11.47,59.8,1,
2024,4/17/2024,4:30,Full,Second 30,JE,4:48:35,5699,downstream,11.84,58.4,1,
2024,4/17/2024,4:30,Full,Second 30,JE,4:51:04,6472,upstream,10.89,70,1,
2024,4/17/2024,5:00,Full,First 30,JE,5:18:56,5829,downstream,7.35,78.6,1,
2024,4/17/2024,5:00,Full,First 30,JE,5:20:44,6387,downstream,14.46,52.3,1,
2024,4/17/2024,5:00,Full,First 30,JE,5:20:47,6402,downstream,15.1,56.5,1,
2024,4/17/2024,5:00,Full,First 30,JE,5:23:06,7133,downstream,6.75,72.3,1,
2024,4/17/2024,5:00,Full,First 30,JE,5:26:57,8287,downstream,7.75,68.5,1,
2024,4/17/2024,5:30,Full,Second 30,JE,5:37:54,2413,downstream,8.58,63.2,1,
2024,4/17/2024,5:30,Full,Second 30,JE,5:48:18,5618,upstream,14.12,51.4,1,
2024,4/17/2024,6:00,Full,First 30,JE,No fish,,,,,,
2024,4/17/2024,6:30,Full,Second 30,JE,6:48:34,5711,downstream,6.21,67,1,
2024,4/17/2024,7:00,Full,First 30,JE,No fish,,,,,,
2024,4/17/2024,7:30,Full,Second 30,JE,7:55:32,7893,upstream,14.02,55.6,1,
2024,4/17/2024,8:00,Full,First 30,JE,No fish,,,,,,
2024,4/17/2024,8:30,Full,Second 30,JE,No fish,,,,,,
2024,4/17/2024,9:00,Full,First 30,JE,No fish,,,,,,
2024,4/17/2024,9:30,Full,Second 30,JE,No fish,,,,,,
2024,4/17/2024,10:00,Full,First 30,JE,No fish,,,,,,
2024,4/17/2024,10:30,Full,Second 30,JE,No fish,,,,,,
2024,4/17/2024,11:00,Full,First 30,JE,No fish,,,,,,
2024,4/17/2024,11:30,Full,Second 30,JE,No fish,,,,,,
2024,4/17/2024,12:00,Full,First 30,JE,No fish,,,,,,
2024,4/17/2024,12:30,Full,Second 30,JE,No fish,,,,,,
2024,4/17/2024,13:00,Full,First 30,JE,No fish,,,,,,
2024,4/17/2024,13:30,Full,Second 30,JE,No fish,,,,,,
2024,4/17/2024,14:00,Full,First 30,JE,No fish,,,,,,
2024,4/17/2024,14:30,Full,Second 30,JE,No fish,,,,,,
2024,4/17/2024,15:00,Full,First 30,JE,No fish,,,,,,
2024,4/17/2024,15:30,Full,Second 30,JE,15:38:40,2647,upstream,6.39,49.4,1,
2024,4/17/2024,15:30,Full,Second 30,JE,15:39:19,2852,downstream,10.9,67.1,1,
2024,4/17/2024,16:00,Full,First 30,JE,No fish,,,,,,
2024,4/17/2024,16:30,Full,Second 30,JE,No fish,,,,,,
2024,4/17/2024,17:00,Full,First 30,JE,No fish,,,,,,
2024,4/17/2024,17:30,Full,Second 30,JE,No fish,,,,,,
2024,4/17/2024,18:00,Full,First 30,JE,No fish,,,,,,
2024,4/17/2024,18:30,Full,Second 30,JE,No fish,,,,,,
2024,4/17/2024,19:00,Full,First 30,JE,No fish,,,,,,
2024,4/17/2024,19:30,Full,Second 30,JE,No fish,,,,,,
2024,4/17/2024,20:00,Full,First 30,JE,20:17:20,5334,downstream,8.34,57.5,1,
2024,4/17/2024,20:00,Full,First 30,JE,20:20:06,6185,upstream,8.02,59.4,1,
2024,4/17/2024,20:30,Full,Second 30,JE,20:40:50,3344,upstream,8.75,58.9,1,
2024,4/17/2024,20:30,Full,Second 30,JE,20:46:11,4985,upstream,8.51,74.7,1,
2024,4/17/2024,20:30,Full,Second 30,JE,20:47:25,5361,upstream,11.32,73,1,
2024,4/17/2024,20:30,Full,Second 30,JE,20:49:03,5871,upstream,14.91,52.1,1,
2024,4/17/2024,20:30,Full,Second 30,JE,20:49:32,6019,upstream,14.31,62.6,1,
2024,4/17/2024,20:30,Full,Second 30,JE,20:50:39,6372,upstream,11.23,73.3,1,
2024,4/17/2024,20:30,Full,Second 30,JE,20:57:03,8333,downstream,11.02,78.6,1,
2024,4/17/2024,21:00,Full,First 30,JE,21:06:49,2097,upstream,10.74,55.9,1,
2024,4/17/2024,21:00,Full,First 30,JE,21:11:02,3424,upstream,5.39,51,1,
2024,4/17/2024,21:00,Full,First 30,JE,21:12:06,3750,downstream,9.62,67.9,1,
2024,4/17/2024,21:00,Full,First 30,JE,21:14:25,4449,upstream,7.64,60,1,
2024,4/17/2024,21:00,Full,First 30,JE,21:15:23,4744,downstream,14.11,52,1,
2024,4/17/2024,21:00,Full,First 30,JE,21:17:27,5383,downstream,13.32,59.4,1,
2024,4/17/2024,21:30,Full,Second 30,JE,21:34:06,1229,downstream,11.3,70.8,1,
2024,4/17/2024,21:30,Full,Second 30,JE,21:50:19,6238,upstream,11.01,63.4,1,
2024,4/17/2024,21:30,Full,Second 30,JE,21:52:52,7017,upstream,11.98,65.3,1,
2024,4/17/2024,21:30,Full,Second 30,JE,21:53:38,7249,downstream,13.75,56.4,1,
2024,4/17/2024,21:30,Full,Second 30,JE,21:53:39,7255,downstream,12.42,65,1,
2024,4/17/2024,21:30,Full,Second 30,JE,21:54:38,7548,upstream,14.17,55.8,1,
2024,4/17/2024,22:00,Full,First 30,JE,No fish,,,,,,
2024,4/17/2024,22:30,Full,Second 30,JE,22:45:04,4601,upstream,12.76,68,1,
2024,4/17/2024,22:30,Full,Second 30,JE,22:46:40,5102,upstream,11.84,56.2,1,
2024,4/17/2024,22:30,Full,Second 30,JE,22:54:37,7549,downstream,14.17,67.9,1,
2024,4/17/2024,22:30,Full,Second 30,JE,22:58:13,8680,downstream,14.43,55.3,1,
2024,4/17/2024,23:00,Full,First 30,JE,23:02:08,643,upstream,13.62,60.9,1,
2024,4/17/2024,23:30,Full,Second 30,JE,No fish,,,,,,
2024,4/18/2024,0:00,Full,First 30,JE,0:22:49,7032,upstream,9.12,59.7,1,
2024,4/18/2024,0:30,Full,Second 30,JE,0:31:47,549,upstream,9.27,73.3,1,
2024,4/18/2024,0:30,Full,Second 30,JE,0:35:31,1717,downstream,15.39,56.4,1,
2024,4/18/2024,0:30,Full,Second 30,JE,0:41:09,3427,upstream,5.52,70.5,1,
2024,4/18/2024,0:30,Full,Second 30,JE,0:43:28,4151,downstream,11.78,71,1,
2024,4/18/2024,0:30,Full,Second 30,JE,0:43:50,4266,upstream,10.3,74,1,
2024,4/18/2024,1:00,Full,First 30,JE,1:09:04,2782,upstream,10.54,61,1,
2024,4/18/2024,1:00,Full,First 30,JE,1:09:27,2899,downstream,13.09,56.1,1,
2024,4/18/2024,1:00,Full,First 30,JE,1:10:29,3223,upstream,10.49,63.4,1,
2024,4/18/2024,1:00,Full,First 30,JE,1:14:58,4627,upstream,11.18,62.9,1,
2024,4/18/2024,1:00,Full,First 30,JE,1:17:43,5458,downstream,8.44,64.4,1,
2024,4/18/2024,1:30,Full,Second 30,JE,1:32:50,873,upstream,10.04,58.9,1,
2024,4/18/2024,1:30,Full,Second 30,JE,1:37:16,2214,upstream,10.02,65.7,1,
2024,4/18/2024,1:30,Full,Second 30,JE,1:39:41,2954,downstream,7.63,59,1,
2024,4/18/2024,1:30,Full,Second 30,JE,1:40:10,3106,downstream,10.93,62.9,1,
2024,4/18/2024,1:30,Full,Second 30,JE,1:40:50,3311,upstream,9.27,70.6,1,
2024,4/18/2024,1:30,Full,Second 30,JE,1:45:38,4804,downstream,12.17,58.3,1,
2024,4/18/2024,1:30,Full,Second 30,JE,1:48:21,5621,upstream,12.17,63.6,1,
2024,4/18/2024,1:30,Full,Second 30,JE,1:50:25,6260,downstream,12.48,60.5,1,
2024,4/18/2024,1:30,Full,Second 30,JE,1:53:28,7218,upstream,8.91,63.9,1,
2024,4/18/2024,2:00,Full,First 30,JE,2:09:07,2790,downstream,12.09,61.8,1,
2024,4/18/2024,2:00,Full,First 30,JE,2:13:04,4030,upstream,13.3,68.6,1,
2024,4/18/2024,2:00,Full,First 30,JE,2:13:32,4178,upstream,14.1,64.9,1,
2024,4/18/2024,2:00,Full,First 30,JE,2:21:55,6755,downstream,7.67,75.5,1,
2024,4/18/2024,2:00,Full,First 30,JE,2:25:59,7983,upstream,14.89,82,1,
2024,4/18/2024,2:30,Full,Second 30,JE,2:30:44,229,downstream,8.72,69.1,1,
2024,4/18/2024,2:30,Full,Second 30,JE,2:30:46,237,downstream,9.2,54.6,1,
2024,4/18/2024,2:30,Full,Second 30,JE,2:31:04,333,downstream,14.81,64.8,1,
2024,4/18/2024,2:30,Full,Second 30,JE,2:31:51,581,downstream,9.62,66.5,1,
2024,4/18/2024,2:30,Full,Second 30,JE,2:35:33,1702,upstream,14.23,54,1,
2024,4/18/2024,2:30,Full,Second 30,JE,2:38:00,2452,upstream,10.81,64.9,1,
2024,4/18/2024,2:30,Full,Second 30,JE,2:41:36,3588,downstream,11.18,68.1,1,
2024,4/18/2024,2:30,Full,Second 30,JE,2:43:46,4250,upstream,15.18,62.5,1,
2024,4/18/2024,2:30,Full,Second 30,JE,2:44:50,4570,upstream,8.76,68.2,1,
2024,4/18/2024,2:30,Full,Second 30,JE,2:49:28,5995,upstream,11.14,66.6,1,
2024,4/18/2024,2:30,Full,Second 30,JE,2:55:44,7915,upstream,7.74,61,1,
2024,4/18/2024,3:00,Full,First 30,JE,3:11:21,3489,downstream,10.04,66,1,
2024,4/18/2024,3:00,Full,First 30,JE,3:25:06,7684,downstream,14.84,50.7,1,
2024,4/18/2024,3:30,Full,Second 30,JE,3:44:42,4495,downstream,7.71,59.4,1,
2024,4/18/2024,3:30,Full,Second 30,JE,3:50:57,6441,downstream,11.68,58.4,1,
2024,4/18/2024,4:00,Full,First 30,JE,4:11:01,3387,upstream,14.5,69.6,1,
2024,4/18/2024,4:00,Full,First 30,JE,4:11:39,3580,upstream,8.1,67.6,1,
2024,4/18/2024,4:00,Full,First 30,JE,4:15:50,4882,upstream,8.05,55.8,1,
2024,4/18/2024,4:00,Full,First 30,JE,4:17:59,5554,downstream,10.07,60,1,
2024,4/18/2024,5:00,Full,First 30,JE,5:15:19,4734,downstream,12,68.4,1,
2024,4/18/2024,5:30,Partial,Second 30,JE,5:32:05,638,upstream,8.52,62.1,1,
2024,4/18/2024,5:30,Partial,Second 30,JE,5:35:46,1801,downstream,6.67,52.9,1,
2024,4/18/2024,5:30,Partial,Second 30,JE,5:37:52,2428,downstream,11.5,71.1,1,
2024,4/18/2024,5:30,Partial,Second 30,JE,5:38:56,2753,upstream,10.53,69.4,1,
2024,4/18/2024,5:30,Partial,Second 30,JE,5:47:44,5487,downstream,10.66,50.4,1,
2024,4/18/2024,5:30,Partial,Second 30,JE,5:49:55,6150,downstream,14.36,48.6,1,
2024,4/18/2024,5:30,Partial,Second 30,JE,,,,,,,Sonar went out after 5:50:29
2024,4/18/2024,6:00,No data,No data,JE,,,,,,,
2024,4/18/2024,6:30,No data,No data,JE,,,,,,,
2024,4/18/2024,7:00,No data,No data,JE,,,,,,,
2024,4/18/2024,7:30,No data,No data,JE,,,,,,,
2024,4/18/2024,8:00,No data,No data,JE,,,,,,,
2024,4/18/2024,8:30,No data,No data,JE,,,,,,,
2024,4/18/2024,9:00,No data,No data,JE,,,,,,,
2024,4/18/2024,9:30,No data,No data,JE,,,,,,,
2024,4/18/2024,10:00,No data,No data,JE,,,,,,,
2024,4/18/2024,10:30,No data,No data,JE,,,,,,,
2024,4/18/2024,11:00,No data,No data,JE,,,,,,,
2024,4/18/2024,11:30,No data,No data,JE,,,,,,,
2024,4/18/2024,12:00,No data,No data,JE,,,,,,,
2024,4/18/2024,12:30,No data,No data,JE,,,,,,,
2024,4/18/2024,13:00,No data,No data,JE,,,,,,,
2024,4/18/2024,13:30,No data,No data,JE,,,,,,,
2024,4/18/2024,14:00,No data,No data,JE,,,,,,,
2024,4/18/2024,14:30,No data,No data,JE,,,,,,,
2024,4/18/2024,15:00,No data,No data,JE,,,,,,,
2024,4/18/2024,15:30,No data,No data,JE,,,,,,,
2024,4/18/2024,16:00,No data,No data,JE,,,,,,,
2024,4/18/2024,16:30,No data,No data,JE,,,,,,,
2024,4/18/2024,17:00,No data,No data,JE,,,,,,,
2024,4/18/2024,17:30,No data,No data,JE,,,,,,,
2024,4/18/2024,18:00,No data,No data,JE,,,,,,,
2024,4/18/2024,18:30,No data,No data,JE,,,,,,,
2024,4/18/2024,19:00,No data,No data,JE,,,,,,,
2024,4/18/2024,19:30,No data,No data,JE,,,,,,,
2024,4/18/2024,20:00,No data,No data,JE,,,,,,,
2024,4/18/2024,20:30,No data,No data,JE,,,,,,,
2024,4/18/2024,21:00,No data,No data,JE,,,,,,,
2024,4/18/2024,21:30,No data,No data,JE,,,,,,,
2024,4/18/2024,22:00,No data,No data,JE,,,,,,,
2024,4/18/2024,22:30,No data,No data,JE,,,,,,,
2024,4/18/2024,23:00,No data,No data,JE,,,,,,,
2024,4/18/2024,23:30,No data,No data,JE,,,,,,,
2024,4/19/2024,0:00,No data,No data,,,,,,,,
2024,4/19/2024,0:00,No data,No data,,,,,,,,
2024,4/19/2024,0:30,No data,No data,,,,,,,,
2024,4/19/2024,0:30,No data,No data,,,,,,,,
2024,4/19/2024,1:00,No data,No data,,,,,,,,
2024,4/19/2024,1:00,No data,No data,,,,,,,,
2024,4/19/2024,1:30,No data,No data,,,,,,,,
2024,4/19/2024,1:30,No data,No data,,,,,,,,
2024,4/19/2024,2:00,No data,No data,,,,,,,,
2024,4/19/2024,2:00,No data,No data,,,,,,,,
2024,4/19/2024,2:30,No data,No data,,,,,,,,
2024,4/19/2024,2:30,No data,No data,,,,,,,,
2024,4/19/2024,3:00,No data,No data,,,,,,,,
2024,4/19/2024,3:00,No data,No data,,,,,,,,
2024,4/19/2024,3:30,No data,No data,,,,,,,,
2024,4/19/2024,3:30,No data,No data,,,,,,,,
2024,4/19/2024,4:00,No data,No data,,,,,,,,
2024,4/19/2024,4:00,No data,No data,,,,,,,,
2024,4/19/2024,4:30,No data,No data,,,,,,,,
2024,4/19/2024,4:30,No data,No data,,,,,,,,
2024,4/19/2024,5:00,No data,No data,,,,,,,,
2024,4/19/2024,5:00,No data,No data,,,,,,,,
2024,4/19/2024,5:30,No data,No data,,,,,,,,
2024,4/19/2024,5:30,No data,No data,,,,,,,,
2024,4/19/2024,6:00,No data,No data,,,,,,,,
2024,4/19/2024,6:00,No data,No data,,,,,,,,
2024,4/19/2024,6:30,No data,No data,,,,,,,,
2024,4/19/2024,6:30,No data,No data,,,,,,,,
2024,4/19/2024,7:00,No data,No data,,,,,,,,
2024,4/19/2024,7:00,No data,No data,,,,,,,,
2024,4/19/2024,7:30,No data,No data,,,,,,,,
2024,4/19/2024,7:30,No data,No data,,,,,,,,
2024,4/19/2024,8:00,No data,No data,,,,,,,,
2024,4/19/2024,8:00,No data,No data,,,,,,,,
2024,4/19/2024,8:30,No data,No data,,,,,,,,
2024,4/19/2024,8:30,No data,No data,,,,,,,,
2024,4/19/2024,9:00,Full,No review,,,,,,,,
2024,4/19/2024,9:00,Full,No review,,,,,,,,
2024,4/19/2024,9:30,Full,No review,,,,,,,,
2024,4/19/2024,10:00,Full,No review,,,,,,,,
2024,4/19/2024,10:00,Full,No review,,,,,,,,
2024,4/19/2024,10:30,Full,No review,,,,,,,,
2024,4/19/2024,11:00,Full,No review,,,,,,,,
2024,4/19/2024,11:00,Full,No review,,,,,,,,
2024,4/19/2024,11:30,Full,No review,,,,,,,,
2024,4/19/2024,12:00,Full,No review,,,,,,,,
2024,4/19/2024,12:00,Full,No review,,,,,,,,
2024,4/19/2024,12:30,Full,No review,,,,,,,,
2024,4/19/2024,13:00,Full,No review,,,,,,,,
2024,4/19/2024,13:00,Full,No review,,,,,,,,
2024,4/19/2024,13:30,Full,No review,,,,,,,,
2024,4/19/2024,14:00,Full,No review,,,,,,,,
2024,4/19/2024,14:00,Full,No review,,,,,,,,
2024,4/19/2024,14:30,Full,No review,,,,,,,,
2024,4/19/2024,15:00,Full,No review,,,,,,,,
2024,4/19/2024,15:00,Full,No review,,,,,,,,
2024,4/19/2024,15:30,Full,No review,,,,,,,,
2024,4/19/2024,16:00,Full,No review,,,,,,,,
2024,4/19/2024,16:00,Full,No review,,,,,,,,
2024,4/19/2024,16:30,Full,No review,,,,,,,,
2024,4/19/2024,17:00,Full,No review,,,,,,,,
2024,4/19/2024,17:00,Full,No review,,,,,,,,
2024,4/19/2024,17:30,Full,No review,,,,,,,,
2024,4/19/2024,18:00,Full,No review,,,,,,,,
2024,4/19/2024,18:00,Full,No review,,,,,,,,
2024,4/19/2024,18:30,Full,No review,,,,,,,,
2024,4/19/2024,19:00,Full,No review,,,,,,,,
2024,4/19/2024,19:00,Full,No review,,,,,,,,
2024,4/19/2024,19:30,Full,No review,,,,,,,,
2024,4/19/2024,20:00,Full,No review,,,,,,,,
2024,4/19/2024,20:00,Full,No review,,,,,,,,
2024,4/19/2024,20:30,Full,No review,,,,,,,,
2024,4/19/2024,21:00,Full,No review,,,,,,,,
2024,4/19/2024,21:00,Full,No review,,,,,,,,
2024,4/19/2024,21:30,Full,No review,,,,,,,,
2024,4/19/2024,22:00,Full,No review,,,,,,,,
2024,4/19/2024,22:00,Full,No review,,,,,,,,
2024,4/19/2024,22:30,Full,No review,,,,,,,,
2024,4/19/2024,23:00,Full,No review,,,,,,,,
2024,4/19/2024,23:00,Full,No review,,,,,,,,
2024,4/19/2024,23:30,Full,No review,,,,,,,,
2024,4/20/2024,0:00,Full,First 30,JE,No fish,,,,,,
2024,4/20/2024,0:30,Full,Second 30,JE,No fish,,,,,,
2024,4/20/2024,1:00,Full,First 30,JE,1:21:26,6581,downstream,9.51,56.2,1,
2024,4/20/2024,1:00,Full,First 30,JE,1:27:42,8501,upstream,6.71,63.7,1,
2024,4/20/2024,1:30,Full,Second 30,JE,No fish,,,,,,
2024,4/20/2024,2:00,Full,First 30,JE,2:02:17,706,downstream,10.05,61.3,1,
2024,4/20/2024,2:00,Full,First 30,JE,2:02:35,798,downstream,12.73,65,1,
2024,4/20/2024,2:00,Full,First 30,JE,2:04:48,1452,upstream,13.9,59.5,1,
2024,4/20/2024,2:00,Full,First 30,JE,2:23:45,7278,downstream,10.7,69.7,1,
2024,4/20/2024,2:00,Full,First 30,JE,2:24:33,7523,upstream,11.79,73.7,1,
2024,4/20/2024,2:30,Full,Second 30,JE,2:41:50,3627,upstream,14.13,60.8,1,
2024,4/20/2024,2:30,Full,Second 30,JE,2:50:32,6310,downstream,5.98,62.2,1,
2024,4/20/2024,2:30,Full,Second 30,JE,2:51:51,6711,downstream,10.55,74.4,1,
2024,4/20/2024,2:30,Full,Second 30,JE,2:53:10,7098,upstream,13.06,62.5,1,
2024,4/20/2024,2:30,Full,Second 30,JE,2:55:40,7859,upstream,15.09,75.2,1,
2024,4/20/2024,3:00,Full,First 30,JE,3:08:58,2739,downstream,10.84,59.1,1,
2024,4/20/2024,3:00,Full,First 30,JE,3:10:07,3097,upstream,11.39,60.8,1,
2024,4/20/2024,3:00,Full,First 30,JE,3:14:17,4336,downstream,8.65,71.3,1,
2024,4/20/2024,3:30,Full,Second 30,JE,No fish,,,,,,
2024,4/20/2024,4:00,Full,First 30,JE,4:13:35,4146,upstream,12.94,61.1,1,
2024,4/20/2024,4:00,Full,First 30,JE,4:13:57,4266,downstream,11.09,55.8,1,
2024,4/20/2024,4:30,Full,Second 30,JE,4:49:19,5938,upstream,14.41,62.1,1,
2024,4/20/2024,4:30,Full,Second 30,JE,4:52:04,6795,downstream,9.2,53.4,1,
2024,4/20/2024,4:30,Full,Second 30,JE,4:55:57,8008,upstream,6.91,58.7,1,
2024,4/20/2024,5:00,Full,First 30,JE,5:02:29,767,downstream,10.6,71,1,
2024,4/20/2024,5:00,Full,First 30,JE,5:04:02,1249,downstream,15.08,54.4,1,
2024,4/20/2024,5:00,Full,First 30,JE,5:04:06,1269,downstream,14.92,66.4,1,
2024,4/20/2024,5:00,Full,First 30,JE,5:04:41,1453,downstream,9.11,63.3,1,
2024,4/20/2024,5:00,Full,First 30,JE,5:12:41,3895,downstream,8.87,62.6,1,
2024,4/20/2024,5:30,Full,Second 30,JE,5:33:36,1128,downstream,10.71,67.5,1,
2024,4/20/2024,5:30,Full,Second 30,JE,5:40:29,3234,upstream,11.29,56.6,1,
2024,4/20/2024,6:00,Full,First 30,JE,6:06:25,1966,downstream,8.73,63.1,1,
2024,4/20/2024,6:30,Full,Second 30,JE,6:42:34,3882,downstream,10.3,61.4,1,
2024,4/20/2024,7:00,Full,First 30,JE,No fish,,,,,,
2024,4/20/2024,7:30,Full,Second 30,JE,No fish,,,,,,
2024,4/20/2024,8:00,Full,First 30,JE,No fish,,,,,,
2024,4/20/2024,8:30,Full,Second 30,JE,No fish,,,,,,
2024,4/20/2024,9:00,Full,First 30,JE,No fish,,,,,,
2024,4/20/2024,9:30,Full,Second 30,JE,No fish,,,,,,
2024,4/20/2024,10:00,Full,First 30,JE,No fish,,,,,,
2024,4/20/2024,10:30,Full,Second 30,JE,No fish,,,,,,
2024,4/20/2024,11:00,Full,First 30,JE,No fish,,,,,,
2024,4/20/2024,11:30,Full,Second 30,JE,No fish,,,,,,
2024,4/20/2024,12:00,Full,First 30,JE,No fish,,,,,,
2024,4/20/2024,12:30,Full,Second 30,JE,No fish,,,,,,
2024,4/20/2024,13:00,Full,First 30,JE,No fish,,,,,,
2024,4/20/2024,13:30,Full,Second 30,JE,No fish,,,,,,
2024,4/20/2024,14:00,Full,First 30,JE,No fish,,,,,,
2024,4/20/2024,14:30,Full,Second 30,JE,No fish,,,,,,
2024,4/20/2024,15:00,Full,First 30,JE,No fish,,,,,,
2024,4/20/2024,15:30,Full,Second 30,JE,No fish,,,,,,
2024,4/20/2024,16:00,Full,First 30,JE,No fish,,,,,,
2024,4/20/2024,16:30,Full,Second 30,JE,No fish,,,,,,
2024,4/20/2024,17:00,Full,First 30,JE,No fish,,,,,,
2024,4/20/2024,17:30,Full,Second 30,JE,No fish,,,,,,
2024,4/20/2024,18:00,Full,First 30,JE,No fish,,,,,,
2024,4/20/2024,18:30,Full,Second 30,JE,No fish,,,,,,
2024,4/20/2024,19:00,Full,First 30,JE,No fish,,,,,,
2024,4/20/2024,19:30,Full,Second 30,JE,19:39:43,2991,upstream,11.18,66.4,1,
2024,4/20/2024,19:30,Full,Second 30,JE,19:58:44,8866,downstream,8.7,69.1,1,
2024,4/20/2024,20:00,Full,First 30,JE,No fish,,,,,,
2024,4/20/2024,20:30,Full,Second 30,JE,20:32:00,619,upstream,11.7,69.4,1,
2024,4/20/2024,20:30,Full,Second 30,JE,20:32:00,621,upstream,11.8,63.8,1,
2024,4/20/2024,20:30,Full,Second 30,JE,20:38:33,2610,upstream,5.25,61.1,1,
2024,4/20/2024,20:30,Full,Second 30,JE,20:48:33,5674,upstream,11.22,78.7,1,
2024,4/20/2024,20:30,Full,Second 30,JE,20:55:33,7846,upstream,14.29,68.9,1,
2024,4/20/2024,21:00,Full,First 30,JE,21:02:55,902,downstream,7.27,63.7,1,
2024,4/20/2024,21:00,Full,First 30,JE,21:09:31,2911,downstream,16.99,60.5,1,
2024,4/20/2024,21:00,Full,First 30,JE,21:16:44,5127,downstream,11.18,67.1,1,
2024,4/20/2024,21:00,Full,First 30,JE,21:18:52,5784,downstream,10.32,57.3,1,
2024,4/20/2024,21:30,Full,Second 30,JE,21:35:05,1544,upstream,11.31,60,1,
2024,4/20/2024,21:30,Full,Second 30,JE,21:49:35,6017,upstream,12.2,79.6,1,
2024,4/20/2024,22:00,Full,First 30,JE,22:24:11,7424,downstream,4.08,58.9,1,
2024,4/20/2024,22:30,Full,Second 30,JE,No fish,,,,,,
2024,4/20/2024,23:00,Full,First 30,JE,23:04:43,1380,downstream,11.65,66.9,1,
2024,4/20/2024,23:00,Full,First 30,JE,23:09:41,2931,upstream,4.74,69,1,
2024,4/20/2024,23:00,Full,First 30,JE,23:10:33,3197,upstream,11.36,71.5,1,
2024,4/20/2024,23:00,Full,First 30,JE,23:12:35,3805,downstream,11.75,68.2,1,
2024,4/20/2024,23:30,Full,Second 30,JE,23:31:43,514,downstream,9.85,65.2,1,
2024,4/21/2024,0:00,Full,First 30,BP,0:14:43,4507,downstream,11.04,65.70,1,
2024,4/21/2024,0:00,Full,First 30,BP,0:28:42,8823,downstream,6.73,72.40,2,
2024,4/21/2024,0:00,Full,First 30,BP,0:28:42,8823,downstream,6.34,66.70,2,
2024,4/21/2024,0:30,Full,No review,,,,,,,,
2024,4/21/2024,1:00,Full,First 30,BP,1:13:44,4241,downstream,7.79,102.50,2,BC- keep at 2
2024,4/21/2024,1:30,Full,No review,,,,,,,,
2024,4/21/2024,2:00,Full,First 30,BP,2:03:05,962,downstream,8.59,71.00,2,
2024,4/21/2024,2:00,Full,First 30,BP,2:21:11,6496,upstream,12.09,100.20,2,"BC- unsure, change to 2"
2024,4/21/2024,2:00,Full,First 30,BP,2:29:37,9084,downstream,8.56,96.80,2,"BC- unsure, change to 2"
2024,4/21/2024,2:30,Full,No review,,,,,,,,
2024,4/21/2024,3:00,Full,First 30,BP,3:02:10,651,downstream,10.41,83.10,1,
2024,4/21/2024,3:00,Full,First 30,BP,3:09:48,3003,downstream,12.04,76.50,2,
2024,4/21/2024,3:00,Full,First 30,BP,3:19:52,6103,upstream,8.87,68.00,1,
2024,4/21/2024,3:30,Full,No review,,,,,,,,
2024,4/21/2024,4:00,Full,First 30,BP,4:09:57,3052,upstream,13.49,93.40,1,
2024,4/21/2024,4:30,Full,No review,,,,,,,,
2024,4/21/2024,5:00,Full,First 30,BP,5:02:27,744,downstream,12.09,82.20,1,
2024,4/21/2024,5:00,Full,First 30,BP,5:09:42,2973,downstream,9.06,106.10,2,"BC- unsure, change to 2"
2024,4/21/2024,5:00,Full,First 30,BP,5:28:06,8677,downstream,9.90,80.90,1,
2024,4/21/2024,5:00,Full,First 30,BP,5:28:07,8683,downstream,8.87,74.60,1,
2024,4/21/2024,5:30,Full,No review,,,,,,,,
2024,4/21/2024,6:00,Full,First 30,BP,No fish,,,,,,
2024,4/21/2024,6:30,Full,No review,,,,,,,,
2024,4/21/2024,7:00,Full,First 30,BP,No fish,,,,,,
2024,4/21/2024,7:30,Full,No review,,,,,,,,
2024,4/21/2024,8:00,Full,First 30,BP,No fish,,,,,,
2024,4/21/2024,8:30,Full,No review,,,,,,,,
2024,4/21/2024,9:00,Full,First 30,BP,No fish,,,,,,
2024,4/21/2024,9:30,Full,No review,,,,,,,,
2024,4/21/2024,10:00,Full,First 30,BP,No fish,,,,,,
2024,4/21/2024,10:30,Full,No review,,,,,,,,
2024,4/21/2024,11:00,Full,First 30,BP,No fish,,,,,,
2024,4/21/2024,11:30,Full,No review,,,,,,,,
2024,4/21/2024,12:00,Full,First 30,BP,No fish,,,,,,
2024,4/21/2024,12:30,Full,No review,,,,,,,,
2024,4/21/2024,13:00,Full,First 30,BP,No fish,,,,,,
2024,4/21/2024,13:30,Full,No review,,,,,,,,
2024,4/21/2024,14:00,Full,First 30,BP,No fish,,,,,,
2024,4/21/2024,14:30,Full,No review,,,,,,,,
2024,4/21/2024,15:00,Full,First 30,BP,No fish,,,,,,
2024,4/21/2024,15:30,Full,No review,,,,,,,,
2024,4/21/2024,16:00,Full,First 30,BP,No fish,,,,,,
2024,4/21/2024,16:30,Full,No review,,,,,,,,
2024,4/21/2024,17:00,Full,First 30,BP,No fish,,,,,,
2024,4/21/2024,17:30,Full,No review,,,,,,,,
2024,4/21/2024,18:00,Full,First 30,BP,No fish,,,,,,
2024,4/21/2024,18:30,Full,No review,,,,,,,,
2024,4/21/2024,19:00,Full,First 30,BP,No fish,,,,,,
2024,4/21/2024,19:30,Full,No review,,,,,,,,
2024,4/21/2024,20:00,Full,First 30,BP,No fish,,,,,,
2024,4/21/2024,20:30,Full,No review,,,,,,,,
2024,4/21/2024,21:00,Full,First 30,BP,21:04:12,1273,upstream,9.00,75.50,1,
2024,4/21/2024,21:00,Full,First 30,BP,21:05:22,1635,upstream,8.05,75.90,1,
2024,4/21/2024,21:00,Full,First 30,BP,21:08:18,256,downstream,10.48,61.30,1,
2024,4/21/2024,21:00,Full,First 30,BP,21:12:11,3659,downstream,11.40,84.80,2,
2024,4/21/2024,21:00,Full,First 30,BP,21:17:43,5355,upstream,13.16,83.10,1,
2024,4/21/2024,21:00,Full,First 30,BP,21:17:48,5377,upstream,12.53,78.30,1,
2024,4/21/2024,21:00,Full,First 30,BP,21:19:23,5839,downstream,14.66,80.70,1,
2024,4/21/2024,21:00,Full,First 30,BP,21:21:45,6552,upstream,4.86,78.10,1,
2024,4/21/2024,21:00,Full,First 30,BP,21:23:31,7102,upstream,5.39,58.00,1,
2024,4/21/2024,21:30,Full,No review,,,,,,,,
2024,4/21/2024,22:00,Full,First 30,BP,22:04:14,1307,downstream,9.48,67.10,1,Yes
2024,4/21/2024,22:00,Full,First 30,BP,22:06:13,1884,downstream,8.46,73.60,1,yes
2024,4/21/2024,22:00,Full,First 30,BP,22:09:03,2724,upstream,12.50,73.30,1,Yes
2024,4/21/2024,22:30,Full,No review,,,,,,,,
2024,4/21/2024,23:00,Full,First 30,BP,23:26:56,8034,upstream,11.15,74.30,1,
2024,4/21/2024,23:30,Full,No review,,,,,,,,
2024,4/22/2024,0:00,Full,First 30,SM,0:00:40,214,downstream,12.33,71.4,1,
2024,4/22/2024,0:00,Full,First 30,SM,0:27:30,8242,upstream,5.86,72.5,1,
2024,4/22/2024,0:30,Full,No review,,,,,,,,
2024,4/22/2024,1:00,Full,First 30,SM,1:09:49,2917,downstream,10.13,79.8,1,
2024,4/22/2024,1:30,Full,No review,,,,,,,,
2024,4/22/2024,2:00,Full,First 30,SM,2:05:04,1532,upstream,4.93,56.9,1,
2024,4/22/2024,2:00,Full,First 30,SM,2:10:59,3300,downstream,10.15,70.8,1,
2024,4/22/2024,2:30,Full,No review,,,,,,,,
2024,4/22/2024,3:00,Full,First 30,SM,No fish,,,,,,
2024,4/22/2024,3:30,Full,No review,,,,,,,,
2024,4/22/2024,4:00,Full,First 30,SM,4:01:20,411,upstream,7.64,76.9,1,
2024,4/22/2024,4:00,Full,First 30,SM,4:29:52,8945,upstream,7.53,63,1,
2024,4/22/2024,4:30,Full,No review,,,,,,,,
2024,4/22/2024,5:00,Full,First 30,SM,5:11:01,3354,downstream,9.39,70.9,1,
2024,4/22/2024,5:00,Full,First 30,SM,5:15:52,4773,upstream,13.8,90.7,1,
2024,4/22/2024,5:00,Full,First 30,SM,5:21:36,6544,downstream,10.65,74.7,1,
2024,4/22/2024,5:00,Full,First 30,SM,5:25:18,7744,downstream,9.47,74,1,
2024,4/22/2024,5:30,Full,No review,,,,,,,,
2024,4/22/2024,6:00,Full,First 30,SM,No fish,,,,,,
2024,4/22/2024,6:30,Full,No review,,,,,,,,
2024,4/22/2024,7:00,Full,First 30,SM,No fish,,,,,,
2024,4/22/2024,7:30,Full,No review,,,,,,,,
2024,4/22/2024,8:00,Full,First 30,SM,No fish,,,,,,
2024,4/22/2024,8:30,Full,No review,,,,,,,,
2024,4/22/2024,9:00,Full,First 30,SM,No fish,,,,,,
2024,4/22/2024,9:30,Full,No review,,,,,,,,
2024,4/22/2024,10:00,Full,First 30,SM,No fish,,,,,,
2024,4/22/2024,10:30,Full,No review,,,,,,,,
2024,4/22/2024,11:00,Full,First 30,SM,No fish,,,,,,
2024,4/22/2024,11:30,Full,No review,,,,,,,,
2024,4/22/2024,12:00,Full,First 30,SM,No fish,,,,,,
2024,4/22/2024,12:30,Full,No review,,,,,,,,
2024,4/22/2024,13:00,Full,First 30,SM,No fish,,,,,,
2024,4/22/2024,13:30,Full,No review,,,,,,,,
2024,4/22/2024,14:00,Full,First 30,SM,No fish,,,,,,
2024,4/22/2024,14:30,Full,No review,,,,,,,,
2024,4/22/2024,15:00,Full,First 30,SM,No fish,,,,,,
2024,4/22/2024,15:30,Full,No review,,,,,,,,
2024,4/22/2024,16:00,Full,First 30,SM,No fish,,,,,,
2024,4/22/2024,16:30,Full,No review,,,,,,,,
2024,4/22/2024,17:00,Full,First 30,SM,No fish,,,,,,
2024,4/22/2024,17:30,Full,No review,,,,,,,,
2024,4/22/2024,18:00,Full,First 30,SM,No fish,,,,,,
2024,4/22/2024,18:30,Full,No review,,,,,,,,
2024,4/22/2024,19:00,Full,First 30,SM,No fish,,,,,,
2024,4/22/2024,19:30,Full,No review,,,,,,,,
2024,4/22/2024,20:00,Full,First 30,SM,20:24:15,7412,downstream,9.11,70.8,1,
2024,4/22/2024,20:30,Full,No review,,,,,,,,
2024,4/22/2024,21:00,Full,First 30,SM,21:00:11,53,upstream,7.28,77.2,1,
2024,4/22/2024,21:00,Full,First 30,SM,21:05:49,1764,downstream,10.97,82.3,1,
2024,4/22/2024,21:00,Full,First 30,SM,21:22:17,6812,upstream,5.87,55,1,
2024,4/22/2024,21:30,Full,No review,,,,,,,,
2024,4/22/2024,22:00,Full,First 30,SM,22:17:31,5386,downstream,13.95,74,1,
2024,4/22/2024,22:00,Full,First 30,SM,22:25:00,7671,upstream,15.98,67.5,1,
2024,4/22/2024,22:30,Full,No review,,,,,,,,
2024,4/22/2024,23:00,Full,First 30,SM,23:14:06,4312,upstream,10.63,63.3,1,
2024,4/22/2024,23:00,Full,First 30,SM,23:28:50,8810,downstream,11.04,62.9,1,
2024,4/22/2024,23:30,Full,No review,,,,,,,,
2024,4/23/2024,0:00,Full,First 30,SM,0:01:17,385,upstream,11.58,71.3,1,
2024,4/23/2024,0:00,Full,First 30,SM,0:01:58,602,downstream,8.24,68.4,1,
2024,4/23/2024,0:00,Full,First 30,SM,0:04:30,1241,downstream,7.4,70.2,1,
2024,4/23/2024,0:00,Full,First 30,SM,0:20:55,6409,downstream,13.73,73.2,1,
2024,4/23/2024,0:00,Full,First 30,SM,0:29:38,9069,downstream,11.82,78,1,
2024,4/23/2024,0:30,Full,No review,,,,,,,,
2024,4/23/2024,1:00,Full,First 30,SM,No fish,,,,,,
2024,4/23/2024,1:30,Full,No review,,,,,,,,
2024,4/23/2024,2:00,Full,First 30,SM,2:13:04,3974,downstream,15.34,84.6,2,
2024,4/23/2024,2:30,Full,No review,,,,,,,,
2024,4/23/2024,3:00,Full,First 30,SM,3:26:15,8017,upstream,6.76,75.6,1,
2024,4/23/2024,3:30,Full,No review,,,,,,,,
2024,4/23/2024,4:00,Full,First 30,SM,4:05:41,1738,downstream,10.98,74.7,1,
2024,4/23/2024,4:00,Full,First 30,SM,4:06:30,1999,downstream,10.98,78.6,1,
2024,4/23/2024,4:00,Full,First 30,SM,4:08:46,2679,upstream,11.94,72.3,1,
2024,4/23/2024,4:00,Full,First 30,SM,4:17:57,5501,upstream,5.8,81.8,1,
2024,4/23/2024,4:00,Full,First 30,SM,4:28:41,8778,upstream,7.98,61.3,1,
2024,4/23/2024,4:30,Full,No review,,,,,,,,
2024,4/23/2024,5:00,Full,First 30,SM,5:00:57,284,upstream,10.14,68.3,1,
2024,4/23/2024,5:00,Full,First 30,SM,5:18:20,5625,upstream,11.01,66,1,
2024,4/23/2024,5:00,Full,First 30,SM,5:21:10,6493,upstream,10.65,54.6,1,
2024,4/23/2024,5:00,Full,First 30,SM,5:24:56,7677,downstream,11.18,60.8,1,
2024,4/23/2024,5:30,Full,No review,,,,,,,,
2024,4/23/2024,6:00,Full,First 30,SM,No fish,,,,,,
2024,4/23/2024,6:30,Full,No review,,,,,,,,
2024,4/23/2024,7:00,Full,First 30,SM,No fish,,,,,,
2024,4/23/2024,7:30,Full,No review,,,,,,,,
2024,4/23/2024,8:00,Full,First 30,SM,8:28:05,8334,downstream,5.85,51.7,1,
2024,4/23/2024,8:30,Full,No review,,,,,,,,
2024,4/23/2024,9:00,Full,First 30,SM,No fish,,,,,,
2024,4/23/2024,9:30,Full,No review,,,,,,,,
2024,4/23/2024,10:00,Full,First 30,SM,No fish,,,,,,
2024,4/23/2024,10:30,Full,No review,,,,,,,,
2024,4/23/2024,11:00,Full,First 30,SM,No fish,,,,,,
2024,4/23/2024,11:30,Full,No review,,,,,,,,
2024,4/23/2024,12:00,Full,First 30,SM,No fish,,,,,,
2024,4/23/2024,12:30,Full,No review,,,,,,,,
2024,4/23/2024,13:00,Full,First 30,SM,No fish,,,,,,
2024,4/23/2024,13:30,Full,No review,,,,,,,,
2024,4/23/2024,14:00,Full,First 30,SM,No fish,,,,,,
2024,4/23/2024,14:30,Full,No review,,,,,,,,
2024,4/23/2024,15:00,Full,First 30,SM,No fish,,,,,,
2024,4/23/2024,15:30,Full,No review,,,,,,,,
2024,4/23/2024,16:00,Full,First 30,SM,No fish,,,,,,
2024,4/23/2024,16:30,Full,No review,,,,,,,,
2024,4/23/2024,17:00,Full,First 30,SM,No fish,,,,,,
2024,4/23/2024,17:30,Full,No review,,,,,,,,
2024,4/23/2024,18:00,Full,First 30,SM,No fish,,,,,,
2024,4/23/2024,18:30,Full,No review,,,,,,,,
2024,4/23/2024,19:00,Full,First 30,SM,No fish,,,,,,
2024,4/23/2024,19:30,Full,No review,,,,,,,,
2024,4/23/2024,20:00,Full,First 30,SM,20:12:51,3924,upstream,7.93,73.6,1,
2024,4/23/2024,20:30,Full,No review,,,,,,,,
2024,4/23/2024,21:00,Full,First 30,SM,21:08:41,2653,upstream,13.9,66.7,1,
2024,4/23/2024,21:00,Full,First 30,SM,21:14:03,4332,downstream,6.81,70.7,1,
2024,4/23/2024,21:00,Full,First 30,SM,21:17:38,5401,upstream,4.97,74.2,1,
2024,4/23/2024,21:00,Full,First 30,SM,21:27:44,8488,downstream,12.18,82,1,
2024,4/23/2024,21:00,Full,First 30,SM,21:27:54,8539,downstream,13.26,69.7,1,
2024,4/23/2024,21:30,Full,No review,,,,,,,,
2024,4/23/2024,22:00,Full,First 30,SM,22:01:44,535,downstream,9.98,74.7,1,
2024,4/23/2024,22:00,Full,First 30,SM,22:07,2121,downstream,9.72,70.1,1,
2024,4/23/2024,22:00,Full,First 30,SM,22:11:56,3652,downstream,11.01,78.4,1,
2024,4/23/2024,22:00,Full,First 30,SM,22:13:32,4145,upstream,10.93,68.5,1,
2024,4/23/2024,22:00,Full,First 30,SM,22:14:59,4570,upstream,14.68,46.8,1,
2024,4/23/2024,22:00,Full,First 30,SM,22:25:56,7911,downstream,11.67,79.2,1,
2024,4/23/2024,22:00,Full,First 30,SM,22:26:46,8169,upstream,13.96,70,1,
2024,4/23/2024,22:30,Full,No review,,,,,,,,
2024,4/23/2024,23:00,Full,First 30,SM,23:04:08,1216,upstream,10.92,74.2,1,
2024,4/23/2024,23:00,Full,First 30,SM,23:04:13,1239,upstream,10.56,69.2,1,
2024,4/23/2024,23:00,Full,First 30,SM,23:12:16,3710,upstream,14.83,67.4,1,
2024,4/23/2024,23:00,Full,First 30,SM,23:19:58,6068,upstream,16.09,62.1,1,
2024,4/23/2024,23:30,Full,No review,,,,,,,,
2024,4/24/2024,0:00,Full,First 30,AS,0:25:56,7945,downstream,12.71,54,1,
2024,4/24/2024,0:30,Full,Second 30,AS,No fish,,,,,,
2024,4/24/2024,1:00,Full,First 30,AS,1:10:57,3355,downstream,5.24,77.4,1,
2024,4/24/2024,1:00,Full,First 30,AS,1:12:00,3679,downstream,14.25,74.3,1,
2024,4/24/2024,1:00,Full,First 30,AS,1:13:11,4042,downstream,13.14,75.4,1,
2024,4/24/2024,1:00,Full,First 30,AS,1:16:09,4974,upstream,11.83,83.6,1,
2024,4/24/2024,1:00,Full,First 30,AS,1:16:42,5150,upstream,15.47,61.9,1,
2024,4/24/2024,1:00,Full,First 30,AS,1:18:09,5584,downstream,9.93,73.8,1,
2024,4/24/2024,1:00,Full,First 30,AS,1:29:23,9002,downstream,11.19,75.4,1,
2024,4/24/2024,1:30,Full,Second 30,AS,1:32:29,772,downstream,15.68,80.4,1,
2024,4/24/2024,1:30,Full,Second 30,AS,1:34:24,1373,upstream,14.77,77.5,1,
2024,4/24/2024,1:30,Full,Second 30,AS,1:37:14,2229,upstream,10.16,82.1,1,
2024,4/24/2024,2:00,Full,First 30,AS,2:00:02,8,upstream,10.63,78.7,1,
2024,4/24/2024,2:00,Full,First 30,AS,2:11:21,3480,downstream,11.98,77.1,1,
2024,4/24/2024,2:00,Full,First 30,AS,2:26:08,8023,downstream,11.01,63.8,1,
2024,4/24/2024,2:30,Full,Second 30,AS,2:54:08,7377,downstream,11.11,83.2,1,
2024,4/24/2024,3:00,Full,First 30,AS,3:01:22,426,upstream,6.6,91.2,1,
2024,4/24/2024,3:00,Full,First 30,AS,3:11:25,3503,downstream,7.93,90.3,1,
2024,4/24/2024,3:00,Full,First 30,AS,3:19:02,5831,upstream,10.01,90.9,1,
2024,4/24/2024,3:00,Full,First 30,AS,3:24:38,7563,upstream,18.17,87.7,1,
2024,4/24/2024,3:00,Full,First 30,AS,3:26:13,8032,upstream,9.81,69.7,1,
2024,4/24/2024,3:30,Full,Second 30,AS,3:38:11,2496,downstream,9.79,83.7,1,
2024,4/24/2024,3:30,Full,Second 30,AS,3:38:36,2623,downstream,10.85,69.6,1,
2024,4/24/2024,3:30,Full,Second 30,AS,3:39:21,2857,downstream,15.66,92,1,
2024,4/24/2024,3:30,Full,Second 30,AS,3:41:40,3589,upstream,11.24,80.2,1,
2024,4/24/2024,3:30,Full,Second 30,AS,3:41:53,3653,upstream,10.88,93.6,1,
2024,4/24/2024,3:30,Full,Second 30,AS,3:44:43,4503,downstream,6.59,77.6,1,
2024,4/24/2024,3:30,Full,Second 30,AS,3:53:19,7166,downstream,8.92,76.7,1,
2024,4/24/2024,3:30,Full,Second 30,AS,3:54:40,7561,upstream,10.1,89.2,1,
2024,4/24/2024,3:30,Full,Second 30,AS,3:56:41,8177,downstream,13.52,78.1,1,
2024,4/24/2024,3:30,Full,Second 30,AS,3:59:05,8917,upstream,9.71,84.8,1,
2024,4/24/2024,3:30,Full,Second 30,AS,3:59:32,9054,downstream,5.32,69.9,1,
2024,4/24/2024,4:00,Full,First 30,AS,4:02:17,696,downstream,11.24,93.2,1,
2024,4/24/2024,4:00,Full,First 30,AS,4:03:11,949,upstream,9.56,90.3,1,
2024,4/24/2024,4:00,Full,First 30,AS,4:09:18,2817,upstream,9.93,76.2,1,
2024,4/24/2024,4:30,Full,Second 30,AS,No fish,,,,,,
2024,4/24/2024,5:00,Full,First 30,AS,5:31:54,569,downstream,7.28,83.2,1,
2024,4/24/2024,5:00,Full,First 30,AS,5:31:58,590,downstream,11.33,86.3,1,
2024,4/24/2024,5:00,Full,First 30,AS,No fish,,,,,,
2024,4/24/2024,5:30,Full,Second 30,AS,5:35:33,1690,downstream,10.84,80.8,1,
2024,4/24/2024,5:30,Full,Second 30,AS,5:38:21,2557,downstream,9.95,87,1,
2024,4/24/2024,5:30,Full,Second 30,AS,5:46:27,5026,upstream,10.7,65,1,
2024,4/24/2024,5:30,Full,Second 30,AS,5:50:49,6345,upstream,14.03,73.6,1,
2024,4/24/2024,6:00,Full,First 30,AS,No fish,,,,,,
2024,4/24/2024,6:30,Full,Second 30,AS,No fish,,,,,,
2024,4/24/2024,7:00,Full,First 30,AS,No fish,,,,,,
2024,4/24/2024,7:30,Full,Second 30,AS,No fish,,,,,,
2024,4/24/2024,8:00,Full,First 30,AS,No fish,,,,,,
2024,4/24/2024,8:30,Full,Second 30,AS,No fish,,,,,,
2024,4/24/2024,9:00,Full,First 30,AS,No fish,,,,,,
2024,4/24/2024,9:30,Full,Second 30,AS,No fish,,,,,,
2024,4/24/2024,10:00,Full,First 30,AS,No fish,,,,,,
2024,4/24/2024,10:30,Full,Second 30,AS,No fish,,,,,,
2024,4/24/2024,11:00,Full,First 30,AS,No fish,,,,,,
2024,4/24/2024,11:30,Full,Second 30,AS,No fish,,,,,,
2024,4/24/2024,12:00,Full,First 30,AS,No fish,,,,,,
2024,4/24/2024,12:30,Full,Second 30,AS,No fish,,,,,,
2024,4/24/2024,13:00,Full,First 30,AS,No fish,,,,,,
2024,4/24/2024,13:30,Full,Second 30,AS,No fish,,,,,,
2024,4/24/2024,14:00,Full,First 30,AS,No fish,,,,,,
2024,4/24/2024,14:30,Full,Second 30,AS,No fish,,,,,,
2024,4/24/2024,15:00,Full,First 30,AS,No fish,,,,,,
2024,4/24/2024,15:30,Full,Second 30,AS,No fish,,,,,,
2024,4/24/2024,16:00,Full,First 30,AS,16:06:15,1872,downstream,5.52,81.7,1,
2024,4/24/2024,16:00,Full,First 30,AS,16:06:20,1902,downstream,7.34,76,1,
2024,4/24/2024,16:30,Full,Second 30,AS,No fish,,,,,,
2024,4/24/2024,17:00,Full,First 30,AS,17:22:34,6892,upstream,13.66,75.6,1,
2024,4/24/2024,17:30,Full,Second 30,AS,No fish,,,,,,
2024,4/24/2024,18:00,Full,First 30,AS,No fish,,,,,,
2024,4/24/2024,18:30,Full,Second 30,AS,No fish,,,,,,
2024,4/24/2024,19:00,Full,First 30,AS,No fish,,,,,,
2024,4/24/2024,19:30,Full,Second 30,AS,19:39:45,2975,downstream,10.34,83.3,1,
2024,4/24/2024,19:30,Full,Second 30,AS,19:58:39,8756,upstream,7.05,84,1,
2024,4/24/2024,19:30,Full,Second 30,AS,19:58:56,8847,downstream,4.3,81.7,1,
2024,4/24/2024,20:00,Full,First 30,AS,20:29:06,8897,downstream,12.12,83.8,1,
2024,4/24/2024,20:30,Full,Second 30,AS,20:40:33,3221,upstream,9.58,84.7,1,
2024,4/24/2024,20:30,Full,Second 30,AS,20:40:34,3225,upstream,11.04,79.6,1,
2024,4/24/2024,20:30,Full,Second 30,AS,20:41:26,3497,upstream,6.91,62.6,1,
2024,4/24/2024,20:30,Full,Second 30,AS,20:41:29,3509,upstream,7.95,87.6,1,
2024,4/24/2024,21:00,Full,First 30,AS,21:11:51,3606,downstream,14.37,82.6,1,
2024,4/24/2024,21:00,Full,First 30,AS,21:15:01,4564,upstream,8.25,75.8,1,
2024,4/24/2024,21:00,Full,First 30,AS,21:22:24,6837,downstream,14.37,55.9,1,
2024,4/24/2024,21:30,Full,Second 30,AS,21:46:10,4935,upstream,8.58,77,1,
2024,4/24/2024,21:30,Full,Second 30,AS,21:50:52,6370,downstream,12.51,75.3,1,
2024,4/24/2024,21:30,Full,Second 30,AS,21:53:30,7152,upstream,15.74,75.6,1,
2024,4/24/2024,22:00,Full,First 30,AS,22:05:31,1686,upstream,8.65,70.8,1,
2024,4/24/2024,22:30,Full,Second 30,AS,22:32:08,641,upstream,8.98,83.7,1,
2024,4/24/2024,22:30,Full,Second 30,AS,22:52:23,6823,downstream,13.7,85,1,
2024,4/24/2024,23:00,Full,First 30,AS,23:01:39,510,upstream,16.16,82.4,1,
2024,4/24/2024,23:00,Full,First 30,AS,23:11:39,3555,upstream,6.22,76.3,1,
2024,4/24/2024,23:00,Full,First 30,AS,23:24:03,7373,downstream,11.5,81.6,1,
2024,4/24/2024,23:00,Full,First 30,AS,23:26:03,7998,upstream,10.25,78,1,
2024,4/24/2024,23:00,Full,First 30,AS,23:28:56,8876,upstream,4.9,63.9,1,
2024,4/24/2024,23:30,Full,Second 30,AS,23:38:11,2494,downstream,11.78,79.6,1,
2024,4/24/2024,23:30,Full,Second 30,AS,23:54:00,7352,downstream,10.82,81,1,
2024,4/25/2024,0:00,Full,First 30,JE,0:00:06,27,downstream,11.83,74.9,1,
2024,4/25/2024,0:00,Full,First 30,JE,0:00:45,228,downstream,13.44,56.5,1,
2024,4/25/2024,0:00,Full,First 30,JE,0:00:49,249,downstream,12.1,52.4,1,
2024,4/25/2024,0:00,Full,First 30,JE,0:02:00,622,upstream,10.18,63.9,1,
2024,4/25/2024,0:00,Full,First 30,JE,0:03:13,1006,upstream,13.03,77.9,1,
2024,4/25/2024,0:00,Full,First 30,JE,0:10:58,3362,downstream,11.5,59,1,
2024,4/25/2024,0:00,Full,First 30,JE,0:17:21,5326,upstream,7.91,58.3,1,
2024,4/25/2024,0:00,Full,First 30,JE,0:20:16,6219,upstream,15.55,64.5,1,
2024,4/25/2024,0:00,Full,First 30,JE,0:23:13,7142,upstream,13.78,64.8,1,
2024,4/25/2024,0:30,Full,Second 30,JE,0:31:40,512,downstream,14.2,69.9,1,
2024,4/25/2024,0:30,Full,Second 30,JE,0:37:23,2230,upstream,13.94,79.8,1,
2024,4/25/2024,0:30,Full,Second 30,JE,0:50:37,6294,upstream,9.89,76.7,1,
2024,4/25/2024,0:30,Full,Second 30,JE,0:54:17,7430,downstream,14.4,68,1,
2024,4/25/2024,1:00,Full,First 30,JE,1:10:18,3153,downstream,8.44,60.3,1,
2024,4/25/2024,1:00,Full,First 30,JE,1:13:26,4104,upstream,8.05,53.8,1,
2024,4/25/2024,1:30,Full,Second 30,JE,1:35:54,1781,downstream,14.38,72,1,
2024,4/25/2024,1:30,Full,Second 30,JE,1:39:41,2972,upstream,7.22,62.3,1,
2024,4/25/2024,2:00,Full,First 30,JE,No fish,,,,,,
2024,4/25/2024,2:30,Full,Second 30,JE,No fish,,,,,,
2024,4/25/2024,3:00,Full,First 30,JE,3:03:15,980,downstream,10.79,65.2,1,
2024,4/25/2024,3:00,Full,First 30,JE,3:06:41,2055,upstream,11.04,67.9,1,
2024,4/25/2024,3:00,Full,First 30,JE,3:15:16,4666,upstream,7.88,67.6,1,
2024,4/25/2024,3:00,Full,First 30,JE,3:20:04,6120,downstream,10.63,68.4,1,
2024,4/25/2024,3:00,Full,First 30,JE,3:20:08,6141,downstream,9.94,64.7,1,
2024,4/25/2024,3:30,Full,Second 30,JE,3:44:19,4414,upstream,13.96,68.4,1,
2024,4/25/2024,3:30,Full,Second 30,JE,3:44:20,4420,upstream,13.92,66.3,1,
2024,4/25/2024,3:30,Full,Second 30,JE,3:46:21,5055,downstream,8.54,63,1,
2024,4/25/2024,3:30,Full,Second 30,JE,3:46:55,5232,upstream,14.49,67.7,1,
2024,4/25/2024,3:30,Full,Second 30,JE,3:55:34,7874,upstream,10.17,66.4,1,
2024,4/25/2024,4:00,Full,First 30,JE,4:03:28,1080,upstream,10.66,72.9,1,
2024,4/25/2024,4:00,Full,First 30,JE,4:09:15,2839,downstream,10.39,69.4,1,
2024,4/25/2024,4:30,Full,Second 30,JE,4:50:41,6315,upstream,10.78,75.5,1,
2024,4/25/2024,4:30,Full,Second 30,JE,4:58:39,8749,downstream,7.02,70.1,1,
2024,4/25/2024,5:00,Full,First 30,JE,5:05:01,1525,downstream,10.97,69.9,1,
2024,4/25/2024,5:30,Full,Second 30,JE,5:34:43,1432,upstream,9.03,67.1,1,
2024,4/25/2024,5:30,Full,Second 30,JE,5:56:54,8233,upstream,10.64,69.6,1,
2024,4/25/2024,6:00,Full,First 30,JE,No fish,,,,,,
2024,4/25/2024,6:30,Full,Second 30,JE,No fish,,,,,,
2024,4/25/2024,7:00,Full,First 30,JE,No fish,,,,,,
2024,4/25/2024,7:30,Full,Second 30,JE,No fish,,,,,,
2024,4/25/2024,8:00,Full,First 30,JE,No fish,,,,,,
2024,4/25/2024,8:30,Full,Second 30,JE,No fish,,,,,,
2024,4/25/2024,9:00,Full,First 30,JE,No fish,,,,,,
2024,4/25/2024,9:30,Full,Second 30,JE,No fish,,,,,,
2024,4/25/2024,10:00,Full,First 30,JE,No fish,,,,,,
2024,4/25/2024,10:30,Full,Second 30,JE,No fish,,,,,,
2024,4/25/2024,11:00,Full,First 30,JE,No fish,,,,,,
2024,4/25/2024,11:30,Full,Second 30,JE,11:50:16,6213,downstream,11.11,64.9,1,
2024,4/25/2024,12:00,Full,First 30,JE,No fish,,,,,,
2024,4/25/2024,12:30,Full,Second 30,JE,No fish,,,,,,
2024,4/25/2024,13:00,Full,First 30,JE,No fish,,,,,,
2024,4/25/2024,13:30,Full,Second 30,JE,No fish,,,,,,
2024,4/25/2024,14:00,Full,First 30,JE,No fish,,,,,,
2024,4/25/2024,14:30,Full,Second 30,JE,No fish,,,,,,
2024,4/25/2024,15:00,Full,First 30,JE,No fish,,,,,,
2024,4/25/2024,15:30,Full,Second 30,JE,No fish,,,,,,
2024,4/25/2024,16:00,Full,First 30,JE,No fish,,,,,,
2024,4/25/2024,16:30,Full,Second 30,JE,No fish,,,,,,
2024,4/25/2024,17:00,Full,First 30,JE,No fish,,,,,,
2024,4/25/2024,17:30,Full,Second 30,JE,No fish,,,,,,
2024,4/25/2024,18:00,Full,First 30,JE,18:02:14,666,upstream,10.32,65.3,1,
2024,4/25/2024,18:30,Full,Second 30,JE,No fish,,,,,,
2024,4/25/2024,19:00,Full,First 30,JE,No fish,,,,,,
2024,4/25/2024,19:30,Full,Second 30,JE,No fish,,,,,,
2024,4/25/2024,20:00,Full,First 30,JE,No fish,,,,,,
2024,4/25/2024,20:30,Full,Second 30,JE,20:40:27,3204,downstream,11.8,60.2,1,
2024,4/25/2024,20:30,Full,Second 30,JE,20:40:27,3201,downstream,11.39,55.3,1,
2024,4/25/2024,20:30,Full,Second 30,JE,20:40:29,3213,downstream,12.09,48.1,1,
2024,4/25/2024,20:30,Full,Second 30,JE,20:40:54,3342,downstream,7.1,62,1,
2024,4/25/2024,20:30,Full,Second 30,JE,20:50:44,6320,upstream,6,63.7,1,
2024,4/25/2024,20:30,Full,Second 30,JE,20:55:32,7790,upstream,8.23,65.2,1,
2024,4/25/2024,20:30,Full,Second 30,JE,20:55:40,7828,upstream,10.27,71.4,1,
2024,4/25/2024,21:00,Full,First 30,JE,21:03:46,1141,upstream,10.53,69,1,
2024,4/25/2024,21:00,Full,First 30,JE,21:14:22,4385,upstream,6.35,52.3,1,
2024,4/25/2024,21:00,Full,First 30,JE,21:16:00,4881,downstream,14.84,58.3,1,
2024,4/25/2024,21:00,Full,First 30,JE,21:17:39,5382,upstream,14.08,68.6,1,
2024,4/25/2024,21:00,Full,First 30,JE,21:17:41,5389,upstream,14.12,64,1,
2024,4/25/2024,21:00,Full,First 30,JE,21:18:08,5533,downstream,10.97,61.3,1,
2024,4/25/2024,21:00,Full,First 30,JE,21:25:03,7653,downstream,9.88,65,1,
2024,4/25/2024,21:00,Full,First 30,JE,21:25:35,7811,upstream,10.72,65.6,1,
2024,4/25/2024,21:00,Full,First 30,JE,21:26:48,8178,upstream,11.39,68.9,1,
2024,4/25/2024,21:30,Full,Second 30,JE,21:30:30,152,downstream,10.91,60,1,
2024,4/25/2024,21:30,Full,Second 30,JE,21:31:59,612,upstream,9.94,55.4,1,
2024,4/25/2024,21:30,Full,Second 30,JE,21:46:43,5103,downstream,14.95,67.2,1,
2024,4/25/2024,21:30,Full,Second 30,JE,21:47:09,5238,downstream,7.82,65,1,
2024,4/25/2024,22:00,Full,First 30,JE,22:17:48,5425,upstream,10.28,76.6,1,
2024,4/25/2024,22:00,Full,First 30,JE,22:18:16,5570,upstream,14.63,73.7,1,
2024,4/25/2024,22:30,Full,Second 30,JE,22:36:36,1985,downstream,13.59,63.5,1,
2024,4/25/2024,22:30,Full,Second 30,JE,22:44:18,4336,downstream,14.94,65.6,1,
2024,4/25/2024,22:30,Full,Second 30,JE,22:51:38,6598,downstream,9.58,69.6,1,
2024,4/25/2024,22:30,Full,Second 30,JE,22:51:39,6602,downstream,9.22,65,1,
2024,4/25/2024,22:30,Full,Second 30,JE,22:53:49,7267,downstream,10.01,73.4,1,
2024,4/25/2024,23:00,Full,First 30,JE,23:14:28,4392,upstream,14.08,72.9,1,
2024,4/25/2024,23:00,Full,First 30,JE,23:14:30,4402,downstream,9.9,56.5,1,
2024,4/25/2024,23:00,Full,First 30,JE,23:15:10,4609,upstream,8.34,72.3,1,
2024,4/25/2024,23:00,Full,First 30,JE,23:15:20,4664,upstream,8.1,64.5,1,
2024,4/25/2024,23:00,Full,First 30,JE,23:22:09,6743,upstream,7.04,70.4,1,
2024,4/25/2024,23:00,Full,First 30,JE,23:23:01,7003,downstream,14.77,67.7,1,
2024,4/25/2024,23:00,Full,First 30,JE,23:23:21,7104,upstream,6.43,54,1,
2024,4/25/2024,23:00,Full,First 30,JE,23:24:26,7438,downstream,13.46,56.7,1,
2024,4/25/2024,23:00,Full,First 30,JE,23:25:39,7815,upstream,8.17,64.1,1,
2024,4/25/2024,23:00,Full,First 30,JE,23:25:57,7754,downstream,13.29,60,1,
2024,4/25/2024,23:00,Full,First 30,JE,23:27:58,8546,upstream,9.97,74.5,1,
2024,4/25/2024,23:30,Full,Second 30,JE,23:33:03,914,downstream,10.98,54.3,1,
2024,4/25/2024,23:30,Full,Second 30,JE,23:40:34,3217,upstream,16.49,71.2,1,
2024,4/25/2024,23:30,Full,Second 30,JE,23:49:10,5865,upstream,11.32,58.2,1,
2024,4/25/2024,23:30,Full,Second 30,JE,23:56:42,8182,upstream,13.57,60.4,1,
2024,4/26/2024,0:00,Full,First 30,JE,0:01:23,418,upstream,11.76,66.8,1,
2024,4/26/2024,0:00,Full,First 30,JE,0:04:18,1333,downstream,13.08,70.5,1,
2024,4/26/2024,0:00,Full,First 30,JE,0:05:55,1837,upstream,9.9,67.1,1,
2024,4/26/2024,0:00,Full,First 30,JE,0:08:29,2604,upstream,14.67,72.5,1,
2024,4/26/2024,0:00,Full,First 30,JE,0:12:03,3709,upstream,10.87,77,1,
2024,4/26/2024,0:00,Full,First 30,JE,0:12:38,3889,downstream,14.12,78,1,
2024,4/26/2024,0:00,Full,First 30,JE,0:13:04,4026,downstream,11.63,66.6,1,
2024,4/26/2024,0:00,Full,First 30,JE,0:13:11,4056,downstream,10.43,73.5,1,
2024,4/26/2024,0:00,Full,First 30,JE,0:17:42,5441,upstream,10.59,63.8,1,
2024,4/26/2024,0:00,Full,First 30,JE,0:21:37,6636,upstream,11.71,62.5,1,
2024,4/26/2024,0:00,Full,First 30,JE,0:22:48,7002,upstream,13.98,70.9,1,
2024,4/26/2024,0:00,Full,First 30,JE,0:25:47,7940,downstream,12.98,62.8,1,
2024,4/26/2024,0:00,Full,First 30,JE,0:27:05,8339,upstream,8.76,67.8,1,
2024,4/26/2024,0:00,Full,First 30,JE,0:27:53,8557,downstream,10.3,62,1,
2024,4/26/2024,0:00,Full,First 30,JE,0:29:38,9085,upstream,12.09,64.5,1,
2024,4/26/2024,0:30,Full,Second 30,JE,0:32:17,700,downstream,12.2,69.4,1,
2024,4/26/2024,0:30,Full,Second 30,JE,0:32:49,868,downstream,12.29,65.1,1,
2024,4/26/2024,0:30,Full,Second 30,JE,0:33:51,1198,downstream,12.81,63.5,1,
2024,4/26/2024,0:30,Full,Second 30,JE,0:37:41,2346,upstream,6.07,60.5,1,
2024,4/26/2024,0:30,Full,Second 30,JE,0:38:19,2532,upstream,9.71,57.6,1,
2024,4/26/2024,0:30,Full,Second 30,JE,0:47:40,5389,downstream,10.53,63.2,1,
2024,4/26/2024,0:30,Full,Second 30,JE,0:48:04,5511,downstream,8.89,56.6,1,
2024,4/26/2024,0:30,Full,Second 30,JE,0:50:03,6120,upstream,9.65,57.7,1,
2024,4/26/2024,0:30,Full,Second 30,JE,0:53:50,7296,downstream,9.82,66.1,1,
2024,4/26/2024,0:30,Full,Second 30,JE,0:54:33,7522,downstream,13.01,59.6,1,
2024,4/26/2024,1:00,Full,First 30,JE,1:05:32,1697,downstream,14.34,69.6,1,
2024,4/26/2024,1:00,Full,First 30,JE,1:10:19,3134,upstream,12.69,52,1,
2024,4/26/2024,1:00,Full,First 30,JE,1:12:23,3781,downstream,14.69,62.9,1,
2024,4/26/2024,1:00,Full,First 30,JE,1:21:45,6622,upstream,8.15,54.1,1,
2024,4/26/2024,1:30,Full,Second 30,JE,1:55:49,7895,upstream,14.9,69,1,
2024,4/26/2024,2:00,Full,First 30,JE,2:06:25,1944,upstream,8.08,53.8,1,
2024,4/26/2024,2:00,Full,First 30,JE,2:15:48,4818,downstream,15.39,53.2,1,
2024,4/26/2024,2:30,Full,Second 30,JE,2:29:19,5901,upstream,11.33,57.7,1,
2024,4/26/2024,2:30,Full,Second 30,JE,2:58:55,8831,upstream,13.79,76.1,1,
2024,4/26/2024,3:00,Full,First 30,JE,3:08:17,2503,downstream,12.75,67.4,1,
2024,4/26/2024,3:00,Full,First 30,JE,3:20:55,6396,upstream,8.51,55.8,1,
2024,4/26/2024,3:30,Full,Second 30,JE,3:48:15,5528,downstream,15.03,65.1,1,
2024,4/26/2024,3:30,Full,Second 30,JE,3:54:02,7277,downstream,4.75,64.7,1,
2024,4/26/2024,4:00,Full,First 30,JE,No fish,,,,,,
2024,4/26/2024,4:30,Full,Second 30,JE,4:31:37,482,upstream,8.91,62.9,1,
2024,4/26/2024,4:30,Full,Second 30,JE,4:33:49,1147,upstream,8.16,65.9,1,
2024,4/26/2024,4:30,Full,Second 30,JE,4:49:21,5933,downstream,15.81,63,1,
2024,4/26/2024,4:30,Full,Second 30,JE,4:52:14,6788,upstream,14.95,68.4,1,
2024,4/26/2024,5:00,Full,First 30,JE,5:24:19,7453,downstream,7.93,64.7,1,
2024,4/26/2024,5:30,Full,Second 30,JE,5:33:06,951,downstream,12.86,58.4,1,
2024,4/26/2024,5:30,Full,Second 30,JE,5:33:09,967,downstream,13.09,54.7,1,
2024,4/26/2024,5:30,Full,Second 30,JE,5:33:17,1005,downstream,9.83,61.4,1,
2024,4/26/2024,5:30,Full,Second 30,JE,5:38:46,2674,upstream,11.17,72.9,1,
2024,4/26/2024,5:30,Full,Second 30,JE,5:50:24,6233,upstream,6.42,57.5,1,
2024,4/26/2024,5:30,Full,Second 30,JE,5:50:27,6246,upstream,5.96,58.3,1,
2024,4/26/2024,6:00,Full,First 30,JE,No fish,,,,,,
2024,4/26/2024,6:30,Full,Second 30,JE,No fish,,,,,,
2024,4/26/2024,7:00,Full,First 30,JE,No fish,,,,,,
2024,4/26/2024,7:30,Full,Second 30,JE,No fish,,,,,,
2024,4/26/2024,8:00,Full,First 30,JE,No fish,,,,,,
2024,4/26/2024,8:30,Full,Second 30,JE,No fish,,,,,,
2024,4/26/2024,9:00,Full,First 30,JE,No fish,,,,,,
2024,4/26/2024,9:30,Full,Second 30,JE,No fish,,,,,,
2024,4/26/2024,10:00,Full,First 30,JE,No fish,,,,,,
2024,4/26/2024,10:30,Full,Second 30,JE,No fish,,,,,,
2024,4/26/2024,11:00,Full,First 30,JE,No fish,,,,,,
2024,4/26/2024,11:30,Full,Second 30,JE,No fish,,,,,,
2024,4/26/2024,12:00,Full,First 30,JE,No fish,,,,,,
2024,4/26/2024,12:30,Full,Second 30,JE,No fish,,,,,,
2024,4/26/2024,13:00,Full,First 30,JE,No fish,,,,,,
2024,4/26/2024,13:30,Full,Second 30,JE,No fish,,,,,,
2024,4/26/2024,14:00,Full,First 30,JE,No fish,,,,,,
2024,4/26/2024,14:30,Full,Second 30,JE,No fish,,,,,,
2024,4/26/2024,15:00,Full,First 30,JE,No fish,,,,,,
2024,4/26/2024,15:30,Full,Second 30,JE,No fish,,,,,,
2024,4/26/2024,16:00,Full,First 30,JE,No fish,,,,,,
2024,4/26/2024,16:30,Full,Second 30,JE,No fish,,,,,,
2024,4/26/2024,17:00,Full,First 30,JE,No fish,,,,,,
2024,4/26/2024,17:30,Full,Second 30,JE,No fish,,,,,,
2024,4/26/2024,18:00,Full,First 30,JE,No fish,,,,,,
2024,4/26/2024,18:30,Full,Second 30,JE,No fish,,,,,,
2024,4/26/2024,19:00,Full,First 30,JE,No fish,,,,,,
2024,4/26/2024,19:30,Full,Second 30,JE,No fish,,,,,,
2024,4/26/2024,20:00,Full,First 30,JE,No fish,,,,,,
2024,4/26/2024,20:30,Full,Second 30,JE,20:38:31,2488,upstream,6.05,66,1,
2024,4/26/2024,20:30,Full,Second 30,JE,20:41:21,3441,upstream,11.79,60.3,1,
2024,4/26/2024,20:30,Full,Second 30,JE,20:44:32,4406,upstream,7.89,63.4,1,
2024,4/26/2024,20:30,Full,Second 30,JE,20:44:42,4459,downstream,6.71,58.8,1,
2024,4/26/2024,20:30,Full,Second 30,JE,20:51:10,6446,upstream,8.41,68.7,1,
2024,4/26/2024,20:30,Full,Second 30,JE,20:53:48,7241,downstream,9.66,67.6,1,
2024,4/26/2024,20:30,Full,Second 30,JE,20:53:49,7247,downstream,9.83,65.8,1,
2024,4/26/2024,20:30,Full,Second 30,JE,20:55:38,7809,upstream,8.35,67.8,1,
2024,4/26/2024,21:00,Full,First 30,JE,21:00:31,139,upstream,10.81,51.4,1,
2024,4/26/2024,21:00,Full,First 30,JE,21:01:23,401,upstream,9.71,75.7,1,
2024,4/26/2024,21:00,Full,First 30,JE,21:04:01,1201,upstream,7.89,59.8,1,
2024,4/26/2024,21:00,Full,First 30,JE,21:18:16,5605,downstream,11.73,71.7,1,
2024,4/26/2024,21:00,Full,First 30,JE,21:24:01,7328,downstream,11.26,60.4,1,
2024,4/26/2024,21:00,Full,First 30,JE,21:27:42,8484,upstream,10.42,52.3,1,
2024,4/26/2024,21:00,Full,First 30,JE,21:29:49,9138,downstream,13.7,72,1,
2024,4/26/2024,21:30,Full,Second 30,JE,21:36:07,1880,downstream,12.69,75.2,1,
2024,4/26/2024,21:30,Full,Second 30,JE,21:37:50,2420,upstream,11.27,69.9,1,
2024,4/26/2024,22:00,Full,First 30,JE,22:02:09,647,downstream,12.67,66.6,1,
2024,4/26/2024,22:00,Full,First 30,JE,22:10:18,3147,upstream,12.86,68.6,1,
2024,4/26/2024,22:00,Full,First 30,JE,22:17:29,5365,upstream,14.17,64.9,1,
2024,4/26/2024,22:00,Full,First 30,JE,22:18:05,5548,upstream,9.12,64.3,1,
2024,4/26/2024,22:00,Full,First 30,JE,22:27:05,8289,downstream,16.91,55.5,1,
2024,4/26/2024,22:00,Full,First 30,JE,22:27:14,8335,upstream,6.11,51.8,1,
2024,4/26/2024,22:30,Full,Second 30,JE,22:37:40,2351,downstream,10.64,64.4,1,
2024,4/26/2024,22:30,Full,Second 30,JE,22:39:38,2941,downstream,7.94,57.7,1,
2024,4/26/2024,22:30,Full,Second 30,JE,22:43:43,4196,downstream,7.42,62,1,
2024,4/26/2024,22:30,Full,Second 30,JE,22:47:23,5335,downstream,13.81,56.4,1,
2024,4/26/2024,22:30,Full,Second 30,JE,22:51:24,6521,downstream,11.2,75,1,
2024,4/26/2024,22:30,Full,Second 30,JE,22:52:44,6937,downstream,6.5,70.9,1,
2024,4/26/2024,22:30,Full,Second 30,JE,22:57:23,8387,upstream,15.98,66.3,1,
2024,4/26/2024,23:00,Full,First 30,JE,23:01:27,447,upstream,13.8,79.8,1,
2024,4/26/2024,23:00,Full,First 30,JE,23:03:59,1234,downstream,7.74,67.6,1,
2024,4/26/2024,23:00,Full,First 30,JE,23:04:48,1487,upstream,5.78,52.7,1,
2024,4/26/2024,23:00,Full,First 30,JE,23:06:10,1901,upstream,7.64,71,1,
2024,4/26/2024,23:00,Full,First 30,JE,23:22:19,6852,downstream,8.38,59.4,1,
2024,4/26/2024,23:00,Full,First 30,JE,23:23:15,7146,upstream,11.55,81.7,1,
2024,4/26/2024,23:00,Full,First 30,JE,23:26:56,8255,downstream,10.05,63,1,
2024,4/26/2024,23:00,Full,First 30,JE,23:28:08,8617,upstream,6.93,66.4,1,
2024,4/26/2024,23:00,Full,First 30,JE,23:29:29,9032,upstream,7.17,62.9,1,
2024,4/26/2024,23:00,Full,First 30,JE,23:29:31,9041,downstream,7.75,64.3,1,
2024,4/26/2024,23:30,Full,Second 30,JE,23:54:42,7602,downstream,5.26,69.5,1,
2024,4/26/2024,23:30,Full,Second 30,JE,23:59:46,9143,upstream,12.57,67.1,1,
2024,4/27/2024,0:00,Full,First 30,JE,0:24:25,7483,downstream,8.83,64.9,1,
2024,4/27/2024,0:30,Full,Second 30,JE,0:33:19,1012,upstream,8.52,77.1,1,
2024,4/27/2024,0:30,Full,Second 30,JE,0:35:35,1693,downstream,9.81,70.5,1,
2024,4/27/2024,0:30,Full,Second 30,JE,0:37:27,2266,upstream,15.66,66.5,1,
2024,4/27/2024,0:30,Full,Second 30,JE,0:45:26,4704,downstream,14.21,73.9,1,
2024,4/27/2024,0:30,Full,Second 30,JE,0:50:30,6263,downstream,13.75,70.7,1,
2024,4/27/2024,0:30,Full,Second 30,JE,0:55:36,7802,upstream,10.85,64.5,1,
2024,4/27/2024,1:00,Full,First 30,JE,1:03:55,1165,upstream,11.02,72.7,1,
2024,4/27/2024,1:00,Full,First 30,JE,1:04:28,1333,downstream,10.56,64.1,1,
2024,4/27/2024,1:00,Full,First 30,JE,1:07:48,2361,upstream,6.2,50.3,1,
2024,4/27/2024,1:00,Full,First 30,JE,1:11:43,3591,downstream,13.31,69,1,
2024,4/27/2024,1:30,Full,Second 30,JE,1:40:30,3197,downstream,11.85,66.5,1,
2024,4/27/2024,1:30,Full,Second 30,JE,1:45:10,4584,upstream,10.21,72.8,1,
2024,4/27/2024,2:00,Full,First 30,JE,2:00:31,148,downstream,11.07,65.4,1,
2024,4/27/2024,2:00,Full,First 30,JE,2:15:11,4620,downstream,10.46,58.7,1,
2024,4/27/2024,2:00,Full,First 30,JE,2:15:14,4635,downstream,9.33,64.7,1,
2024,4/27/2024,2:00,Full,First 30,JE,2:16:24,5000,upstream,11.38,59.8,1,
2024,4/27/2024,2:00,Full,First 30,JE,2:20:51,6378,upstream,12.82,75.8,1,
2024,4/27/2024,2:30,Full,Second 30,JE,2:31:59,581,downstream,7.36,62.3,1,
2024,4/27/2024,2:30,Full,Second 30,JE,2:35:04,1517,downstream,10.71,63.5,1,
2024,4/27/2024,2:30,Full,Second 30,JE,2:36:49,2066,upstream,7.2,58.4,1,
2024,4/27/2024,2:30,Full,Second 30,JE,2:46:11,4918,upstream,3.5,50.6,1,
2024,4/27/2024,3:00,Full,First 30,JE,3:15:26,4694,upstream,4.87,63,1,
2024,4/27/2024,3:00,Full,First 30,JE,3:26:51,8188,upstream,5.75,67.1,1,
2024,4/27/2024,3:00,Full,First 30,JE,3:26:55,8211,upstream,6.08,62.2,1,
2024,4/27/2024,3:00,Full,First 30,JE,3:29:18,8935,downstream,7.7,67.5,1,
2024,4/27/2024,3:00,Full,First 30,JE,3:29:27,8979,downstream,8.47,62.6,1,
2024,4/27/2024,3:30,Full,Second 30,JE,3:31:27,432,upstream,12.11,68.1,1,
2024,4/27/2024,3:30,Full,Second 30,JE,3:34:59,1531,upstream,11.12,67.9,1,
2024,4/27/2024,3:30,Full,Second 30,JE,3:43:55,4274,downstream,10.04,67.8,1,
2024,4/27/2024,3:30,Full,Second 30,JE,3:44:57,4601,downstream,14.95,57.9,1,
2024,4/27/2024,4:00,Full,First 30,JE,4:14:20,4385,upstream,5.64,51.6,1,
2024,4/27/2024,4:00,Full,First 30,JE,4:19:41,5997,downstream,8.83,54.8,1,
2024,4/27/2024,4:00,Full,First 30,JE,4:20:54,6371,downstream,10.19,76.7,1,
2024,4/27/2024,4:00,Full,First 30,JE,4:21:05,6424,upstream,5.25,51.7,1,
2024,4/27/2024,4:00,Full,First 30,JE,4:22:18,6797,upstream,9.28,69.4,1,
2024,4/27/2024,4:30,Full,Second 30,JE,No fish,,,,,,
2024,4/27/2024,5:00,Full,First 30,JE,5:29:03,8835,upstream,13.27,55.2,1,
2024,4/27/2024,5:30,Full,Second 30,JE,5:45:20,4675,downstream,7.78,50.8,1,
2024,4/27/2024,5:30,Full,Second 30,JE,5:52:09,6800,downstream,10.05,56.3,1,
2024,4/27/2024,6:00,Full,First 30,JE,No fish,,,,,,
2024,4/27/2024,6:30,Full,Second 30,JE,No fish,,,,,,
2024,4/27/2024,7:00,Full,First 30,JE,No fish,,,,,,
2024,4/27/2024,7:30,Full,Second 30,JE,No fish,,,,,,
2024,4/27/2024,8:00,Full,First 30,JE,No fish,,,,,,
2024,4/27/2024,8:30,Full,Second 30,JE,No fish,,,,,,
2024,4/27/2024,9:00,Full,First 30,JE,No fish,,,,,,
2024,4/27/2024,9:30,Full,Second 30,JE,No fish,,,,,,
2024,4/27/2024,10:00,Full,First 30,JE,No fish,,,,,,
2024,4/27/2024,10:30,Full,Second 30,JE,No fish,,,,,,
2024,4/27/2024,11:00,Full,First 30,JE,No fish,,,,,,
2024,4/27/2024,11:30,Full,Second 30,JE,No fish,,,,,,
2024,4/27/2024,12:00,Full,First 30,JE,No fish,,,,,,
2024,4/27/2024,12:30,Full,Second 30,JE,No fish,,,,,,
2024,4/27/2024,13:00,Full,First 30,JE,No fish,,,,,,
2024,4/27/2024,13:30,Full,Second 30,JE,No fish,,,,,,
2024,4/27/2024,14:00,Full,First 30,JE,No fish,,,,,,
2024,4/27/2024,14:30,Full,Second 30,JE,No fish,,,,,,
2024,4/27/2024,15:00,Full,First 30,JE,15:23:59,7311,downstream,11.11,62.1,1,
2024,4/27/2024,15:30,Full,Second 30,JE,No fish,,,,,,
2024,4/27/2024,16:00,Full,First 30,JE,16:02:25,744,downstream,7.84,66.4,1,
2024,4/27/2024,16:30,Full,Second 30,JE,No fish,,,,,,
2024,4/27/2024,17:00,Full,First 30,JE,No fish,,,,,,
2024,4/27/2024,17:30,Full,Second 30,JE,17:54:37,7493,upstream,7.38,63.7,1,
2024,4/27/2024,18:00,Full,First 30,JE,18:15:13,4610,downstream,10.52,68.4,1,
2024,4/27/2024,18:30,Full,Second 30,JE,18:34:13,1255,upstream,9.15,70.6,1,
2024,4/27/2024,18:30,Full,Second 30,JE,18:34:13,1258,upstream,9.26,63.9,1,
2024,4/27/2024,19:00,Full,First 30,JE,No fish,,,,,,
2024,4/27/2024,19:30,Full,Second 30,JE,No fish,,,,,,
2024,4/27/2024,20:00,Full,First 30,JE,No fish,,,,,,
2024,4/27/2024,20:30,Full,Second 30,JE,20:38:13,2505,downstream,9.16,68.5,1,
2024,4/27/2024,20:30,Full,Second 30,JE,20:43:49,4231,upstream,9.95,69.1,1,
2024,4/27/2024,20:30,Full,Second 30,JE,20:43:51,4241,upstream,10.38,60.2,1,
2024,4/27/2024,20:30,Full,Second 30,JE,20:53:47,7279,downstream,9.08,60.9,1,
2024,4/27/2024,21:00,Full,First 30,JE,21:04:31,1401,upstream,14.8,59.6,1,
2024,4/27/2024,21:00,Full,First 30,JE,21:08:30,2572,downstream,11.99,66.8,1,
2024,4/27/2024,21:00,Full,First 30,JE,21:08:31,2572,downstream,12.64,67.6,1,
2024,4/27/2024,21:00,Full,First 30,JE,21:08:33,2586,downstream,12.47,62.3,1,
2024,4/27/2024,21:00,Full,First 30,JE,21:12:24,3760,upstream,8.14,65.6,1,
2024,4/27/2024,21:00,Full,First 30,JE,21:12:45,3874,upstream,9.66,59.6,1,
2024,4/27/2024,21:00,Full,First 30,JE,21:20:15,6138,upstream,13.78,61.2,1,
2024,4/27/2024,21:00,Full,First 30,JE,21:20:55,6342,upstream,7.62,65.2,1,
2024,4/27/2024,21:00,Full,First 30,JE,21:23:13,7057,downstream,13.32,57.2,1,
2024,4/27/2024,21:00,Full,First 30,JE,21:25:21,7728,downstream,13.18,63,1,
2024,4/27/2024,21:00,Full,First 30,JE,21:28:25,8632,upstream,10.02,76.1,1,
2024,4/27/2024,21:30,Full,Second 30,JE,21:31:11,355,upstream,7.87,59,1,
2024,4/27/2024,21:30,Full,Second 30,JE,21:33:05,949,upstream,10.73,64.4,1,
2024,4/27/2024,21:30,Full,Second 30,JE,21:34:48,1438,upstream,10.1,71,1,
2024,4/27/2024,21:30,Full,Second 30,JE,21:36:12,1884,downstream,16.15,59.4,1,
2024,4/27/2024,21:30,Full,Second 30,JE,21:36:55,2094,upstream,15.95,72.6,1,
2024,4/27/2024,21:30,Full,Second 30,JE,21:38:07,2450,downstream,13.97,68.2,1,
2024,4/27/2024,21:30,Full,Second 30,JE,21:41:43,3559,upstream,7.93,69.5,1,
2024,4/27/2024,21:30,Full,Second 30,JE,21:43:20,4063,downstream,13.8,64.5,1,
2024,4/27/2024,21:30,Full,Second 30,JE,21:51:48,6628,upstream,11.64,65.9,1,
2024,4/27/2024,21:30,Full,Second 30,JE,21:59:13,8857,downstream,10.99,61.7,1,
2024,4/27/2024,21:30,Full,Second 30,JE,21:59:14,8866,downstream,11.44,67,1,
2024,4/27/2024,22:00,Full,First 30,JE,22:00:38,191,upstream,13.53,62.6,1,
2024,4/27/2024,22:00,Full,First 30,JE,22:02:10,671,downstream,12.25,65.9,1,
2024,4/27/2024,22:00,Full,First 30,JE,22:10:50,3293,upstream,5.56,66.8,1,
2024,4/27/2024,22:00,Full,First 30,JE,22:14:37,4464,downstream,12.79,60.5,1,
2024,4/27/2024,22:30,Full,Second 30,JE,22:40:54,3314,upstream,10.7,65.3,1,
2024,4/27/2024,23:00,Full,First 30,JE,23:04:06,1188,downstream,9.84,54.6,1,
2024,4/27/2024,23:00,Full,First 30,JE,23:07:49,2334,downstream,13.87,67.2,1,
2024,4/27/2024,23:00,Full,First 30,JE,23:12:10,3695,upstream,11.4,60.3,1,
2024,4/27/2024,23:30,Full,Second 30,JE,23:52:46,6876,upstream,12.81,66.5,1,
2024,4/27/2024,23:30,Full,Second 30,JE,23:56:42,8072,upstream,10.96,50.4,1,
2024,4/27/2024,23:30,Full,Second 30,JE,23:59:13,8859,downstream,11.5,64.3,1,
2024,4/28/2024,0:00,Full,First 30,BP,0:04:00,1183,upstream,5.81,64.10,1,
2024,4/28/2024,0:00,Full,First 30,BP,0:18:32,5651,downstream,10.99,68.20,1,
2024,4/28/2024,0:30,Full,No review,,,,,,,,
2024,4/28/2024,1:00,Full,First 30,BP,1:19:08,5828,downstream,13.79,67.70,1,
2024,4/28/2024,1:00,Full,First 30,BP,1:19:47,6012,upstream,12.28,69.90,1,I think this is the same fish as the one recorded above
2024,4/28/2024,1:30,Full,No review,,,,,,,,
2024,4/28/2024,2:00,Full,First 30,BP,2:02:36,790,downstream,13.10,62.90,1,
2024,4/28/2024,2:00,Full,First 30,BP,2:06:07,1875,downstream,12.59,72.80,1,
2024,4/28/2024,2:30,Full,No review,,,,,,,,
2024,4/28/2024,3:00,Full,First 30,BP,No fish,,,,,,one STHD sized fish drifted into the beams from upstream & held for the rest of the recording
2024,4/28/2024,3:30,Full,No review,,,,,,,,
2024,4/28/2024,4:00,Full,First 30,BP,No fish,,,,,,
2024,4/28/2024,4:30,Full,No review,,,,,,,,
2024,4/28/2024,5:00,Full,First 30,BP,5:14:16,4288,downstream,9.85,73.70,1,
2024,4/28/2024,5:30,Full,No review,,,,,,,,"These files are all named totally different from the rest, ex:ARIS_2024-04-28_#001, and ARIS_2024-04-28_#002  "
2024,4/28/2024,6:00,Full,First 30,BP,No fish,,,,,,
2024,4/28/2024,6:30,Full,No review,,,,,,,,"And there are 48 individual .aris files instead of 24 .aris files, and they all appear to be full 30 minutes long"
2024,4/28/2024,7:00,Full,First 30,BP,No fish,,,,,,
2024,4/28/2024,7:30,Full,No review,,,,,,,,
2024,4/28/2024,8:00,Full,First 30,BP,No fish,,,,,,
2024,4/28/2024,8:30,Full,No review,,,,,,,,
2024,4/28/2024,9:00,Full,First 30,BP,9:01:29,456,upstream,11.07,69.40,1,2 fish moving upstream together
2024,4/28/2024,9:00,Full,First 30,BP,9:01:30,461,upstream,10.54,73.50,1,2 fish moving upstream together
2024,4/28/2024,9:00,Full,First 30,BP,9:01:51,568,upstream,16.06,52.80,1,
2024,4/28/2024,9:30,Full,No review,,,,,,,,
2024,4/28/2024,10:00,Full,First 30,BP,No fish,,,,,,
2024,4/28/2024,10:30,Full,No review,,,,,,,,
2024,4/28/2024,11:00,Full,First 30,BP,11:27:42,8321,downstream,8.02,86.60,2,
2024,4/28/2024,11:30,Full,No review,,,,,,,,
2024,4/28/2024,12:00,Full,First 30,BP,No fish,,,,,,
2024,4/28/2024,12:30,Full,No review,,,,,,,,
2024,4/28/2024,13:00,Full,First 30,BP,No fish,,,,,,
2024,4/28/2024,13:30,Full,No review,,,,,,,,
2024,4/28/2024,14:00,Full,First 30,BP,No fish,,,,,,
2024,4/28/2024,14:30,Full,No review,,,,,,,,
2024,4/28/2024,15:00,Full,First 30,BP,No fish,,,,,,
2024,4/28/2024,15:30,Full,No review,,,,,,,,
2024,4/28/2024,16:00,Full,First 30,BP,No fish,,,,,,
2024,4/28/2024,16:30,Full,No review,,,,,,,,
2024,4/28/2024,17:00,Full,First 30,BP,No fish,,,,,,
2024,4/28/2024,17:30,Full,No review,,,,,,,,
2024,4/28/2024,18:00,Full,First 30,BP,No fish,,,,,,
2024,4/28/2024,18:30,Full,No review,,,,,,,,
2024,4/28/2024,19:00,Full,First 30,BP,No fish,,,,,,
2024,4/28/2024,19:30,Full,No review,,,,,,,,
2024,4/28/2024,20:00,Full,First 30,BP,No fish,,,,,,
2024,4/28/2024,20:30,Full,No review,,,,,,,,
2024,4/28/2024,21:00,Full,First 30,BP,21:05:30,1638,downstream,7.68,75.50,2,moved too fast through frames to get a good look
2024,4/28/2024,21:00,Full,First 30,BP,21:10:34,3173,upstream,9.52,66.60,1,2 fish moving upstream together
2024,4/28/2024,21:00,Full,First 30,BP,21:10:34,3177,upstream,7.97,64.30,1,2 fish moving upstream together
2024,4/28/2024,21:00,Full,First 30,BP,21:11:59,3621,upstream,7.13,63.80,1,
2024,4/28/2024,21:00,Full,First 30,BP,21:13:15,4005,downstream,12.23,67.70,1,
2024,4/28/2024,21:00,Full,First 30,BP,21:19:54,5977,upstream,7.89,68.30,1,2 fish moving upstream together
2024,4/28/2024,21:00,Full,First 30,BP,21:19:57,5994,upstream,7.93,70.60,1,2 fish moving upstream together
2024,4/28/2024,21:00,Full,First 30,BP,21:24:09,7272,upstream,14.83,61.20,1,
2024,4/28/2024,21:30,Full,No review,,,,,,,,
2024,4/28/2024,22:00,Full,First 30,BP,22:00:08,40,upstream,13.80,98.80,1,fish  was already visible in frame 1; went to last 30 min file to confirm it passed all the way through the beams
2024,4/28/2024,22:00,Full,First 30,BP,22:27:43,8352,downstream,14.61,67.90,1,
2024,4/28/2024,22:00,Full,First 30,BP,22:28:54,8724,downstream,13.36,87.10,1,
2024,4/28/2024,22:30,Full,No review,,,,,,,,
2024,4/28/2024,23:00,Full,First 30,BP,23:10:34,3150,upstream,9.89,67.30,1,
2024,4/28/2024,23:00,Full,First 30,BP,23:17:25,5218,downstream,11.20,62.00,1,
2024,4/28/2024,23:30,Full,No review,,,,,,,,
2024,4/29/2024,0:00,Full,First 30,BP,0:05:07,1542,upstream,13.17,88.00,1,
2024,4/29/2024,0:00,Full,First 30,BP,0:13:45,4120,upstream,7.36,82.50,1,
2024,4/29/2024,0:00,Full,First 30,BP,0:18:15,5510,downstream,6.16,67.40,1,
2024,4/29/2024,0:00,Full,First 30,BP,0:18:52,5677,downstream,10.08,83.20,1,
2024,4/29/2024,0:00,Full,First 30,BP,0:22:08,6635,upstream,16.03,70.70,1,
2024,4/29/2024,0:30,Full,No review,,,,,,,,
2024,4/29/2024,1:00,Full,First 30,BP,1:24:02,7252,downstream,11.13,99.80,2,BC- keep at 2
2024,4/29/2024,1:30,Full,No review,,,,,,,,
2024,4/29/2024,2:00,Full,First 30,BP,2:20:42,6195,downstream,12.22,60.90,1,
2024,4/29/2024,2:00,Full,First 30,BP,2:28:22,8489,upstream,13.71,80.70,1,
2024,4/29/2024,2:30,Full,No review,,,,,,,,"These files are all named totally different from the rest, ex:ARIS_2024-04-28_#001, and ARIS_2024-04-28_#002  "
2024,4/29/2024,3:00,Full,First 30,BP,3:19:35,5849,downstream,14.65,57.30,1,few frames to measure; not confident on the length of this fish other than over 45cm 
2024,4/29/2024,3:30,Full,No review,,,,,,,,"And there are 49 individual .aris files instead of 24 .aris files, and they all appear to be full 30 minutes long"
2024,4/29/2024,4:00,Full,First 30,BP,No fish,,,,,,
2024,4/29/2024,4:30,Full,No review,,,,,,,,
2024,4/29/2024,5:00,Full,First 30,BP,5:18:23,5513,downstream,11.10,81.60,1,
2024,4/29/2024,5:30,Full,No review,,,,,,,,
2024,4/29/2024,6:00,Full,First 30,BP,No fish,,,,,,
2024,4/29/2024,6:30,Full,No review,,,,,,,,
2024,4/29/2024,7:00,Full,First 30,BP,No fish,,,,,,
2024,4/29/2024,7:30,Full,No review,,,,,,,,
2024,4/29/2024,8:00,Full,First 30,BP,No fish,,,,,,
2024,4/29/2024,8:30,Full,No review,,,,,,,,
2024,4/29/2024,9:00,Full,First 30,BP,No fish,,,,,,
2024,4/29/2024,9:30,Full,No review,,,,,,,,
2024,4/29/2024,10:00,Full,First 30,BP,No fish,,,,,,
2024,4/29/2024,10:30,Full,No review,,,,,,,,
2024,4/29/2024,11:00,Full,First 30,BP,No fish,,,,,,
2024,4/29/2024,11:30,Full,No review,,,,,,,,
2024,4/29/2024,12:00,Full,First 30,BP,No fish,,,,,,
2024,4/29/2024,12:30,Full,No review,,,,,,,,
2024,4/29/2024,13:00,Full,First 30,BP,No fish,,,,,,
2024,4/29/2024,13:30,Full,No review,,,,,,,,
2024,4/29/2024,14:00,Full,First 30,BP,No fish,,,,,,
2024,4/29/2024,14:30,Full,No review,,,,,,,,
2024,4/29/2024,15:00,Full,First 30,BP,No fish,,,,,,
2024,4/29/2024,15:30,Full,No review,,,,,,,,
2024,4/29/2024,16:00,Full,First 30,BP,No fish,,,,,,
2024,4/29/2024,16:30,Full,No review,,,,,,,,
2024,4/29/2024,17:00,Full,First 30,BP,No fish,,,,,,
2024,4/29/2024,17:30,Full,No review,,,,,,,,
2024,4/29/2024,18:00,Full,First 30,BP,No fish,,,,,,
2024,4/29/2024,18:30,Full,No review,,,,,,,,
2024,4/29/2024,19:00,Full,First 30,BP,No fish,,,,,,
2024,4/29/2024,19:30,Full,No review,,,,,,,,
2024,4/29/2024,20:00,Full,First 30,BP,No fish,,,,,,
2024,4/29/2024,20:30,Full,No review,,,,,,,,
2024,4/29/2024,21:00,Full,First 30,BP,21:04:41,1399,upstream,14.15,72.40,1,
2024,4/29/2024,21:00,Full,First 30,BP,21:06:01,1817,downstream,14.87,72.50,1,
2024,4/29/2024,21:00,Full,First 30,BP,21:10:12,3065,downstream,11.89,75.00,1,
2024,4/29/2024,21:00,Full,First 30,BP,21:14:27,4345,upstream,14.06,71.00,1,
2024,4/29/2024,21:00,Full,First 30,BP,21:25:20,7622,downstream,11.99,79.20,1,
2024,4/29/2024,21:30,Full,No review,,,,,,,,
2024,4/29/2024,22:00,Full,First 30,BP,22:01:23,395,downstream,12.84,57.30,2,
2024,4/29/2024,22:00,Full,First 30,BP,22:03:49,1139,upstream,6.76,70.10,1,
2024,4/29/2024,22:00,Full,First 30,BP,22:04:57,1468,upstream,18.72,75.40,1,
2024,4/29/2024,22:00,Full,First 30,BP,22:10:43,3208,upstream,7.98,55.60,1,
2024,4/29/2024,22:00,Full,First 30,BP,22:12:28,3721,upstream,11.82,75.00,1,
2024,4/29/2024,22:00,Full,First 30,BP,22:15:17,4557,downstream,15.98,72.30,1,
2024,4/29/2024,22:00,Full,First 30,BP,22:16:06,4803,upstream,15.75,76.60,1,
2024,4/29/2024,22:30,Full,No review,,,,,,,,
2024,4/29/2024,23:00,Full,First 30,BP,23:01:22,417,upstream,10.96,81.80,1,
2024,4/29/2024,23:00,Full,First 30,BP,23:01:36,485,upstream,10.60,50.00,1,
2024,4/29/2024,23:00,Full,First 30,BP,23:04:02,1178,downstream,13.24,79.60,1,
2024,4/29/2024,23:00,Full,First 30,BP,23:11:36,3470,upstream,13.61,61.60,1,
2024,4/29/2024,23:00,Full,First 30,BP,23:19:10,5751,downstream,9.63,82.00,1,
2024,4/29/2024,23:00,Full,First 30,BP,23:19:55,5955,downstream,15.24,63.00,1,2 fish drifting downstream together
2024,4/29/2024,23:00,Full,First 30,BP,23:19:58,5975,downstream,15.56,64.60,1,2 fish drifting downstream together
2024,4/29/2024,23:30,Full,No review,,,,,,,,
2024,4/30/2024,0:00,Full,First 30,SM,0:10:37,3226,downstream,14.67,71,1,
2024,4/30/2024,0:00,Full,First 30,SM,0:11:32,3502,upstream,8.67,58.6,1,
2024,4/30/2024,0:30,Full,No review,,,,,,,,
2024,4/30/2024,1:00,Full,First 30,SM,1:11:24,3410,upstream,14.04,63.9,1,
2024,4/30/2024,1:00,Full,First 30,SM,1:15:26,4604,downstream,15.28,53.4,1,
2024,4/30/2024,1:30,Full,No review,,,,,,,,
2024,4/30/2024,2:00,Full,First 30,SM,2:21:21,6420,upstream,14.06,57,1,
2024,4/30/2024,2:00,Full,First 30,SM,2:23:11,6954,downstream,11.44,75.1,1,
2024,4/30/2024,2:00,Full,First 30,SM,2:29:02,8734,downstream,15.94,77.5,1,
2024,4/30/2024,2:00,Full,First 30,SM,2:05:31,1655,downstream,11.09,75.3,1,
2024,4/30/2024,2:00,Full,First 30,SM,2:10:17,3087,upstream,8.05,71.2,1,
2024,4/30/2024,2:00,Full,First 30,SM,2:19:10,5763,upstream,7.57,63.8,1,
2024,4/30/2024,2:30,Full,No review,,,,,,,,
2024,4/30/2024,3:00,Full,First 30,SM,3:04:42,1409,downstream,10.69,55,1,
2024,4/30/2024,3:00,Full,First 30,SM,3:22:05,6654,downstream,10.82,76.2,1,
2024,4/30/2024,3:30,Full,No review,,,,,,,,
2024,4/30/2024,4:00,Full,First 30,SM,No fish,,,,,,
2024,4/30/2024,4:30,Full,No review,,,,,,,,
2024,4/30/2024,5:00,Full,First 30,SM,5:18:51,5645,upstream,13.19,45.9,1,
2024,4/30/2024,5:30,Full,No review,,,,,,,,
2024,4/30/2024,6:00,Full,First 30,SM,No fish,,,,,,
2024,4/30/2024,6:30,Full,No review,,,,,,,,
2024,4/30/2024,7:00,Full,First 30,SM,No fish,,,,,,
2024,4/30/2024,7:30,Full,No review,,,,,,,,
2024,4/30/2024,8:00,Full,First 30,SM,No fish,,,,,,
2024,4/30/2024,8:30,Full,No review,,,,,,,,
2024,4/30/2024,9:00,Full,First 30,SM,No fish,,,,,,
2024,4/30/2024,9:30,Full,No review,,,,,,,,
2024,4/30/2024,10:00,Full,First 30,SM,No fish,,,,,,
2024,4/30/2024,10:30,Full,No review,,,,,,,,
2024,4/30/2024,11:00,Full,First 30,SM,No fish,,,,,,
2024,4/30/2024,11:30,Full,No review,,,,,,,,
2024,4/30/2024,12:00,Full,First 30,SM,No fish,,,,,,
2024,4/30/2024,12:30,Full,No review,,,,,,,,
2024,4/30/2024,13:00,Full,First 30,SM,No fish,,,,,,
2024,4/30/2024,13:30,Full,No review,,,,,,,,
2024,4/30/2024,14:00,Full,First 30,SM,No fish,,,,,,
2024,4/30/2024,14:30,Full,No review,,,,,,,,
2024,4/30/2024,15:00,Full,First 30,SM,No fish,,,,,,
2024,4/30/2024,15:30,Full,No review,,,,,,,,
2024,4/30/2024,16:00,Full,First 30,SM,No fish,,,,,,
2024,4/30/2024,16:30,Full,No review,,,,,,,,
2024,4/30/2024,17:00,Full,First 30,SM,No fish,,,,,,
2024,4/30/2024,17:30,Full,No review,,,,,,,,
2024,4/30/2024,18:00,Full,First 30,SM,No fish,,,,,,
2024,4/30/2024,18:30,Full,No review,,,,,,,,
2024,4/30/2024,19:00,Full,First 30,SM,No fish,,,,,,
2024,4/30/2024,19:30,Full,No review,,,,,,,,
2024,4/30/2024,20:00,Full,First 30,SM,No fish,,,,,,
2024,4/30/2024,20:30,Full,No review,,,,,,,,
2024,4/30/2024,21:00,Full,First 30,SM,21:02:53,857,upstream,5.84,63.3,1,
2024,4/30/2024,21:00,Full,First 30,SM,21:06:47,2028,downstream,12.38,64.3,1,
2024,4/30/2024,21:00,Full,First 30,SM,21:18:34,5571,upstream,13.94,61.6,1,
2024,4/30/2024,21:30,Full,No review,,,,,,,,
2024,4/30/2024,22:00,Full,First 30,SM,22:02:50,830,downstream,14.43,72.4,1,
2024,4/30/2024,22:00,Full,First 30,SM,22:10:09,2995,upstream,13.69,68.9,1,
2024,4/30/2024,22:00,Full,First 30,SM,22:13:15,3934,upstream,10.72,67.7,1,
2024,4/30/2024,22:00,Full,First 30,SM,22:14:12,4215,upstream,7.21,67.4,1,
2024,4/30/2024,22:00,Full,First 30,SM,22:18:38,5545,downstream,9.31,52.8,1,
2024,4/30/2024,22:30,Full,No review,,,,,,,,
2024,4/30/2024,23:00,Full,First 30,SM,23:02:58,885,upstream,9.24,69.1,1,
2024,4/30/2024,23:00,Full,First 30,SM,23:12:33,3725,downstream,10.33,73.3,1,
2024,4/30/2024,23:00,Full,First 30,SM,23:17:53,5305,upstream,15.98,62.2,1,
2024,4/30/2024,23:00,Full,First 30,SM,23:21:12,6296,downstream,14.19,61.4,1,
2024,4/30/2024,23:00,Full,First 30,SM,23:28:35,8524,upstream,14.14,68.7,1,
2024,4/30/2024,23:00,Full,First 30,SM,23:29:47,8894,upstream,13.68,68.6,1,
2024,4/30/2024,23:00,Full,First 30,SM,23:00:44,209,downstream,14.1,58.7,2,BC changed to 2- not a fish. 
2024,4/30/2024,23:00,Full,First 30,SM,23:01:57,573,downstream,13.5,54.1,1,
2024,4/30/2024,23:30,Full,No review,,,,,,,,
2024,5/1/2024,0:00,Full,First 30,JE,0:02:46,813,downstream,15.71,81.1,1,
2024,5/1/2024,0:00,Full,First 30,JE,0:29:45,8876,upstream,6.94,74.5,1,
2024,5/1/2024,0:30,Full,Second 30,JE,No fish,,,,,,
2024,5/1/2024,1:00,Full,First 30,JE,1:14:42,4374,upstream,7.28,72.9,1,
2024,5/1/2024,1:30,Full,Second 30,JE,1:42:56,3859,downstream,10.78,67,1,
2024,5/1/2024,2:00,Full,First 30,JE,2:02:28,736,downstream,13.09,71.7,1,
2024,5/1/2024,2:00,Full,First 30,JE,2:02:28,737,downstream,10.84,69.4,1,
2024,5/1/2024,2:00,Full,First 30,JE,2:24:23,7312,downstream,8.24,66.3,1,
2024,5/1/2024,2:30,Full,Second 30,JE,No fish,,,,,,
2024,5/1/2024,3:00,Full,First 30,JE,3:28:08,8379,upstream,15.88,59.5,1,
2024,5/1/2024,3:30,Full,Second 30,JE,3:45:56,4745,upstream,7.23,62.9,1,
2024,5/1/2024,3:30,Full,Second 30,JE,3:50:09,6010,downstream,10.32,68.3,1,
2024,5/1/2024,4:00,Full,First 30,JE,4:06:40,1989,upstream,7.95,67.6,1,
2024,5/1/2024,4:00,Full,First 30,JE,4:23:27,6973,downstream,7.69,74.9,1,
2024,5/1/2024,4:30,Full,Second 30,JE,4:48:27,5527,downstream,8.74,58.8,1,
2024,5/1/2024,4:30,Full,Second 30,JE,4:48:27,5526,downstream,9.51,69.7,1,
2024,5/1/2024,4:30,Full,Second 30,JE,4:52:59,6874,downstream,10.53,70.1,1,
2024,5/1/2024,4:30,Full,Second 30,JE,4:58:59,8642,upstream,10.11,79.6,1,
2024,5/1/2024,5:00,Full,First 30,JE,No fish,,,,,,
2024,5/1/2024,5:30,Full,Second 30,JE,No fish,,,,,,
2024,5/1/2024,6:00,Full,First 30,JE,No fish,,,,,,
2024,5/1/2024,6:30,Full,Second 30,JE,No fish,,,,,,
2024,5/1/2024,7:00,Full,First 30,JE,No fish,,,,,,
2024,5/1/2024,7:30,Full,Second 30,JE,No fish,,,,,,
2024,5/1/2024,8:00,Full,First 30,JE,No fish,,,,,,
2024,5/1/2024,8:30,Full,Second 30,JE,No fish,,,,,,
2024,5/1/2024,9:00,Full,First 30,JE,No fish,,,,,,
2024,5/1/2024,9:30,Full,Second 30,JE,No fish,,,,,,
2024,5/1/2024,10:00,Full,First 30,JE,No fish,,,,,,
2024,5/1/2024,10:30,Full,Second 30,JE,No fish,,,,,,
2024,5/1/2024,11:00,Full,First 30,JE,No fish,,,,,,
2024,5/1/2024,11:30,Full,Second 30,JE,No fish,,,,,,
2024,5/1/2024,12:00,Full,First 30,JE,No fish,,,,,,
2024,5/1/2024,12:30,Full,Second 30,JE,No fish,,,,,,
2024,5/1/2024,13:00,Full,First 30,JE,No fish,,,,,,
2024,5/1/2024,13:30,Full,Second 30,JE,No fish,,,,,,
2024,5/1/2024,14:00,Full,First 30,JE,No fish,,,,,,
2024,5/1/2024,14:30,Full,Second 30,JE,No fish,,,,,,
2024,5/1/2024,15:00,Full,First 30,JE,No fish,,,,,,
2024,5/1/2024,15:30,Full,Second 30,JE,15:43:43,3981,downstream,10.25,73.2,1,
2024,5/1/2024,15:30,Full,Second 30,JE,15:43:43,3981,downstream,10.41,59.7,1,
2024,5/1/2024,16:00,Full,First 30,JE,No fish,,,,,,
2024,5/1/2024,16:30,Full,Second 30,JE,No fish,,,,,,
2024,5/1/2024,17:00,Full,First 30,JE,No fish,,,,,,
2024,5/1/2024,17:30,Full,Second 30,JE,No fish,,,,,,
2024,5/1/2024,18:00,Full,First 30,JE,18:29:41,8788,downstream,10.73,65,1,
2024,5/1/2024,18:30,Full,Second 30,JE,No fish,,,,,,
2024,5/1/2024,19:00,Full,First 30,JE,No fish,,,,,,
2024,5/1/2024,19:30,Full,Second 30,JE,No fish,,,,,,
2024,5/1/2024,20:00,Full,First 30,JE,20:25:16,7436,downstream,8.09,60.6,1,
2024,5/1/2024,20:30,Full,Second 30,JE,20:37:52,2313,upstream,9.55,74.6,1,
2024,5/1/2024,21:00,Full,First 30,JE,21:13:07,3841,upstream,13.23,54.8,1,
2024,5/1/2024,21:00,Full,First 30,JE,21:15:24,4517,downstream,13.77,52.8,1,
2024,5/1/2024,21:00,Full,First 30,JE,21:17:47,5213,downstream,14.52,66.9,1,
2024,5/1/2024,21:00,Full,First 30,JE,21:18:19,5368,upstream,10.96,62.9,1,
2024,5/1/2024,21:00,Full,First 30,JE,21:18:19,5367,upstream,10.4,55.9,1,
2024,5/1/2024,21:00,Full,First 30,JE,21:25:47,7557,upstream,7.71,67.4,1,
2024,5/1/2024,21:30,Full,Second 30,JE,21:34:15,1242,downstream,4.54,64.4,1,
2024,5/1/2024,21:30,Full,Second 30,JE,21:36:43,1975,downstream,12.8,75.5,1,
2024,5/1/2024,21:30,Full,Second 30,JE,21:38:10,2393,upstream,10.68,76.7,1,
2024,5/1/2024,21:30,Full,Second 30,JE,21:43:42,4049,upstream,15.95,66.8,1,
2024,5/1/2024,22:00,Full,First 30,JE,22:00:08,33,downstream,11.91,70.7,1,
2024,5/1/2024,22:00,Full,First 30,JE,22:05:54,1730,upstream,6.89,66.4,1,
2024,5/1/2024,22:30,Full,Second 30,JE,22:43:12,3895,upstream,14.95,67,1,
2024,5/1/2024,22:30,Full,Second 30,JE,22:54:05,7110,downstream,13.99,77.1,1,
2024,5/1/2024,23:00,Full,First 30,JE,23:01:13,346,upstream,15.55,72.7,1,
2024,5/1/2024,23:00,Full,First 30,JE,23:03:29,987,downstream,14.82,69.5,1,
2024,5/1/2024,23:00,Full,First 30,JE,23:06:37,1902,upstream,5.59,69,1,
2024,5/1/2024,23:00,Full,First 30,JE,23:14:20,4202,upstream,8.14,61.7,1,
2024,5/1/2024,23:00,Full,First 30,JE,23:16:50,4920,downstream,15.24,63.1,1,
2024,5/1/2024,23:00,Full,First 30,JE,23:20:01,5861,upstream,16.12,76.5,1,
2024,5/1/2024,23:00,Full,First 30,JE,23:29:10,8544,upstream,11.21,58.3,1,
2024,5/1/2024,23:00,Full,First 30,JE,23:29:28,8635,downstream,8.12,83.1,1,
2024,5/1/2024,23:30,Full,Second 30,JE,23:37:33,2201,upstream,5.6,58.2,1,
2024,5/1/2024,23:30,Full,Second 30,JE,23:38:04,2357,downstream,14.19,66.6,1,
2024,5/1/2024,23:30,Full,Second 30,JE,23:41:53,3469,downstream,4.92,67.4,1,
2024,5/2/2024,0:00,Full,First 30,SM,0:11:20,3328,upstream,8.91,83,1,
2024,5/2/2024,0:00,Full,First 30,SM,0:11:30,3375,upstream,9.65,81.5,1,
2024,5/2/2024,0:00,Full,First 30,SM,0:11:30,3400,upstream,8.6,79.7,1,
2024,5/2/2024,0:00,Full,First 30,SM,0:20:11,5902,downstream,12.81,73.2,2,
2024,5/2/2024,0:00,Full,First 30,SM,0:21:18,6241,upstream,15.44,76.9,1,
2024,5/2/2024,0:00,Full,First 30,SM,0:21:49,6406,upstream,7.45,73.5,1,
2024,5/2/2024,0:00,Full,First 30,SM,0:26:02,7632,downstream,5.47,76,1,
2024,5/2/2024,0:30,Full,No review,,,,,,,,
2024,5/2/2024,1:00,Full,First 30,SM,1:00:20,112,upstream,15.27,78,1,
2024,5/2/2024,1:00,Full,First 30,SM,1:03:10,919,upstream,15.62,81.7,1,
2024,5/2/2024,1:00,Full,First 30,SM,1:07:20,2170,upstream,13.09,68.2,1,
2024,5/2/2024,1:00,Full,First 30,SM,1:15:50,4666,upstream,3.7,78.7,2,BC- fish does not completely pass through beams
2024,5/2/2024,1:00,Full,First 30,SM,1:19:21,5690,upstream,5.15,79.1,1,
2024,5/2/2024,1:00,Full,First 30,SM,1:20:33,6045,upstream,8.53,85.4,1,
2024,5/2/2024,1:00,Full,First 30,SM,1:21:55,6429,downstream,16.6,68.8,1,
2024,5/2/2024,1:30,Full,No review,,,,,,,,
2024,5/2/2024,2:00,Full,First 30,SM,2:20:14,5871,upstream,10,81.7,1,
2024,5/2/2024,2:00,Full,First 30,SM,2:25:49,7480,downstream,15.1,74.9,1,
2024,5/2/2024,2:00,Full,First 30,SM,2:06:30,1870,upstream,4.94,63.4,1,
2024,5/2/2024,2:00,Full,First 30,SM,2:16:10,4709,upstream,13.45,77.5,1,
2024,5/2/2024,2:30,Full,No review,,,,,,,,
2024,5/2/2024,3:00,Full,First 30,SM,3:00:20,106,upstream,7.39,83.8,1,
2024,5/2/2024,3:00,Full,First 30,SM,3:00:50,237,downstream,11.3,88.5,2,BC keep at 2.
2024,5/2/2024,3:00,Full,First 30,SM,3:29:27,8633,upstream,4.77,74.3,1,
2024,5/2/2024,3:30,Full,No review,,,,,,,,
2024,5/2/2024,4:00,Full,First 30,SM,4:13:50,4002,upstream,11.3,70.5,1,
2024,5/2/2024,4:00,Full,First 30,SM,4:19:07,5502,downstream,11.62,71.8,1,
2024,5/2/2024,4:00,Full,First 30,SM,4:20:56,6033,upstream,12.38,76.1,1,
2024,5/2/2024,4:00,Full,First 30,SM,4:26:23,7600,downstream,14.92,70.5,1,
2024,5/2/2024,4:30,Full,No review,,,,,,,,
2024,5/2/2024,5:00,Full,First 30,SM,5:17:48,5126,upstream,12.23,54,1,
2024,5/2/2024,5:30,Full,No review,,,,,,,,
2024,5/2/2024,6:00,Full,First 30,SM,No fish,,,,,,
2024,5/2/2024,6:30,Full,No review,,,,,,,,
2024,5/2/2024,7:00,Full,First 30,SM,No fish,,,,,,
2024,5/2/2024,7:30,Full,No review,,,,,,,,
2024,5/2/2024,8:00,Full,First 30,SM,No fish,,,,,,
2024,5/2/2024,8:30,Full,No review,,,,,,,,
2024,5/2/2024,9:00,Full,First 30,SM,No fish,,,,,,
2024,5/2/2024,9:30,Full,No review,,,,,,,,
2024,5/2/2024,10:00,Full,First 30,SM,No fish,,,,,,
2024,5/2/2024,10:30,Full,No review,,,,,,,,
2024,5/2/2024,11:00,Full,First 30,SM,No fish,,,,,,
2024,5/2/2024,11:30,Full,No review,,,,,,,,
2024,5/2/2024,12:00,Full,First 30,SM,No fish,,,,,,
2024,5/2/2024,12:30,Full,No review,,,,,,,,
2024,5/2/2024,13:00,Full,First 30,SM,No fish,,,,,,
2024,5/2/2024,13:30,Full,No review,,,,,,,,
2024,5/2/2024,14:00,Full,First 30,SM,No fish,,,,,,
2024,5/2/2024,14:30,Full,No review,,,,,,,,
2024,5/2/2024,15:00,Full,First 30,SM,No fish,,,,,,
2024,5/2/2024,15:30,Full,No review,,,,,,,,
2024,5/2/2024,16:00,Full,First 30,SM,No fish,,,,,,
2024,5/2/2024,16:30,Full,No review,,,,,,,,
2024,5/2/2024,17:00,Full,First 30,SM,No fish,,,,,,
2024,5/2/2024,17:30,Full,No review,,,,,,,,
2024,5/2/2024,18:00,Full,First 30,SM,No fish,,,,,,
2024,5/2/2024,18:30,Full,No review,,,,,,,,
2024,5/2/2024,19:00,Full,First 30,SM,No fish,,,,,,
2024,5/2/2024,19:30,Full,No review,,,,,,,,
2024,5/2/2024,20:00,Full,First 30,SM,No fish,,,,,,
2024,5/2/2024,20:30,Full,No review,,,,,,,,
2024,5/2/2024,21:00,Full,First 30,SM,21:07:40,2141,downstream,11.19,56,1,
2024,5/2/2024,21:00,Full,First 30,SM,21:08:40,2407,upstream,12.4,66,1,
2024,5/2/2024,21:00,Full,First 30,SM,21:20:17,5671,upstream,7.66,56.8,1,
2024,5/2/2024,21:00,Full,First 30,SM,21:27:20,7620,downstream,13.79,65.2,1,
2024,5/2/2024,21:00,Full,First 30,SM,21:29:45,8306,upstream,14.93,63.7,1,
2024,5/2/2024,21:30,Full,No review,,,,,,,,
2024,5/2/2024,22:00,Full,First 30,SM,22:04:40,1298,upstream,8,65.8,1,
2024,5/2/2024,22:00,Full,First 30,SM,22:07:10,2014,upstream,13.3,63.8,1,
2024,5/2/2024,22:00,Full,First 30,SM,22:08:40,2434,downstream,8.27,58,1,
2024,5/2/2024,22:00,Full,First 30,SM,22:10:50,3016,upstream,9.96,59.9,1,
2024,5/2/2024,22:00,Full,First 30,SM,22:12:00,3333,downstream,9.78,61.8,1,
2024,5/2/2024,22:00,Full,First 30,SM,22:12:50,3582,downstream,15.75,65.7,1,
2024,5/2/2024,22:00,Full,First 30,SM,22:15:50,4404,upstream,8,70.3,1,
2024,5/2/2024,22:00,Full,First 30,SM,22:22:03,6167,upstream,14.14,67.9,1,
2024,5/2/2024,22:00,Full,First 30,SM,22:28:51,8018,upstream,6,51.9,1,
2024,5/2/2024,22:30,Full,No review,,,,,,,,
2024,5/2/2024,23:00,Full,First 30,SM,23:12:00,3366,upstream,7.26,69.4,1,
2024,5/2/2024,23:00,Full,First 30,SM,23:17:39,5035,downstream,13.84,75.8,1,
2024,5/2/2024,23:00,Full,First 30,SM,23:26:18,7354,downstream,14.1,67.4,1,
2024,5/2/2024,23:00,Full,First 30,SM,23:27,7846,downstream,11.17,78.1,1,
2024,5/2/2024,23:00,Full,First 30,SM,23:05:10,1451,upstream,11.46,69.2,1,
2024,5/2/2024,23:00,Full,First 30,SM,23:07:00,1976,upstream,9.02,62,1,
2024,5/2/2024,23:30,Full,No review,,,,,,,,
2024,5/3/2024,0:00,Full,First 30,SM,0:14:50,4050,upstream,9.79,76.2,1,
2024,5/3/2024,0:00,Full,First 30,SM,0:15:00,4111,upstream,7.09,82.9,1,
2024,5/3/2024,0:00,Full,First 30,SM,0:20:24,5527,downstream,13.8,65.3,1,
2024,5/3/2024,0:00,Full,First 30,SM,0:25:29,6960,downstream,13.92,58.2,1,
2024,5/3/2024,0:30,Full,No review,,,,,,,,
2024,5/3/2024,1:00,Full,First 30,SM,1:02:50,794,downstream,7.84,65.9,1,
2024,5/3/2024,1:00,Full,First 30,SM,1:06,1690,downstream,12.25,72.7,1,
2024,5/3/2024,1:00,Full,First 30,SM,1:14:30,4042,upstream,5.12,52.2,1,
2024,5/3/2024,1:00,Full,First 30,SM,1:17:26,4793,downstream,12.29,65,1,
2024,5/3/2024,1:30,Full,No review,,,,,,,,
2024,5/3/2024,2:00,Full,First 30,SM,2:24:36,6560,upstream,16.68,76.6,1,
2024,5/3/2024,2:00,Full,First 30,SM,2:29:43,7864,upstream,13.85,77.5,1,
2024,5/3/2024,2:30,Full,No review,,,,,,,,
2024,5/3/2024,3:00,Full,First 30,SM,3:03:10,854,downstream,12.41,73.4,1,
2024,5/3/2024,3:00,Full,First 30,SM,3:06:30,1759,downstream,8.03,85.9,2,BC changed to 2- not a fish. 
2024,5/3/2024,3:30,Full,No review,,,,,,,,
2024,5/3/2024,4:00,Full,First 30,SM,4:16:28,4305,upstream,14.89,51.7,1,
2024,5/3/2024,4:00,Full,First 30,SM,4:20:45,5337,upstream,14.03,78.1,1,
2024,5/3/2024,4:00,Full,First 30,SM,4:28:56,7423,upstream,13.81,51.4,1,
2024,5/3/2024,4:30,Full,No review,,,,,,,,
2024,5/3/2024,5:00,Full,First 30,SM,5:12:10,2943,upstream,13.2,71,1,
2024,5/3/2024,5:00,Full,First 30,SM,5:25:51,6204,downstream,5.94,82.8,2,
2024,5/3/2024,5:30,Full,No review,,,,,,,,
2024,5/3/2024,6:00,Full,First 30,SM,No fish,,,,,,
2024,5/3/2024,6:30,Full,No review,,,,,,,,
2024,5/3/2024,7:00,Full,First 30,SM,No fish,,,,,,
2024,5/3/2024,7:30,Full,No review,,,,,,,,
2024,5/3/2024,8:00,Full,First 30,SM,No fish,,,,,,
2024,5/3/2024,8:30,Full,No review,,,,,,,,
2024,5/3/2024,9:00,Full,First 30,SM,No fish,,,,,,
2024,5/3/2024,9:30,Full,No review,,,,,,,,
2024,5/3/2024,10:00,Full,First 30,SM,No fish,,,,,,
2024,5/3/2024,10:30,Full,No review,,,,,,,,
2024,5/3/2024,11:00,Full,First 30,SM,No fish,,,,,,
2024,5/3/2024,11:30,Full,No review,,,,,,,,
2024,5/3/2024,12:00,Full,First 30,SM,No fish,,,,,,
2024,5/3/2024,12:30,Full,No review,,,,,,,,
2024,5/3/2024,13:00,Full,First 30,SM,No fish,,,,,,
2024,5/3/2024,13:30,Full,No review,,,,,,,,
2024,5/3/2024,14:00,Full,First 30,SM,No fish,,,,,,
2024,5/3/2024,14:30,Full,No review,,,,,,,,
2024,5/3/2024,15:00,Full,First 30,SM,No fish,,,,,,
2024,5/3/2024,15:30,Full,No review,,,,,,,,
2024,5/3/2024,16:00,Full,First 30,SM,No fish,,,,,,
2024,5/3/2024,16:30,Full,No review,,,,,,,,
2024,5/3/2024,17:00,Partial,First 30,SM,No fish,,,,,,Cut off at 5:30 for the day
2024,5/3/2024,17:30,No data,No data,,,,,,,,
2024,5/3/2024,18:00,No data,No data,,,,,,,,
2024,5/3/2024,18:30,No data,No data,,,,,,,,
2024,5/3/2024,19:00,No data,No data,,,,,,,,
2024,5/3/2024,19:30,No data,No data,,,,,,,,
2024,5/3/2024,20:00,No data,No data,,,,,,,,
2024,5/3/2024,20:30,No data,No data,,,,,,,,
2024,5/3/2024,21:00,No data,No data,,,,,,,,
2024,5/3/2024,21:30,No data,No data,,,,,,,,
2024,5/3/2024,22:00,No data,No data,,,,,,,,
2024,5/3/2024,22:30,No data,No data,,,,,,,,
2024,5/3/2024,23:00,No data,No data,,,,,,,,
2024,5/3/2024,23:30,No data,No data,,,,,,,,
2024,5/4/2024,0:00,No data,No data,JE,,,,,,,Sonar out all day
2024,5/4/2024,0:30,No data,No data,JE,,,,,,,
2024,5/4/2024,1:00,No data,No data,JE,,,,,,,
2024,5/4/2024,1:30,No data,No data,JE,,,,,,,
2024,5/4/2024,2:00,No data,No data,JE,,,,,,,
2024,5/4/2024,2:30,No data,No data,JE,,,,,,,
2024,5/4/2024,3:00,No data,No data,JE,,,,,,,
2024,5/4/2024,3:30,No data,No data,JE,,,,,,,
2024,5/4/2024,4:00,No data,No data,JE,,,,,,,
2024,5/4/2024,4:30,No data,No data,JE,,,,,,,
2024,5/4/2024,5:00,No data,No data,JE,,,,,,,
2024,5/4/2024,5:30,No data,No data,JE,,,,,,,
2024,5/4/2024,6:00,No data,No data,JE,,,,,,,
2024,5/4/2024,6:30,No data,No data,JE,,,,,,,
2024,5/4/2024,7:00,No data,No data,JE,,,,,,,
2024,5/4/2024,7:30,No data,No data,JE,,,,,,,
2024,5/4/2024,8:00,No data,No data,JE,,,,,,,
2024,5/4/2024,8:30,No data,No data,JE,,,,,,,
2024,5/4/2024,9:00,No data,No data,JE,,,,,,,
2024,5/4/2024,9:30,No data,No data,JE,,,,,,,
2024,5/4/2024,10:00,No data,No data,JE,,,,,,,
2024,5/4/2024,10:30,No data,No data,JE,,,,,,,
2024,5/4/2024,11:00,No data,No data,JE,,,,,,,
2024,5/4/2024,11:30,No data,No data,JE,,,,,,,
2024,5/4/2024,12:00,No data,No data,JE,,,,,,,
2024,5/4/2024,12:30,No data,No data,JE,,,,,,,
2024,5/4/2024,13:00,No data,No data,JE,,,,,,,
2024,5/4/2024,13:30,No data,No data,JE,,,,,,,
2024,5/4/2024,14:00,No data,No data,JE,,,,,,,
2024,5/4/2024,14:30,No data,No data,JE,,,,,,,
2024,5/4/2024,15:00,No data,No data,JE,,,,,,,
2024,5/4/2024,15:30,No data,No data,JE,,,,,,,
2024,5/4/2024,16:00,No data,No data,JE,,,,,,,
2024,5/4/2024,16:30,No data,No data,JE,,,,,,,
2024,5/4/2024,17:00,No data,No data,JE,,,,,,,
2024,5/4/2024,17:30,No data,No data,JE,,,,,,,
2024,5/4/2024,18:00,No data,No data,JE,,,,,,,
2024,5/4/2024,18:30,No data,No data,JE,,,,,,,
2024,5/4/2024,19:00,No data,No data,JE,,,,,,,
2024,5/4/2024,19:30,No data,No data,JE,,,,,,,
2024,5/4/2024,20:00,No data,No data,JE,,,,,,,
2024,5/4/2024,20:30,No data,No data,JE,,,,,,,
2024,5/4/2024,21:00,No data,No data,JE,,,,,,,
2024,5/4/2024,21:30,No data,No data,JE,,,,,,,
2024,5/4/2024,22:00,No data,No data,JE,,,,,,,
2024,5/4/2024,22:30,No data,No data,JE,,,,,,,
2024,5/4/2024,23:00,No data,No data,JE,,,,,,,
2024,5/4/2024,23:30,No data,No data,JE,,,,,,,
2024,5/5/2024,0:00,No data,No data,JE,,,,,,,Sonar out all day
2024,5/5/2024,0:30,No data,No data,JE,,,,,,,
2024,5/5/2024,1:00,No data,No data,JE,,,,,,,
2024,5/5/2024,1:30,No data,No data,JE,,,,,,,
2024,5/5/2024,2:00,No data,No data,JE,,,,,,,
2024,5/5/2024,2:30,No data,No data,JE,,,,,,,
2024,5/5/2024,3:00,No data,No data,JE,,,,,,,
2024,5/5/2024,3:30,No data,No data,JE,,,,,,,
2024,5/5/2024,4:00,No data,No data,JE,,,,,,,
2024,5/5/2024,4:30,No data,No data,JE,,,,,,,
2024,5/5/2024,5:00,No data,No data,JE,,,,,,,
2024,5/5/2024,5:30,No data,No data,JE,,,,,,,
2024,5/5/2024,6:00,No data,No data,JE,,,,,,,
2024,5/5/2024,6:30,No data,No data,JE,,,,,,,
2024,5/5/2024,7:00,No data,No data,JE,,,,,,,
2024,5/5/2024,7:30,No data,No data,JE,,,,,,,
2024,5/5/2024,8:00,No data,No data,JE,,,,,,,
2024,5/5/2024,8:30,No data,No data,JE,,,,,,,
2024,5/5/2024,9:00,No data,No data,JE,,,,,,,
2024,5/5/2024,9:30,No data,No data,JE,,,,,,,
2024,5/5/2024,10:00,No data,No data,JE,,,,,,,
2024,5/5/2024,10:30,No data,No data,JE,,,,,,,
2024,5/5/2024,11:00,No data,No data,JE,,,,,,,
2024,5/5/2024,11:30,No data,No data,JE,,,,,,,
2024,5/5/2024,12:00,No data,No data,JE,,,,,,,
2024,5/5/2024,12:30,No data,No data,JE,,,,,,,
2024,5/5/2024,13:00,No data,No data,JE,,,,,,,
2024,5/5/2024,13:30,No data,No data,JE,,,,,,,
2024,5/5/2024,14:00,No data,No data,JE,,,,,,,
2024,5/5/2024,14:30,No data,No data,JE,,,,,,,
2024,5/5/2024,15:00,No data,No data,JE,,,,,,,
2024,5/5/2024,15:30,No data,No data,JE,,,,,,,
2024,5/5/2024,16:00,No data,No data,JE,,,,,,,
2024,5/5/2024,16:30,No data,No data,JE,,,,,,,
2024,5/5/2024,17:00,No data,No data,JE,,,,,,,
2024,5/5/2024,17:30,No data,No data,JE,,,,,,,
2024,5/5/2024,18:00,No data,No data,JE,,,,,,,
2024,5/5/2024,18:30,No data,No data,JE,,,,,,,
2024,5/5/2024,19:00,No data,No data,JE,,,,,,,
2024,5/5/2024,19:30,No data,No data,JE,,,,,,,
2024,5/5/2024,20:00,No data,No data,JE,,,,,,,
2024,5/5/2024,20:30,No data,No data,JE,,,,,,,
2024,5/5/2024,21:00,No data,No data,JE,,,,,,,
2024,5/5/2024,21:30,No data,No data,JE,,,,,,,
2024,5/5/2024,22:00,No data,No data,JE,,,,,,,
2024,5/5/2024,22:30,No data,No data,JE,,,,,,,
2024,5/5/2024,23:00,No data,No data,JE,,,,,,,
2024,5/5/2024,23:30,No data,No data,JE,,,,,,,
2024,5/6/2024,0:00,No data,No data,JE,,,,,,,
2024,5/6/2024,0:30,No data,No data,JE,,,,,,,
2024,5/6/2024,1:00,No data,No data,JE,,,,,,,
2024,5/6/2024,1:30,No data,No data,JE,,,,,,,
2024,5/6/2024,2:00,No data,No data,JE,,,,,,,
2024,5/6/2024,2:30,No data,No data,JE,,,,,,,
2024,5/6/2024,3:00,No data,No data,JE,,,,,,,
2024,5/6/2024,3:30,No data,No data,JE,,,,,,,
2024,5/6/2024,4:00,No data,No data,JE,,,,,,,
2024,5/6/2024,4:30,No data,No data,JE,,,,,,,
2024,5/6/2024,5:00,No data,No data,JE,,,,,,,
2024,5/6/2024,5:30,No data,No data,JE,,,,,,,
2024,5/6/2024,6:00,No data,No data,JE,,,,,,,
2024,5/6/2024,6:30,No data,No data,JE,,,,,,,
2024,5/6/2024,7:00,No data,No data,JE,,,,,,,
2024,5/6/2024,7:30,No data,No data,JE,,,,,,,
2024,5/6/2024,8:00,No data,No data,JE,,,,,,,
2024,5/6/2024,8:30,No data,No data,JE,,,,,,,
2024,5/6/2024,9:00,No data,No data,JE,,,,,,,
2024,5/6/2024,9:30,No data,No data,JE,,,,,,,
2024,5/6/2024,10:00,No data,No data,JE,,,,,,,
2024,5/6/2024,10:30,Full,Second 30,JE,No fish,,,,,,
2024,5/6/2024,11:00,Partial,First 30,JE,No fish,,,,,,
2024,5/6/2024,11:30,Full,Second 30,JE,No fish,,,,,,
2024,5/6/2024,12:00,Full,First 30,JE,No fish,,,,,,
2024,5/6/2024,12:30,Full,Second 30,JE,12:32:24,727,upstream,6.42,68.4,1,
2024,5/6/2024,13:00,Full,First 30,JE,No fish,,,,,,
2024,5/6/2024,13:30,Full,Second 30,JE,No fish,,,,,,
2024,5/6/2024,14:00,Full,First 30,JE,No fish,,,,,,
2024,5/6/2024,14:30,Full,Second 30,JE,No fish,,,,,,
2024,5/6/2024,15:00,Full,First 30,JE,No fish,,,,,,
2024,5/6/2024,15:30,Full,Second 30,JE,No fish,,,,,,
2024,5/6/2024,16:00,Full,First 30,JE,No fish,,,,,,
2024,5/6/2024,16:30,Full,Second 30,JE,No fish,,,,,,
2024,5/6/2024,17:00,Full,First 30,JE,No fish,,,,,,
2024,5/6/2024,17:30,Full,Second 30,JE,No fish,,,,,,
2024,5/6/2024,18:00,Full,First 30,JE,No fish,,,,,,
2024,5/6/2024,18:30,Full,Second 30,JE,No fish,,,,,,
2024,5/6/2024,19:00,Full,First 30,JE,No fish,,,,,,
2024,5/6/2024,19:30,Full,Second 30,JE,No fish,,,,,,
2024,5/6/2024,20:00,Full,First 30,JE,No fish,,,,,,
2024,5/6/2024,20:30,Full,Second 30,JE,No fish,,,,,,
2024,5/6/2024,21:00,Full,First 30,JE,21:10:09,3039,upstream,7.37,59.1,1,
2024,5/6/2024,21:30,Full,Second 30,JE,21:35:43,1720,upstream,9.88,66.6,1,
2024,5/6/2024,21:30,Full,Second 30,JE,21:37:09,2146,upstream,8.15,72.8,1,
2024,5/6/2024,22:00,Full,First 30,JE,22:18:47,5621,upstream,5.98,54.6,1,
2024,5/6/2024,22:30,Full,Second 30,JE,No fish,,,,,,
2024,5/6/2024,23:00,Full,First 30,JE,No fish,,,,,,
2024,5/6/2024,23:30,Full,Second 30,JE,No fish,,,,,,
2024,5/7/2024,0:00,Full,First 30,BP,No fish,,,,,,
2024,5/7/2024,0:30,Full,No review,,,,,,,,
2024,5/7/2024,1:00,Full,First 30,BP,No fish,,,,,,
2024,5/7/2024,1:30,Full,No review,,,,,,,,
2024,5/7/2024,2:00,Full,First 30,BP,No fish,,,,,,
2024,5/7/2024,2:30,Full,No review,,,,,,,,
2024,5/7/2024,3:00,Full,First 30,BP,No fish,,,,,,
2024,5/7/2024,3:30,Full,No review,,,,,,,,
2024,5/7/2024,4:00,Full,First 30,BP,No fish,,,,,,
2024,5/7/2024,4:30,Full,No review,,,,,,,,
2024,5/7/2024,5:00,Full,First 30,BP,No fish,,,,,,
2024,5/7/2024,5:30,Full,No review,,,,,,,,
2024,5/7/2024,6:00,Full,First 30,BP,6:03:34,1057,upstream,14.85,95.00,2,BC changed to 2
2024,5/7/2024,6:00,Full,First 30,BP,6:03:34,1059,upstream,13.64,97.20,2,BC changed to 2
2024,5/7/2024,6:00,Full,First 30,BP,6:03:39,1080,upstream,14.22,98.80,2,BC changed to 2
2024,5/7/2024,6:00,Full,First 30,BP,6:03:41,1092,upstream,14.99,92.10,2,BC changed to 2
2024,5/7/2024,6:00,Full,First 30,BP,6:03:47,1119,upstream,13.96,104.60,2,BC changed to 2
2024,5/7/2024,6:30,Full,No review,,,,,,,,
2024,5/7/2024,7:00,Full,First 30,BP,No fish,,,,,,
2024,5/7/2024,7:30,Full,No review,,,,,,,,
2024,5/7/2024,8:00,Full,First 30,BP,No fish,,,,,,
2024,5/7/2024,8:30,Full,No review,,,,,,,,
2024,5/7/2024,9:00,Full,First 30,BP,No fish,,,,,,
2024,5/7/2024,9:30,Full,No review,,,,,,,,
2024,5/7/2024,10:00,Full,First 30,BP,No fish,,,,,,
2024,5/7/2024,10:30,Full,No review,,,,,,,,
2024,5/7/2024,11:00,Full,First 30,BP,No fish,,,,,,
2024,5/7/2024,11:30,Full,No review,,,,,,,,
2024,5/7/2024,12:00,Full,First 30,BP,No fish,,,,,,
2024,5/7/2024,12:30,Full,No review,,,,,,,,
2024,5/7/2024,13:00,Full,First 30,BP,No fish,,,,,,
2024,5/7/2024,13:30,Full,No review,,,,,,,,
2024,5/7/2024,14:00,Full,First 30,BP,No fish,,,,,,
2024,5/7/2024,14:30,Full,No review,,,,,,,,
2024,5/7/2024,15:00,Full,First 30,BP,No fish,,,,,,
2024,5/7/2024,15:30,Full,No review,,,,,,,,
2024,5/7/2024,16:00,Full,First 30,BP,No fish,,,,,,
2024,5/7/2024,16:30,Full,No review,,,,,,,,
2024,5/7/2024,17:00,Full,First 30,BP,No fish,,,,,,
2024,5/7/2024,17:30,Full,No review,,,,,,,,
2024,5/7/2024,18:00,Full,First 30,BP,No fish,,,,,,
2024,5/7/2024,18:30,Full,No review,,,,,,,,
2024,5/7/2024,19:00,Full,First 30,BP,No fish,,,,,,
2024,5/7/2024,19:30,Full,No review,,,,,,,,
2024,5/7/2024,20:00,Full,First 30,BP,No fish,,,,,,
2024,5/7/2024,20:30,Full,No review,,,,,,,,
2024,5/7/2024,21:00,Full,First 30,BP,21:18:42,5618,downstream,9.65,70.20,2,"my instinct says this probably is not a fish, but I just can't be sure"
2024,5/7/2024,21:00,Full,First 30,BP,21:20:24,6122,downstream,13.05,64.00,2,"my instinct says this probably is not a fish, but I just can't be sure"
2024,5/7/2024,21:00,Full,First 30,BP,21:29:31,8866,upstream,7.97,62.00,1,
2024,5/7/2024,21:30,Full,No review,,,,,,,,
2024,5/7/2024,22:00,Full,First 30,BP,22:06:19,1888,downstream,6.57,74.60,2,
2024,5/7/2024,22:00,Full,First 30,BP,22:20:05,6015,upstream,9.03,157.50,2,huge fish! BC changed to 2
2024,5/7/2024,22:30,Full,No review,,,,,,,,
2024,5/7/2024,23:00,Full,First 30,BP,23:13:08,3947,upstream,9.71,155.00,2,huge fish! BC changed to 2
2024,5/7/2024,23:00,Full,First 30,BP,23:19:18,5792,downstream,7.31,175.60,2,huge fish! BC changed to 2
2024,5/7/2024,23:30,Full,No review,,,,,,,,
2024,5/8/2024,0:00,Full,First 30,BP,0:02:40,788,upstream,20.78,72.40,1,
2024,5/8/2024,0:00,Full,First 30,BP,0:03:04,909,downstream,11.36,133.00,2,huge fish! BC changed to 2
2024,5/8/2024,0:30,Full,No review,,,,,,,,
2024,5/8/2024,1:00,Full,First 30,BP,1:24:10,7252,downstream,8.43,148.30,2,BC changed to 2
2024,5/8/2024,1:30,Full,No review,,,,,,,,
2024,5/8/2024,2:00,Full,First 30,BP,2:02:33,755,downstream,7.20,74.40,1,
2024,5/8/2024,2:00,Full,First 30,BP,2:10:09,3020,downstream,10.13,142.80,2,BC changed to 2
2024,5/8/2024,2:30,Full,No review,,,,,,,,
2024,5/8/2024,3:00,Full,First 30,BP,3:22:29,6749,downstream,8.36,92.90,2,
2024,5/8/2024,3:30,Full,No review,,,,,,,,
2024,5/8/2024,4:00,Full,First 30,BP,4:12:05,3622,downstream,8.00,72.50,2,
2024,5/8/2024,4:00,Full,First 30,BP,4:25:59,7793,downstream,6.80,124.50,2,BC changed to 2
2024,5/8/2024,4:30,Full,No review,,,,,,,,
2024,5/8/2024,5:00,Full,First 30,BP,5:19:49,5923,downstream,10.12,62.20,1,
2024,5/8/2024,5:00,Full,First 30,BP,5:23:49,7126,upstream,7.33,68.60,1,
2024,5/8/2024,5:30,Full,No review,,,,,,,,
2024,5/8/2024,6:00,Full,First 30,BP,No fish,,,,,,
2024,5/8/2024,6:30,Full,No review,,,,,,,,
2024,5/8/2024,7:00,Full,First 30,BP,No fish,,,,,,
2024,5/8/2024,7:30,Full,No review,,,,,,,,
2024,5/8/2024,8:00,Full,First 30,BP,No fish,,,,,,
2024,5/8/2024,8:30,Full,No review,,,,,,,,
2024,5/8/2024,9:00,Full,First 30,BP,No fish,,,,,,
2024,5/8/2024,9:30,Full,No review,,,,,,,,
2024,5/8/2024,10:00,Full,First 30,BP,No fish,,,,,,
2024,5/8/2024,10:30,Full,No review,,,,,,,,
2024,5/8/2024,11:00,Full,First 30,BP,No fish,,,,,,
2024,5/8/2024,11:30,Full,No review,,,,,,,,
2024,5/8/2024,12:00,Full,First 30,BP,No fish,,,,,,
2024,5/8/2024,12:30,Full,No review,,,,,,,,
2024,5/8/2024,13:00,Full,First 30,BP,13:20:00,5977,downstream,10.67,80.10,1,
2024,5/8/2024,13:30,Full,No review,,,,,,,,
2024,5/8/2024,14:00,Full,First 30,BP,No fish,,,,,,
2024,5/8/2024,14:30,Full,No review,,,,,,,,
2024,5/8/2024,15:00,Full,First 30,BP,No fish,,,,,,
2024,5/8/2024,15:30,Full,No review,,,,,,,,
2024,5/8/2024,16:00,Full,First 30,BP,No fish,,,,,,
2024,5/8/2024,16:30,Full,No review,,,,,,,,
2024,5/8/2024,17:00,Full,First 30,BP,No fish,,,,,,
2024,5/8/2024,17:30,Full,No review,,,,,,,,
2024,5/8/2024,18:00,Full,First 30,BP,No fish,,,,,,
2024,5/8/2024,18:30,Full,No review,,,,,,,,
2024,5/8/2024,19:00,Full,First 30,BP,No fish,,,,,,
2024,5/8/2024,19:30,Full,No review,,,,,,,,
2024,5/8/2024,20:00,Full,First 30,BP,No fish,,,,,,
2024,5/8/2024,20:30,Full,No review,,,,,,,,
2024,5/8/2024,21:00,Full,First 30,BP,21:27:06,8138,downstream,9.88,74.60,1,
2024,5/8/2024,21:30,Full,No review,,,,,,,,
2024,5/8/2024,22:00,Full,First 30,BP,22:16:08,4833,downstream,8.80,60.40,1,
2024,5/8/2024,22:30,Full,No review,,,,,,,,
2024,5/8/2024,23:00,Full,First 30,BP,23:12:39,3782,upstream,13.84,87.90,1,
2024,5/8/2024,23:00,Full,First 30,BP,23:26:12,7837,upstream,12.59,142.70,2,huge fish! BC changed to 2
2024,5/8/2024,23:30,Full,No review,,,,,,,,
2024,5/9/2024,0:00,Full,First 30,SM,0:01:07,328,upstream,19.62,49.7,2,"BC changed to 2, unsure"
2024,5/9/2024,0:30,Full,No review,,,,,,,,
2024,5/9/2024,1:00,Full,First 30,SM,No fish,,,,,,
2024,5/9/2024,1:30,Full,No review,,,,,,,,
2024,5/9/2024,2:00,Full,First 30,SM,No fish,,,,,,
2024,5/9/2024,2:30,Full,No review,,,,,,,,
2024,5/9/2024,3:00,Full,First 30,SM,No fish,,,,,,
2024,5/9/2024,3:30,Full,No review,,,,,,,,
2024,5/9/2024,4:00,Full,First 30,SM,4:07:43,2318,upstream,20.84,52.5,1,
2024,5/9/2024,4:00,Full,First 30,SM,4:10:52,3260,downstream,7.34,76.5,1,
2024,5/9/2024,4:30,Full,No review,,,,,,,,
2024,5/9/2024,5:00,Full,First 30,SM,5:15:59,4803,downstream,8.55,69,1,
2024,5/9/2024,5:30,Full,No review,,,,,,,,
2024,5/9/2024,6:00,Full,First 30,SM,No fish,,,,,,
2024,5/9/2024,6:30,Full,No review,,,,,,,,
2024,5/9/2024,7:00,Full,First 30,SM,No fish,,,,,,
2024,5/9/2024,7:30,Full,No review,,,,,,,,
2024,5/9/2024,8:00,Full,First 30,SM,No fish,,,,,,
2024,5/9/2024,8:30,Full,No review,,,,,,,,
2024,5/9/2024,9:00,Full,First 30,SM,No fish,,,,,,
2024,5/9/2024,9:30,Full,No review,,,,,,,,
2024,5/9/2024,10:00,Full,First 30,SM,No fish,,,,,,
2024,5/9/2024,10:30,Full,No review,,,,,,,,
2024,5/9/2024,11:00,Full,First 30,SM,No fish,,,,,,
2024,5/9/2024,11:30,Full,No review,,,,,,,,
2024,5/9/2024,12:00,Full,First 30,SM,No fish,,,,,,
2024,5/9/2024,12:30,Full,No review,,,,,,,,
2024,5/9/2024,13:00,Full,First 30,SM,No fish,,,,,,
2024,5/9/2024,13:30,Full,No review,,,,,,,,
2024,5/9/2024,14:00,Full,First 30,SM,No fish,,,,,,
2024,5/9/2024,14:30,Full,No review,,,,,,,,
2024,5/9/2024,15:00,Full,First 30,SM,No fish,,,,,,
2024,5/9/2024,15:30,Full,No review,,,,,,,,
2024,5/9/2024,16:00,Full,First 30,SM,No fish,,,,,,
2024,5/9/2024,16:30,Full,No review,,,,,,,,
2024,5/9/2024,17:00,Full,First 30,SM,No fish,,,,,,
2024,5/9/2024,17:30,Full,No review,,,,,,,,
2024,5/9/2024,18:00,Full,First 30,SM,No fish,,,,,,
2024,5/9/2024,18:30,Full,No review,,,,,,,,
2024,5/9/2024,19:00,Full,First 30,SM,No fish,,,,,,
2024,5/9/2024,19:30,Full,No review,,,,,,,,
2024,5/9/2024,20:00,Full,First 30,SM,No fish,,,,,,
2024,5/9/2024,20:30,Full,No review,,,,,,,,
2024,5/9/2024,21:00,Full,First 30,SM,21:24:50,7445,upstream,6.01,55.6,1,
2024,5/9/2024,21:30,Full,No review,,,,,,,,
2024,5/9/2024,22:00,Full,First 30,SM,No fish,,,,,,
2024,5/9/2024,22:30,Full,No review,,,,,,,,
2024,5/9/2024,23:00,Full,First 30,SM,No fish,,,,,,
2024,5/9/2024,23:30,Full,No review,,,,,,,,
2024,5/10/2024,0:00,Full,First 30,SM,No fish,,,,,,
2024,5/10/2024,0:30,Full,No review,,,,,,,,
2024,5/10/2024,1:00,Full,First 30,SM,1:03:07,918,downstream,9.84,77.4,1,
2024,5/10/2024,1:00,Full,First 30,SM,1:05:16,1552,downstream,11.13,73.5,1,
2024,5/10/2024,1:30,Full,No review,,,,,,,,
2024,5/10/2024,2:00,Full,First 30,SM,No fish,,,,,,
2024,5/10/2024,2:30,Full,No review,,,,,,,,
2024,5/10/2024,3:00,Full,First 30,SM,3:22:57,6877,downstream,11.59,64.1,1,
2024,5/10/2024,3:00,Full,First 30,SM,3:24:38,7375,upstream,9.57,49.9,1,
2024,5/10/2024,3:30,Full,No review,,,,,,,,
2024,5/10/2024,4:00,Full,First 30,SM,No fish,,,,,,
2024,5/10/2024,4:30,Full,No review,,,,,,,,
2024,5/10/2024,5:00,Full,First 30,SM,No fish,,,,,,
2024,5/10/2024,5:30,Full,No review,,,,,,,,
2024,5/10/2024,6:00,Full,First 30,SM,No fish,,,,,,
2024,5/10/2024,6:30,Full,No review,,,,,,,,
2024,5/10/2024,7:00,Full,First 30,SM,No fish,,,,,,
2024,5/10/2024,7:30,Full,No review,,,,,,,,
2024,5/10/2024,8:00,Full,First 30,SM,No fish,,,,,,
2024,5/10/2024,8:30,Full,No review,,,,,,,,
2024,5/10/2024,9:00,Full,First 30,SM,No fish,,,,,,
2024,5/10/2024,9:30,Full,No review,,,,,,,,
2024,5/10/2024,10:00,Full,First 30,SM,No fish,,,,,,
2024,5/10/2024,10:30,Full,No review,,,,,,,,
2024,5/10/2024,11:00,Full,First 30,SM,No fish,,,,,,
2024,5/10/2024,11:30,Full,No review,,,,,,,,
2024,5/10/2024,12:00,Full,First 30,SM,No fish,,,,,,
2024,5/10/2024,12:30,Full,No review,,,,,,,,
2024,5/10/2024,13:00,Full,First 30,SM,No fish,,,,,,
2024,5/10/2024,13:30,Full,No review,,,,,,,,
2024,5/10/2024,14:00,Full,First 30,SM,No fish,,,,,,
2024,5/10/2024,14:30,Full,No review,,,,,,,,
2024,5/10/2024,15:00,Full,First 30,SM,No fish,,,,,,
2024,5/10/2024,15:30,Full,No review,,,,,,,,
2024,5/10/2024,16:00,Full,First 30,SM,No fish,,,,,,
2024,5/10/2024,16:30,Full,No review,,,,,,,,
2024,5/10/2024,17:00,Full,First 30,SM,No fish,,,,,,
2024,5/10/2024,17:30,Full,No review,,,,,,,,
2024,5/10/2024,18:00,Full,First 30,SM,No fish,,,,,,
2024,5/10/2024,18:30,Full,No review,,,,,,,,
2024,5/10/2024,19:00,Full,First 30,SM,19:00:45,215,upstream,12.14,52.8,1,
2024,5/10/2024,19:30,Full,No review,,,,,,,,
2024,5/10/2024,20:00,Full,First 30,SM,No fish,,,,,,
2024,5/10/2024,20:30,Full,No review,,,,,,,,
2024,5/10/2024,21:00,Full,First 30,SM,21:07:53,2352,upstream,10.53,73.8,1,
2024,5/10/2024,21:00,Full,First 30,SM,21:15:37,4674,downstream,8.33,66,1,
2024,5/10/2024,21:00,Full,First 30,SM,21:19:16,5754,downstream,7.36,56.7,1,
2024,5/10/2024,21:30,Full,No review,,,,,,,,
2024,5/10/2024,22:00,Full,First 30,SM,22:11:08,3311,upstream,8.33,60.5,1,
2024,5/10/2024,22:00,Full,First 30,SM,22:12:08,3609,downstream,9.5,74.3,1,
2024,5/10/2024,22:30,Full,No review,,,,,,,,
2024,5/10/2024,23:00,Full,First 30,SM,23:05:42,1680,downstream,17.2,54.3,1,
2024,5/10/2024,23:30,Full,No review,,,,,,,,
2024,5/11/2024,0:00,Full,First 30,JE,No fish,,,,,,
2024,5/11/2024,0:30,Full,Second 30,JE,No fish,,,,,,
2024,5/11/2024,1:00,Full,First 30,JE,No fish,,,,,,
2024,5/11/2024,1:30,Full,Second 30,JE,No fish,,,,,,
2024,5/11/2024,2:00,Full,First 30,JE,2:20:19,6079,downstream,14.1,62.1,1,
2024,5/11/2024,2:00,Full,First 30,JE,2:24:50,7427,downstream,8.74,63.7,1,
2024,5/11/2024,2:30,Full,Second 30,JE,2:56:59,8065,downstream,14.85,69.4,1,
2024,5/11/2024,3:00,Full,First 30,JE,No fish,,,,,,
2024,5/11/2024,3:30,Full,Second 30,JE,No fish,,,,,,
2024,5/11/2024,4:00,Full,First 30,JE,4:25:34,7629,downstream,10.05,68.2,1,
2024,5/11/2024,4:30,Full,Second 30,JE,4:53:56,7087,downstream,13.66,71,1,
2024,5/11/2024,5:00,Full,First 30,JE,No fish,,,,,,
2024,5/11/2024,5:30,Full,Second 30,JE,No fish,,,,,,
2024,5/11/2024,6:00,Full,First 30,JE,6:12:22,3697,upstream,11.4,67.4,1,
2024,5/11/2024,6:30,Full,Second 30,JE,No fish,,,,,,
2024,5/11/2024,7:00,Full,First 30,JE,No fish,,,,,,
2024,5/11/2024,7:30,Full,Second 30,JE,No fish,,,,,,
2024,5/11/2024,8:00,Full,First 30,JE,No fish,,,,,,
2024,5/11/2024,8:30,Full,Second 30,JE,No fish,,,,,,
2024,5/11/2024,9:00,Full,First 30,JE,No fish,,,,,,
2024,5/11/2024,9:30,Full,Second 30,JE,9:36:19,1881,upstream,14.19,52.9,1,
2024,5/11/2024,10:00,Full,First 30,JE,No fish,,,,,,
2024,5/11/2024,10:30,Full,Second 30,JE,No fish,,,,,,
2024,5/11/2024,11:00,Full,First 30,JE,No fish,,,,,,
2024,5/11/2024,11:30,Full,Second 30,JE,No fish,,,,,,
2024,5/11/2024,12:00,Full,First 30,JE,No fish,,,,,,
2024,5/11/2024,12:30,Full,Second 30,JE,No fish,,,,,,
2024,5/11/2024,13:00,Full,First 30,JE,No fish,,,,,,
2024,5/11/2024,13:30,Full,Second 30,JE,No fish,,,,,,
2024,5/11/2024,14:00,Full,First 30,JE,No fish,,,,,,
2024,5/11/2024,14:30,Full,Second 30,JE,No fish,,,,,,
2024,5/11/2024,15:00,Full,First 30,JE,No fish,,,,,,
2024,5/11/2024,15:30,Full,Second 30,JE,No fish,,,,,,
2024,5/11/2024,16:00,Full,First 30,JE,No fish,,,,,,
2024,5/11/2024,16:30,Full,Second 30,JE,No fish,,,,,,
2024,5/11/2024,17:00,Full,First 30,JE,No fish,,,,,,
2024,5/11/2024,17:30,Full,Second 30,JE,No fish,,,,,,
2024,5/11/2024,18:00,Full,First 30,JE,No fish,,,,,,
2024,5/11/2024,18:30,Full,Second 30,JE,No fish,,,,,,
2024,5/11/2024,19:00,Full,First 30,JE,No fish,,,,,,
2024,5/11/2024,19:30,Full,Second 30,JE,No fish,,,,,,
2024,5/11/2024,20:00,Full,First 30,JE,No fish,,,,,,
2024,5/11/2024,20:30,Full,Second 30,JE,No fish,,,,,,
2024,5/11/2024,21:00,Full,First 30,JE,21:21:01,6280,upstream,6.98,50.5,1,
2024,5/11/2024,21:00,Full,First 30,JE,21:24:22,7281,downstream,15.91,64.5,1,
2024,5/11/2024,21:00,Full,First 30,JE,21:24:22,7283,downstream,15.59,62.6,1,
2024,5/11/2024,21:30,Full,Second 30,JE,21:34:41,1388,upstream,7,50.5,1,
2024,5/11/2024,21:30,Full,Second 30,JE,21:36:44,2005,upstream,9.56,67.5,1,
2024,5/11/2024,21:30,Full,Second 30,JE,21:53:12,6910,downstream,12.24,55,1,
2024,5/11/2024,22:00,Full,First 30,JE,22:07:48,2318,downstream,8.83,60.2,1,
2024,5/11/2024,22:00,Full,First 30,JE,22:15:34,4636,upstream,13.84,63.4,1,
2024,5/11/2024,22:00,Full,First 30,JE,22:24:22,7252,downstream,9.97,56.1,1,
2024,5/11/2024,22:30,Full,Second 30,JE,22:40:39,3168,upstream,7.7,53.9,1,
2024,5/11/2024,23:00,Full,First 30,JE,No fish,,,,,,
2024,5/11/2024,23:30,Full,Second 30,JE,23:32:36,769,downstream,13.66,66.8,1,
2024,5/11/2024,23:30,Full,Second 30,JE,23:32:37,774,downstream,13.1,61.5,1,
2024,5/12/2024,0:00,Full,First 30,SM,No fish,,,,,,
2024,5/12/2024,0:30,Full,No review,,,,,,,,
2024,5/12/2024,1:00,Full,First 30,SM,1:05:07,1499,downstream,12.82,56.3,1,
2024,5/12/2024,1:00,Full,First 30,SM,1:14:01,4164,downstream,13.08,75.6,1,
2024,5/12/2024,1:30,Full,No review,,,,,,,,
2024,5/12/2024,2:00,Full,First 30,SM,No fish,,,,,,
2024,5/12/2024,2:30,Full,No review,,,,,,,,
2024,5/12/2024,3:00,Full,First 30,SM,3:01:04,311,upstream,12.26,56,1,
2024,5/12/2024,3:30,Full,No review,,,,,,,,
2024,5/12/2024,4:00,Full,First 30,SM,No fish,,,,,,
2024,5/12/2024,4:30,Full,No review,,,,,,,,
2024,5/12/2024,5:00,Full,First 30,SM,5:06:45,2008,upstream,14,46.9,1,
2024,5/12/2024,5:00,Full,First 30,SM,5:27:56,8336,downstream,12.56,76.4,1,
2024,5/12/2024,5:30,Full,No review,,,,,,,,
2024,5/12/2024,6:00,Full,First 30,SM,No fish,,,,,,
2024,5/12/2024,6:30,Full,No review,,,,,,,,
2024,5/12/2024,7:00,Full,First 30,SM,No fish,,,,,,
2024,5/12/2024,7:30,Full,No review,,,,,,,,
2024,5/12/2024,8:00,Full,First 30,SM,8:17:49,5324,downstream,12.52,66.9,2,"fish crosses upstream beam then lingers at downstream beam for awhile, does not completely pass through until next file (8:30)"
2024,5/12/2024,8:30,Full,No review,,,,,,,,
2024,5/12/2024,9:00,Full,First 30,SM,No fish,,,,,,
2024,5/12/2024,9:30,Full,No review,,,,,,,,
2024,5/12/2024,10:00,Full,First 30,SM,No fish,,,,,,
2024,5/12/2024,10:30,Full,No review,,,,,,,,
2024,5/12/2024,11:00,Full,First 30,SM,No fish,,,,,,
2024,5/12/2024,11:30,Full,No review,,,,,,,,
2024,5/12/2024,12:00,Full,First 30,SM,No fish,,,,,,
2024,5/12/2024,12:30,Full,No review,,,,,,,,
2024,5/12/2024,13:00,Full,First 30,SM,No fish,,,,,,
2024,5/12/2024,13:30,Full,No review,,,,,,,,
2024,5/12/2024,14:00,Full,First 30,SM,No fish,,,,,,
2024,5/12/2024,14:30,Full,No review,,,,,,,,
2024,5/12/2024,15:00,Full,First 30,SM,No fish,,,,,,
2024,5/12/2024,15:30,Full,No review,,,,,,,,
2024,5/12/2024,16:00,Full,First 30,SM,No fish,,,,,,
2024,5/12/2024,16:30,Full,No review,,,,,,,,
2024,5/12/2024,17:00,Full,First 30,SM,No fish,,,,,,
2024,5/12/2024,17:30,Full,No review,,,,,,,,
2024,5/12/2024,18:00,Full,First 30,SM,18:04:03,1194,downstream,8.78,73,1,
2024,5/12/2024,18:30,Full,No review,,,,,,,,
2024,5/12/2024,19:00,Full,First 30,SM,No fish,,,,,,
2024,5/12/2024,19:30,Full,No review,,,,,,,,
2024,5/12/2024,20:00,Full,First 30,SM,No fish,,,,,,
2024,5/12/2024,20:30,Full,No review,,,,,,,,
2024,5/12/2024,21:00,Full,First 30,SM,21:17:33,5205,upstream,10.5,64,1,
2024,5/12/2024,21:30,Full,No review,,,,,,,,
2024,5/12/2024,22:00,Full,First 30,SM,22:04:23,1301,downstream,14.62,84.1,1,
2024,5/12/2024,22:00,Full,First 30,SM,22:10:55,3244,downstream,10.2,77.7,1,
2024,5/12/2024,22:30,Full,No review,,,,,,,,
2024,5/12/2024,23:00,Full,First 30,SM,No fish,,,,,,
2024,5/12/2024,23:30,Full,No review,,,,,,,,
2024,5/13/2024,0:00,Full,First 30,JE,No fish,,,,,,
2024,5/13/2024,0:30,Full,Second 30,JE,No fish,,,,,,
2024,5/13/2024,1:00,Full,First 30,JE,1:00:48,237,downstream,14.08,73.5,1,BC changed to 1
2024,5/13/2024,1:00,Full,First 30,JE,1:00:49,240,downstream,13.98,76.3,1,Difficult to tell if this is 2 fish travelling DS side-by-side or a beaver/otter floating DS. BC changed to 1
2024,5/13/2024,1:00,Full,First 30,JE,1:13:08,3910,downstream,15.31,78.3,1,
2024,5/13/2024,1:30,Full,Second 30,JE,No fish,,,,,,
2024,5/13/2024,2:00,Full,First 30,JE,No fish,,,,,,
2024,5/13/2024,2:30,Full,Second 30,JE,No fish,,,,,,
2024,5/13/2024,3:00,Full,First 30,JE,No fish,,,,,,
2024,5/13/2024,3:30,Full,Second 30,JE,No fish,,,,,,
2024,5/13/2024,4:00,Full,First 30,JE,4:09:03,2687,downstream,7.26,74.3,1,
2024,5/13/2024,4:30,Full,Second 30,JE,No fish,,,,,,
2024,5/13/2024,5:00,Full,First 30,JE,No fish,,,,,,
2024,5/13/2024,5:30,Full,Second 30,JE,5:30:56,271,downstream,13.83,53.2,1,
2024,5/13/2024,6:00,Full,First 30,JE,No fish,,,,,,
2024,5/13/2024,6:30,Full,Second 30,JE,6:36:10,1831,upstream,11.51,58.3,1,
2024,5/13/2024,7:00,Full,First 30,JE,7:26:11,7778,upstream,11.33,63.8,1,
2024,5/13/2024,7:00,Full,First 30,JE,7:27:54,8292,upstream,15.72,67.1,1,
2024,5/13/2024,7:30,Full,Second 30,JE,No fish,,,,,,
2024,5/13/2024,8:00,Full,First 30,JE,No fish,,,,,,
2024,5/13/2024,8:30,Full,Second 30,JE,No fish,,,,,,
2024,5/13/2024,9:00,Full,First 30,JE,9:14:28,4308,upstream,14.19,51.3,1,
2024,5/13/2024,9:30,Full,Second 30,JE,No fish,,,,,,
2024,5/13/2024,10:00,Full,First 30,JE,10:23:32,6970,upstream,13.94,50.3,1,
2024,5/13/2024,10:30,Full,Second 30,JE,10:39:11,2740,downstream,12.47,65.4,1,
2024,5/13/2024,11:00,Full,First 30,JE,No fish,,,,,,
2024,5/13/2024,11:30,Full,Second 30,JE,11:41:14,3393,downstream,12.16,58.3,1,
2024,5/13/2024,11:30,Full,Second 30,JE,11:58:22,8385,upstream,8.88,64.8,1,
2024,5/13/2024,12:00,Full,First 30,JE,No fish,,,,,,
2024,5/13/2024,12:30,Full,Second 30,JE,No fish,,,,,,
2024,5/13/2024,13:00,Full,First 30,JE,No fish,,,,,,
2024,5/13/2024,13:30,Full,Second 30,JE,13:30:36,171,upstream,14.3,53.7,1,
2024,5/13/2024,14:00,Full,First 30,JE,No fish,,,,,,
2024,5/13/2024,14:30,Full,Second 30,JE,No fish,,,,,,
2024,5/13/2024,15:00,Full,First 30,JE,15:07:56,2363,downstream,12.08,56.3,1,
2024,5/13/2024,15:30,Full,Second 30,JE,No fish,,,,,,
2024,5/13/2024,16:00,Full,First 30,JE,No fish,,,,,,
2024,5/13/2024,16:30,Full,Second 30,JE,No fish,,,,,,
2024,5/13/2024,17:00,Full,First 30,JE,No fish,,,,,,
2024,5/13/2024,17:30,Full,Second 30,JE,No fish,,,,,,
2024,5/13/2024,18:00,Full,First 30,JE,No fish,,,,,,
2024,5/13/2024,18:30,Full,Second 30,JE,No fish,,,,,,
2024,5/13/2024,19:00,Full,First 30,JE,No fish,,,,,,
2024,5/13/2024,19:30,Full,Second 30,JE,No fish,,,,,,
2024,5/13/2024,20:00,Full,First 30,JE,No fish,,,,,,
2024,5/13/2024,20:30,Full,Second 30,JE,No fish,,,,,,
2024,5/13/2024,21:00,Full,First 30,JE,21:28:08,8377,downstream,11.95,60.2,1,
2024,5/13/2024,21:00,Full,First 30,JE,21:29:10,8683,upstream,15.89,59.3,1,
2024,5/13/2024,21:30,Full,Second 30,JE,21:40:09,3012,upstream,7.28,48.1,1,
2024,5/13/2024,22:00,Full,First 30,JE,22:12:42,3777,upstream,18.82,64.4,1,
2024,5/13/2024,22:30,Full,Second 30,JE,22:49:49,5916,downstream,16.3,61.4,1,
2024,5/13/2024,23:00,Full,First 30,JE,No fish,,,,,,
2024,5/13/2024,23:30,Full,Second 30,JE,No fish,,,,,,
2024,5/14/2024,0:00,Full,First 30,JE,No fish,,,,,,
2024,5/14/2024,0:30,Full,Second 30,JE,No fish,,,,,,
2024,5/14/2024,1:00,Full,First 30,JE,No fish,,,,,,
2024,5/14/2024,1:30,Full,Second 30,JE,No fish,,,,,,
2024,5/14/2024,2:00,Full,First 30,JE,2:11:08,3290,upstream,9.4,60.4,1,
2024,5/14/2024,2:30,Full,Second 30,JE,No fish,,,,,,
2024,5/14/2024,3:00,Full,First 30,JE,No fish,,,,,,
2024,5/14/2024,3:30,Full,Second 30,JE,No fish,,,,,,
2024,5/14/2024,4:00,Full,First 30,JE,No fish,,,,,,
2024,5/14/2024,4:30,Full,Second 30,JE,No fish,,,,,,
2024,5/14/2024,5:00,Full,First 30,JE,No fish,,,,,,
2024,5/14/2024,5:30,Full,Second 30,JE,5:38:27,2499,downstream,15.04,54,1,
2024,5/14/2024,5:30,Full,Second 30,JE,No fish,,,,,,
2024,5/14/2024,6:00,Full,First 30,JE,No fish,,,,,,
2024,5/14/2024,6:30,Full,Second 30,JE,No fish,,,,,,
2024,5/14/2024,7:00,Full,First 30,JE,No fish,,,,,,
2024,5/14/2024,7:30,Full,Second 30,JE,No fish,,,,,,
2024,5/14/2024,8:00,Full,First 30,JE,No fish,,,,,,
2024,5/14/2024,8:30,Full,Second 30,JE,No fish,,,,,,
2024,5/14/2024,9:00,Full,First 30,JE,No fish,,,,,,
2024,5/14/2024,9:30,Full,Second 30,JE,No fish,,,,,,
2024,5/14/2024,10:00,Full,First 30,JE,No fish,,,,,,
2024,5/14/2024,10:30,Full,Second 30,JE,No fish,,,,,,
2024,5/14/2024,11:00,Full,First 30,JE,No fish,,,,,,
2024,5/14/2024,11:30,Full,Second 30,JE,No fish,,,,,,
2024,5/14/2024,12:00,Full,First 30,JE,No fish,,,,,,
2024,5/14/2024,12:30,Full,Second 30,JE,No fish,,,,,,
2024,5/14/2024,13:00,Full,First 30,JE,13:18:48,5582,downstream,6.29,57.1,1,
2024,5/14/2024,13:30,Full,Second 30,JE,No fish,,,,,,
2024,5/14/2024,14:00,Full,First 30,JE,No fish,,,,,,
2024,5/14/2024,14:30,Full,Second 30,JE,No fish,,,,,,
2024,5/14/2024,15:00,Full,First 30,JE,No fish,,,,,,
2024,5/14/2024,15:30,Full,Second 30,JE,No fish,,,,,,
2024,5/14/2024,16:00,Full,First 30,JE,No fish,,,,,,
2024,5/14/2024,16:30,Full,Second 30,JE,No fish,,,,,,
2024,5/14/2024,17:00,Full,First 30,JE,No fish,,,,,,
2024,5/14/2024,17:30,Full,Second 30,JE,No fish,,,,,,
2024,5/14/2024,18:00,Full,First 30,JE,No fish,,,,,,
2024,5/14/2024,18:30,Full,Second 30,JE,No fish,,,,,,
2024,5/14/2024,19:00,Full,First 30,JE,19:11:23,3394,upstream,13.64,48.3,1,
2024,5/14/2024,19:30,Full,Second 30,JE,No fish,,,,,,
2024,5/14/2024,20:00,Full,First 30,JE,No fish,,,,,,
2024,5/14/2024,20:30,Full,Second 30,JE,No fish,,,,,,
2024,5/14/2024,21:00,Full,First 30,JE,No fish,,,,,,
2024,5/14/2024,21:30,Full,Second 30,JE,No fish,,,,,,
2024,5/14/2024,22:00,Full,First 30,JE,No fish,,,,,,
2024,5/14/2024,22:30,Full,Second 30,JE,22:44:20,4255,downstream,10.33,73.1,1,
2024,5/14/2024,22:30,Full,Second 30,JE,22:46:01,4754,upstream,3.4,55.8,1,
2024,5/14/2024,23:00,Full,First 30,JE,No fish,,,,,,
2024,5/14/2024,23:30,Full,Second 30,JE,No fish,,,,,,
2024,5/15/2024,0:00,Full,First 30,JE,No fish,,,,,,
2024,5/15/2024,0:30,Full,Second 30,JE,No fish,,,,,,
2024,5/15/2024,1:00,Full,First 30,JE,No fish,,,,,,
2024,5/15/2024,1:30,Full,Second 30,JE,No fish,,,,,,
2024,5/15/2024,2:00,Full,First 30,JE,No fish,,,,,,
2024,5/15/2024,2:30,Full,Second 30,JE,No fish,,,,,,
2024,5/15/2024,3:00,Full,First 30,JE,No fish,,,,,,
2024,5/15/2024,3:30,Full,Second 30,JE,No fish,,,,,,
2024,5/15/2024,4:00,Full,First 30,JE,No fish,,,,,,
2024,5/15/2024,4:30,Full,Second 30,JE,No fish,,,,,,
2024,5/15/2024,5:00,Full,First 30,JE,No fish,,,,,,
2024,5/15/2024,5:30,Full,Second 30,JE,No fish,,,,,,
2024,5/15/2024,6:00,Full,First 30,JE,No fish,,,,,,
2024,5/15/2024,6:30,Full,Second 30,JE,No fish,,,,,,
2024,5/15/2024,7:00,Full,First 30,JE,No fish,,,,,,
2024,5/15/2024,7:30,Full,Second 30,JE,No fish,,,,,,
2024,5/15/2024,8:00,Full,First 30,JE,No fish,,,,,,
2024,5/15/2024,8:30,Full,Second 30,JE,No fish,,,,,,
2024,5/15/2024,9:00,Full,First 30,JE,No fish,,,,,,
2024,5/15/2024,9:30,Full,Second 30,JE,No fish,,,,,,
2024,5/15/2024,10:00,Full,First 30,JE,10:11:26,3378,upstream,7.88,48.5,1,
2024,5/15/2024,10:30,Full,Second 30,JE,No fish,,,,,,
2024,5/15/2024,11:00,Full,First 30,JE,No fish,,,,,,
2024,5/15/2024,11:30,Full,Second 30,JE,No fish,,,,,,
2024,5/15/2024,12:00,Full,First 30,JE,No fish,,,,,,
2024,5/15/2024,12:30,Full,Second 30,JE,No fish,,,,,,
2024,5/15/2024,13:00,Full,First 30,JE,No fish,,,,,,
2024,5/15/2024,13:30,Full,Second 30,JE,No fish,,,,,,
2024,5/15/2024,14:00,Full,First 30,JE,No fish,,,,,,
2024,5/15/2024,14:30,Full,Second 30,JE,No fish,,,,,,
2024,5/15/2024,15:00,Full,First 30,JE,No fish,,,,,,
2024,5/15/2024,15:30,Full,Second 30,JE,No fish,,,,,,
2024,5/15/2024,16:00,Full,First 30,JE,No fish,,,,,,
2024,5/15/2024,16:30,Full,Second 30,JE,No fish,,,,,,
2024,5/15/2024,17:00,Full,First 30,JE,No fish,,,,,,
2024,5/15/2024,17:30,Full,Second 30,JE,No fish,,,,,,
2024,5/15/2024,18:00,Full,First 30,JE,No fish,,,,,,
2024,5/15/2024,18:30,Full,Second 30,JE,No fish,,,,,,
2024,5/15/2024,19:00,Full,First 30,JE,No fish,,,,,,
2024,5/15/2024,19:30,Full,Second 30,JE,No fish,,,,,,
2024,5/15/2024,20:00,Full,First 30,JE,22:29:46,8825,downstream,7.51,61.2,1,
2024,5/15/2024,20:30,Full,Second 30,JE,22:43:14,3925,upstream,7.11,61.6,1,
2024,5/15/2024,21:00,Full,First 30,JE,No fish,,,,,,
2024,5/15/2024,21:30,Full,Second 30,JE,No fish,,,,,,
2024,5/15/2024,22:00,Full,First 30,JE,No fish,,,,,,
2024,5/15/2024,22:30,Full,Second 30,JE,No fish,,,,,,
2024,5/15/2024,23:00,Full,First 30,JE,No fish,,,,,,
2024,5/15/2024,23:30,Full,Second 30,JE,No fish,,,,,,
2024,5/16/2024,0:00,Full,First 30,SM,0:00:26,123,downstream,11.49,73.3,1,
2024,5/16/2024,0:30,Full,No review,,,,,,,,
2024,5/16/2024,1:00,Full,First 30,SM,No fish,,,,,,
2024,5/16/2024,1:30,Full,No review,,,,,,,,
2024,5/16/2024,2:00,Full,First 30,SM,No fish,,,,,,
2024,5/16/2024,2:30,Full,No review,,,,,,,,
2024,5/16/2024,3:00,Full,First 30,SM,No fish,,,,,,
2024,5/16/2024,3:30,Full,No review,,,,,,,,
2024,5/16/2024,4:00,Full,First 30,SM,4:03:56,1160,upstream,18.4,63.8,1,
2024,5/16/2024,4:30,Full,No review,,,,,,,,
2024,5/16/2024,5:00,Full,First 30,SM,5:05:35,1629,downstream,8.7,61.7,1,
2024,5/16/2024,5:00,Full,First 30,SM,5:10:09,2962,downstream,8.25,45.8,1,
2024,5/16/2024,5:30,Full,No review,,,,,,,,
2024,5/16/2024,6:00,Full,First 30,SM,No fish,,,,,,
2024,5/16/2024,6:30,Full,No review,,,,,,,,
2024,5/16/2024,7:00,Full,First 30,SM,No fish,,,,,,
2024,5/16/2024,7:30,Full,No review,,,,,,,,
2024,5/16/2024,8:00,Full,First 30,SM,No fish,,,,,,
2024,5/16/2024,8:30,Full,No review,,,,,,,,
2024,5/16/2024,9:00,Full,First 30,SM,No fish,,,,,,
2024,5/16/2024,9:30,Full,No review,,,,,,,,
2024,5/16/2024,10:00,Full,First 30,SM,No fish,,,,,,
2024,5/16/2024,10:30,Full,No review,,,,,,,,
2024,5/16/2024,11:00,Full,First 30,SM,No fish,,,,,,
2024,5/16/2024,11:30,Full,No review,,,,,,,,
2024,5/16/2024,12:00,Full,First 30,SM,No fish,,,,,,
2024,5/16/2024,12:30,Full,No review,,,,,,,,
2024,5/16/2024,13:00,Full,First 30,SM,No fish,,,,,,
2024,5/16/2024,13:30,Full,No review,,,,,,,,
2024,5/16/2024,14:00,Full,First 30,SM,No fish,,,,,,
2024,5/16/2024,14:30,Full,No review,,,,,,,,
2024,5/16/2024,15:00,Full,First 30,SM,No fish,,,,,,
2024,5/16/2024,15:30,Full,No review,,,,,,,,
2024,5/16/2024,16:00,Full,First 30,SM,No fish,,,,,,
2024,5/16/2024,16:30,Full,No review,,,,,,,,
2024,5/16/2024,17:00,Full,First 30,SM,No fish,,,,,,
2024,5/16/2024,17:30,Full,No review,,,,,,,,
2024,5/16/2024,18:00,Full,First 30,SM,No fish,,,,,,
2024,5/16/2024,18:30,Full,No review,,,,,,,,
2024,5/16/2024,19:00,Full,First 30,SM,No fish,,,,,,
2024,5/16/2024,19:30,Full,No review,,,,,,,,
2024,5/16/2024,20:00,Full,First 30,SM,No fish,,,,,,
2024,5/16/2024,20:30,Full,No review,,,,,,,,
2024,5/16/2024,21:00,Full,First 30,SM,No fish,,,,,,
2024,5/16/2024,21:30,Full,No review,,,,,,,,
2024,5/16/2024,22:00,Full,First 30,SM,No fish,,,,,,
2024,5/16/2024,22:30,Full,No review,,,,,,,,
2024,5/16/2024,23:00,Full,First 30,SM,23:10:30,3055,downstream,14.02,59.6,2,Unclear image
2024,5/16/2024,23:30,Full,No review,,,,,,,,
2024,5/17/2024,0:00,Full,First 30,SM,No fish,,,,,,
2024,5/17/2024,0:30,Full,No review,,,,,,,,
2024,5/17/2024,1:00,Full,First 30,SM,No fish,,,,,,
2024,5/17/2024,1:30,Full,No review,,,,,,,,
2024,5/17/2024,2:00,Full,First 30,SM,No fish,,,,,,
2024,5/17/2024,2:30,Full,No review,,,,,,,,
2024,5/17/2024,3:00,Full,First 30,SM,No fish,,,,,,
2024,5/17/2024,3:30,Full,No review,,,,,,,,
2024,5/17/2024,4:00,Full,First 30,SM,No fish,,,,,,
2024,5/17/2024,4:30,Full,No review,,,,,,,,
2024,5/17/2024,5:00,Full,First 30,SM,No fish,,,,,,
2024,5/17/2024,5:30,Full,No review,,,,,,,,
2024,5/17/2024,6:00,Full,First 30,SM,No fish,,,,,,
2024,5/17/2024,6:30,Full,No review,,,,,,,,
2024,5/17/2024,7:00,Full,First 30,SM,No fish,,,,,,
2024,5/17/2024,7:30,Full,No review,,,,,,,,
2024,5/17/2024,8:00,Full,First 30,SM,No fish,,,,,,
2024,5/17/2024,8:30,Full,No review,,,,,,,,
2024,5/17/2024,9:00,Full,First 30,SM,No fish,,,,,,
2024,5/17/2024,9:30,Full,No review,,,,,,,,
2024,5/17/2024,10:00,Full,First 30,SM,No fish,,,,,,
2024,5/17/2024,10:30,Full,No review,,,,,,,,
2024,5/17/2024,11:00,Full,First 30,SM,No fish,,,,,,
2024,5/17/2024,11:30,Full,No review,,,,,,,,
2024,5/17/2024,12:00,Full,First 30,SM,No fish,,,,,,
2024,5/17/2024,12:30,Full,No review,,,,,,,,
2024,5/17/2024,13:00,Full,First 30,SM,No fish,,,,,,
2024,5/17/2024,13:30,Full,No review,,,,,,,,
2024,5/17/2024,14:00,Full,First 30,SM,14:25:15,7346,upstream,11.43,58,1,
2024,5/17/2024,14:00,Full,First 30,SM,14:27:39,8055,upstream,10.14,73.9,1,
2024,5/17/2024,14:30,Full,No review,,,,,,,,
2024,5/17/2024,15:00,Full,First 30,SM,No fish,,,,,,
2024,5/17/2024,15:30,Full,No review,,,,,,,,
2024,5/17/2024,16:00,Full,First 30,SM,No fish,,,,,,
2024,5/17/2024,16:30,Full,No review,,,,,,,,
2024,5/17/2024,17:00,Full,First 30,SM,No fish,,,,,,
2024,5/17/2024,17:30,Full,No review,,,,,,,,
2024,5/17/2024,18:00,Full,First 30,SM,No fish,,,,,,
2024,5/17/2024,18:30,Full,No review,,,,,,,,
2024,5/17/2024,19:00,Full,First 30,SM,No fish,,,,,,
2024,5/17/2024,19:30,Full,No review,,,,,,,,
2024,5/17/2024,20:00,Full,First 30,SM,20:20:31,5955,downstream,11.19,50.5,1,
2024,5/17/2024,20:30,Full,No review,,,,,,,,
2024,5/17/2024,21:00,Full,First 30,SM,No fish,,,,,,
2024,5/17/2024,21:30,Full,No review,,,,,,,,
2024,5/17/2024,22:00,Full,First 30,SM,No fish,,,,,,
2024,5/17/2024,22:30,Full,No review,,,,,,,,
2024,5/17/2024,23:00,Full,First 30,SM,No fish,,,,,,
2024,5/17/2024,23:30,Full,No review,,,,,,,,
2024,5/18/2024,0:00,Full,First 30,JE,0:21:41,6282,downstream,9.07,61.5,1,
2024,5/18/2024,0:30,Full,Second 30,JE,No fish,,,,,,
2024,5/18/2024,1:00,Full,First 30,JE,No fish,,,,,,
2024,5/18/2024,1:30,Full,Second 30,JE,No fish,,,,,,
2024,5/18/2024,2:00,Full,First 30,JE,No fish,,,,,,
2024,5/18/2024,2:30,Full,Second 30,JE,No fish,,,,,,
2024,5/18/2024,3:00,Full,First 30,JE,No fish,,,,,,
2024,5/18/2024,3:30,Full,Second 30,JE,No fish,,,,,,
2024,5/18/2024,4:00,Full,First 30,JE,No fish,,,,,,
2024,5/18/2024,4:30,Full,Second 30,JE,4:54:41,7107,downstream,12.73,69.6,1,
2024,5/18/2024,5:00,Full,First 30,JE,5:01:58,559,upstream,12.92,68.3,1,
2024,5/18/2024,5:00,Full,First 30,JE,5:09:32,2756,upstream,15.22,64.5,1,
2024,5/18/2024,5:30,Full,Second 30,JE,No fish,,,,,,
2024,5/18/2024,6:00,Full,First 30,JE,No fish,,,,,,
2024,5/18/2024,6:30,Full,Second 30,JE,No fish,,,,,,
2024,5/18/2024,7:00,Full,First 30,JE,No fish,,,,,,
2024,5/18/2024,7:30,Full,Second 30,JE,No fish,,,,,,
2024,5/18/2024,8:00,Full,First 30,JE,No fish,,,,,,
2024,5/18/2024,8:30,Full,Second 30,JE,No fish,,,,,,
2024,5/18/2024,9:00,Full,First 30,JE,No fish,,,,,,
2024,5/18/2024,9:30,Full,Second 30,JE,No fish,,,,,,
2024,5/18/2024,10:00,Full,First 30,JE,No fish,,,,,,
2024,5/18/2024,10:30,Full,Second 30,JE,No fish,,,,,,
2024,5/18/2024,11:00,Full,First 30,JE,No fish,,,,,,
2024,5/18/2024,11:30,Full,Second 30,JE,No fish,,,,,,
2024,5/18/2024,12:00,Full,First 30,JE,No fish,,,,,,
2024,5/18/2024,12:30,Full,Second 30,JE,No fish,,,,,,
2024,5/18/2024,13:00,Full,First 30,JE,13:10:24,3001,upstream,12.41,67,1,
2024,5/18/2024,13:30,Full,Second 30,JE,No fish,,,,,,
2024,5/18/2024,14:00,Full,First 30,JE,No fish,,,,,,
2024,5/18/2024,14:30,Full,Second 30,JE,No fish,,,,,,
2024,5/18/2024,15:00,Full,First 30,JE,No fish,,,,,,
2024,5/18/2024,15:30,Full,Second 30,JE,No fish,,,,,,
2024,5/18/2024,16:00,Full,First 30,JE,No fish,,,,,,
2024,5/18/2024,16:30,Full,Second 30,JE,No fish,,,,,,
2024,5/18/2024,17:00,Full,First 30,JE,No fish,,,,,,
2024,5/18/2024,17:30,Full,Second 30,JE,17:53:10,6636,upstream,10.46,54.8,1,
2024,5/18/2024,17:30,Full,Second 30,JE,17:53:14,6655,upstream,10.57,60.9,1,
2024,5/18/2024,18:00,Full,First 30,JE,No fish,,,,,,
2024,5/18/2024,18:30,Full,Second 30,JE,No fish,,,,,,
2024,5/18/2024,19:00,Full,First 30,JE,No fish,,,,,,
2024,5/18/2024,19:30,Full,Second 30,JE,No fish,,,,,,
2024,5/18/2024,20:00,Full,First 30,JE,No fish,,,,,,
2024,5/18/2024,20:30,Full,Second 30,JE,No fish,,,,,,
2024,5/18/2024,21:00,Full,First 30,JE,No fish,,,,,,
2024,5/18/2024,21:30,Full,Second 30,JE,No fish,,,,,,
2024,5/18/2024,22:00,Full,First 30,JE,No fish,,,,,,
2024,5/18/2024,22:30,Full,Second 30,JE,No fish,,,,,,
2024,5/18/2024,23:00,Full,First 30,JE,No fish,,,,,,
2024,5/18/2024,23:30,Full,Second 30,JE,No fish,,,,,,
2024,5/19/2024,0:00,Full,First 30,BP,0:04:03,1135,downstream,9.68,63.60,1,
2024,5/19/2024,0:30,Full,No review,,,,,,,,
2024,5/19/2024,1:00,Full,First 30,BP,1:15:20,440,downstream,6.86,78.80,2,
2024,5/19/2024,1:30,Full,No review,,,,,,,,
2024,5/19/2024,2:00,Full,First 30,BP,No fish,,,,,,
2024,5/19/2024,2:30,Full,No review,,,,,,,,
2024,5/19/2024,3:00,Full,First 30,BP,No fish,,,,,,
2024,5/19/2024,3:30,Full,No review,,,,,,,,
2024,5/19/2024,4:00,Full,First 30,BP,No fish,,,,,,
2024,5/19/2024,4:30,Full,No review,,,,,,,,
2024,5/19/2024,5:00,Full,First 30,BP,No fish,,,,,,"lots of ""fuzzy"" tracks passing downstream through beams, I'm thinking maybe schools of small fish?"
2024,5/19/2024,5:30,Full,No review,,,,,,,,
2024,5/19/2024,6:00,Full,First 30,BP,No fish,,,,,,
2024,5/19/2024,6:30,Full,No review,,,,,,,,
2024,5/19/2024,7:00,Full,First 30,BP,No fish,,,,,,
2024,5/19/2024,7:30,Full,No review,,,,,,,,
2024,5/19/2024,8:00,Full,First 30,BP,No fish,,,,,,
2024,5/19/2024,8:30,Full,No review,,,,,,,,
2024,5/19/2024,9:00,Full,First 30,BP,No fish,,,,,,
2024,5/19/2024,9:30,Full,No review,,,,,,,,
2024,5/19/2024,10:00,Full,First 30,BP,No fish,,,,,,
2024,5/19/2024,10:30,Full,No review,,,,,,,,
2024,5/19/2024,11:00,Full,First 30,BP,No fish,,,,,,
2024,5/19/2024,11:30,Full,No review,,,,,,,,
2024,5/19/2024,12:00,Full,First 30,BP,No fish,,,,,,
2024,5/19/2024,12:30,Full,No review,,,,,,,,
2024,5/19/2024,13:00,Full,First 30,BP,No fish,,,,,,
2024,5/19/2024,13:30,Full,No review,,,,,,,,
2024,5/19/2024,14:00,Full,First 30,BP,No fish,,,,,,
2024,5/19/2024,14:30,Full,No review,,,,,,,,
2024,5/19/2024,15:00,Full,First 30,BP,No fish,,,,,,
2024,5/19/2024,15:30,Full,No review,,,,,,,,
2024,5/19/2024,16:00,Full,First 30,BP,No fish,,,,,,
2024,5/19/2024,16:30,Full,No review,,,,,,,,
2024,5/19/2024,17:00,Full,First 30,BP,No fish,,,,,,
2024,5/19/2024,17:30,Full,No review,,,,,,,,
2024,5/19/2024,18:00,Full,First 30,BP,No fish,,,,,,
2024,5/19/2024,18:30,Full,No review,,,,,,,,
2024,5/19/2024,19:00,Full,First 30,BP,No fish,,,,,,
2024,5/19/2024,19:30,Full,No review,,,,,,,,
2024,5/19/2024,20:00,Full,First 30,BP,No fish,,,,,,
2024,5/19/2024,20:30,Full,No review,,,,,,,,
2024,5/19/2024,21:00,Full,First 30,BP,No fish,,,,,,"lots of ""fuzzy"" tracks passing downstream through beams, I'm thinking maybe schools of small fish?"
2024,5/19/2024,21:30,Full,No review,,,,,,,,
2024,5/19/2024,22:00,Full,First 30,BP,22:04:03,1060,upstream,10.41,68.40,1,
2024,5/19/2024,22:30,Full,No review,,,,,,,,
2024,5/19/2024,23:00,Full,First 30,BP,No fish,,,,,,
2024,5/19/2024,23:30,Full,No review,,,,,,,,
2024,5/20/2024,0:00,Full,First 30,SM,0:03:59,924,upstream,11.77,89.7,2,BC changed to 2- not a fish. 
2024,5/20/2024,0:00,Full,First 30,SM,0:27:40,6351,downstream,8.37,91.6,2,BC changed to 2- not a fish. 
2024,5/20/2024,0:30,Full,No review,,,,,,,,
2024,5/20/2024,1:00,Full,First 30,SM,1:11:22,2566,downstream,10.23,54,2,
2024,5/20/2024,1:30,Full,No review,,,,,,,,
2024,5/20/2024,2:00,Full,First 30,SM,2:02:53,668,downstream,9.01,69.1,1,
2024,5/20/2024,2:30,Full,No review,,,,,,,,
2024,5/20/2024,3:00,Full,First 30,SM,No fish,,,,,,
2024,5/20/2024,3:30,Full,No review,,,,,,,,
2024,5/20/2024,4:00,Full,First 30,SM,No fish,,,,,,
2024,5/20/2024,4:30,Full,No review,,,,,,,,
2024,5/20/2024,5:00,Full,First 30,SM,5:22:42,4234,upstream,14.16,65.7,1,
2024,5/20/2024,5:30,Full,No review,,,,,,,,
2024,5/20/2024,6:00,Full,First 30,SM,No fish,,,,,,
2024,5/20/2024,6:30,Full,No review,,,,,,,,
2024,5/20/2024,7:00,Full,First 30,SM,No fish,,,,,,
2024,5/20/2024,7:30,Full,No review,,,,,,,,
2024,5/20/2024,8:00,Full,First 30,SM,No fish,,,,,,
2024,5/20/2024,8:30,Full,No review,,,,,,,,
2024,5/20/2024,9:00,Full,First 30,SM,No fish,,,,,,
2024,5/20/2024,9:30,Full,No review,,,,,,,,
2024,5/20/2024,10:00,Full,First 30,SM,No fish,,,,,,
2024,5/20/2024,10:30,Full,No review,,,,,,,,
2024,5/20/2024,11:00,Full,First 30,SM,No fish,,,,,,
2024,5/20/2024,11:30,Full,No review,,,,,,,,
2024,5/20/2024,12:00,Full,First 30,SM,No fish,,,,,,
2024,5/20/2024,12:30,Full,No review,,,,,,,,
2024,5/20/2024,13:00,Full,First 30,SM,No fish,,,,,,
2024,5/20/2024,13:30,Full,No review,,,,,,,,
2024,5/20/2024,14:00,Full,First 30,SM,No fish,,,,,,
2024,5/20/2024,14:30,Full,No review,,,,,,,,
2024,5/20/2024,15:00,Full,First 30,SM,No fish,,,,,,
2024,5/20/2024,15:30,Full,No review,,,,,,,,
2024,5/20/2024,16:00,Full,First 30,SM,No fish,,,,,,
2024,5/20/2024,16:30,Full,No review,,,,,,,,
2024,5/20/2024,17:00,Full,First 30,SM,No fish,,,,,,
2024,5/20/2024,17:30,Full,No review,,,,,,,,
2024,5/20/2024,18:00,Full,First 30,SM,No fish,,,,,,
2024,5/20/2024,18:30,Full,No review,,,,,,,,
2024,5/20/2024,19:00,Full,First 30,SM,No fish,,,,,,
2024,5/20/2024,19:30,Full,No review,,,,,,,,
2024,5/20/2024,20:00,Full,First 30,SM,No fish,,,,,,
2024,5/20/2024,20:30,Full,No review,,,,,,,,
2024,5/20/2024,21:00,Full,First 30,SM,No fish,,,,,,
2024,5/20/2024,21:30,Full,No review,,,,,,,,
2024,5/20/2024,22:00,Full,First 30,SM,No fish,,,,,,
2024,5/20/2024,22:30,Full,No review,,,,,,,,
2024,5/20/2024,23:00,Full,First 30,SM,23:02:27,173,downstream,10.34,81.5,1,
2024,5/20/2024,23:30,Full,No review,,,,,,,,
2024,5/21/2024,0:00,Full,First 30,SM,No fish,,,,,,
2024,5/21/2024,0:30,Full,No review,,,,,,,,
2024,5/21/2024,1:00,Full,First 30,SM,1:18:33,1715,downstream,12.21,83.7,2,
2024,5/21/2024,1:30,Full,No review,,,,,,,,
2024,5/21/2024,2:00,Full,First 30,SM,No fish,,,,,,
2024,5/21/2024,2:30,Full,No review,,,,,,,,
2024,5/21/2024,3:00,Full,First 30,SM,No fish,,,,,,
2024,5/21/2024,3:30,Full,No review,,,,,,,,
2024,5/21/2024,4:00,Full,First 30,SM,No fish,,,,,,
2024,5/21/2024,4:30,Full,No review,,,,,,,,
2024,5/21/2024,5:00,Full,First 30,SM,No fish,,,,,,
2024,5/21/2024,5:30,Full,No review,,,,,,,,
2024,5/21/2024,6:00,Full,First 30,SM,No fish,,,,,,Day is missing 7-10 AM files
2024,5/21/2024,6:30,Full,No review,,,,,,,,
2024,5/21/2024,7:00,No data,No data,,,,,,,,
2024,5/21/2024,7:30,No data,No data,,,,,,,,
2024,5/21/2024,8:00,No data,No data,,,,,,,,
2024,5/21/2024,8:30,No data,No data,,,,,,,,
2024,5/21/2024,9:00,No data,No data,,,,,,,,
2024,5/21/2024,9:30,No data,No data,,,,,,,,
2024,5/21/2024,10:00,No data,No data,,,,,,,,
2024,5/21/2024,10:30,No data,No data,,,,,,,,
2024,5/21/2024,11:00,Full,First 30,SM,No fish,,,,,,
2024,5/21/2024,11:30,Full,No review,,,,,,,,
2024,5/21/2024,12:00,Full,First 30,SM,No fish,,,,,,
2024,5/21/2024,12:30,Full,No review,,,,,,,,
2024,5/21/2024,13:00,Full,First 30,SM,No fish,,,,,,
2024,5/21/2024,13:30,Full,No review,,,,,,,,
2024,5/21/2024,14:00,Full,First 30,SM,No fish,,,,,,
2024,5/21/2024,14:30,Full,No review,,,,,,,,
2024,5/21/2024,15:00,Full,First 30,SM,No fish,,,,,,
2024,5/21/2024,15:30,Full,No review,,,,,,,,
2024,5/21/2024,16:00,Full,First 30,SM,No fish,,,,,,
2024,5/21/2024,16:30,Full,No review,,,,,,,,
2024,5/21/2024,17:00,Full,First 30,SM,No fish,,,,,,
2024,5/21/2024,17:30,Full,No review,,,,,,,,
2024,5/21/2024,18:00,Full,First 30,SM,No fish,,,,,,
2024,5/21/2024,18:30,Full,No review,,,,,,,,
2024,5/21/2024,19:00,Full,First 30,SM,No fish,,,,,,
2024,5/21/2024,19:30,Full,No review,,,,,,,,
2024,5/21/2024,20:00,Full,First 30,SM,No fish,,,,,,
2024,5/21/2024,20:30,Full,No review,,,,,,,,
2024,5/21/2024,21:00,Full,First 30,SM,No fish,,,,,,
2024,5/21/2024,21:30,Full,No review,,,,,,,,
2024,5/21/2024,22:00,Full,First 30,SM,No fish,,,,,,
2024,5/21/2024,22:30,Full,No review,,,,,,,,
2024,5/21/2024,23:00,Full,First 30,SM,No fish,,,,,,
2024,5/21/2024,23:30,Full,No review,,,,,,,,
2024,5/22/2024,0:00,Full,First 30,SM,No fish,,,,,,
2024,5/22/2024,0:30,Full,No review,,,,,,,,
2024,5/22/2024,1:00,Full,First 30,SM,No fish,,,,,,
2024,5/22/2024,1:30,Full,No review,,,,,,,,
2024,5/22/2024,2:00,Full,First 30,SM,No fish,,,,,,
2024,5/22/2024,2:30,Full,No review,,,,,,,,
2024,5/22/2024,3:00,Full,First 30,SM,No fish,,,,,,
2024,5/22/2024,3:30,Full,No review,,,,,,,,
2024,5/22/2024,4:00,Full,First 30,SM,4:18:13,1458,downstream,10.03,64.7,1,
2024,5/22/2024,4:00,Full,First 30,SM,4:18:13,1458,downstream,9.7,77.3,1,Does not look like 2 fish on EG but does when background subraction is turned off
2024,5/22/2024,4:30,Full,No review,,,,,,,,
2024,5/22/2024,5:00,Full,First 30,SM,No fish,,,,,,
2024,5/22/2024,5:30,Full,No review,,,,,,,,
2024,5/22/2024,6:00,Full,First 30,SM,No fish,,,,,,
2024,5/22/2024,6:30,Full,No review,,,,,,,,
2024,5/22/2024,7:00,Full,First 30,SM,No fish,,,,,,
2024,5/22/2024,7:30,Full,No review,,,,,,,,
2024,5/22/2024,8:00,Full,First 30,SM,No fish,,,,,,Missing 9-11 AM
2024,5/22/2024,8:30,Full,No review,,,,,,,,
2024,5/22/2024,9:00,No data,No data,,,,,,,,
2024,5/22/2024,9:30,No data,No data,,,,,,,,
2024,5/22/2024,10:00,No data,No data,,,,,,,,
2024,5/22/2024,10:30,No data,No data,,,,,,,,
2024,5/22/2024,11:00,No data,No data,,,,,,,,
2024,5/22/2024,11:30,Full,No review,,,,,,,,
2024,5/22/2024,12:00,Partial,First 30,SM,No fish,,,,,,Starts at 12:04
2024,5/22/2024,12:30,Partial,No review,,,,,,,,Starts at 12:33
2024,5/22/2024,13:00,Partial,First 30,SM,No fish,,,,,,Starts at 13:03
2024,5/22/2024,13:30,Full,No review,,,,,,,,Starts at 13:33
2024,5/22/2024,14:00,Partial,First 30,SM,No fish,,,,,,Starts at 14:03
2024,5/22/2024,14:30,Full,No review,,,,,,,,
2024,5/22/2024,15:00,Full,First 30,SM,No fish,,,,,,
2024,5/22/2024,15:30,Full,No review,,,,,,,,
2024,5/22/2024,16:00,Full,First 30,SM,No fish,,,,,,
2024,5/22/2024,16:30,Full,No review,,,,,,,,
2024,5/22/2024,17:00,Full,First 30,SM,No fish,,,,,,
2024,5/22/2024,17:30,Full,No review,,,,,,,,
2024,5/22/2024,18:00,Full,First 30,SM,No fish,,,,,,
2024,5/22/2024,18:30,Full,No review,,,,,,,,
2024,5/22/2024,19:00,Full,First 30,SM,No fish,,,,,,
2024,5/22/2024,19:30,Full,No review,,,,,,,,
2024,5/22/2024,20:00,Full,First 30,SM,No fish,,,,,,
2024,5/22/2024,20:30,Full,No review,,,,,,,,
2024,5/22/2024,21:00,Full,First 30,SM,No fish,,,,,,
2024,5/22/2024,21:30,Full,No review,,,,,,,,
2024,5/22/2024,22:00,Full,First 30,SM,No fish,,,,,,
2024,5/22/2024,22:30,Full,No review,,,,,,,,
2024,5/22/2024,23:00,Full,First 30,SM,No fish,,,,,,
2024,5/22/2024,23:30,Full,No review,,,,,,,,
2024,5/23/2024,0:00,Full,First 30,BP,0:25:11,7416,downstream,11.46,74.10,1,
2024,5/23/2024,0:30,Full,No review,,,,,,,,
2024,5/23/2024,1:00,Full,First 30,BP,No fish,,,,,,
2024,5/23/2024,1:30,Full,No review,,,,,,,,
2024,5/23/2024,2:00,Full,First 30,BP,2:07:39,2235,downstream,10.24,68.90,1,
2024,5/23/2024,2:30,Full,No review,,,,,,,,
2024,5/23/2024,3:00,Full,First 30,BP,No fish,,,,,,
2024,5/23/2024,3:30,Full,No review,,,,,,,,
2024,5/23/2024,4:00,Full,First 30,BP,No fish,,,,,,
2024,5/23/2024,4:30,Full,No review,,,,,,,,
2024,5/23/2024,5:00,Full,First 30,BP,No fish,,,,,,
2024,5/23/2024,5:30,Full,No review,,,,,,,,
2024,5/23/2024,6:00,Full,First 30,BP,6:05:17,1535,upstream,14.05,62.80,1,
2024,5/23/2024,6:30,Full,No review,,,,,,,,
2024,5/23/2024,7:00,Full,First 30,BP,No fish,,,,,,
2024,5/23/2024,7:30,Full,No review,,,,,,,,
2024,5/23/2024,8:00,Full,First 30,BP,No fish,,,,,,
2024,5/23/2024,8:30,Full,No review,,,,,,,,
2024,5/23/2024,9:00,Full,First 30,BP,No fish,,,,,,
2024,5/23/2024,9:30,Full,No review,,,,,,,,
2024,5/23/2024,10:00,Full,First 30,BP,No fish,,,,,,
2024,5/23/2024,10:30,Full,No review,,,,,,,,
2024,5/23/2024,11:00,Full,First 30,BP,No fish,,,,,,
2024,5/23/2024,11:30,Full,No review,,,,,,,,
2024,5/23/2024,12:00,Full,First 30,BP,No fish,,,,,,
2024,5/23/2024,12:30,Full,No review,,,,,,,,
2024,5/23/2024,13:00,Full,First 30,BP,No fish,,,,,,
2024,5/23/2024,13:30,Full,No review,,,,,,,,
2024,5/23/2024,14:00,Full,First 30,BP,No fish,,,,,,
2024,5/23/2024,14:30,Full,No review,,,,,,,,
2024,5/23/2024,15:00,Full,First 30,BP,No fish,,,,,,
2024,5/23/2024,15:30,Full,No review,,,,,,,,
2024,5/23/2024,16:00,Full,First 30,BP,No fish,,,,,,
2024,5/23/2024,16:30,Full,No review,,,,,,,,
2024,5/23/2024,17:00,Full,First 30,BP,No fish,,,,,,
2024,5/23/2024,17:30,Full,No review,,,,,,,,
2024,5/23/2024,18:00,Full,First 30,BP,No fish,,,,,,
2024,5/23/2024,18:30,Full,No review,,,,,,,,
2024,5/23/2024,19:00,Full,First 30,BP,No fish,,,,,,
2024,5/23/2024,19:30,Full,No review,,,,,,,,
2024,5/23/2024,20:00,Full,First 30,BP,No fish,,,,,,
2024,5/23/2024,20:30,Full,No review,,,,,,,,
2024,5/23/2024,21:00,Full,First 30,BP,21:19:15,5673,downstream,13.64,71.70,1,
2024,5/23/2024,21:30,Full,No review,,,,,,,,
2024,5/23/2024,22:00,Full,First 30,BP,No fish,,,,,,
2024,5/23/2024,22:30,Full,No review,,,,,,,,
2024,5/23/2024,23:00,Full,First 30,BP,No fish,,,,,,
2024,5/23/2024,23:30,Full,No review,,,,,,,,
2024,5/24/2024,0:00,Full,First 30,BP,No fish,,,,,,
2024,5/24/2024,0:30,Full,No review,,,,,,,,
2024,5/24/2024,1:00,Full,First 30,BP,No fish,,,,,,
2024,5/24/2024,1:30,Full,No review,,,,,,,,
2024,5/24/2024,2:00,Full,First 30,BP,No fish,,,,,,
2024,5/24/2024,2:30,Full,No review,,,,,,,,
2024,5/24/2024,3:00,Full,First 30,BP,No fish,,,,,,
2024,5/24/2024,3:30,Full,No review,,,,,,,,
2024,5/24/2024,4:00,Full,First 30,BP,No fish,,,,,,
2024,5/24/2024,4:30,Full,No review,,,,,,,,
2024,5/24/2024,5:00,Full,First 30,BP,No fish,,,,,,
2024,5/24/2024,5:30,Full,No review,,,,,,,,
2024,5/24/2024,6:00,Full,First 30,BP,No fish,,,,,,
2024,5/24/2024,6:30,Full,No review,,,,,,,,
2024,5/24/2024,7:00,Full,First 30,BP,No fish,,,,,,
2024,5/24/2024,7:30,Full,No review,,,,,,,,
2024,5/24/2024,8:00,Full,First 30,BP,No fish,,,,,,
2024,5/24/2024,8:30,Full,No review,,,,,,,,
2024,5/24/2024,9:00,Full,First 30,BP,No fish,,,,,,
2024,5/24/2024,9:30,Full,No review,,,,,,,,
2024,5/24/2024,10:00,Full,First 30,BP,No fish,,,,,,
2024,5/24/2024,10:30,Full,No review,,,,,,,,
2024,5/24/2024,11:00,Full,First 30,BP,No fish,,,,,,
2024,5/24/2024,11:30,Full,No review,,,,,,,,
2024,5/24/2024,12:00,Full,First 30,BP,No fish,,,,,,
2024,5/24/2024,12:30,Full,No review,,,,,,,,
2024,5/24/2024,13:00,Full,First 30,BP,13:08:05,2377,downstream,11.21,75.40,1,
2024,5/24/2024,13:30,Full,No review,,,,,,,,
2024,5/24/2024,14:00,Full,First 30,BP,No fish,,,,,,
2024,5/24/2024,14:30,Full,No review,,,,,,,,
2024,5/24/2024,15:00,Full,First 30,BP,No fish,,,,,,
2024,5/24/2024,15:30,Full,No review,,,,,,,,
2024,5/24/2024,16:00,Full,First 30,BP,No fish,,,,,,
2024,5/24/2024,16:30,Full,No review,,,,,,,,
2024,5/24/2024,17:00,Full,First 30,BP,No fish,,,,,,
2024,5/24/2024,17:30,Full,No review,,,,,,,,
2024,5/24/2024,18:00,Full,First 30,BP,No fish,,,,,,
2024,5/24/2024,18:30,Full,No review,,,,,,,,
2024,5/24/2024,19:00,Full,First 30,BP,No fish,,,,,,
2024,5/24/2024,19:30,Full,No review,,,,,,,,
2024,5/24/2024,20:00,Full,First 30,BP,No fish,,,,,,
2024,5/24/2024,20:30,Full,No review,,,,,,,,
2024,5/24/2024,21:00,Full,First 30,BP,21:09:25,2768,downstream,13.98,79.60,1,
2024,5/24/2024,21:30,Full,No review,,,,,,,,
2024,5/24/2024,22:00,Full,First 30,BP,No fish,,,,,,
2024,5/24/2024,22:30,Full,No review,,,,,,,,
2024,5/24/2024,23:00,Full,First 30,BP,No fish,,,,,,
2024,5/24/2024,23:30,Full,No review,,,,,,,,
2024,5/25/2024,0:00,Full,First 30,BP,No fish,,,,,,
2024,5/25/2024,0:30,Full,No review,,,,,,,,
2024,5/25/2024,1:00,Full,First 30,BP,1:15:42,4574,downstream,12.12,57.00,1,
2024,5/25/2024,1:00,Full,First 30,BP,1:16:09,4710,downstream,13.94,70.40,1,
2024,5/25/2024,1:00,Full,First 30,BP,1:25:42,7521,downstream,11.02,117.60,2,BC changed to 2
2024,5/25/2024,1:30,Full,No review,,,,,,,,
2024,5/25/2024,2:00,Full,First 30,BP,No fish,,,,,,
2024,5/25/2024,2:30,Full,No review,,,,,,,,
2024,5/25/2024,3:00,Full,First 30,BP,No fish,,,,,,
2024,5/25/2024,3:30,Full,No review,,,,,,,,
2024,5/25/2024,4:00,Full,First 30,BP,No fish,,,,,,
2024,5/25/2024,4:30,Full,No review,,,,,,,,
2024,5/25/2024,5:00,Full,First 30,BP,No fish,,,,,,
2024,5/25/2024,5:30,Full,No review,,,,,,,,
2024,5/25/2024,6:00,Full,First 30,BP,No fish,,,,,,
2024,5/25/2024,6:30,Full,No review,,,,,,,,
2024,5/25/2024,7:00,Full,First 30,BP,7:04:06,1199,downstream,13.36,70.80,2,
2024,5/25/2024,7:30,Full,No review,,,,,,,,
2024,5/25/2024,8:00,Full,First 30,BP,No fish,,,,,,
2024,5/25/2024,8:30,Full,No review,,,,,,,,
2024,5/25/2024,9:00,Full,First 30,BP,No fish,,,,,,
2024,5/25/2024,9:30,Full,No review,,,,,,,,
2024,5/25/2024,10:00,Full,First 30,BP,No fish,,,,,,
2024,5/25/2024,10:30,Full,No review,,,,,,,,
2024,5/25/2024,11:00,Full,First 30,BP,No fish,,,,,,
2024,5/25/2024,11:30,Full,No review,,,,,,,,
2024,5/25/2024,12:00,Full,First 30,BP,No fish,,,,,,
2024,5/25/2024,12:30,Full,No review,,,,,,,,
2024,5/25/2024,13:00,Full,First 30,BP,No fish,,,,,,
2024,5/25/2024,13:30,Full,No review,,,,,,,,
2024,5/25/2024,14:00,Full,First 30,BP,No fish,,,,,,
2024,5/25/2024,14:30,Full,No review,,,,,,,,
2024,5/25/2024,15:00,Full,First 30,BP,No fish,,,,,,
2024,5/25/2024,15:30,Full,No review,,,,,,,,
2024,5/25/2024,16:00,Full,First 30,BP,No fish,,,,,,
2024,5/25/2024,16:30,Full,No review,,,,,,,,
2024,5/25/2024,17:00,Full,First 30,BP,No fish,,,,,,
2024,5/25/2024,17:30,Full,No review,,,,,,,,
2024,5/25/2024,18:00,Full,First 30,BP,No fish,,,,,,
2024,5/25/2024,18:30,Full,No review,,,,,,,,
2024,5/25/2024,19:00,Full,First 30,BP,No fish,,,,,,
2024,5/25/2024,19:30,Full,No review,,,,,,,,
2024,5/25/2024,20:00,Full,First 30,BP,No fish,,,,,,
2024,5/25/2024,20:30,Full,No review,,,,,,,,
2024,5/25/2024,21:00,Full,First 30,BP,No fish,,,,,,
2024,5/25/2024,21:30,Full,No review,,,,,,,,
2024,5/25/2024,22:00,Full,First 30,BP,No fish,,,,,,
2024,5/25/2024,22:30,Full,No review,,,,,,,,
2024,5/25/2024,23:00,Full,First 30,BP,No fish,,,,,,
2024,5/25/2024,23:30,Full,No review,,,,,,,,
2024,5/26/2024,0:00,Full,First 30,BP,No fish,,,,,,
2024,5/26/2024,0:30,Full,No review,,,,,,,,
2024,5/26/2024,1:00,Full,First 30,BP,No fish,,,,,,
2024,5/26/2024,1:30,Full,No review,,,,,,,,
2024,5/26/2024,2:00,Full,First 30,BP,No fish,,,,,,
2024,5/26/2024,2:30,Full,No review,,,,,,,,
2024,5/26/2024,3:00,Full,First 30,BP,3:00:31,151,downstream,8.89,106.70,2,BC changed to 2
2024,5/26/2024,3:00,Full,First 30,BP,3:00:33,160,downstream,7.96,89.50,2,BC changed to 2
2024,5/26/2024,3:00,Full,First 30,BP,3:00:33,159,downstream,8.85,83.00,2,BC changed to 2
2024,5/26/2024,3:00,Full,First 30,BP,3:00:33,162,downstream,9.06,92.90,2,BC changed to 2
2024,5/26/2024,3:00,Full,First 30,BP,3:00:34,163,downstream,8.17,81.70,2,BC changed to 2
2024,5/26/2024,3:00,Full,First 30,BP,3:00:34,163,downstream,7.91,74.40,2,BC changed to 2
2024,5/26/2024,3:00,Full,First 30,BP,3:00:34,167,downstream,10.43,81.50,2,BC changed to 2
2024,5/26/2024,3:30,Full,No review,,,,,,,,
2024,5/26/2024,4:00,Full,First 30,BP,No fish,,,,,,
2024,5/26/2024,4:30,Full,No review,,,,,,,,
2024,5/26/2024,5:00,Full,First 30,BP,5:13:24,3920,upstream,10.10,63.70,1,
2024,5/26/2024,5:30,Full,No review,,,,,,,,
2024,5/26/2024,5:30,Full,No review,,,,,,,,
2024,5/26/2024,6:00,Full,First 30,BP,No fish,,,,,,
2024,5/26/2024,6:30,Full,No review,,,,,,,,
2024,5/26/2024,7:00,Full,First 30,BP,No fish,,,,,,
2024,5/26/2024,7:30,Full,No review,,,,,,,,
2024,5/26/2024,8:00,Full,First 30,BP,No fish,,,,,,
2024,5/26/2024,8:30,Full,No review,,,,,,,,
2024,5/26/2024,9:00,Full,First 30,BP,No fish,,,,,,
2024,5/26/2024,9:30,Full,No review,,,,,,,,
2024,5/26/2024,10:00,Full,First 30,BP,No fish,,,,,,
2024,5/26/2024,10:30,Full,No review,,,,,,,,
2024,5/26/2024,11:00,Full,First 30,BP,No fish,,,,,,
2024,5/26/2024,11:30,Full,No review,,,,,,,,
2024,5/26/2024,12:00,Full,First 30,BP,No fish,,,,,,
2024,5/26/2024,12:30,Full,No review,,,,,,,,
2024,5/26/2024,13:00,Full,First 30,BP,No fish,,,,,,
2024,5/26/2024,13:30,Full,No review,,,,,,,,
2024,5/26/2024,14:00,Full,First 30,BP,No fish,,,,,,
2024,5/26/2024,14:30,Full,No review,,,,,,,,
2024,5/26/2024,15:00,Full,First 30,BP,No fish,,,,,,
2024,5/26/2024,15:30,Full,No review,,,,,,,,
2024,5/26/2024,16:00,Full,First 30,BP,No fish,,,,,,
2024,5/26/2024,16:30,Full,No review,,,,,,,,
2024,5/26/2024,17:00,Full,First 30,BP,No fish,,,,,,
2024,5/26/2024,17:30,Full,No review,,,,,,,,
2024,5/26/2024,18:00,Full,First 30,BP,No fish,,,,,,
2024,5/26/2024,18:30,Full,No review,,,,,,,,
2024,5/26/2024,19:00,Full,First 30,BP,No fish,,,,,,
2024,5/26/2024,19:30,Full,No review,,,,,,,,
2024,5/26/2024,20:00,Full,First 30,BP,No fish,,,,,,
2024,5/26/2024,20:30,Full,No review,,,,,,,,
2024,5/26/2024,21:00,Full,First 30,BP,21:10:39,3136,upstream,10.22,65.80,1,
2024,5/26/2024,21:00,Full,First 30,BP,21:13:55,4076,upstream,12.31,127.80,2,huge fish! BC changed to 2
2024,5/26/2024,21:00,Full,First 30,BP,21:16:50,4924,upstream,11.18,155.40,2,huge fish! BC changed to 2
2024,5/26/2024,21:30,Full,No review,,,,,,,,
2024,5/26/2024,22:00,Full,First 30,BP,No fish,,,,,,
2024,5/26/2024,22:30,Full,No review,,,,,,,,
2024,5/26/2024,23:00,Full,First 30,BP,No fish,,,,,,
2024,5/26/2024,23:30,Full,No review,,,,,,,,
2024,5/27/2024,0:00,Full,First 30,SM,,,,,,,
2024,5/27/2024,0:30,Full,No review,,,,,,,,
2024,5/27/2024,1:00,Full,First 30,SM,1:22:34,6610,downstream,11.62,54.5,1,
2024,5/27/2024,1:30,Full,No review,,,,,,,,
2024,5/27/2024,2:00,Full,First 30,SM,2:19:03,5574,downstream,11.33,73.5,1,
2024,5/27/2024,2:30,Full,No review,,,,,,,,
2024,5/27/2024,3:00,Full,First 30,SM,No fish,,,,,,
2024,5/27/2024,3:30,Full,No review,,,,,,,,
2024,5/27/2024,4:00,Full,First 30,SM,4:22:57,6769,upstream,7.59,67.6,1,
2024,5/27/2024,4:30,Full,No review,,,,,,,,
2024,5/27/2024,5:00,Full,First 30,SM,No fish,,,,,,
2024,5/27/2024,5:30,Full,No review,,,,,,,,
2024,5/27/2024,6:00,Full,First 30,SM,No fish,,,,,,
2024,5/27/2024,6:30,Full,No review,,,,,,,,
2024,5/27/2024,7:00,Full,First 30,SM,7:26:42,7903,upstream,11.72,84.9,1,
2024,5/27/2024,7:30,Full,No review,,,,,,,,
2024,5/27/2024,8:00,Full,First 30,SM,No fish,,,,,,
2024,5/27/2024,8:30,Full,No review,,,,,,,,
2024,5/27/2024,9:00,Full,First 30,SM,No fish,,,,,,
2024,5/27/2024,9:30,Full,No review,,,,,,,,
2024,5/27/2024,10:00,Full,First 30,SM,No fish,,,,,,
2024,5/27/2024,10:30,Full,No review,,,,,,,,
2024,5/27/2024,11:00,Full,First 30,SM,11:29:11,8069,upstream,11.09,51.8,1,
2024,5/27/2024,11:30,Partial,No review,,,,,,,,
2024,5/27/2024,12:00,Full,First 30,SM,No fish,,,,,,Starts at 12:01
2024,5/27/2024,12:30,Partial,No review,,,,,,,,
2024,5/27/2024,13:00,Full,First 30,SM,No fish,,,,,,Starts at 13:01
2024,5/27/2024,13:30,Partial,No review,,,,,,,,
2024,5/27/2024,14:00,Full,First 30,SM,No fish,,,,,,Starts at 14:00:55
2024,5/27/2024,14:30,Partial,No review,,,,,,,,
2024,5/27/2024,15:00,Full,First 30,SM,No fish,,,,,,
2024,5/27/2024,15:30,Partial,No review,,,,,,,,
2024,5/27/2024,16:00,Full,First 30,SM,No fish,,,,,,
2024,5/27/2024,16:30,Full,No review,,,,,,,,
2024,5/27/2024,17:00,Full,First 30,SM,No fish,,,,,,
2024,5/27/2024,17:30,Full,No review,,,,,,,,
2024,5/27/2024,18:00,Full,First 30,SM,No fish,,,,,,
2024,5/27/2024,18:30,Full,No review,,,,,,,,
2024,5/27/2024,19:00,Full,First 30,SM,No fish,,,,,,
2024,5/27/2024,19:30,Full,No review,,,,,,,,
2024,5/27/2024,20:00,Full,First 30,SM,No fish,,,,,,
2024,5/27/2024,20:30,Full,No review,,,,,,,,
2024,5/27/2024,21:00,Full,First 30,SM,No fish,,,,,,
2024,5/27/2024,21:30,Full,No review,,,,,,,,
2024,5/27/2024,22:00,Full,First 30,SM,22:12:47,3727,upstream,11.62,63.5,1,
2024,5/27/2024,22:00,Full,First 30,SM,22:20:56,6101,upstream,5.96,61.4,1,
2024,5/27/2024,22:30,Full,No review,,,,,,,,
2024,5/27/2024,23:00,Full,First 30,SM,23:11:44,3440,downstream,18.58,80,1,
2024,5/27/2024,23:30,Full,No review,,,,,,,,
2024,5/28/2024,0:00,Full,First 30,SM,No fish,,,,,,
2024,5/28/2024,0:30,Full,No review,,,,,,,,
2024,5/28/2024,1:00,Full,First 30,SM,No fish,,,,,,
2024,5/28/2024,1:30,Full,No review,,,,,,,,
2024,5/28/2024,2:00,Full,First 30,SM,No fish,,,,,,
2024,5/28/2024,2:30,Full,No review,,,,,,,,
2024,5/28/2024,3:00,Full,First 30,SM,No fish,,,,,,
2024,5/28/2024,3:30,Full,No review,,,,,,,,
2024,5/28/2024,4:00,Full,First 30,SM,No fish,,,,,,
2024,5/28/2024,4:30,Full,No review,,,,,,,,
2024,5/28/2024,5:00,Full,First 30,SM,5:01:33,440,upstream,12.29,66.7,1,
2024,5/28/2024,5:30,Full,No review,,,,,,,,
2024,5/28/2024,6:00,Full,First 30,SM,No fish,,,,,,
2024,5/28/2024,6:30,Full,No review,,,,,,,,
2024,5/28/2024,7:00,Full,First 30,SM,No fish,,,,,,
2024,5/28/2024,7:30,Full,No review,,,,,,,,
2024,5/28/2024,8:00,Full,First 30,SM,No fish,,,,,,
2024,5/28/2024,8:30,Full,No review,,,,,,,,
2024,5/28/2024,9:00,Full,First 30,SM,No fish,,,,,,
2024,5/28/2024,9:30,Full,No review,,,,,,,,
2024,5/28/2024,10:00,Full,First 30,SM,No fish,,,,,,
2024,5/28/2024,10:30,Full,No review,,,,,,,,
2024,5/28/2024,11:00,Full,First 30,SM,No fish,,,,,,
2024,5/28/2024,11:30,Full,No review,,,,,,,,
2024,5/28/2024,12:00,Full,First 30,SM,No fish,,,,,,
2024,5/28/2024,12:30,Full,No review,,,,,,,,
2024,5/28/2024,13:00,Full,First 30,SM,No fish,,,,,,
2024,5/28/2024,13:30,Full,No review,,,,,,,,
2024,5/28/2024,14:00,Full,First 30,SM,No fish,,,,,,
2024,5/28/2024,14:30,Full,No review,,,,,,,,
2024,5/28/2024,15:00,Full,First 30,SM,No fish,,,,,,
2024,5/28/2024,15:30,Full,No review,,,,,,,,
2024,5/28/2024,16:00,Full,First 30,SM,No fish,,,,,,
2024,5/28/2024,16:30,Full,No review,,,,,,,,
2024,5/28/2024,17:00,Full,First 30,SM,No fish,,,,,,
2024,5/28/2024,17:30,Full,No review,,,,,,,,
2024,5/28/2024,18:00,Full,First 30,SM,No fish,,,,,,
2024,5/28/2024,18:30,Full,No review,,,,,,,,
2024,5/28/2024,19:00,Full,First 30,SM,No fish,,,,,,
2024,5/28/2024,19:30,Full,No review,,,,,,,,
2024,5/28/2024,20:00,Full,First 30,SM,No fish,,,,,,
2024,5/28/2024,20:30,Full,No review,,,,,,,,
2024,5/28/2024,21:00,Full,First 30,SM,No fish,,,,,,
2024,5/28/2024,21:30,Full,No review,,,,,,,,
2024,5/28/2024,22:00,Full,First 30,SM,No fish,,,,,,
2024,5/28/2024,22:30,Full,No review,,,,,,,,
2024,5/28/2024,23:00,Full,First 30,SM,23:17:29,5121,downstream,9.02,63,1,
2024,5/28/2024,23:30,Full,No review,,,,,,,,
2024,5/29/2024,0:00,Full,First 30,SM,0:04:47,1403,downstream,10.67,66,1,
2024,5/29/2024,0:00,Full,First 30,SM,0:07:23,2155,upstream,5.84,50,1,
2024,5/29/2024,0:00,Full,First 30,SM,0:22:32,6600,downstream,13.96,92.6,2,BC unsure
2024,5/29/2024,0:00,Full,First 30,SM,0:26:21,7700,downstream,12.46,87.6,2,BC changed to 2- not a fish. 
2024,5/29/2024,0:30,Full,No review,,,,,,,,
2024,5/29/2024,1:00,Full,First 30,SM,No fish,,,,,,
2024,5/29/2024,1:30,Full,No review,,,,,,,,
2024,5/29/2024,2:00,Full,First 30,SM,No fish,,,,,,
2024,5/29/2024,2:30,Full,No review,,,,,,,,
2024,5/29/2024,3:00,Full,First 30,SM,No fish,,,,,,
2024,5/29/2024,3:30,Full,No review,,,,,,,,
2024,5/29/2024,4:00,Full,First 30,SM,No fish,,,,,,
2024,5/29/2024,4:30,Full,No review,,,,,,,,
2024,5/29/2024,5:00,Full,First 30,SM,5:24:09,7053,upstream,7.89,73.7,1,
2024,5/29/2024,5:30,Full,No review,,,,,,,,
2024,5/29/2024,6:00,Full,First 30,SM,No fish,,,,,,
2024,5/29/2024,6:30,Full,No review,,,,,,,,
2024,5/29/2024,7:00,Full,First 30,SM,No fish,,,,,,
2024,5/29/2024,7:30,Full,No review,,,,,,,,
2024,5/29/2024,8:00,Full,First 30,SM,No fish,,,,,,Missing 9-11 AM for this day
2024,5/29/2024,8:30,Full,No review,,,,,,,,missing last minute of file
2024,5/29/2024,9:00,No data,No data,,,,,,,,
2024,5/29/2024,9:30,No data,No data,,,,,,,,
2024,5/29/2024,10:00,No data,No data,,,,,,,,
2024,5/29/2024,10:30,No data,No data,,,,,,,,
2024,5/29/2024,11:00,No data,No data,,,,,,,,
2024,5/29/2024,11:30,Full,No review,,,,,,,,
2024,5/29/2024,12:00,Full,First 30,SM,No fish,,,,,,
2024,5/29/2024,12:30,Full,No review,,,,,,,,
2024,5/29/2024,13:00,Full,First 30,SM,No fish,,,,,,
2024,5/29/2024,13:30,Full,No review,,,,,,,,
2024,5/29/2024,14:00,Full,First 30,SM,No fish,,,,,,
2024,5/29/2024,14:30,Full,No review,,,,,,,,
2024,5/29/2024,15:00,Full,First 30,SM,No fish,,,,,,
2024,5/29/2024,15:30,Full,No review,,,,,,,,
2024,5/29/2024,16:00,Full,First 30,SM,16:24:18,7622,upstream,8.05,73,1,
2024,5/29/2024,16:30,Full,No review,,,,,,,,
2024,5/29/2024,17:00,Full,First 30,SM,No fish,,,,,,
2024,5/29/2024,17:30,Full,No review,,,,,,,,
2024,5/29/2024,18:00,Full,First 30,SM,No fish,,,,,,
2024,5/29/2024,18:30,Full,No review,,,,,,,,
2024,5/29/2024,19:00,Full,First 30,SM,No fish,,,,,,
2024,5/29/2024,19:30,Full,No review,,,,,,,,
2024,5/29/2024,20:00,Full,First 30,SM,No fish,,,,,,
2024,5/29/2024,20:30,Full,No review,,,,,,,,
2024,5/29/2024,21:00,Full,First 30,SM,No fish,,,,,,
2024,5/29/2024,21:30,Full,No review,,,,,,,,
2024,5/29/2024,22:00,Full,First 30,SM,22:26:53,,,,,3,Otters?
2024,5/29/2024,22:30,Full,No review,,,,,,,,
2024,5/29/2024,23:00,Full,First 30,SM,No fish,,,,,,
2024,5/29/2024,23:30,Full,No review,,,,,,,,
2024,5/30/2024,0:00,Full,First 30,BP,0:29:00,8975,downstream,13.70,77.40,1,
2024,5/30/2024,0:30,Full,No review,,,,,,,,
2024,5/30/2024,1:00,Full,First 30,BP,No fish,,,,,,
2024,5/30/2024,1:30,Full,No review,,,,,,,,
2024,5/30/2024,2:00,Full,First 30,BP,2:02:04,642,downstream,9.70,68.30,2,
2024,5/30/2024,2:30,Full,No review,,,,,,,,
2024,5/30/2024,3:00,Full,First 30,BP,3:13:38,4229,downstream,7.28,113.30,2,3 tracks moving downstream close together; pretty large. Seems more likely to be otters but can't say for sure
2024,5/30/2024,3:00,Full,First 30,BP,3:13:38,4229,downstream,7.87,123.10,2,3 tracks moving downstream close together; pretty large. Seems more likely to be otters but can't say for sure
2024,5/30/2024,3:00,Full,First 30,BP,3:13:38,4233,downstream,6.78,86.20,2,3 tracks moving downstream close together; pretty large. Seems more likely to be otters but can't say for sure
2024,5/30/2024,3:00,Full,First 30,BP,3:16:20,5103,downstream,7.20,94.50,2,BC changed to 2
2024,5/30/2024,3:30,Full,No review,,,,,,,,
2024,5/30/2024,4:00,Full,First 30,BP,No fish,,,,,,
2024,5/30/2024,4:30,Full,No review,,,,,,,,
2024,5/30/2024,5:00,Full,First 30,BP,No fish,,,,,,
2024,5/30/2024,5:30,Full,No review,,,,,,,,
2024,5/30/2024,6:00,Full,First 30,BP,No fish,,,,,,
2024,5/30/2024,6:30,Full,No review,,,,,,,,
2024,5/30/2024,7:00,Full,First 30,BP,No fish,,,,,,
2024,5/30/2024,7:30,Full,No review,,,,,,,,
2024,5/30/2024,8:00,Full,First 30,BP,No fish,,,,,,
2024,5/30/2024,8:30,Full,No review,,,,,,,,
2024,5/30/2024,9:00,Full,First 30,BP,No fish,,,,,,
2024,5/30/2024,9:30,Full,No review,,,,,,,,
2024,5/30/2024,10:00,Full,First 30,BP,No fish,,,,,,
2024,5/30/2024,10:30,Full,No review,,,,,,,,
2024,5/30/2024,11:00,Full,First 30,BP,No fish,,,,,,
2024,5/30/2024,11:30,Full,No review,,,,,,,,
2024,5/30/2024,12:00,Full,First 30,BP,No fish,,,,,,
2024,5/30/2024,12:30,Full,No review,,,,,,,,
2024,5/30/2024,13:00,Full,First 30,BP,No fish,,,,,,
2024,5/30/2024,13:30,Full,No review,,,,,,,,
2024,5/30/2024,14:00,Full,First 30,BP,No fish,,,,,,
2024,5/30/2024,14:30,Full,No review,,,,,,,,
2024,5/30/2024,15:00,Full,First 30,BP,No fish,,,,,,
2024,5/30/2024,15:30,Full,No review,,,,,,,,
2024,5/30/2024,16:00,Full,First 30,BP,No fish,,,,,,
2024,5/30/2024,16:30,Full,No review,,,,,,,,
2024,5/30/2024,17:00,Full,First 30,BP,No fish,,,,,,
2024,5/30/2024,17:30,Full,No review,,,,,,,,
2024,5/30/2024,18:00,Full,First 30,BP,No fish,,,,,,
2024,5/30/2024,18:30,Full,No review,,,,,,,,
2024,5/30/2024,19:00,Full,First 30,BP,No fish,,,,,,
2024,5/30/2024,19:30,Full,No review,,,,,,,,
2024,5/30/2024,20:00,Full,First 30,BP,No fish,,,,,,
2024,5/30/2024,20:30,Full,No review,,,,,,,,
2024,5/30/2024,21:00,Full,First 30,BP,21:29:33,9164,downstream,7.86,56.90,2,"otters, maybe?"
2024,5/30/2024,21:00,Full,First 30,BP,21:29:34,9168,downstream,9.37,65.70,2,"otters, maybe?"
2024,5/30/2024,21:00,Full,First 30,BP,21:29:34,9168,downstream,7.20,102.30,2,"otters, maybe?"
2024,5/30/2024,21:00,Full,First 30,BP,21:29:35,9176,downstream,7.71,107.50,2,"otters, maybe?"
2024,5/30/2024,21:30,Full,No review,,,,,,,,
2024,5/30/2024,22:00,Full,First 30,BP,22:12:09,3759,downstream,4.25,70.70,2,BC keep at 2
2024,5/30/2024,22:30,Full,No review,,,,,,,,
2024,5/30/2024,23:00,Full,First 30,BP,23:12:29,3873,downstream,7.42,74.20,1,
2024,5/30/2024,23:30,Full,No review,,,,,,,,
2024,5/31/2024,0:00,Full,First 30,BP,No fish,,,,,,
2024,5/31/2024,0:30,Full,No review,,,,,,,,
2024,5/31/2024,1:00,Full,First 30,BP,No fish,,,,,,
2024,5/31/2024,1:30,Full,No review,,,,,,,,
2024,5/31/2024,2:00,Full,First 30,BP,No fish,,,,,,
2024,5/31/2024,2:30,Full,No review,,,,,,,,
2024,5/31/2024,3:00,Full,First 30,BP,3:07:57,2456,downstream,7.74,73.00,1,
2024,5/31/2024,3:00,Full,First 30,BP,3:12:02,3714,downstream,9.37,63.30,1,
2024,5/31/2024,3:00,Full,First 30,BP,3:14:38,4526,upstream,9.14,69.10,1,
2024,5/31/2024,3:30,Full,No review,,,,,,,,
2024,5/31/2024,4:00,Full,First 30,BP,4:06:32,2015,downstream,10.15,63.10,1,
2024,5/31/2024,4:00,Full,First 30,BP,4:26:10,8088,downstream,11.41,77.90,1,
2024,5/31/2024,4:30,Full,No review,,,,,,,,
2024,5/31/2024,5:00,Full,First 30,BP,No fish,,,,,,
2024,5/31/2024,5:30,Full,No review,,,,,,,,
2024,5/31/2024,6:00,Full,First 30,BP,No fish,,,,,,
2024,5/31/2024,6:30,Full,No review,,,,,,,,
2024,5/31/2024,7:00,Full,First 30,BP,No fish,,,,,,
2024,5/31/2024,7:30,Full,No review,,,,,,,,
2024,5/31/2024,8:00,Full,First 30,BP,No fish,,,,,,
2024,5/31/2024,8:30,Full,No review,,,,,,,,
2024,5/31/2024,9:00,Full,First 30,BP,No fish,,,,,,
2024,5/31/2024,9:30,Full,No review,,,,,,,,
2024,5/31/2024,10:00,Full,First 30,BP,No fish,,,,,,
2024,5/31/2024,10:30,Full,No review,,,,,,,,
2024,5/31/2024,11:00,Full,First 30,BP,No fish,,,,,,
2024,5/31/2024,11:30,Full,No review,,,,,,,,
2024,5/31/2024,12:00,Full,First 30,BP,No fish,,,,,,
2024,5/31/2024,12:30,Full,No review,,,,,,,,
2024,5/31/2024,13:00,Full,First 30,BP,No fish,,,,,,
2024,5/31/2024,13:30,Full,No review,,,,,,,,
2024,5/31/2024,14:00,Full,First 30,BP,No fish,,,,,,
2024,5/31/2024,14:30,Full,No review,,,,,,,,
2024,5/31/2024,15:00,Full,First 30,BP,No fish,,,,,,
2024,5/31/2024,15:30,Full,No review,,,,,,,,
2024,5/31/2024,16:00,Full,First 30,BP,No fish,,,,,,
2024,5/31/2024,16:30,Full,No review,,,,,,,,
2024,5/31/2024,17:00,Full,First 30,BP,No fish,,,,,,
2024,5/31/2024,17:30,Full,No review,,,,,,,,
2024,5/31/2024,18:00,Full,First 30,BP,No fish,,,,,,
2024,5/31/2024,18:30,Full,No review,,,,,,,,
2024,5/31/2024,19:00,Full,First 30,BP,No fish,,,,,,
2024,5/31/2024,19:30,Full,No review,,,,,,,,
2024,5/31/2024,20:00,Full,First 30,BP,20:11:22,3522,downstream,7.42,99.70,2,4 fish swimming downstream together. BC changed to 2.
2024,5/31/2024,20:00,Full,First 30,BP,20:11:22,3526,downstream,6.69,90.00,2,4 fish swimming downstream together. BC changed to 2.
2024,5/31/2024,20:00,Full,First 30,BP,20:11:22,3526,downstream,7.60,108.40,2,4 fish swimming downstream together. BC changed to 2.
2024,5/31/2024,20:00,Full,First 30,BP,20:11:22,3526,downstream,7.07,119.60,2,4 fish swimming downstream together. BC changed to 2.
2024,5/31/2024,20:30,Full,No review,,,,,,,,
2024,5/31/2024,21:00,Full,First 30,BP,21:08:55,2757,upstream,10.87,157.00,2,huge fish! BC changed to 2
2024,5/31/2024,21:00,Full,First 30,BP,21:11:30,3558,downstream,10.69,62.70,1,
2024,5/31/2024,21:30,Full,No review,,,,,,,,
2024,5/31/2024,22:00,Full,First 30,BP,22:09:52,3056,downstream,12.79,54.20,1,
2024,5/31/2024,22:00,Full,First 30,BP,22:22:09,6844,upstream,10.89,158.00,2,huge fish! BC changed to 2
2024,5/31/2024,22:30,Full,No review,,,,,,,,
2024,5/31/2024,23:00,Full,First 30,BP,23:01:18,397,upstream,7.50,124.60,2,BC changed to 2
2024,5/31/2024,23:30,Full,No review,,,,,,,,
2024,6/1/2024,0:00,Full,First 30,BP,0:01:37,494,downstream,8.78,63.50,1,
2024,6/1/2024,0:00,Full,First 30,BP,0:06:32,2014,downstream,7.50,112.60,2,BC changed to 2
2024,6/1/2024,0:00,Full,First 30,BP,0:07:58,2463,downstream,10.58,126.80,2,BC changed to 2
2024,6/1/2024,0:00,Full,First 30,BP,0:15:18,4737,downstream,15.29,73.80,1,
2024,6/1/2024,0:00,Full,First 30,BP,0:15:43,4864,downstream,19.38,55.70,1,
2024,6/1/2024,0:30,Full,No review,,,,,,,,
2024,6/1/2024,1:00,Full,First 30,BP,No fish,,,,,,
2024,6/1/2024,1:30,Full,No review,,,,,,,,
2024,6/1/2024,2:00,Full,First 30,BP,No fish,,,,,,
2024,6/1/2024,2:30,Full,No review,,,,,,,,
2024,6/1/2024,3:00,Full,First 30,BP,3:20:05,6189,downstream,9.23,71.80,2,hardly any frames/imagery
2024,6/1/2024,3:30,Full,No review,,,,,,,,
2024,6/1/2024,4:00,Full,First 30,BP,No fish,,,,,,
2024,6/1/2024,4:30,Full,No review,,,,,,,,
2024,6/1/2024,5:00,Full,First 30,BP,5:09:28,2917,upstream,16.02,63.20,1,
2024,6/1/2024,5:30,Full,No review,,,,,,,,
2024,6/1/2024,6:00,Full,First 30,BP,No fish,,,,,,
2024,6/1/2024,6:30,Full,No review,,,,,,,,
2024,6/1/2024,7:00,Full,First 30,BP,No fish,,,,,,
2024,6/1/2024,7:30,Full,No review,,,,,,,,
2024,6/1/2024,8:00,Full,First 30,BP,No fish,,,,,,
2024,6/1/2024,8:30,Full,No review,,,,,,,,
2024,6/1/2024,9:00,Full,First 30,BP,No fish,,,,,,
2024,6/1/2024,9:30,Full,No review,,,,,,,,
2024,6/1/2024,10:00,Full,First 30,BP,No fish,,,,,,
2024,6/1/2024,10:30,Full,No review,,,,,,,,
2024,6/1/2024,11:00,Full,First 30,BP,No fish,,,,,,
2024,6/1/2024,11:30,Full,No review,,,,,,,,
2024,6/1/2024,12:00,Full,First 30,BP,No fish,,,,,,
2024,6/1/2024,12:30,Full,No review,,,,,,,,
2024,6/1/2024,13:00,Full,First 30,BP,No fish,,,,,,
2024,6/1/2024,13:30,Full,No review,,,,,,,,
2024,6/1/2024,14:00,Full,First 30,BP,No fish,,,,,,
2024,6/1/2024,14:30,Full,No review,,,,,,,,
2024,6/1/2024,15:00,Full,First 30,BP,No fish,,,,,,
2024,6/1/2024,15:30,Full,No review,,,,,,,,
2024,6/1/2024,16:00,Full,First 30,BP,No fish,,,,,,
2024,6/1/2024,16:30,Full,No review,,,,,,,,
2024,6/1/2024,17:00,Full,First 30,BP,No fish,,,,,,
2024,6/1/2024,17:30,Full,No review,,,,,,,,
2024,6/1/2024,18:00,Full,First 30,BP,No fish,,,,,,
2024,6/1/2024,18:30,Full,No review,,,,,,,,
2024,6/1/2024,19:00,Full,First 30,BP,No fish,,,,,,
2024,6/1/2024,19:30,Full,No review,,,,,,,,
2024,6/1/2024,20:00,Full,First 30,BP,No fish,,,,,,
2024,6/1/2024,20:30,Full,No review,,,,,,,,
2024,6/1/2024,21:00,Full,First 30,BP,No fish,,,,,,
2024,6/1/2024,21:30,Full,No review,,,,,,,,
2024,6/1/2024,22:00,Full,First 30,BP,22:03:41,1135,upstream,15.24,68.10,1,
2024,6/1/2024,22:00,Full,First 30,BP,22:03:41,1137,upstream,15.11,84.80,1,
2024,6/1/2024,22:00,Full,First 30,BP,22:09:33,2940,downstream,13.48,71.70,1,
2024,6/1/2024,22:30,Full,No review,,,,,,,,
2024,6/1/2024,23:00,Full,First 30,BP,No fish,,,,,,
2024,6/1/2024,23:30,Full,No review,,,,,,,,
2024,6/2/2024,0:00,Full,First 30,SM,0:02:40,810,downstream,12.97,58,1,
2024,6/2/2024,0:30,Full,No review,,,,,,,,
2024,6/2/2024,1:00,Full,First 30,SM,1:29:26,9084,downstream,14.27,56.2,1,
2024,6/2/2024,1:30,Full,No review,,,,,,,,
2024,6/2/2024,2:00,Full,First 30,SM,No fish,,,,,,
2024,6/2/2024,2:30,Full,No review,,,,,,,,
2024,6/2/2024,3:00,Full,First 30,SM,No fish,,,,,,
2024,6/2/2024,3:30,Full,No review,,,,,,,,
2024,6/2/2024,4:00,Full,First 30,SM,No fish,,,,,,
2024,6/2/2024,4:30,Full,No review,,,,,,,,
2024,6/2/2024,5:00,Full,First 30,SM,No fish,,,,,,
2024,6/2/2024,5:30,Full,No review,,,,,,,,
2024,6/2/2024,6:00,Full,First 30,SM,6:05:24,1669,upstream,5.88,64.8,1,
2024,6/2/2024,6:30,Full,No review,,,,,,,,
2024,6/2/2024,7:00,Full,First 30,SM,No fish,,,,,,
2024,6/2/2024,7:30,Full,No review,,,,,,,,
2024,6/2/2024,8:00,Full,First 30,SM,No fish,,,,,,
2024,6/2/2024,8:30,Full,No review,,,,,,,,
2024,6/2/2024,9:00,Full,First 30,SM,No fish,,,,,,
2024,6/2/2024,9:30,Full,No review,,,,,,,,
2024,6/2/2024,10:00,Full,First 30,SM,No fish,,,,,,
2024,6/2/2024,10:30,Full,No review,,,,,,,,
2024,6/2/2024,11:00,Full,First 30,SM,11:29:24,9048,upstream,13.59,69.3,1,
2024,6/2/2024,11:30,Full,No review,,,,,,,,
2024,6/2/2024,12:00,Full,First 30,SM,No fish,,,,,,
2024,6/2/2024,12:30,Full,No review,,,,,,,,
2024,6/2/2024,13:00,Full,First 30,SM,No fish,,,,,,
2024,6/2/2024,13:30,Full,No review,,,,,,,,
2024,6/2/2024,14:00,Full,First 30,SM,No fish,,,,,,
2024,6/2/2024,14:30,Full,No review,,,,,,,,
2024,6/2/2024,15:00,Full,First 30,SM,No fish,,,,,,
2024,6/2/2024,15:30,Full,No review,,,,,,,,
2024,6/2/2024,16:00,Full,First 30,SM,No fish,,,,,,
2024,6/2/2024,16:30,Full,No review,,,,,,,,
2024,6/2/2024,17:00,Full,First 30,SM,No fish,,,,,,
2024,6/2/2024,17:30,Full,No review,,,,,,,,
2024,6/2/2024,18:00,Full,First 30,SM,No fish,,,,,,
2024,6/2/2024,18:30,Full,No review,,,,,,,,
2024,6/2/2024,19:00,Full,First 30,SM,No fish,,,,,,
2024,6/2/2024,19:30,Full,No review,,,,,,,,
2024,6/2/2024,20:00,Full,First 30,SM,20:15:55,4924,upstream,9.63,81.8,1,
2024,6/2/2024,20:30,Full,No review,,,,,,,,
2024,6/2/2024,21:00,Full,First 30,SM,No fish,,,,,,
2024,6/2/2024,21:30,Full,No review,,,,,,,,
2024,6/2/2024,22:00,Full,First 30,SM,No fish,,,,,,
2024,6/2/2024,22:30,Full,No review,,,,,,,,
2024,6/2/2024,23:00,Full,First 30,SM,23:05:18,1626,downstream,10.94,62.8,1,
2024,6/2/2024,23:00,Full,First 30,SM,23:10:41,3298,upstream,6.35,55,1,
2024,6/2/2024,23:30,Full,No review,,,,,,,,
2024,6/3/2024,0:00,Full,First 30,BP,0:02:20,705,downstream,7.25,126.10,2,BC changed to 2
2024,6/3/2024,0:30,Full,No review,,,,,,,,
2024,6/3/2024,1:00,Full,First 30,BP,1:04:45,1447,upstream,8.04,76.00,1,
2024,6/3/2024,1:00,Full,First 30,BP,1:19:45,6059,downstream,11.43,62.90,1,
2024,6/3/2024,1:30,Full,No review,,,,,,,,
2024,6/3/2024,2:00,Full,First 30,BP,No fish,,,,,,
2024,6/3/2024,2:30,Full,No review,,,,,,,,
2024,6/3/2024,3:00,Full,First 30,BP,No fish,,,,,,
2024,6/3/2024,3:30,Full,No review,,,,,,,,
2024,6/3/2024,4:00,Full,First 30,BP,4:18:06,5576,downstream,6.60,115.50,2,BC changed to 2
2024,6/3/2024,4:30,Full,No review,,,,,,,,
2024,6/3/2024,5:00,Full,First 30,BP,No fish,,,,,,
2024,6/3/2024,5:30,Full,No review,,,,,,,,
2024,6/3/2024,6:00,Full,First 30,BP,No fish,,,,,,
2024,6/3/2024,6:30,Full,No review,,,,,,,,
2024,6/3/2024,7:00,Full,First 30,BP,No fish,,,,,,
2024,6/3/2024,7:30,Full,No review,,,,,,,,
2024,6/3/2024,8:00,Full,First 30,BP,8:01:16,387,downstream,13.03,63.60,1,
2024,6/3/2024,8:30,Full,No review,,,,,,,,
2024,6/3/2024,9:00,Full,First 30,BP,No fish,,,,,,
2024,6/3/2024,9:30,Full,No review,,,,,,,,
2024,6/3/2024,10:00,Full,First 30,BP,No fish,,,,,,
2024,6/3/2024,10:30,Full,No review,,,,,,,,
2024,6/3/2024,11:00,Full,First 30,BP,1:00:44,216,downstream,6.05,45.50,2,"I took measurements on this  fish from 42.5cm to 48.5cm, so I split the difference. I would say more likely bull/resident trout given time and the small # of fish that are similar in size"
2024,6/3/2024,11:30,Full,No review,,,,,,,,
2024,6/3/2024,12:00,Full,First 30,BP,No fish,,,,,,
2024,6/3/2024,12:30,Full,No review,,,,,,,,
2024,6/3/2024,13:00,Full,First 30,BP,No fish,,,,,,
2024,6/3/2024,13:30,Full,No review,,,,,,,,
2024,6/3/2024,14:00,Full,First 30,BP,No fish,,,,,,
2024,6/3/2024,14:30,Full,No review,,,,,,,,
2024,6/3/2024,15:00,Full,First 30,BP,No fish,,,,,,
2024,6/3/2024,15:30,Full,No review,,,,,,,,
2024,6/3/2024,16:00,Full,First 30,BP,16:09:48,3023,downstream,10.25,64.00,1,
2024,6/3/2024,16:30,Full,No review,,,,,,,,
2024,6/3/2024,17:00,Full,First 30,BP,No fish,,,,,,
2024,6/3/2024,17:30,Full,No review,,,,,,,,
2024,6/3/2024,18:00,Full,First 30,BP,No fish,,,,,,
2024,6/3/2024,18:30,Full,No review,,,,,,,,
2024,6/3/2024,19:00,Full,First 30,BP,No fish,,,,,,
2024,6/3/2024,19:30,Full,No review,,,,,,,,
2024,6/3/2024,20:00,Full,First 30,BP,No fish,,,,,,
2024,6/3/2024,20:30,Full,No review,,,,,,,,
2024,6/3/2024,21:00,Full,First 30,BP,21:08:02,2457,downstream,9.28,57.60,2,very few frames to get a good image or measurement
2024,6/3/2024,21:30,Full,No review,,,,,,,,
2024,6/3/2024,22:00,Full,First 30,BP,22:17:03,5255,downstream,12.33,79.10,1,
2024,6/3/2024,22:00,Full,First 30,BP,22:22:30,6930,downstream,8.89,75.80,1,
2024,6/3/2024,22:30,Full,No review,,,,,,,,
2024,6/3/2024,23:00,Full,First 30,BP,No fish,,,,,,
2024,6/3/2024,23:30,Full,No review,,,,,,,,
2024,6/4/2024,0:00,Full,First 30,BP,No fish,,,,,,
2024,6/4/2024,0:30,Full,No review,,,,,,,,
2024,6/4/2024,1:00,Full,First 30,BP,No fish,,,,,,
2024,6/4/2024,1:30,Full,No review,,,,,,,,
2024,6/4/2024,2:00,Full,First 30,BP,2:17:26,5397,downstream,16.40,50.40,2,
2024,6/4/2024,2:30,Full,No review,,,,,,,,
2024,6/4/2024,3:00,Full,First 30,BP,No fish,,,,,,
2024,6/4/2024,3:30,Full,No review,,,,,,,,
2024,6/4/2024,4:00,Full,First 30,BP,No fish,,,,,,
2024,6/4/2024,4:30,Full,No review,,,,,,,,
2024,6/4/2024,5:00,Full,First 30,BP,No fish,,,,,,
2024,6/4/2024,5:30,Full,No review,,,,,,,,
2024,6/4/2024,6:00,Full,First 30,BP,No fish,,,,,,one huge fish (155cm!) nosed up into beams x2; didn't pass all the way through
2024,6/4/2024,6:30,Full,No review,,,,,,,,
2024,6/4/2024,7:00,Full,First 30,BP,No fish,,,,,,
2024,6/4/2024,7:30,Full,No review,,,,,,,,
2024,6/4/2024,8:00,Full,First 30,BP,No fish,,,,,,
2024,6/4/2024,8:30,Full,No review,,,,,,,,
2024,6/4/2024,9:00,Full,First 30,BP,No fish,,,,,,
2024,6/4/2024,9:30,Full,No review,,,,,,,,
2024,6/4/2024,10:00,Full,First 30,BP,No fish,,,,,,
2024,6/4/2024,10:30,Full,No review,,,,,,,,
2024,6/4/2024,11:00,Full,First 30,BP,No fish,,,,,,
2024,6/4/2024,11:30,Full,No review,,,,,,,,
2024,6/4/2024,12:00,Full,First 30,BP,No fish,,,,,,
2024,6/4/2024,12:30,Full,No review,,,,,,,,
2024,6/4/2024,13:00,Full,First 30,BP,No fish,,,,,,
2024,6/4/2024,13:30,Full,No review,,,,,,,,
2024,6/4/2024,14:00,Full,First 30,BP,No fish,,,,,,
2024,6/4/2024,14:30,Full,No review,,,,,,,,
2024,6/4/2024,15:00,Full,First 30,BP,No fish,,,,,,
2024,6/4/2024,15:30,Full,No review,,,,,,,,
2024,6/4/2024,16:00,Full,First 30,BP,No fish,,,,,,
2024,6/4/2024,16:30,Full,No review,,,,,,,,
2024,6/4/2024,17:00,Full,First 30,BP,No fish,,,,,,
2024,6/4/2024,17:30,Full,No review,,,,,,,,
2024,6/4/2024,18:00,Full,First 30,BP,No fish,,,,,,
2024,6/4/2024,18:30,Full,No review,,,,,,,,
2024,6/4/2024,19:00,Full,First 30,BP,No fish,,,,,,
2024,6/4/2024,19:30,Full,No review,,,,,,,,
2024,6/4/2024,20:00,Full,First 30,BP,No fish,,,,,,
2024,6/4/2024,20:30,Full,No review,,,,,,,,
2024,6/4/2024,21:00,Full,First 30,BP,No fish,,,,,,
2024,6/4/2024,21:30,Full,No review,,,,,,,,
2024,6/4/2024,22:00,Full,First 30,BP,22:10:37,3261,upstream,3.97,100.30,2,BC changed to 2
2024,6/4/2024,22:30,Full,No review,,,,,,,,
2024,6/4/2024,23:00,Full,First 30,BP,No fish,,,,,,
2024,6/4/2024,23:30,Full,No review,,,,,,,,
2024,6/5/2024,0:00,Full,First 30,BP,0:29:06,8969,upstream,15.98,101.30,2,BC changed to 2
2024,6/5/2024,0:00,Full,First 30,BP,0:29:18,9031,downstream,15.31,113.10,2,BC changed to 2
2024,6/5/2024,0:30,Full,No review,,,,,,,,
2024,6/5/2024,1:00,Full,First 30,BP,No fish,,,,,,
2024,6/5/2024,1:30,Full,No review,,,,,,,,
2024,6/5/2024,2:00,Full,First 30,BP,No fish,,,,,,
2024,6/5/2024,2:30,Full,No review,,,,,,,,
2024,6/5/2024,3:00,Full,First 30,BP,No fish,,,,,,
2024,6/5/2024,3:30,Full,No review,,,,,,,,
2024,6/5/2024,4:00,Full,First 30,BP,No fish,,,,,,
2024,6/5/2024,4:30,Full,No review,,,,,,,,
2024,6/5/2024,5:00,Full,First 30,BP,No fish,,,,,,
2024,6/5/2024,5:30,Full,No review,,,,,,,,
2024,6/5/2024,6:00,Full,First 30,BP,No fish,,,,,,
2024,6/5/2024,6:30,Full,No review,,,,,,,,
2024,6/5/2024,7:00,Full,First 30,BP,No fish,,,,,,
2024,6/5/2024,7:30,Full,No review,,,,,,,,
2024,6/5/2024,8:00,Full,First 30,BP,No fish,,,,,,
2024,6/5/2024,8:30,Full,No review,,,,,,,,
2024,6/5/2024,9:00,Full,First 30,BP,No fish,,,,,,
2024,6/5/2024,9:30,Full,No review,,,,,,,,
2024,6/5/2024,10:00,Full,First 30,BP,No fish,,,,,,
2024,6/5/2024,10:30,Full,No review,,,,,,,,
2024,6/5/2024,11:00,Full,First 30,BP,No fish,,,,,,
2024,6/5/2024,11:30,Full,No review,,,,,,,,
2024,6/5/2024,12:00,Full,First 30,BP,No fish,,,,,,
2024,6/5/2024,12:30,Full,No review,,,,,,,,
2024,6/5/2024,13:00,Full,First 30,BP,No fish,,,,,,
2024,6/5/2024,13:30,Full,No review,,,,,,,,
2024,6/5/2024,14:00,Full,First 30,BP,No fish,,,,,,
2024,6/5/2024,14:30,Full,No review,,,,,,,,
2024,6/5/2024,15:00,Full,First 30,BP,No fish,,,,,,
2024,6/5/2024,15:30,Full,No review,,,,,,,,
2024,6/5/2024,16:00,Full,First 30,BP,No fish,,,,,,
2024,6/5/2024,16:30,Full,No review,,,,,,,,
2024,6/5/2024,17:00,Full,First 30,BP,No fish,,,,,,
2024,6/5/2024,17:30,Full,No review,,,,,,,,
2024,6/5/2024,18:00,Full,First 30,BP,No fish,,,,,,
2024,6/5/2024,18:30,Full,No review,,,,,,,,
2024,6/5/2024,19:00,Full,First 30,BP,No fish,,,,,,
2024,6/5/2024,19:30,Full,No review,,,,,,,,
2024,6/5/2024,20:00,Full,First 30,BP,20:05:04,1540,upstream,8.60,61.80,1,
2024,6/5/2024,20:30,Full,No review,,,,,,,,
2024,6/5/2024,21:00,Full,First 30,BP,No fish,,,,,,
2024,6/5/2024,21:30,Full,No review,,,,,,,,
2024,6/5/2024,22:00,Full,First 30,BP,22:04:45,1451,downstream,14.38,71.90,2,imagery is poor
2024,6/5/2024,22:30,Full,No review,,,,,,,,
2024,6/5/2024,23:00,Full,First 30,BP,No fish,,,,,,
2024,6/5/2024,23:30,Full,No review,,,,,,,,
2024,6/6/2024,0:00,Full,First 30,SM,No fish,,,,,,
2024,6/6/2024,0:30,Full,No review,,,,,,,,
2024,6/6/2024,1:00,Full,First 30,SM,No fish,,,,,,
2024,6/6/2024,1:30,Full,No review,,,,,,,,
2024,6/6/2024,2:00,Full,First 30,SM,No fish,,,,,,
2024,6/6/2024,2:30,Full,No review,,,,,,,,
2024,6/6/2024,3:00,Full,First 30,SM,No fish,,,,,,
2024,6/6/2024,3:30,Full,No review,,,,,,,,
2024,6/6/2024,4:00,Full,First 30,SM,No fish,,,,,,
2024,6/6/2024,4:30,Full,No review,,,,,,,,
2024,6/6/2024,5:00,Full,First 30,SM,No fish,,,,,,
2024,6/6/2024,5:30,Full,No review,,,,,,,,
2024,6/6/2024,6:00,Full,First 30,SM,No fish,,,,,,
2024,6/6/2024,6:30,Full,No review,,,,,,,,
2024,6/6/2024,7:00,Full,First 30,SM,No fish,,,,,,
2024,6/6/2024,7:30,Full,No review,,,,,,,,
2024,6/6/2024,8:00,Full,First 30,SM,No fish,,,,,,
2024,6/6/2024,8:30,Full,No review,,,,,,,,
2024,6/6/2024,9:00,Full,First 30,SM,No fish,,,,,,
2024,6/6/2024,9:30,Full,No review,,,,,,,,
2024,6/6/2024,10:00,Full,First 30,SM,No fish,,,,,,
2024,6/6/2024,10:30,Full,No review,,,,,,,,
2024,6/6/2024,11:00,Full,First 30,SM,No fish,,,,,,
2024,6/6/2024,11:30,Full,No review,,,,,,,,
2024,6/6/2024,12:00,Full,First 30,SM,No fish,,,,,,
2024,6/6/2024,12:30,Full,No review,,,,,,,,
2024,6/6/2024,13:00,Full,First 30,SM,No fish,,,,,,
2024,6/6/2024,13:30,Full,No review,,,,,,,,
2024,6/6/2024,14:00,Full,First 30,SM,No fish,,,,,,
2024,6/6/2024,14:30,Full,No review,,,,,,,,
2024,6/6/2024,15:00,Full,First 30,SM,No fish,,,,,,
2024,6/6/2024,15:30,Full,No review,,,,,,,,
2024,6/6/2024,16:00,Full,First 30,SM,No fish,,,,,,
2024,6/6/2024,16:30,Full,No review,,,,,,,,
2024,6/6/2024,17:00,Full,First 30,SM,No fish,,,,,,
2024,6/6/2024,17:30,Full,No review,,,,,,,,
2024,6/6/2024,18:00,Full,First 30,SM,No fish,,,,,,
2024,6/6/2024,18:30,Full,No review,,,,,,,,
2024,6/6/2024,19:00,Full,First 30,SM,No fish,,,,,,
2024,6/6/2024,19:30,Full,No review,,,,,,,,
2024,6/6/2024,20:00,Full,First 30,SM,No fish,,,,,,
2024,6/6/2024,20:30,Full,No review,,,,,,,,
2024,6/6/2024,21:00,Full,First 30,SM,No fish,,,,,,
2024,6/6/2024,21:30,Full,No review,,,,,,,,
2024,6/6/2024,22:00,No data,No data,SM,No fish,,,,,,"Full file, but it appears there is something blocking the ARIS unit"
2024,6/6/2024,22:30,No data,No data,,,,,,,,
2024,6/6/2024,23:00,No data,No data,SM,No fish,,,,,,"Full file, but it appears there is something blocking the ARIS unit"
2024,6/6/2024,23:30,No data,No data,,,,,,,,
2024,6/7/2024,0:00,No data,No data,,,,,,,,"solid bar of distortion directly in front of array, blocking beams for entire day"
2024,6/7/2024,0:30,No data,No data,,,,,,,,
2024,6/7/2024,1:00,No data,No data,,,,,,,,
2024,6/7/2024,1:30,No data,No data,,,,,,,,
2024,6/7/2024,2:00,No data,No data,,,,,,,,
2024,6/7/2024,2:30,No data,No data,,,,,,,,
2024,6/7/2024,3:00,No data,No data,,,,,,,,
2024,6/7/2024,3:30,No data,No data,,,,,,,,
2024,6/7/2024,4:00,No data,No data,,,,,,,,
2024,6/7/2024,4:30,No data,No data,,,,,,,,
2024,6/7/2024,5:00,No data,No data,,,,,,,,
2024,6/7/2024,5:30,No data,No data,,,,,,,,
2024,6/7/2024,6:00,No data,No data,,,,,,,,
2024,6/7/2024,6:30,No data,No data,,,,,,,,
2024,6/7/2024,7:00,No data,No data,,,,,,,,
2024,6/7/2024,7:30,No data,No data,,,,,,,,
2024,6/7/2024,8:00,No data,No data,,,,,,,,
2024,6/7/2024,8:30,No data,No data,,,,,,,,
2024,6/7/2024,9:00,No data,No data,,,,,,,,
2024,6/7/2024,9:30,No data,No data,,,,,,,,
2024,6/7/2024,10:00,No data,No data,,,,,,,,
2024,6/7/2024,10:30,No data,No data,,,,,,,,
2024,6/7/2024,11:00,No data,No data,,,,,,,,
2024,6/7/2024,11:30,No data,No data,,,,,,,,
2024,6/7/2024,12:00,No data,No data,,,,,,,,
2024,6/7/2024,12:30,No data,No data,,,,,,,,
2024,6/7/2024,13:00,No data,No data,,,,,,,,
2024,6/7/2024,13:30,No data,No data,,,,,,,,
2024,6/7/2024,14:00,No data,No data,,,,,,,,
2024,6/7/2024,14:30,No data,No data,,,,,,,,
2024,6/7/2024,15:00,No data,No data,,,,,,,,
2024,6/7/2024,15:30,No data,No data,,,,,,,,
2024,6/7/2024,16:00,No data,No data,,,,,,,,
2024,6/7/2024,16:30,No data,No data,,,,,,,,
2024,6/7/2024,17:00,No data,No data,,,,,,,,
2024,6/7/2024,17:30,No data,No data,,,,,,,,
2024,6/7/2024,18:00,No data,No data,,,,,,,,
2024,6/7/2024,18:30,No data,No data,,,,,,,,
2024,6/7/2024,19:00,No data,No data,,,,,,,,
2024,6/7/2024,19:30,No data,No data,,,,,,,,
2024,6/7/2024,20:00,No data,No data,,,,,,,,
2024,6/7/2024,20:30,No data,No data,,,,,,,,
2024,6/7/2024,21:00,No data,No data,,,,,,,,
2024,6/7/2024,21:30,No data,No data,,,,,,,,
2024,6/7/2024,22:00,No data,No data,,,,,,,,
2024,6/7/2024,22:30,No data,No data,,,,,,,,
2024,6/7/2024,23:00,No data,No data,,,,,,,,
2024,6/7/2024,23:30,No data,No data,,,,,,,,
2024,6/8/2024,0:00,No data,No data,,,,,,,,
2024,6/8/2024,0:30,No data,No data,,,,,,,,
2024,6/8/2024,1:00,No data,No data,,,,,,,,
2024,6/8/2024,1:30,No data,No data,,,,,,,,
2024,6/8/2024,2:00,No data,No data,,,,,,,,
2024,6/8/2024,2:30,No data,No data,,,,,,,,
2024,6/8/2024,3:00,No data,No data,,,,,,,,
2024,6/8/2024,3:30,No data,No data,,,,,,,,
2024,6/8/2024,4:00,No data,No data,,,,,,,,
2024,6/8/2024,4:30,No data,No data,,,,,,,,
2024,6/8/2024,5:00,No data,No data,,,,,,,,
2024,6/8/2024,5:30,No data,No data,,,,,,,,
2024,6/8/2024,6:00,No data,No data,,,,,,,,
2024,6/8/2024,6:30,No data,No data,,,,,,,,
2024,6/8/2024,7:00,No data,No data,,,,,,,,
2024,6/8/2024,7:30,No data,No data,,,,,,,,
2024,6/8/2024,8:00,No data,No data,,,,,,,,
2024,6/8/2024,8:30,No data,No data,,,,,,,,
2024,6/8/2024,9:00,No data,No data,,,,,,,,
2024,6/8/2024,9:30,No data,No data,,,,,,,,
2024,6/8/2024,10:00,No data,No data,,,,,,,,
2024,6/8/2024,10:30,No data,No data,,,,,,,,
2024,6/8/2024,11:00,No data,No data,,,,,,,,
2024,6/8/2024,11:30,No data,No data,,,,,,,,
2024,6/8/2024,12:00,No data,No data,,,,,,,,
2024,6/8/2024,12:30,No data,No data,,,,,,,,
2024,6/8/2024,13:00,No data,No data,,,,,,,,
2024,6/8/2024,13:30,No data,No data,,,,,,,,
2024,6/8/2024,14:00,No data,No data,,,,,,,,
2024,6/8/2024,14:30,No data,No data,,,,,,,,
2024,6/8/2024,15:00,No data,No data,,,,,,,,
2024,6/8/2024,15:30,No data,No data,,,,,,,,
2024,6/8/2024,16:00,No data,No data,,,,,,,,
2024,6/8/2024,16:30,No data,No data,,,,,,,,
2024,6/8/2024,17:00,No data,No data,,,,,,,,
2024,6/8/2024,17:30,No data,No data,,,,,,,,
2024,6/8/2024,18:00,No data,No data,,,,,,,,
2024,6/8/2024,18:30,No data,No data,,,,,,,,
2024,6/8/2024,19:00,No data,No data,,,,,,,,
2024,6/8/2024,19:30,No data,No data,,,,,,,,
2024,6/8/2024,20:00,No data,No data,,,,,,,,
2024,6/8/2024,20:30,No data,No data,,,,,,,,
2024,6/8/2024,21:00,No data,No data,,,,,,,,
2024,6/8/2024,21:30,No data,No data,,,,,,,,
2024,6/8/2024,22:00,No data,No data,,,,,,,,
2024,6/8/2024,22:30,No data,No data,,,,,,,,
2024,6/8/2024,23:00,No data,No data,,,,,,,,
2024,6/8/2024,23:30,No data,No data,,,,,,,,
2024,6/9/2024,0:00,No data,No data,,,,,,,,"solid bar of distortion directly in front of array, blocking beams for entire day"
2024,6/9/2024,0:30,No data,No data,,,,,,,,
2024,6/9/2024,1:00,No data,No data,,,,,,,,
2024,6/9/2024,1:30,No data,No data,,,,,,,,
2024,6/9/2024,2:00,No data,No data,,,,,,,,
2024,6/9/2024,2:30,No data,No data,,,,,,,,
2024,6/9/2024,3:00,No data,No data,,,,,,,,
2024,6/9/2024,3:30,No data,No data,,,,,,,,
2024,6/9/2024,4:00,No data,No data,,,,,,,,
2024,6/9/2024,4:30,No data,No data,,,,,,,,
2024,6/9/2024,5:00,No data,No data,,,,,,,,
2024,6/9/2024,5:30,No data,No data,,,,,,,,
2024,6/9/2024,6:00,No data,No data,,,,,,,,
2024,6/9/2024,6:30,No data,No data,,,,,,,,
2024,6/9/2024,7:00,No data,No data,,,,,,,,
2024,6/9/2024,7:30,No data,No data,,,,,,,,
2024,6/9/2024,8:00,No data,No data,,,,,,,,
2024,6/9/2024,8:30,No data,No data,,,,,,,,
2024,6/9/2024,9:00,No data,No data,,,,,,,,
2024,6/9/2024,9:30,No data,No data,,,,,,,,
2024,6/9/2024,10:00,No data,No data,,,,,,,,
2024,6/9/2024,10:30,No data,No data,,,,,,,,
2024,6/9/2024,11:00,No data,No data,,,,,,,,
2024,6/9/2024,11:30,No data,No data,,,,,,,,
2024,6/9/2024,12:00,No data,No data,,,,,,,,
2024,6/9/2024,12:30,No data,No data,,,,,,,,
2024,6/9/2024,13:00,No data,No data,,,,,,,,
2024,6/9/2024,13:30,No data,No data,,,,,,,,
2024,6/9/2024,14:00,No data,No data,,,,,,,,
2024,6/9/2024,14:30,No data,No data,,,,,,,,
2024,6/9/2024,15:00,No data,No data,,,,,,,,
2024,6/9/2024,15:30,No data,No data,,,,,,,,
2024,6/9/2024,16:00,No data,No data,,,,,,,,
2024,6/9/2024,16:30,No data,No data,,,,,,,,
2024,6/9/2024,17:00,No data,No data,,,,,,,,
2024,6/9/2024,17:30,No data,No data,,,,,,,,
2024,6/9/2024,18:00,No data,No data,,,,,,,,
2024,6/9/2024,18:30,No data,No data,,,,,,,,
2024,6/9/2024,19:00,No data,No data,,,,,,,,
2024,6/9/2024,19:30,No data,No data,,,,,,,,
2024,6/9/2024,20:00,No data,No data,,,,,,,,
2024,6/9/2024,20:30,No data,No data,,,,,,,,
2024,6/9/2024,21:00,No data,No data,,,,,,,,
2024,6/9/2024,21:30,No data,No data,,,,,,,,
2024,6/9/2024,22:00,No data,No data,,,,,,,,
2024,6/9/2024,22:30,No data,No data,,,,,,,,
2024,6/9/2024,23:00,No data,No data,,,,,,,,
2024,6/9/2024,23:30,No data,No data,,,,,,,,
2024,6/10/2024,0:00,No data,No data,,,,,,,,"solid bar of distortion directly in front of array, blocking beams for entire day"
2024,6/10/2024,0:30,No data,No data,,,,,,,,
2024,6/10/2024,1:00,No data,No data,,,,,,,,
2024,6/10/2024,1:30,No data,No data,,,,,,,,
2024,6/10/2024,2:00,No data,No data,,,,,,,,
2024,6/10/2024,2:30,No data,No data,,,,,,,,
2024,6/10/2024,3:00,No data,No data,,,,,,,,
2024,6/10/2024,3:30,No data,No data,,,,,,,,
2024,6/10/2024,4:00,No data,No data,,,,,,,,
2024,6/10/2024,4:30,No data,No data,,,,,,,,
2024,6/10/2024,5:00,No data,No data,,,,,,,,
2024,6/10/2024,5:30,No data,No data,,,,,,,,
2024,6/10/2024,6:00,No data,No data,,,,,,,,
2024,6/10/2024,6:30,No data,No data,,,,,,,,
2024,6/10/2024,7:00,No data,No data,,,,,,,,
2024,6/10/2024,7:30,No data,No data,,,,,,,,
2024,6/10/2024,8:00,No data,No data,,,,,,,,
2024,6/10/2024,8:30,No data,No data,,,,,,,,
2024,6/10/2024,9:00,No data,No data,,,,,,,,
2024,6/10/2024,9:30,No data,No data,,,,,,,,
2024,6/10/2024,10:00,No data,No data,,,,,,,,
2024,6/10/2024,10:30,No data,No data,,,,,,,,
2024,6/10/2024,11:00,No data,No data,,,,,,,,
2024,6/10/2024,11:30,No data,No data,,,,,,,,
2024,6/10/2024,12:00,No data,No data,,,,,,,,
2024,6/10/2024,12:30,No data,No data,,,,,,,,
2024,6/10/2024,13:00,No data,No data,,,,,,,,
2024,6/10/2024,13:30,No data,No data,,,,,,,,
2024,6/10/2024,14:00,No data,No data,,,,,,,,
2024,6/10/2024,14:30,No data,No data,,,,,,,,
2024,6/10/2024,15:00,No data,No data,,,,,,,,
2024,6/10/2024,15:30,No data,No data,,,,,,,,
2024,6/10/2024,16:00,No data,No data,,,,,,,,
2024,6/10/2024,16:30,No data,No data,,,,,,,,
2024,6/10/2024,17:00,No data,No data,,,,,,,,
2024,6/10/2024,17:30,No data,No data,,,,,,,,
2024,6/10/2024,18:00,No data,No data,,,,,,,,
2024,6/10/2024,18:30,No data,No data,,,,,,,,
2024,6/10/2024,19:00,No data,No data,,,,,,,,
2024,6/10/2024,19:30,No data,No data,,,,,,,,
2024,6/10/2024,20:00,No data,No data,,,,,,,,
2024,6/10/2024,20:30,No data,No data,,,,,,,,
2024,6/10/2024,21:00,No data,No data,,,,,,,,
2024,6/10/2024,21:30,No data,No data,,,,,,,,
2024,6/10/2024,22:00,No data,No data,,,,,,,,
2024,6/10/2024,22:30,No data,No data,,,,,,,,
2024,6/10/2024,23:00,No data,No data,,,,,,,,
2024,6/10/2024,23:30,No data,No data,,,,,,,,
2024,6/11/2024,0:00,No data,No data,,,,,,,,solid white line at bottom of echogram; looks like something is blocking the beams
2024,6/11/2024,0:30,No data,No data,,,,,,,,
2024,6/11/2024,1:00,No data,No data,,,,,,,,
2024,6/11/2024,1:30,No data,No data,,,,,,,,
2024,6/11/2024,2:00,No data,No data,,,,,,,,
2024,6/11/2024,2:30,No data,No data,,,,,,,,
2024,6/11/2024,3:00,No data,No data,,,,,,,,
2024,6/11/2024,3:30,No data,No data,,,,,,,,
2024,6/11/2024,4:00,No data,No data,,,,,,,,
2024,6/11/2024,4:30,No data,No data,,,,,,,,
2024,6/11/2024,5:00,No data,No data,,,,,,,,
2024,6/11/2024,5:30,No data,No data,,,,,,,,
2024,6/11/2024,6:00,No data,No data,,,,,,,,
2024,6/11/2024,6:30,No data,No data,,,,,,,,
2024,6/11/2024,7:00,No data,No data,,,,,,,,
2024,6/11/2024,7:30,No data,No data,,,,,,,,
2024,6/11/2024,8:00,No data,No data,,,,,,,,
2024,6/11/2024,8:30,No data,No data,,,,,,,,
2024,6/11/2024,9:00,No data,No data,,,,,,,,
2024,6/11/2024,9:30,No data,No data,,,,,,,,
2024,6/11/2024,10:00,No data,No data,,,,,,,,
2024,6/11/2024,10:30,No data,No data,,,,,,,,
2024,6/11/2024,11:00,No data,No data,,,,,,,,
2024,6/11/2024,11:30,No data,No data,,,,,,,,
2024,6/11/2024,12:00,Full,First 30,BP,No fish,,,,,,
2024,6/11/2024,12:30,Full,No review,,,,,,,,
2024,6/11/2024,13:00,Full,First 30,BP,13:14:26,4223,upstream,15.76,50.60,1,
2024,6/11/2024,13:30,Full,No review,,,,,,,,
2024,6/11/2024,14:00,Full,First 30,BP,No fish,,,,,,
2024,6/11/2024,14:30,Full,No review,,,,,,,,
2024,6/11/2024,15:00,Full,First 30,BP,15:26:59,7771,upstream,7.11,61.40,1,3 fish swimming upstream together
2024,6/11/2024,15:00,Full,First 30,BP,15:27:09,7823,upstream,7.45,52.60,1,3 fish swimming upstream together
2024,6/11/2024,15:00,Full,First 30,BP,15:27:10,7830,upstream,7.45,52.70,1,3 fish swimming upstream together
2024,6/11/2024,15:30,Full,No review,,,,,,,,
2024,6/11/2024,16:00,Full,First 30,BP,No fish,,,,,,
2024,6/11/2024,16:30,Full,No review,,,,,,,,
2024,6/11/2024,17:00,Full,First 30,BP,No fish,,,,,,
2024,6/11/2024,17:30,Full,No review,,,,,,,,
2024,6/11/2024,18:00,Full,First 30,BP,No fish,,,,,,
2024,6/11/2024,18:30,Full,No review,,,,,,,,
2024,6/11/2024,19:00,Full,First 30,BP,No fish,,,,,,
2024,6/11/2024,19:30,Full,No review,,,,,,,,
2024,6/11/2024,20:00,Full,First 30,BP,No fish,,,,,,
2024,6/11/2024,20:30,Full,No review,,,,,,,,
2024,6/11/2024,21:00,Full,First 30,BP,No fish,,,,,,
2024,6/11/2024,21:30,Full,No review,,,,,,,,
2024,6/11/2024,22:00,Full,First 30,BP,22:19:19,5629,downstream,8.82,61.10,1,
2024,6/11/2024,22:00,Full,First 30,BP,22:28:44,8395,upstream,9.97,71.40,1,
2024,6/11/2024,22:30,Full,No review,,,,,,,,
2024,6/11/2024,23:00,Full,First 30,BP,23:03:41,1062,downstream,9.06,62.60,1,
2024,6/11/2024,23:00,Full,First 30,BP,23:09:28,2773,downstream,11.23,62.20,1,
2024,6/11/2024,23:30,Full,No review,,,,,,,,
2024,6/12/2024,0:00,Full,First 30,BP,0:12:18,3595,upstream,20.71,71.90,2,BC keep at 2
2024,6/12/2024,0:30,Full,No review,,,,,,,,
2024,6/12/2024,1:00,Full,First 30,BP,No fish,,,,,,
2024,6/12/2024,1:30,Full,No review,,,,,,,,
2024,6/12/2024,2:00,Full,First 30,BP,No fish,,,,,,
2024,6/12/2024,2:30,Full,No review,,,,,,,,
2024,6/12/2024,3:00,Full,First 30,BP,No fish,,,,,,
2024,6/12/2024,3:30,Full,No review,,,,,,,,
2024,6/12/2024,4:00,Full,First 30,BP,No fish,,,,,,
2024,6/12/2024,4:30,Full,No review,,,,,,,,
2024,6/12/2024,5:00,Full,First 30,BP,No fish,,,,,,
2024,6/12/2024,5:30,Full,No review,,,,,,,,
2024,6/12/2024,6:00,Full,First 30,BP,6:03:48,1084,upstream,20.89,60.30,2,missing first 3 seconds of file. BC change to 2
2024,6/12/2024,6:30,Full,No review,,,,,,,,
2024,6/12/2024,7:00,Full,First 30,BP,No fish,,,,,,
2024,6/12/2024,7:30,Full,No review,,,,,,,,
2024,6/12/2024,8:00,Full,First 30,BP,No fish,,,,,,
2024,6/12/2024,8:30,Full,No review,,,,,,,,
2024,6/12/2024,9:00,Full,First 30,BP,No fish,,,,,,
2024,6/12/2024,9:30,Full,No review,,,,,,,,
2024,6/12/2024,10:00,Full,First 30,BP,No fish,,,,,,
2024,6/12/2024,10:30,Full,No review,,,,,,,,
2024,6/12/2024,11:00,Full,First 30,BP,No fish,,,,,,
2024,6/12/2024,11:30,Full,No review,,,,,,,,
2024,6/12/2024,12:00,Full,First 30,BP,No fish,,,,,,missing first 5 seconds of file
2024,6/12/2024,12:30,Full,No review,,,,,,,,
2024,6/12/2024,13:00,Full,First 30,BP,No fish,,,,,,
2024,6/12/2024,13:30,Full,No review,,,,,,,,
2024,6/12/2024,14:00,Full,First 30,BP,No fish,,,,,,
2024,6/12/2024,14:30,Full,No review,,,,,,,,
2024,6/12/2024,15:00,Partial,First 30,BP,No fish,,,,,,missing first 9 seconds of file
2024,6/12/2024,15:30,Full,No review,,,,,,,,
2024,6/12/2024,16:00,Full,First 30,BP,No fish,,,,,,
2024,6/12/2024,16:30,Full,No review,,,,,,,,
2024,6/12/2024,17:00,Partial,First 30,BP,No fish,,,,,,missing first 1:21 of file
2024,6/12/2024,17:30,No data,No data,,,,,,,,
2024,6/12/2024,17:30,No data,No data,,,,,,,,
2024,6/12/2024,18:00,Partial,First 30,BP,No fish,,,,,,missing first 24 seconds
2024,6/12/2024,18:30,No data,No data,,,,,,,,
2024,6/12/2024,18:30,No data,No data,,,,,,,,
2024,6/12/2024,19:00,Partial,First 30,BP,No fish,,,,,,missing first 15 seconds
2024,6/12/2024,19:30,Partial,No review,,,,,,,,
2024,6/12/2024,20:00,Full,First 30,BP,No fish,,,,,,
2024,6/12/2024,20:30,No data,No data,,,,,,,,
2024,6/12/2024,20:30,No data,No data,,,,,,,,
2024,6/12/2024,21:00,Full,First 30,BP,No fish,,,,,,
2024,6/12/2024,21:30,Partial,No review,,,,,,,,
2024,6/12/2024,22:00,Partial,First 30,BP,No fish,,,,,,missing first 15 seconds
2024,6/12/2024,22:30,Partial,No review,,,,,,,,
2024,6/12/2024,23:00,Partial,First 30,BP,No fish,,,,,,missing first 32 seconds
2024,6/12/2024,23:30,Partial,No review,,,,,,,,
2024,6/13/2024,0:00,Partial,First 30,BP,No fish,,,,,,missing first 19 seconds
2024,6/13/2024,0:30,Partial,No review,,,,,,,,
2024,6/13/2024,1:00,Partial,First 30,BP,No fish,,,,,,missing first 10 seconds
2024,6/13/2024,1:30,Partial,No review,,,,,,,,
2024,6/13/2024,2:00,Partial,First 30,BP,No fish,,,,,,
2024,6/13/2024,2:30,Partial,No review,,,,,,,,
2024,6/13/2024,3:00,Partial,First 30,BP,No fish,,,,,,missing first 4 seconds
2024,6/13/2024,3:30,Partial,No review,,,,,,,,
2024,6/13/2024,4:00,Partial,First 30,BP,No fish,,,,,,missing first 44 seconds
2024,6/13/2024,4:30,Partial,No review,,,,,,,,
2024,6/13/2024,5:00,Partial,First 30,BP,5:23:30,3148,upstream,21.30,73.00,2,track at the far edge of beams; missing first 1:04. BC keep at 2.
2024,6/13/2024,5:30,Partial,No review,,,,,,,,
2024,6/13/2024,6:00,Partial,First 30,BP,No fish,,,,,,
2024,6/13/2024,6:30,Partial,No review,,,,,,,,
2024,6/13/2024,7:00,Partial,First 30,BP,No fish,,,,,,missing first 1:15
2024,6/13/2024,7:30,Partial,No review,,,,,,,,
2024,6/13/2024,8:00,Partial,First 30,BP,No fish,,,,,,missing first 50 seconds
2024,6/13/2024,8:30,Partial,No review,,,,,,,,
2024,6/13/2024,9:00,Partial,First 30,BP,No fish,,,,,,missing first 8 seconds
2024,6/13/2024,9:30,Partial,No review,,,,,,,,
2024,6/13/2024,10:00,Partial,First 30,BP,No fish,,,,,,
2024,6/13/2024,10:30,Partial,No review,,,,,,,,
2024,6/13/2024,11:00,Partial,First 30,BP,No fish,,,,,,missing first 42 seconds
2024,6/13/2024,11:30,Partial,No review,,,,,,,,
2024,6/13/2024,12:00,No data,No data,BP,,,,,,,"corrupted file; error window indicates it ""needs truncation"" ALSO: no file for the second 30 minutes of the hour"
2024,6/13/2024,12:30,No data,No data,,,,,,,,
2024,6/13/2024,13:00,No data,No data,BP,,,,,,,file is only 27 seconds long; and no file for second 30 minutes of the hour
2024,6/13/2024,13:30,No data,No data,,,,,,,,
2024,6/13/2024,14:00,Partial,First 30,BP,No fish,,,,,,missing first 20 minutes of file
2024,6/13/2024,14:30,Partial,No review,,,,,,,,
2024,6/13/2024,15:00,Partial,First 30,BP,No fish,,,,,,missing first 20 minutes of file
2024,6/13/2024,15:30,Partial,No review,,,,,,,,
2024,6/13/2024,16:00,Partial,First 30,BP,No fish,,,,,,missing first 20 minutes of file
2024,6/13/2024,16:30,No data,No data,,,,,,,,
2024,6/13/2024,17:00,No data,No data,,,,,,,,no files for first or second 30 minutes of these hours
2024,6/13/2024,17:30,No data,No data,,,,,,,,
2024,6/13/2024,18:00,No data,No data,,,,,,,,no files for first or second 30 minutes of these hours
2024,6/13/2024,18:30,No data,No data,,,,,,,,
2024,6/13/2024,19:00,No data,No data,,,,,,,,no files for first or second 30 minutes of these hours
2024,6/13/2024,19:30,No data,No data,,,,,,,,
2024,6/13/2024,20:00,Partial,First 30,BP,No fish,,,,,,missing first 20 minutes of file
2024,6/13/2024,20:30,Partial,No review,,,,,,,,
2024,6/13/2024,21:00,Partial,First 30,BP,No fish,,,,,,missing first 20 minutes of file
2024,6/13/2024,21:30,Partial,No review,,,,,,,,
2024,6/13/2024,22:00,No data,No data,,,,,,,,no files for first or second 30 minutes of these hours
2024,6/13/2024,22:30,No data,No data,,,,,,,,
2024,6/13/2024,23:00,No data,No data,,,,,,,,no files for first or second 30 minutes of these hours
2024,6/13/2024,23:30,No data,No data,,,,,,,,
2024,6/14/2024,0:00,No data,No data,,,,,,,,no files for first or second 30 minutes of these hours
2024,6/14/2024,0:30,No data,No data,,,,,,,,
2024,6/14/2024,1:00,No data,No data,,,,,,,,no files for first or second 30 minutes of these hours
2024,6/14/2024,1:30,No data,No data,,,,,,,,
2024,6/14/2024,2:00,No data,No data,,,,,,,,no files for first or second 30 minutes of these hours
2024,6/14/2024,2:30,No data,No data,,,,,,,,
2024,6/14/2024,3:00,No data,No data,,,,,,,,no files for first or second 30 minutes of these hours
2024,6/14/2024,3:30,No data,No data,,,,,,,,
2024,6/14/2024,4:00,No data,No data,,,,,,,,no files for first or second 30 minutes of these hours
2024,6/14/2024,4:30,No data,No data,,,,,,,,
2024,6/14/2024,5:00,No data,No data,,,,,,,,no files for first or second 30 minutes of these hours
2024,6/14/2024,5:30,No data,No data,,,,,,,,
2024,6/14/2024,6:00,No data,No data,,,,,,,,no files for first or second 30 minutes of these hours
2024,6/14/2024,6:30,No data,No data,,,,,,,,
2024,6/14/2024,7:00,No data,No data,,,,,,,,no files for first or second 30 minutes of these hours
2024,6/14/2024,7:30,No data,No data,,,,,,,,
2024,6/14/2024,8:00,No data,No data,,,,,,,,file is 1 second long; this is the earliest hour of the day that has a file on the drive
2024,6/14/2024,8:30,No data,No data,,,,,,,,
2024,6/14/2024,9:00,No data,No data,,,,,,,,no files for first or second 30 minutes of these hours
2024,6/14/2024,9:30,No data,No data,,,,,,,,
2024,6/14/2024,10:00,No data,No data,,,,,,,,file is 24 seconds long
2024,6/14/2024,10:30,Partial,No review,,,,,,,,misSingr first 2 minutes of file
2024,6/14/2024,11:00,Full,First 30,BP,No fish,,,,,,
2024,6/14/2024,11:30,Full,No review,,,,,,,,
2024,6/14/2024,12:00,Full,First 30,BP,No fish,,,,,,
2024,6/14/2024,12:30,Full,No review,,,,,,,,
2024,6/14/2024,13:00,Full,First 30,BP,No fish,,,,,,
2024,6/14/2024,13:30,Full,No review,,,,,,,,
2024,6/14/2024,14:00,Full,First 30,BP,No fish,,,,,,
2024,6/14/2024,14:30,Full,No review,,,,,,,,
2024,6/14/2024,15:00,Full,First 30,BP,No fish,,,,,,
2024,6/14/2024,15:30,Full,No review,,,,,,,,
2024,6/14/2024,16:00,Full,First 30,BP,No fish,,,,,,
2024,6/14/2024,16:30,Full,No review,,,,,,,,
2024,6/14/2024,17:00,Full,First 30,BP,No fish,,,,,,
2024,6/14/2024,17:30,Full,No review,,,,,,,,
2024,6/14/2024,18:00,Full,First 30,BP,No fish,,,,,,
2024,6/14/2024,18:30,Full,No review,,,,,,,,
2024,6/14/2024,19:00,Full,First 30,BP,No fish,,,,,,
2024,6/14/2024,19:30,Full,No review,,,,,,,,
2024,6/14/2024,20:00,Full,First 30,BP,No fish,,,,,,
2024,6/14/2024,20:30,Full,No review,,,,,,,,
2024,6/14/2024,21:00,Full,First 30,BP,No fish,,,,,,
2024,6/14/2024,21:30,Full,No review,,,,,,,,
2024,6/14/2024,22:00,Full,First 30,BP,22:02:59,919,upstream,9.25,67.00,1,
2024,6/14/2024,22:30,Full,No review,,,,,,,,
2024,6/14/2024,23:00,Full,First 30,BP,23:02:00,981,upstream,20.31,74.90,2,BC change to 2
2024,6/14/2024,23:30,Full,No review,,,,,,,,
2024,6/15/2024,0:00,Full,First 30,BP,No fish,,,,,,
2024,6/15/2024,0:30,Full,No review,,,,,,,,
2024,6/15/2024,1:00,Full,First 30,BP,No fish,,,,,,
2024,6/15/2024,1:30,Full,No review,,,,,,,,
2024,6/15/2024,2:00,Full,First 30,BP,No fish,,,,,,
2024,6/15/2024,2:30,Full,No review,,,,,,,,
2024,6/15/2024,3:00,Full,First 30,BP,No fish,,,,,,
2024,6/15/2024,3:30,Full,No review,,,,,,,,
2024,6/15/2024,4:00,Full,First 30,BP,No fish,,,,,,
2024,6/15/2024,4:30,Full,No review,,,,,,,,
2024,6/15/2024,5:00,Full,First 30,BP,No fish,,,,,,
2024,6/15/2024,5:30,Full,No review,,,,,,,,
2024,6/15/2024,6:00,Full,First 30,BP,No fish,,,,,,
2024,6/15/2024,6:30,Full,No review,,,,,,,,
2024,6/15/2024,7:00,Full,First 30,BP,No fish,,,,,,
2024,6/15/2024,7:30,Full,No review,,,,,,,,
2024,6/15/2024,8:00,Full,First 30,BP,No fish,,,,,,
2024,6/15/2024,8:30,Full,No review,,,,,,,,
2024,6/15/2024,9:00,Full,First 30,BP,No fish,,,,,,
2024,6/15/2024,9:30,Full,No review,,,,,,,,
2024,6/15/2024,10:00,Full,First 30,BP,No fish,,,,,,
2024,6/15/2024,10:30,Full,No review,,,,,,,,
2024,6/15/2024,11:00,Full,First 30,BP,No fish,,,,,,
2024,6/15/2024,11:30,Full,No review,,,,,,,,
2024,6/15/2024,12:00,Full,First 30,BP,No fish,,,,,,
2024,6/15/2024,12:30,Full,No review,,,,,,,,
2024,6/15/2024,13:00,Full,First 30,BP,No fish,,,,,,
2024,6/15/2024,13:30,Full,No review,,,,,,,,
2024,6/15/2024,14:00,Full,First 30,BP,No fish,,,,,,
2024,6/15/2024,14:30,Full,No review,,,,,,,,
2024,6/15/2024,15:00,Full,First 30,BP,No fish,,,,,,
2024,6/15/2024,15:30,Full,No review,,,,,,,,
2024,6/15/2024,16:00,Full,First 30,BP,No fish,,,,,,
2024,6/15/2024,16:30,Full,No review,,,,,,,,
2024,6/15/2024,17:00,Full,First 30,BP,No fish,,,,,,
2024,6/15/2024,17:30,Full,No review,,,,,,,,
2024,6/15/2024,18:00,Full,First 30,BP,No fish,,,,,,
2024,6/15/2024,18:30,Full,No review,,,,,,,,
2024,6/15/2024,19:00,Full,First 30,BP,No fish,,,,,,
2024,6/15/2024,19:30,Full,No review,,,,,,,,
2024,6/15/2024,20:00,Full,First 30,BP,No fish,,,,,,
2024,6/15/2024,20:30,Full,No review,,,,,,,,
2024,6/15/2024,21:00,Full,First 30,BP,21:04:22,1354,downstream,5.80,82.90,2,"otters, maybe?"
2024,6/15/2024,21:00,Full,First 30,BP,21:04:22,1358,downstream,4.76,81.90,2,BC keep at 2
2024,6/15/2024,21:00,Full,First 30,BP,21:04:23,1364,downstream,5.94,67.20,2,
2024,6/15/2024,21:00,Full,First 30,BP,21:04:25,1371,downstream,4.75,85.30,2,BC keep at 2
2024,6/15/2024,21:00,Full,First 30,BP,21:04:27,1383,downstream,4.58,79.70,2,BC keep at 2
2024,6/15/2024,21:30,Full,No review,,,,,,,,
2024,6/15/2024,22:00,Full,First 30,BP,No fish,,,,,,
2024,6/15/2024,22:30,Full,No review,,,,,,,,
2024,6/15/2024,23:00,Full,First 30,BP,No fish,,,,,,
2024,6/15/2024,23:30,Full,No review,,,,,,,,
