date_time,year,date,hour,data_recorded,data_reviewed,observer,time,direction,length,frame,range,confidence,comments
2025-02-01T00:00:00Z,2025,2025-02-01,0S,Full,15 min,as,No Fish,NA,NA,NA,NA,NA,NA
2025-02-01T00:00:00Z,2025,2025-02-01,0S,Full,15 min,jw,No Fish,NA,NA,NA,NA,NA,NA
2025-02-01T00:15:00Z,2025,2025-02-01,15M 0S,Full,15 min,as,0:17:13,downstream,68.1,700,14.2,1,NA
2025-02-01T00:15:00Z,2025,2025-02-01,15M 0S,Full,15 min,jw,0:16:53,downstream,74,595,11.1,1,NA
2025-02-01T00:30:00Z,2025,2025-02-01,30M 0S,Full,15 min,as,No Fish,NA,NA,NA,NA,NA,NA
2025-02-01T00:30:00Z,2025,2025-02-01,30M 0S,Full,15 min,jw,No Fish,NA,NA,NA,NA,NA,NA
2025-02-01T00:45:00Z,2025,2025-02-01,45M 0S,Full,15 min,as,0:54:09,upstream,74.2,2881,12.87,1,NA
2025-02-01T00:45:00Z,2025,2025-02-01,45M 0S,Full,15 min,jw,0:54:20,upstream,74.4,2940,11.39,1,NA
2025-02-01T01:00:00Z,2025,2025-02-01,1H 0M 0S,Full,15 min,as,No Fish,NA,NA,NA,NA,NA,NA
2025-02-01T01:00:00Z,2025,2025-02-01,1H 0M 0S,Full,15 min,jw,No Fish,NA,NA,NA,NA,NA,NA
2025-02-01T01:15:00Z,2025,2025-02-01,1H 15M 0S,Full,15 min,as,No Fish,NA,NA,NA,NA,NA,NA
2025-02-01T01:15:00Z,2025,2025-02-01,1H 15M 0S,Full,15 min,jw,No Fish,NA,NA,NA,NA,NA,NA
2025-02-01T01:30:00Z,2025,2025-02-01,1H 30M 0S,Full,15 min,as,No Fish,NA,NA,NA,NA,NA,NA
2025-02-01T01:30:00Z,2025,2025-02-01,1H 30M 0S,Full,15 min,jw,No Fish,NA,NA,NA,NA,NA,NA
2025-02-01T01:45:00Z,2025,2025-02-01,1H 45M 0S,Full,15 min,as,No Fish,NA,NA,NA,NA,NA,NA
2025-02-01T01:45:00Z,2025,2025-02-01,1H 45M 0S,Full,15 min,jw,No Fish,NA,NA,NA,NA,NA,NA
2025-02-01T02:00:00Z,2025,2025-02-01,2H 0M 0S,Full,15 min,as,No Fish,NA,NA,NA,NA,NA,NA
2025-02-01T02:00:00Z,2025,2025-02-01,2H 0M 0S,Full,15 min,jw,No Fish,NA,NA,NA,NA,NA,NA
2025-02-01T02:15:00Z,2025,2025-02-01,2H 15M 0S,Full,15 min,as,2:16:58,downstream,72,613,11.14,1,NA
2025-02-01T02:15:00Z,2025,2025-02-01,2H 15M 0S,Full,15 min,as,2:29:59,downstream,67.4,4730,11.97,1,NA
2025-02-01T02:15:00Z,2025,2025-02-01,2H 15M 0S,Full,15 min,jw,2:16:50,downstream,66.3,571,8.86,1,NA
2025-02-01T02:30:00Z,2025,2025-02-01,2H 30M 0S,Full,15 min,as,No Fish,NA,NA,NA,NA,NA,NA
2025-02-01T02:30:00Z,2025,2025-02-01,2H 30M 0S,Full,15 min,jw,No Fish,NA,NA,NA,NA,NA,NA
2025-02-01T02:45:00Z,2025,2025-02-01,2H 45M 0S,Full,15 min,as,2:58:16,downstream,72.8,4194,13.34,1,NA
2025-02-01T02:45:00Z,2025,2025-02-01,2H 45M 0S,Full,15 min,jw,2:58:20,downstream,68,4214,13.7,1,NA
2025-02-01T03:00:00Z,2025,2025-02-01,3H 0M 0S,Full,15 min,as,3:09:09,upstream,72.9,2990,9.96,1,NA
2025-02-01T03:00:00Z,2025,2025-02-01,3H 0M 0S,Full,15 min,jw,3:09:31,upstream,72.2,3001,10.36,1,NA
2025-02-01T03:15:00Z,2025,2025-02-01,3H 15M 0S,Full,15 min,as,3:28:03,upstream,64,4130,7.74,1,NA
2025-02-01T03:15:00Z,2025,2025-02-01,3H 15M 0S,Full,15 min,jw,3:28:05,upstream,68.8,4139,8.49,1,NA
2025-02-01T03:30:00Z,2025,2025-02-01,3H 30M 0S,Full,15 min,as,No Fish,NA,NA,NA,NA,NA,NA
2025-02-01T03:30:00Z,2025,2025-02-01,3H 30M 0S,Full,15 min,jw,No Fish,NA,NA,NA,NA,NA,NA
2025-02-01T03:45:00Z,2025,2025-02-01,3H 45M 0S,Full,15 min,as,3:46:22,downstream,62.3,424,8.2,1,NA
2025-02-01T03:45:00Z,2025,2025-02-01,3H 45M 0S,Full,15 min,jw,3:46:23,downstream,54.8,426,7.89,1,NA
2025-02-01T04:00:00Z,2025,2025-02-01,4H 0M 0S,Full,15 min,as,No Fish,NA,NA,NA,NA,NA,NA
2025-02-01T04:00:00Z,2025,2025-02-01,4H 0M 0S,Full,15 min,jw,No Fish,NA,NA,NA,NA,NA,NA
2025-02-01T04:15:00Z,2025,2025-02-01,4H 15M 0S,Full,15 min,as,No Fish,NA,NA,NA,NA,NA,NA
2025-02-01T04:15:00Z,2025,2025-02-01,4H 15M 0S,Full,15 min,jw,No Fish,NA,NA,NA,NA,NA,NA
2025-02-01T04:30:00Z,2025,2025-02-01,4H 30M 0S,Full,15 min,as,No Fish,NA,NA,NA,NA,NA,NA
2025-02-01T04:30:00Z,2025,2025-02-01,4H 30M 0S,Full,15 min,jw,No Fish,NA,NA,NA,NA,NA,NA
2025-02-01T04:45:00Z,2025,2025-02-01,4H 45M 0S,Full,15 min,as,4:58:34,upstream,61.5,4275,7.62,1,NA
2025-02-01T04:45:00Z,2025,2025-02-01,4H 45M 0S,Full,15 min,jw,4:58:30,upstream,60.4,4253,7.58,1,NA
2025-02-01T05:00:00Z,2025,2025-02-01,5H 0M 0S,Full,15 min,as,No Fish,NA,NA,NA,NA,NA,NA
2025-02-01T05:00:00Z,2025,2025-02-01,5H 0M 0S,Full,15 min,jw,No Fish,NA,NA,NA,NA,NA,NA
2025-02-01T05:15:00Z,2025,2025-02-01,5H 15M 0S,Full,15 min,as,No Fish,NA,NA,NA,NA,NA,NA
2025-02-01T05:15:00Z,2025,2025-02-01,5H 15M 0S,Full,15 min,jw,No Fish,NA,NA,NA,NA,NA,NA
2025-02-01T05:30:00Z,2025,2025-02-01,5H 30M 0S,Full,15 min,as,No Fish,NA,NA,NA,NA,NA,NA
2025-02-01T05:30:00Z,2025,2025-02-01,5H 30M 0S,Full,15 min,jw,No Fish,NA,NA,NA,NA,NA,NA
2025-02-01T05:45:00Z,2025,2025-02-01,5H 45M 0S,Full,15 min,as,No Fish,NA,NA,NA,NA,NA,NA
2025-02-01T05:45:00Z,2025,2025-02-01,5H 45M 0S,Full,15 min,jw,No Fish,NA,NA,NA,NA,NA,NA
2025-02-01T06:00:00Z,2025,2025-02-01,6H 0M 0S,Full,15 min,as,No Fish,NA,NA,NA,NA,NA,NA
2025-02-01T06:00:00Z,2025,2025-02-01,6H 0M 0S,Full,15 min,jw,No Fish,NA,NA,NA,NA,NA,NA
2025-02-01T06:15:00Z,2025,2025-02-01,6H 15M 0S,Full,15 min,as,No Fish,NA,NA,NA,NA,NA,NA
2025-02-01T06:15:00Z,2025,2025-02-01,6H 15M 0S,Full,15 min,jw,No Fish,NA,NA,NA,NA,NA,NA
2025-02-01T06:30:00Z,2025,2025-02-01,6H 30M 0S,Full,15 min,as,6:36:11,downstream,72,1949,10.33,1,NA
2025-02-01T06:30:00Z,2025,2025-02-01,6H 30M 0S,Full,15 min,jw,No Fish,NA,NA,NA,NA,NA,NA
2025-02-01T06:45:00Z,2025,2025-02-01,6H 45M 0S,Full,15 min,as,No Fish,NA,NA,NA,NA,NA,NA
2025-02-01T06:45:00Z,2025,2025-02-01,6H 45M 0S,Full,15 min,jw,No Fish,NA,NA,NA,NA,NA,NA
2025-02-01T07:00:00Z,2025,2025-02-01,7H 0M 0S,Full,15 min,as,No Fish,NA,NA,NA,NA,NA,NA
2025-02-01T07:00:00Z,2025,2025-02-01,7H 0M 0S,Full,15 min,jw,No Fish,NA,NA,NA,NA,NA,NA
2025-02-01T07:15:00Z,2025,2025-02-01,7H 15M 0S,Full,15 min,as,No Fish,NA,NA,NA,NA,NA,NA
2025-02-01T07:15:00Z,2025,2025-02-01,7H 15M 0S,Full,15 min,jw,No Fish,NA,NA,NA,NA,NA,NA
2025-02-01T07:30:00Z,2025,2025-02-01,7H 30M 0S,Full,15 min,as,No Fish,NA,NA,NA,NA,NA,NA
2025-02-01T07:30:00Z,2025,2025-02-01,7H 30M 0S,Full,15 min,jw,No Fish,NA,NA,NA,NA,NA,NA
2025-02-01T07:45:00Z,2025,2025-02-01,7H 45M 0S,Full,15 min,as,No Fish,NA,NA,NA,NA,NA,NA
2025-02-01T07:45:00Z,2025,2025-02-01,7H 45M 0S,Full,15 min,jw,No Fish,NA,NA,NA,NA,NA,NA
2025-02-01T08:00:00Z,2025,2025-02-01,8H 0M 0S,Full,15 min,as,No Fish,NA,NA,NA,NA,NA,NA
2025-02-01T08:00:00Z,2025,2025-02-01,8H 0M 0S,Full,15 min,jw,No Fish,NA,NA,NA,NA,NA,NA
2025-02-01T08:15:00Z,2025,2025-02-01,8H 15M 0S,Full,15 min,as,No Fish,NA,NA,NA,NA,NA,NA
2025-02-01T08:15:00Z,2025,2025-02-01,8H 15M 0S,Full,15 min,jw,No Fish,NA,NA,NA,NA,NA,NA
2025-02-01T08:30:00Z,2025,2025-02-01,8H 30M 0S,Full,15 min,as,No Fish,NA,NA,NA,NA,NA,NA
2025-02-01T08:30:00Z,2025,2025-02-01,8H 30M 0S,Full,15 min,jw,No Fish,NA,NA,NA,NA,NA,NA
2025-02-01T08:45:00Z,2025,2025-02-01,8H 45M 0S,Full,15 min,as,No Fish,NA,NA,NA,NA,NA,NA
2025-02-01T08:45:00Z,2025,2025-02-01,8H 45M 0S,Full,15 min,jw,No Fish,NA,NA,NA,NA,NA,NA
2025-02-01T09:00:00Z,2025,2025-02-01,9H 0M 0S,Full,15 min,as,No Fish,NA,NA,NA,NA,NA,NA
2025-02-01T09:00:00Z,2025,2025-02-01,9H 0M 0S,Full,15 min,jw,No Fish,NA,NA,NA,NA,NA,NA
2025-02-01T09:15:00Z,2025,2025-02-01,9H 15M 0S,Full,15 min,as,No Fish,NA,NA,NA,NA,NA,NA
2025-02-01T09:15:00Z,2025,2025-02-01,9H 15M 0S,Full,15 min,jw,No Fish,NA,NA,NA,NA,NA,NA
2025-02-01T09:30:00Z,2025,2025-02-01,9H 30M 0S,Full,15 min,as,No Fish,NA,NA,NA,NA,NA,NA
2025-02-01T09:30:00Z,2025,2025-02-01,9H 30M 0S,Full,15 min,jw,No Fish,NA,NA,NA,NA,NA,NA
2025-02-01T09:45:00Z,2025,2025-02-01,9H 45M 0S,Full,15 min,as,No Fish,NA,NA,NA,NA,NA,NA
2025-02-01T09:45:00Z,2025,2025-02-01,9H 45M 0S,Full,15 min,jw,No Fish,NA,NA,NA,NA,NA,NA
2025-02-01T10:00:00Z,2025,2025-02-01,10H 0M 0S,Full,15 min,as,No Fish,NA,NA,NA,NA,NA,NA
2025-02-01T10:00:00Z,2025,2025-02-01,10H 0M 0S,Full,15 min,jw,No Fish,NA,NA,NA,NA,NA,NA
2025-02-01T10:15:00Z,2025,2025-02-01,10H 15M 0S,Full,15 min,as,No Fish,NA,NA,NA,NA,NA,NA
2025-02-01T10:15:00Z,2025,2025-02-01,10H 15M 0S,Full,15 min,jw,No Fish,NA,NA,NA,NA,NA,NA
2025-02-01T10:30:00Z,2025,2025-02-01,10H 30M 0S,Full,15 min,as,No Fish,NA,NA,NA,NA,NA,NA
2025-02-01T10:30:00Z,2025,2025-02-01,10H 30M 0S,Full,15 min,jw,No Fish,NA,NA,NA,NA,NA,NA
2025-02-01T10:45:00Z,2025,2025-02-01,10H 45M 0S,Full,15 min,as,No Fish,NA,NA,NA,NA,NA,NA
2025-02-01T10:45:00Z,2025,2025-02-01,10H 45M 0S,Full,15 min,jw,No Fish,NA,NA,NA,NA,NA,NA
2025-02-01T11:00:00Z,2025,2025-02-01,11H 0M 0S,Full,15 min,as,No Fish,NA,NA,NA,NA,NA,NA
2025-02-01T11:00:00Z,2025,2025-02-01,11H 0M 0S,Full,15 min,jw,No Fish,NA,NA,NA,NA,NA,NA
2025-02-01T11:15:00Z,2025,2025-02-01,11H 15M 0S,Full,15 min,as,No Fish,NA,NA,NA,NA,NA,NA
2025-02-01T11:15:00Z,2025,2025-02-01,11H 15M 0S,Full,15 min,jw,No Fish,NA,NA,NA,NA,NA,NA
2025-02-01T11:30:00Z,2025,2025-02-01,11H 30M 0S,Full,15 min,as,No Fish,NA,NA,NA,NA,NA,NA
2025-02-01T11:30:00Z,2025,2025-02-01,11H 30M 0S,Full,15 min,jw,No Fish,NA,NA,NA,NA,NA,NA
2025-02-01T11:45:00Z,2025,2025-02-01,11H 45M 0S,Full,15 min,as,No Fish,NA,NA,NA,NA,NA,NA
2025-02-01T11:45:00Z,2025,2025-02-01,11H 45M 0S,Full,15 min,jw,No Fish,NA,NA,NA,NA,NA,NA
2025-02-01T12:00:00Z,2025,2025-02-01,12H 0M 0S,Full,15 min,as,No Fish,NA,NA,NA,NA,NA,NA
2025-02-01T12:00:00Z,2025,2025-02-01,12H 0M 0S,Full,15 min,jw,No Fish,NA,NA,NA,NA,NA,NA
2025-02-01T12:15:00Z,2025,2025-02-01,12H 15M 0S,Full,15 min,as,No Fish,NA,NA,NA,NA,NA,NA
2025-02-01T12:15:00Z,2025,2025-02-01,12H 15M 0S,Full,15 min,jw,No Fish,NA,NA,NA,NA,NA,NA
2025-02-01T12:30:00Z,2025,2025-02-01,12H 30M 0S,Full,15 min,as,12:31:37,downstream,36,511,10.97,1,NA
2025-02-01T12:30:00Z,2025,2025-02-01,12H 30M 0S,Full,15 min,jw,No Fish,NA,NA,NA,NA,NA,NA
2025-02-01T12:45:00Z,2025,2025-02-01,12H 45M 0S,Full,15 min,as,No Fish,NA,NA,NA,NA,NA,NA
2025-02-01T12:45:00Z,2025,2025-02-01,12H 45M 0S,Full,15 min,jw,No Fish,NA,NA,NA,NA,NA,NA
2025-02-01T13:00:00Z,2025,2025-02-01,13H 0M 0S,Full,15 min,as,No Fish,NA,NA,NA,NA,NA,NA
2025-02-01T13:00:00Z,2025,2025-02-01,13H 0M 0S,Full,15 min,jw,No Fish,NA,NA,NA,NA,NA,NA
2025-02-01T13:15:00Z,2025,2025-02-01,13H 15M 0S,Full,15 min,as,No Fish,NA,NA,NA,NA,NA,NA
2025-02-01T13:15:00Z,2025,2025-02-01,13H 15M 0S,Full,15 min,jw,No Fish,NA,NA,NA,NA,NA,NA
2025-02-01T13:30:00Z,2025,2025-02-01,13H 30M 0S,Full,15 min,as,No Fish,NA,NA,NA,NA,NA,NA
2025-02-01T13:30:00Z,2025,2025-02-01,13H 30M 0S,Full,15 min,jw,No Fish,NA,NA,NA,NA,NA,NA
2025-02-01T13:45:00Z,2025,2025-02-01,13H 45M 0S,Full,15 min,as,No Fish,NA,NA,NA,NA,NA,NA
2025-02-01T13:45:00Z,2025,2025-02-01,13H 45M 0S,Full,15 min,jw,No Fish,NA,NA,NA,NA,NA,NA
2025-02-01T14:00:00Z,2025,2025-02-01,14H 0M 0S,Full,15 min,as,No Fish,NA,NA,NA,NA,NA,NA
2025-02-01T14:00:00Z,2025,2025-02-01,14H 0M 0S,Full,15 min,jw,No Fish,NA,NA,NA,NA,NA,NA
2025-02-01T14:15:00Z,2025,2025-02-01,14H 15M 0S,Full,15 min,as,No Fish,NA,NA,NA,NA,NA,NA
2025-02-01T14:15:00Z,2025,2025-02-01,14H 15M 0S,Full,15 min,jw,No Fish,NA,NA,NA,NA,NA,NA
2025-02-01T14:30:00Z,2025,2025-02-01,14H 30M 0S,Full,15 min,as,No Fish,NA,NA,NA,NA,NA,NA
2025-02-01T14:30:00Z,2025,2025-02-01,14H 30M 0S,Full,15 min,jw,No Fish,NA,NA,NA,NA,NA,NA
2025-02-01T14:45:00Z,2025,2025-02-01,14H 45M 0S,Full,15 min,as,No Fish,NA,NA,NA,NA,NA,NA
2025-02-01T14:45:00Z,2025,2025-02-01,14H 45M 0S,Full,15 min,jw,No Fish,NA,NA,NA,NA,NA,NA
2025-02-01T15:00:00Z,2025,2025-02-01,15H 0M 0S,Full,15 min,as,No Fish,NA,NA,NA,NA,NA,NA
2025-02-01T15:00:00Z,2025,2025-02-01,15H 0M 0S,Full,15 min,jw,No Fish,NA,NA,NA,NA,NA,NA
2025-02-01T15:15:00Z,2025,2025-02-01,15H 15M 0S,Full,15 min,as,No Fish,NA,NA,NA,NA,NA,NA
2025-02-01T15:15:00Z,2025,2025-02-01,15H 15M 0S,Full,15 min,jw,No Fish,NA,NA,NA,NA,NA,NA
2025-02-01T15:30:00Z,2025,2025-02-01,15H 30M 0S,Full,15 min,as,No Fish,NA,NA,NA,NA,NA,NA
2025-02-01T15:30:00Z,2025,2025-02-01,15H 30M 0S,Full,15 min,jw,No Fish,NA,NA,NA,NA,NA,NA
2025-02-01T15:45:00Z,2025,2025-02-01,15H 45M 0S,Full,15 min,as,No Fish,NA,NA,NA,NA,NA,NA
2025-02-01T15:45:00Z,2025,2025-02-01,15H 45M 0S,Full,15 min,jw,No Fish,NA,NA,NA,NA,NA,NA
2025-02-01T16:00:00Z,2025,2025-02-01,16H 0M 0S,Full,15 min,as,16:12:58,downstream,39.1,4097,8.84,1,NA
2025-02-01T16:00:00Z,2025,2025-02-01,16H 0M 0S,Full,15 min,jw,No Fish,NA,NA,NA,NA,NA,NA
2025-02-01T16:15:00Z,2025,2025-02-01,16H 15M 0S,Full,15 min,as,No Fish,NA,NA,NA,NA,NA,NA
2025-02-01T16:15:00Z,2025,2025-02-01,16H 15M 0S,Full,15 min,jw,No Fish,NA,NA,NA,NA,NA,NA
2025-02-01T16:30:00Z,2025,2025-02-01,16H 30M 0S,Full,15 min,as,No Fish,NA,NA,NA,NA,NA,NA
2025-02-01T16:30:00Z,2025,2025-02-01,16H 30M 0S,Full,15 min,jw,No Fish,NA,NA,NA,NA,NA,NA
2025-02-01T16:45:00Z,2025,2025-02-01,16H 45M 0S,Full,15 min,as,No Fish,NA,NA,NA,NA,NA,NA
2025-02-01T16:45:00Z,2025,2025-02-01,16H 45M 0S,Full,15 min,jw,No Fish,NA,NA,NA,NA,NA,NA
2025-02-01T17:00:00Z,2025,2025-02-01,17H 0M 0S,Full,15 min,as,No Fish,NA,NA,NA,NA,NA,NA
2025-02-01T17:00:00Z,2025,2025-02-01,17H 0M 0S,Full,15 min,jw,No Fish,NA,NA,NA,NA,NA,NA
2025-02-01T17:15:00Z,2025,2025-02-01,17H 15M 0S,Full,15 min,as,No Fish,NA,NA,NA,NA,NA,NA
2025-02-01T17:15:00Z,2025,2025-02-01,17H 15M 0S,Full,15 min,jw,No Fish,NA,NA,NA,NA,NA,NA
2025-02-01T17:30:00Z,2025,2025-02-01,17H 30M 0S,Full,15 min,as,No Fish,NA,NA,NA,NA,NA,NA
2025-02-01T17:30:00Z,2025,2025-02-01,17H 30M 0S,Full,15 min,jw,No Fish,NA,NA,NA,NA,NA,NA
2025-02-01T17:45:00Z,2025,2025-02-01,17H 45M 0S,Full,15 min,as,No Fish,NA,NA,NA,NA,NA,NA
2025-02-01T17:45:00Z,2025,2025-02-01,17H 45M 0S,Full,15 min,jw,No Fish,NA,NA,NA,NA,NA,NA
2025-02-01T18:00:00Z,2025,2025-02-01,18H 0M 0S,Full,15 min,as,No Fish,NA,NA,NA,NA,NA,NA
2025-02-01T18:00:00Z,2025,2025-02-01,18H 0M 0S,Full,15 min,jw,No Fish,NA,NA,NA,NA,NA,NA
2025-02-01T18:15:00Z,2025,2025-02-01,18H 15M 0S,Full,15 min,as,18:15:27,upstream,73.4,140,13.08,1,NA
2025-02-01T18:15:00Z,2025,2025-02-01,18H 15M 0S,Full,15 min,jw,18:15:33,upstream,64.6,171,13.58,1,NA
2025-02-01T18:30:00Z,2025,2025-02-01,18H 30M 0S,Full,15 min,as,No Fish,NA,NA,NA,NA,NA,NA
2025-02-01T18:30:00Z,2025,2025-02-01,18H 30M 0S,Full,15 min,jw,No Fish,NA,NA,NA,NA,NA,NA
2025-02-01T18:45:00Z,2025,2025-02-01,18H 45M 0S,Full,15 min,as,No Fish,NA,NA,NA,NA,NA,NA
2025-02-01T18:45:00Z,2025,2025-02-01,18H 45M 0S,Full,15 min,jw,No Fish,NA,NA,NA,NA,NA,NA
2025-02-01T19:00:00Z,2025,2025-02-01,19H 0M 0S,Full,15 min,as,No Fish,NA,NA,NA,NA,NA,NA
2025-02-01T19:00:00Z,2025,2025-02-01,19H 0M 0S,Full,15 min,jw,No Fish,NA,NA,NA,NA,NA,NA
2025-02-01T19:15:00Z,2025,2025-02-01,19H 15M 0S,Full,15 min,as,19:22:47,upstream,42,2452,6.37,1,NA
2025-02-01T19:15:00Z,2025,2025-02-01,19H 15M 0S,Full,15 min,jw,19:22:42,upstream,38.7,2426,5.45,1,NA
2025-02-01T19:30:00Z,2025,2025-02-01,19H 30M 0S,Full,15 min,as,19:36:37,downstream,63.2,2084,8.03,1,NA
2025-02-01T19:30:00Z,2025,2025-02-01,19H 30M 0S,Full,15 min,as,19:39:30,upstream,60,2998,15.94,1,NA
2025-02-01T19:30:00Z,2025,2025-02-01,19H 30M 0S,Full,15 min,jw,No Fish,NA,NA,NA,NA,NA,NA
2025-02-01T19:45:00Z,2025,2025-02-01,19H 45M 0S,Full,15 min,as,19:55:19,downstream,63.5,3255,14.54,1,NA
2025-02-01T19:45:00Z,2025,2025-02-01,19H 45M 0S,Full,15 min,jw,No Fish,NA,NA,NA,NA,NA,NA
2025-02-01T20:00:00Z,2025,2025-02-01,20H 0M 0S,Full,15 min,as,No Fish,NA,NA,NA,NA,NA,NA
2025-02-01T20:00:00Z,2025,2025-02-01,20H 0M 0S,Full,15 min,jw,No Fish,NA,NA,NA,NA,NA,NA
2025-02-01T20:15:00Z,2025,2025-02-01,20H 15M 0S,Full,15 min,as,No Fish,NA,NA,NA,NA,NA,NA
2025-02-01T20:15:00Z,2025,2025-02-01,20H 15M 0S,Full,15 min,jw,No Fish,NA,NA,NA,NA,NA,NA
2025-02-01T20:30:00Z,2025,2025-02-01,20H 30M 0S,Full,15 min,as,No Fish,NA,NA,NA,NA,NA,NA
2025-02-01T20:30:00Z,2025,2025-02-01,20H 30M 0S,Full,15 min,jw,No Fish,NA,NA,NA,NA,NA,NA
2025-02-01T20:45:00Z,2025,2025-02-01,20H 45M 0S,Full,15 min,as,20:56:45,upstream,71.3,3710,9.59,1,NA
2025-02-01T20:45:00Z,2025,2025-02-01,20H 45M 0S,Full,15 min,jw,20:56:37,upstream,71.1,3667,8.02,1,NA
2025-02-01T21:00:00Z,2025,2025-02-01,21H 0M 0S,Full,15 min,as,21:05:24,downstream,68.8,1700,15.19,1,NA
2025-02-01T21:00:00Z,2025,2025-02-01,21H 0M 0S,Full,15 min,jw,No Fish,NA,NA,NA,NA,NA,NA
2025-02-01T21:15:00Z,2025,2025-02-01,21H 15M 0S,Full,15 min,as,21:16:52,upstream,77,584,11.34,1,NA
2025-02-01T21:15:00Z,2025,2025-02-01,21H 15M 0S,Full,15 min,jw,21:16:56,upstream,66.5,609,11.61,1,NA
2025-02-01T21:30:00Z,2025,2025-02-01,21H 30M 0S,Full,15 min,as,21:44:51,upstream,60.7,4686,8.71,1,NA
2025-02-01T21:30:00Z,2025,2025-02-01,21H 30M 0S,Full,15 min,jw,21:44:49,upstream,55,4679,8.77,1,NA
2025-02-01T21:45:00Z,2025,2025-02-01,21H 45M 0S,Full,15 min,as,No Fish,NA,NA,NA,NA,NA,NA
2025-02-01T21:45:00Z,2025,2025-02-01,21H 45M 0S,Full,15 min,jw,No Fish,NA,NA,NA,NA,NA,NA
2025-02-01T22:00:00Z,2025,2025-02-01,22H 0M 0S,Full,15 min,as,No Fish,NA,NA,NA,NA,NA,NA
2025-02-01T22:00:00Z,2025,2025-02-01,22H 0M 0S,Full,15 min,jw,No Fish,NA,NA,NA,NA,NA,NA
2025-02-01T22:15:00Z,2025,2025-02-01,22H 15M 0S,Full,15 min,as,No Fish,NA,NA,NA,NA,NA,NA
2025-02-01T22:15:00Z,2025,2025-02-01,22H 15M 0S,Full,15 min,jw,No Fish,NA,NA,NA,NA,NA,NA
2025-02-01T22:30:00Z,2025,2025-02-01,22H 30M 0S,Full,15 min,as,No Fish,NA,NA,NA,NA,NA,NA
2025-02-01T22:30:00Z,2025,2025-02-01,22H 30M 0S,Full,15 min,jw,No Fish,NA,NA,NA,NA,NA,NA
2025-02-01T22:45:00Z,2025,2025-02-01,22H 45M 0S,Full,15 min,as,No Fish,NA,NA,NA,NA,NA,NA
2025-02-01T22:45:00Z,2025,2025-02-01,22H 45M 0S,Full,15 min,jw,No Fish,NA,NA,NA,NA,NA,NA
2025-02-01T23:00:00Z,2025,2025-02-01,23H 0M 0S,Full,15 min,as,No Fish,NA,NA,NA,NA,NA,NA
2025-02-01T23:00:00Z,2025,2025-02-01,23H 0M 0S,Full,15 min,jw,No Fish,NA,NA,NA,NA,NA,NA
2025-02-01T23:15:00Z,2025,2025-02-01,23H 15M 0S,Full,15 min,as,No Fish,NA,NA,NA,NA,NA,NA
2025-02-01T23:15:00Z,2025,2025-02-01,23H 15M 0S,Full,15 min,jw,No Fish,NA,NA,NA,NA,NA,NA
2025-02-01T23:30:00Z,2025,2025-02-01,23H 30M 0S,Full,15 min,as,No Fish,NA,NA,NA,NA,NA,NA
2025-02-01T23:30:00Z,2025,2025-02-01,23H 30M 0S,Full,15 min,jw,No Fish,NA,NA,NA,NA,NA,NA
2025-02-01T23:45:00Z,2025,2025-02-01,23H 45M 0S,Full,15 min,as,No Fish,NA,NA,NA,NA,NA,NA
2025-02-01T23:45:00Z,2025,2025-02-01,23H 45M 0S,Full,15 min,jw,No Fish,NA,NA,NA,NA,NA,NA
2025-02-12T00:00:00Z,2025,2025-02-12,0S,Full,15 min,as,No Fish,NA,NA,NA,NA,NA,NA
2025-02-12T00:00:00Z,2025,2025-02-12,0S,Full,15 min,jw,No Fish,NA,NA,NA,NA,NA,NA
2025-02-12T00:15:00Z,2025,2025-02-12,15M 0S,Full,15 min,as,No Fish,NA,NA,NA,NA,NA,NA
2025-02-12T00:15:00Z,2025,2025-02-12,15M 0S,Full,15 min,jw,No Fish,NA,NA,NA,NA,NA,NA
2025-02-12T00:30:00Z,2025,2025-02-12,30M 0S,Full,15 min,as,No Fish,NA,NA,NA,NA,NA,NA
2025-02-12T00:30:00Z,2025,2025-02-12,30M 0S,Full,15 min,jw,No Fish,NA,NA,NA,NA,NA,NA
2025-02-12T00:45:00Z,2025,2025-02-12,45M 0S,Full,15 min,as,No Fish,NA,NA,NA,NA,NA,NA
2025-02-12T00:45:00Z,2025,2025-02-12,45M 0S,Full,15 min,jw,No Fish,NA,NA,NA,NA,NA,NA
2025-02-12T01:00:00Z,2025,2025-02-12,1H 0M 0S,Full,15 min,as,No Fish,NA,NA,NA,NA,NA,NA
2025-02-12T01:00:00Z,2025,2025-02-12,1H 0M 0S,Full,15 min,jw,No Fish,NA,NA,NA,NA,NA,NA
2025-02-12T01:15:00Z,2025,2025-02-12,1H 15M 0S,Full,15 min,as,1:15:30,downstream,76,149,12.1,1,NA
2025-02-12T01:15:00Z,2025,2025-02-12,1H 15M 0S,Full,15 min,as,1:18:34,upstream,76.1,1102,11.87,1,NA
2025-02-12T01:15:00Z,2025,2025-02-12,1H 15M 0S,Full,15 min,jw,1:15:28,downstream,73.9,138,11.77,1,NA
2025-02-12T01:15:00Z,2025,2025-02-12,1H 15M 0S,Full,15 min,jw,1:18:33,upstream,74,1098,12.03,1,NA
2025-02-12T01:30:00Z,2025,2025-02-12,1H 30M 0S,Full,15 min,as,No Fish,NA,NA,NA,NA,NA,NA
2025-02-12T01:30:00Z,2025,2025-02-12,1H 30M 0S,Full,15 min,jw,No Fish,NA,NA,NA,NA,NA,NA
2025-02-12T01:45:00Z,2025,2025-02-12,1H 45M 0S,Full,15 min,as,No Fish,NA,NA,NA,NA,NA,NA
2025-02-12T01:45:00Z,2025,2025-02-12,1H 45M 0S,Full,15 min,jw,No Fish,NA,NA,NA,NA,NA,NA
2025-02-12T02:00:00Z,2025,2025-02-12,2H 0M 0S,Full,15 min,as,No Fish,NA,NA,NA,NA,NA,NA
2025-02-12T02:00:00Z,2025,2025-02-12,2H 0M 0S,Full,15 min,jw,No Fish,NA,NA,NA,NA,NA,NA
2025-02-12T02:15:00Z,2025,2025-02-12,2H 15M 0S,Full,15 min,as,No Fish,NA,NA,NA,NA,NA,NA
2025-02-12T02:15:00Z,2025,2025-02-12,2H 15M 0S,Full,15 min,jw,No Fish,NA,NA,NA,NA,NA,NA
2025-02-12T02:30:00Z,2025,2025-02-12,2H 30M 0S,Full,15 min,as,No Fish,NA,NA,NA,NA,NA,NA
2025-02-12T02:30:00Z,2025,2025-02-12,2H 30M 0S,Full,15 min,jw,No Fish,NA,NA,NA,NA,NA,NA
2025-02-12T02:45:00Z,2025,2025-02-12,2H 45M 0S,Full,15 min,as,No Fish,NA,NA,NA,NA,NA,NA
2025-02-12T02:45:00Z,2025,2025-02-12,2H 45M 0S,Full,15 min,jw,No Fish,NA,NA,NA,NA,NA,NA
2025-02-12T03:00:00Z,2025,2025-02-12,3H 0M 0S,Full,15 min,as,No Fish,NA,NA,NA,NA,NA,NA
2025-02-12T03:00:00Z,2025,2025-02-12,3H 0M 0S,Full,15 min,jw,No Fish,NA,NA,NA,NA,NA,NA
2025-02-12T03:15:00Z,2025,2025-02-12,3H 15M 0S,Full,15 min,as,3:21:00,downstream,77.2,1881,13.01,1,NA
2025-02-12T03:15:00Z,2025,2025-02-12,3H 15M 0S,Full,15 min,jw,3:20:57,downstream,68.7,1862,12.21,1,NA
2025-02-12T03:30:00Z,2025,2025-02-12,3H 30M 0S,Full,15 min,as,No Fish,NA,NA,NA,NA,NA,NA
2025-02-12T03:30:00Z,2025,2025-02-12,3H 30M 0S,Full,15 min,jw,No Fish,NA,NA,NA,NA,NA,NA
2025-02-12T03:45:00Z,2025,2025-02-12,3H 45M 0S,Full,15 min,as,No Fish,NA,NA,NA,NA,NA,NA
2025-02-12T03:45:00Z,2025,2025-02-12,3H 45M 0S,Full,15 min,jw,No Fish,NA,NA,NA,NA,NA,NA
2025-02-12T04:00:00Z,2025,2025-02-12,4H 0M 0S,Full,15 min,as,4:05:32,downstream,77.1,1734,10.39,1,NA
2025-02-12T04:00:00Z,2025,2025-02-12,4H 0M 0S,Full,15 min,jw,4:05:32,downstream,71.1,1734,10.39,1,NA
2025-02-12T04:15:00Z,2025,2025-02-12,4H 15M 0S,Full,15 min,as,No Fish,NA,NA,NA,NA,NA,NA
2025-02-12T04:15:00Z,2025,2025-02-12,4H 15M 0S,Full,15 min,jw,No Fish,NA,NA,NA,NA,NA,NA
2025-02-12T04:30:00Z,2025,2025-02-12,4H 30M 0S,Full,15 min,as,No Fish,NA,NA,NA,NA,NA,NA
2025-02-12T04:30:00Z,2025,2025-02-12,4H 30M 0S,Full,15 min,jw,No Fish,NA,NA,NA,NA,NA,NA
2025-02-12T04:45:00Z,2025,2025-02-12,4H 45M 0S,Full,15 min,as,4:51:10,upstream,76,1911,9.72,1,NA
2025-02-12T04:45:00Z,2025,2025-02-12,4H 45M 0S,Full,15 min,jw,4:51:08,upstream,68.6,1904,9.41,1,NA
2025-02-12T05:00:00Z,2025,2025-02-12,5H 0M 0S,Full,15 min,as,No Fish,NA,NA,NA,NA,NA,NA
2025-02-12T05:00:00Z,2025,2025-02-12,5H 0M 0S,Full,15 min,jw,No Fish,NA,NA,NA,NA,NA,NA
2025-02-12T05:15:00Z,2025,2025-02-12,5H 15M 0S,Full,15 min,as,5:19:49,downstream,77.8,1500,12.93,1,NA
2025-02-12T05:15:00Z,2025,2025-02-12,5H 15M 0S,Full,15 min,as,5:28:52,downstream,47.7,4340,17.11,1,NA
2025-02-12T05:15:00Z,2025,2025-02-12,5H 15M 0S,Full,15 min,jw,5:19:46,upstream,65.5,1481,13.15,1,NA
2025-02-12T05:30:00Z,2025,2025-02-12,5H 30M 0S,Full,15 min,as,No Fish,NA,NA,NA,NA,NA,NA
2025-02-12T05:30:00Z,2025,2025-02-12,5H 30M 0S,Full,15 min,jw,No Fish,NA,NA,NA,NA,NA,NA
2025-02-12T05:45:00Z,2025,2025-02-12,5H 45M 0S,Full,15 min,as,No Fish,NA,NA,NA,NA,NA,NA
2025-02-12T05:45:00Z,2025,2025-02-12,5H 45M 0S,Full,15 min,jw,No Fish,NA,NA,NA,NA,NA,NA
2025-02-12T06:00:00Z,2025,2025-02-12,6H 0M 0S,Full,15 min,as,No Fish,NA,NA,NA,NA,NA,NA
2025-02-12T06:00:00Z,2025,2025-02-12,6H 0M 0S,Full,15 min,jw,No Fish,NA,NA,NA,NA,NA,NA
2025-02-12T06:15:00Z,2025,2025-02-12,6H 15M 0S,Full,15 min,as,No Fish,NA,NA,NA,NA,NA,NA
2025-02-12T06:15:00Z,2025,2025-02-12,6H 15M 0S,Full,15 min,jw,No Fish,NA,NA,NA,NA,NA,NA
2025-02-12T06:30:00Z,2025,2025-02-12,6H 30M 0S,Full,15 min,as,No Fish,NA,NA,NA,NA,NA,NA
2025-02-12T06:30:00Z,2025,2025-02-12,6H 30M 0S,Full,15 min,jw,No Fish,NA,NA,NA,NA,NA,NA
2025-02-12T06:45:00Z,2025,2025-02-12,6H 45M 0S,Full,15 min,as,6:58:55,downstream,47.5,4351,14.29,1,NA
2025-02-12T06:45:00Z,2025,2025-02-12,6H 45M 0S,Full,15 min,jw,No Fish,NA,NA,NA,NA,NA,NA
2025-02-12T07:00:00Z,2025,2025-02-12,7H 0M 0S,Full,15 min,as,7:11:26,downstream,41.6,3570,11.48,1,NA
2025-02-12T07:00:00Z,2025,2025-02-12,7H 0M 0S,Full,15 min,jw,No Fish,NA,NA,NA,NA,NA,NA
2025-02-12T07:15:00Z,2025,2025-02-12,7H 15M 0S,Full,15 min,as,No Fish,NA,NA,NA,NA,NA,NA
2025-02-12T07:15:00Z,2025,2025-02-12,7H 15M 0S,Full,15 min,jw,No Fish,NA,NA,NA,NA,NA,NA
2025-02-12T07:30:00Z,2025,2025-02-12,7H 30M 0S,Full,15 min,as,No Fish,NA,NA,NA,NA,NA,NA
2025-02-12T07:30:00Z,2025,2025-02-12,7H 30M 0S,Full,15 min,jw,No Fish,NA,NA,NA,NA,NA,NA
2025-02-12T07:45:00Z,2025,2025-02-12,7H 45M 0S,Full,15 min,as,No Fish,NA,NA,NA,NA,NA,NA
2025-02-12T07:45:00Z,2025,2025-02-12,7H 45M 0S,Full,15 min,jw,No Fish,NA,NA,NA,NA,NA,NA
2025-02-12T08:00:00Z,2025,2025-02-12,8H 0M 0S,Full,15 min,as,No Fish,NA,NA,NA,NA,NA,NA
2025-02-12T08:00:00Z,2025,2025-02-12,8H 0M 0S,Full,15 min,jw,No Fish,NA,NA,NA,NA,NA,NA
2025-02-12T08:15:00Z,2025,2025-02-12,8H 15M 0S,Full,15 min,as,No Fish,NA,NA,NA,NA,NA,NA
2025-02-12T08:15:00Z,2025,2025-02-12,8H 15M 0S,Full,15 min,jw,No Fish,NA,NA,NA,NA,NA,NA
2025-02-12T08:30:00Z,2025,2025-02-12,8H 30M 0S,Full,15 min,as,No Fish,NA,NA,NA,NA,NA,NA
2025-02-12T08:30:00Z,2025,2025-02-12,8H 30M 0S,Full,15 min,jw,No Fish,NA,NA,NA,NA,NA,NA
2025-02-12T08:45:00Z,2025,2025-02-12,8H 45M 0S,Full,15 min,as,No Fish,NA,NA,NA,NA,NA,NA
2025-02-12T08:45:00Z,2025,2025-02-12,8H 45M 0S,Full,15 min,jw,No Fish,NA,NA,NA,NA,NA,NA
2025-02-12T09:00:00Z,2025,2025-02-12,9H 0M 0S,Full,15 min,as,No Fish,NA,NA,NA,NA,NA,NA
2025-02-12T09:00:00Z,2025,2025-02-12,9H 0M 0S,Full,15 min,jw,No Fish,NA,NA,NA,NA,NA,NA
2025-02-12T09:15:00Z,2025,2025-02-12,9H 15M 0S,Full,15 min,as,No Fish,NA,NA,NA,NA,NA,NA
2025-02-12T09:15:00Z,2025,2025-02-12,9H 15M 0S,Full,15 min,jw,No Fish,NA,NA,NA,NA,NA,NA
2025-02-12T09:30:00Z,2025,2025-02-12,9H 30M 0S,Full,15 min,as,No Fish,NA,NA,NA,NA,NA,NA
2025-02-12T09:30:00Z,2025,2025-02-12,9H 30M 0S,Full,15 min,jw,No Fish,NA,NA,NA,NA,NA,NA
2025-02-12T09:45:00Z,2025,2025-02-12,9H 45M 0S,Full,15 min,as,No Fish,NA,NA,NA,NA,NA,NA
2025-02-12T09:45:00Z,2025,2025-02-12,9H 45M 0S,Full,15 min,jw,No Fish,NA,NA,NA,NA,NA,NA
2025-02-12T10:00:00Z,2025,2025-02-12,10H 0M 0S,Full,15 min,as,No Fish,NA,NA,NA,NA,NA,NA
2025-02-12T10:00:00Z,2025,2025-02-12,10H 0M 0S,Full,15 min,jw,No Fish,NA,NA,NA,NA,NA,NA
2025-02-12T10:15:00Z,2025,2025-02-12,10H 15M 0S,Full,15 min,as,No Fish,NA,NA,NA,NA,NA,NA
2025-02-12T10:15:00Z,2025,2025-02-12,10H 15M 0S,Full,15 min,jw,No Fish,NA,NA,NA,NA,NA,NA
2025-02-12T10:30:00Z,2025,2025-02-12,10H 30M 0S,Full,15 min,as,No Fish,NA,NA,NA,NA,NA,NA
2025-02-12T10:30:00Z,2025,2025-02-12,10H 30M 0S,Full,15 min,jw,No Fish,NA,NA,NA,NA,NA,NA
2025-02-12T10:45:00Z,2025,2025-02-12,10H 45M 0S,Full,15 min,as,No Fish,NA,NA,NA,NA,NA,NA
2025-02-12T10:45:00Z,2025,2025-02-12,10H 45M 0S,Full,15 min,jw,No Fish,NA,NA,NA,NA,NA,NA
2025-02-12T11:00:00Z,2025,2025-02-12,11H 0M 0S,Full,15 min,as,No Fish,NA,NA,NA,NA,NA,NA
2025-02-12T11:00:00Z,2025,2025-02-12,11H 0M 0S,Full,15 min,jw,No Fish,NA,NA,NA,NA,NA,NA
2025-02-12T11:15:00Z,2025,2025-02-12,11H 15M 0S,Full,15 min,as,No Fish,NA,NA,NA,NA,NA,NA
2025-02-12T11:15:00Z,2025,2025-02-12,11H 15M 0S,Full,15 min,jw,No Fish,NA,NA,NA,NA,NA,NA
2025-02-12T11:30:00Z,2025,2025-02-12,11H 30M 0S,Full,15 min,as,No Fish,NA,NA,NA,NA,NA,NA
2025-02-12T11:30:00Z,2025,2025-02-12,11H 30M 0S,Full,15 min,jw,No Fish,NA,NA,NA,NA,NA,NA
2025-02-12T11:45:00Z,2025,2025-02-12,11H 45M 0S,Full,15 min,as,No Fish,NA,NA,NA,NA,NA,NA
2025-02-12T11:45:00Z,2025,2025-02-12,11H 45M 0S,Full,15 min,jw,No Fish,NA,NA,NA,NA,NA,NA
2025-02-12T12:00:00Z,2025,2025-02-12,12H 0M 0S,Full,15 min,as,No Fish,NA,NA,NA,NA,NA,NA
2025-02-12T12:00:00Z,2025,2025-02-12,12H 0M 0S,Full,15 min,jw,No Fish,NA,NA,NA,NA,NA,NA
2025-02-12T12:15:00Z,2025,2025-02-12,12H 15M 0S,Full,15 min,as,No Fish,NA,NA,NA,NA,NA,NA
2025-02-12T12:15:00Z,2025,2025-02-12,12H 15M 0S,Full,15 min,jw,No Fish,NA,NA,NA,NA,NA,NA
2025-02-12T12:30:00Z,2025,2025-02-12,12H 30M 0S,Full,15 min,as,No Fish,NA,NA,NA,NA,NA,NA
2025-02-12T12:30:00Z,2025,2025-02-12,12H 30M 0S,Full,15 min,jw,No Fish,NA,NA,NA,NA,NA,NA
2025-02-12T12:45:00Z,2025,2025-02-12,12H 45M 0S,Full,15 min,as,No Fish,NA,NA,NA,NA,NA,NA
2025-02-12T12:45:00Z,2025,2025-02-12,12H 45M 0S,Full,15 min,jw,No Fish,NA,NA,NA,NA,NA,NA
2025-02-12T13:00:00Z,2025,2025-02-12,13H 0M 0S,Full,15 min,as,No Fish,NA,NA,NA,NA,NA,NA
2025-02-12T13:00:00Z,2025,2025-02-12,13H 0M 0S,Full,15 min,jw,No Fish,NA,NA,NA,NA,NA,NA
2025-02-12T13:15:00Z,2025,2025-02-12,13H 15M 0S,Full,15 min,as,No Fish,NA,NA,NA,NA,NA,NA
2025-02-12T13:15:00Z,2025,2025-02-12,13H 15M 0S,Full,15 min,jw,No Fish,NA,NA,NA,NA,NA,NA
2025-02-12T13:30:00Z,2025,2025-02-12,13H 30M 0S,Full,15 min,as,No Fish,NA,NA,NA,NA,NA,NA
2025-02-12T13:30:00Z,2025,2025-02-12,13H 30M 0S,Full,15 min,jw,No Fish,NA,NA,NA,NA,NA,NA
2025-02-12T13:45:00Z,2025,2025-02-12,13H 45M 0S,Full,15 min,as,No Fish,NA,NA,NA,NA,NA,NA
2025-02-12T13:45:00Z,2025,2025-02-12,13H 45M 0S,Full,15 min,jw,No Fish,NA,NA,NA,NA,NA,NA
2025-02-12T14:00:00Z,2025,2025-02-12,14H 0M 0S,Full,15 min,as,No Fish,NA,NA,NA,NA,NA,NA
2025-02-12T14:00:00Z,2025,2025-02-12,14H 0M 0S,Full,15 min,jw,No Fish,NA,NA,NA,NA,NA,NA
2025-02-12T14:15:00Z,2025,2025-02-12,14H 15M 0S,Full,15 min,as,No Fish,NA,NA,NA,NA,NA,NA
2025-02-12T14:15:00Z,2025,2025-02-12,14H 15M 0S,Full,15 min,jw,No Fish,NA,NA,NA,NA,NA,NA
2025-02-12T14:30:00Z,2025,2025-02-12,14H 30M 0S,Full,15 min,as,No Fish,NA,NA,NA,NA,NA,NA
2025-02-12T14:30:00Z,2025,2025-02-12,14H 30M 0S,Full,15 min,jw,No Fish,NA,NA,NA,NA,NA,NA
2025-02-12T14:45:00Z,2025,2025-02-12,14H 45M 0S,Full,15 min,as,No Fish,NA,NA,NA,NA,NA,NA
2025-02-12T14:45:00Z,2025,2025-02-12,14H 45M 0S,Full,15 min,jw,No Fish,NA,NA,NA,NA,NA,NA
2025-02-12T15:00:00Z,2025,2025-02-12,15H 0M 0S,Full,15 min,as,No Fish,NA,NA,NA,NA,NA,NA
2025-02-12T15:00:00Z,2025,2025-02-12,15H 0M 0S,Full,15 min,jw,No Fish,NA,NA,NA,NA,NA,NA
2025-02-12T15:15:00Z,2025,2025-02-12,15H 15M 0S,Full,15 min,as,No Fish,NA,NA,NA,NA,NA,NA
2025-02-12T15:15:00Z,2025,2025-02-12,15H 15M 0S,Full,15 min,jw,No Fish,NA,NA,NA,NA,NA,NA
2025-02-12T15:30:00Z,2025,2025-02-12,15H 30M 0S,Full,15 min,as,No Fish,NA,NA,NA,NA,NA,NA
2025-02-12T15:30:00Z,2025,2025-02-12,15H 30M 0S,Full,15 min,jw,No Fish,NA,NA,NA,NA,NA,NA
2025-02-12T15:45:00Z,2025,2025-02-12,15H 45M 0S,Full,15 min,as,15:53:41,downstream,36.2,2732,12.24,1,NA
2025-02-12T15:45:00Z,2025,2025-02-12,15H 45M 0S,Full,15 min,jw,No Fish,NA,NA,NA,NA,NA,NA
2025-02-12T16:00:00Z,2025,2025-02-12,16H 0M 0S,Full,15 min,as,No Fish,NA,NA,NA,NA,NA,NA
2025-02-12T16:00:00Z,2025,2025-02-12,16H 0M 0S,Full,15 min,jw,No Fish,NA,NA,NA,NA,NA,NA
2025-02-12T16:15:00Z,2025,2025-02-12,16H 15M 0S,Full,15 min,as,No Fish,NA,NA,NA,NA,NA,NA
2025-02-12T16:15:00Z,2025,2025-02-12,16H 15M 0S,Full,15 min,jw,No Fish,NA,NA,NA,NA,NA,NA
2025-02-12T16:30:00Z,2025,2025-02-12,16H 30M 0S,Full,15 min,as,No Fish,NA,NA,NA,NA,NA,NA
2025-02-12T16:30:00Z,2025,2025-02-12,16H 30M 0S,Full,15 min,jw,No Fish,NA,NA,NA,NA,NA,NA
2025-02-12T16:45:00Z,2025,2025-02-12,16H 45M 0S,Full,15 min,as,No Fish,NA,NA,NA,NA,NA,NA
2025-02-12T16:45:00Z,2025,2025-02-12,16H 45M 0S,Full,15 min,jw,No Fish,NA,NA,NA,NA,NA,NA
2025-02-12T17:00:00Z,2025,2025-02-12,17H 0M 0S,Full,15 min,as,No Fish,NA,NA,NA,NA,NA,NA
2025-02-12T17:00:00Z,2025,2025-02-12,17H 0M 0S,Full,15 min,jw,No Fish,NA,NA,NA,NA,NA,NA
2025-02-12T17:15:00Z,2025,2025-02-12,17H 15M 0S,Full,15 min,as,No Fish,NA,NA,NA,NA,NA,NA
2025-02-12T17:15:00Z,2025,2025-02-12,17H 15M 0S,Full,15 min,jw,No Fish,NA,NA,NA,NA,NA,NA
2025-02-12T17:30:00Z,2025,2025-02-12,17H 30M 0S,Full,15 min,as,No Fish,NA,NA,NA,NA,NA,NA
2025-02-12T17:30:00Z,2025,2025-02-12,17H 30M 0S,Full,15 min,jw,No Fish,NA,NA,NA,NA,NA,NA
2025-02-12T17:45:00Z,2025,2025-02-12,17H 45M 0S,Full,15 min,as,17:55:11,upstream,56.6,4451,12.83,1,NA
2025-02-12T17:45:00Z,2025,2025-02-12,17H 45M 0S,Full,15 min,jw,17:59:13,upstream,54.6,4460,13.8,1,NA
2025-02-12T18:00:00Z,2025,2025-02-12,18H 0M 0S,Full,15 min,as,No Fish,NA,NA,NA,NA,NA,NA
2025-02-12T18:00:00Z,2025,2025-02-12,18H 0M 0S,Full,15 min,jw,No Fish,NA,NA,NA,NA,NA,NA
2025-02-12T18:15:00Z,2025,2025-02-12,18H 15M 0S,Full,15 min,as,18:18:58,upstream,76.9,1234,14,1,NA
2025-02-12T18:15:00Z,2025,2025-02-12,18H 15M 0S,Full,15 min,jw,18:19:00,upstream,71.6,1241,14.18,1,NA
2025-02-12T18:30:00Z,2025,2025-02-12,18H 30M 0S,Full,15 min,as,No Fish,NA,NA,NA,NA,NA,NA
2025-02-12T18:30:00Z,2025,2025-02-12,18H 30M 0S,Full,15 min,jw,No Fish,NA,NA,NA,NA,NA,NA
2025-02-12T18:45:00Z,2025,2025-02-12,18H 45M 0S,Full,15 min,as,No Fish,NA,NA,NA,NA,NA,NA
2025-02-12T18:45:00Z,2025,2025-02-12,18H 45M 0S,Full,15 min,jw,No Fish,NA,NA,NA,NA,NA,NA
2025-02-12T19:00:00Z,2025,2025-02-12,19H 0M 0S,Full,15 min,as,No Fish,NA,NA,NA,NA,NA,NA
2025-02-12T19:00:00Z,2025,2025-02-12,19H 0M 0S,Full,15 min,jw,No Fish,NA,NA,NA,NA,NA,NA
2025-02-12T19:15:00Z,2025,2025-02-12,19H 15M 0S,Full,15 min,as,No Fish,NA,NA,NA,NA,NA,NA
2025-02-12T19:15:00Z,2025,2025-02-12,19H 15M 0S,Full,15 min,jw,No Fish,NA,NA,NA,NA,NA,NA
2025-02-12T19:30:00Z,2025,2025-02-12,19H 30M 0S,Full,15 min,as,19:30:33,downstream,74.4,167,15.17,1,NA
2025-02-12T19:30:00Z,2025,2025-02-12,19H 30M 0S,Full,15 min,jw,19:30:28,downstream,68,142,13.45,1,NA
2025-02-12T19:45:00Z,2025,2025-02-12,19H 45M 0S,Full,15 min,as,19:51:02,upstream,76.3,1893,14.01,1,NA
2025-02-12T19:45:00Z,2025,2025-02-12,19H 45M 0S,Full,15 min,as,19:57:00,downstream,76,3768,8.99,1,NA
2025-02-12T19:45:00Z,2025,2025-02-12,19H 45M 0S,Full,15 min,jw,19:51:13,upstream,73,1950,13.73,1,NA
2025-02-12T19:45:00Z,2025,2025-02-12,19H 45M 0S,Full,15 min,jw,19:57:00,downstream,70.7,3768,8.77,1,NA
2025-02-12T20:00:00Z,2025,2025-02-12,20H 0M 0S,Full,15 min,as,No Fish,NA,NA,NA,NA,NA,NA
2025-02-12T20:00:00Z,2025,2025-02-12,20H 0M 0S,Full,15 min,jw,No Fish,NA,NA,NA,NA,NA,NA
2025-02-12T20:15:00Z,2025,2025-02-12,20H 15M 0S,Full,15 min,as,20:22:22,upstream,85.9,2301,12.17,1,NA
2025-02-12T20:15:00Z,2025,2025-02-12,20H 15M 0S,Full,15 min,jw,20:22:22,upstream,74,2298,12.24,1,NA
2025-02-12T20:30:00Z,2025,2025-02-12,20H 30M 0S,Full,15 min,as,20:32:51,upstream,76.8,894,12.94,1,NA
2025-02-12T20:30:00Z,2025,2025-02-12,20H 30M 0S,Full,15 min,jw,20:32:57,upstream,73.4,926,12.17,1,NA
2025-02-12T20:45:00Z,2025,2025-02-12,20H 45M 0S,Full,15 min,as,No Fish,NA,NA,NA,NA,NA,NA
2025-02-12T20:45:00Z,2025,2025-02-12,20H 45M 0S,Full,15 min,jw,No Fish,NA,NA,NA,NA,NA,NA
2025-02-12T21:00:00Z,2025,2025-02-12,21H 0M 0S,Full,15 min,as,No Fish,NA,NA,NA,NA,NA,NA
2025-02-12T21:00:00Z,2025,2025-02-12,21H 0M 0S,Full,15 min,jw,No Fish,NA,NA,NA,NA,NA,NA
2025-02-12T21:15:00Z,2025,2025-02-12,21H 15M 0S,Full,15 min,as,No Fish,NA,NA,NA,NA,NA,NA
2025-02-12T21:15:00Z,2025,2025-02-12,21H 15M 0S,Full,15 min,jw,No Fish,NA,NA,NA,NA,NA,NA
2025-02-12T21:30:00Z,2025,2025-02-12,21H 30M 0S,Full,15 min,as,No Fish,NA,NA,NA,NA,NA,NA
2025-02-12T21:30:00Z,2025,2025-02-12,21H 30M 0S,Full,15 min,jw,No Fish,NA,NA,NA,NA,NA,NA
2025-02-12T21:45:00Z,2025,2025-02-12,21H 45M 0S,Full,15 min,as,No Fish,NA,NA,NA,NA,NA,NA
2025-02-12T21:45:00Z,2025,2025-02-12,21H 45M 0S,Full,15 min,jw,No Fish,NA,NA,NA,NA,NA,NA
2025-02-12T22:00:00Z,2025,2025-02-12,22H 0M 0S,Full,15 min,as,No Fish,NA,NA,NA,NA,NA,NA
2025-02-12T22:00:00Z,2025,2025-02-12,22H 0M 0S,Full,15 min,jw,No Fish,NA,NA,NA,NA,NA,NA
2025-02-12T22:15:00Z,2025,2025-02-12,22H 15M 0S,Full,15 min,as,No Fish,NA,NA,NA,NA,NA,NA
2025-02-12T22:15:00Z,2025,2025-02-12,22H 15M 0S,Full,15 min,jw,No Fish,NA,NA,NA,NA,NA,NA
2025-02-12T22:30:00Z,2025,2025-02-12,22H 30M 0S,Full,15 min,as,22:39:16,upstream,42.7,2907,14.3,1,NA
2025-02-12T22:30:00Z,2025,2025-02-12,22H 30M 0S,Full,15 min,jw,22:39:17,upstream,46.1,2914,14.55,1,NA
2025-02-12T22:45:00Z,2025,2025-02-12,22H 45M 0S,Full,15 min,as,22:45:28,downstream,83.7,139,12.43,1,NA
2025-02-12T22:45:00Z,2025,2025-02-12,22H 45M 0S,Full,15 min,as,22:58:30,downstream,85.8,4242,10.53,1,NA
2025-02-12T22:45:00Z,2025,2025-02-12,22H 45M 0S,Full,15 min,as,22:58:40,upstream,86.6,4294,11.39,1,NA
2025-02-12T22:45:00Z,2025,2025-02-12,22H 45M 0S,Full,15 min,jw,22:45:31,downstream,72.9,154,12.97,1,NA
2025-02-12T23:00:00Z,2025,2025-02-12,23H 0M 0S,Full,15 min,as,23:00:35,downstream,83.5,183,11.8,1,NA
2025-02-12T23:00:00Z,2025,2025-02-12,23H 0M 0S,Full,15 min,jw,23:00:35,downstream,69.2,182,11.54,1,NA
2025-02-12T23:15:00Z,2025,2025-02-12,23H 15M 0S,Full,15 min,as,23:17:31,downstream,76.2,782,9.93,1,NA
2025-02-12T23:15:00Z,2025,2025-02-12,23H 15M 0S,Full,15 min,jw,No Fish,NA,NA,NA,NA,NA,NA
2025-02-12T23:30:00Z,2025,2025-02-12,23H 30M 0S,Full,15 min,as,No Fish,NA,NA,NA,NA,NA,NA
2025-02-12T23:30:00Z,2025,2025-02-12,23H 30M 0S,Full,15 min,jw,No Fish,NA,NA,NA,NA,NA,NA
2025-02-12T23:45:00Z,2025,2025-02-12,23H 45M 0S,Full,15 min,as,No Fish,NA,NA,NA,NA,NA,NA
2025-02-12T23:45:00Z,2025,2025-02-12,23H 45M 0S,Full,15 min,jw,No Fish,NA,NA,NA,NA,NA,NA
2025-03-02T00:00:00Z,2025,2025-03-02,0S,Full,15 min,as,No Fish,NA,NA,NA,NA,NA,NA
2025-03-02T00:00:00Z,2025,2025-03-02,0S,Full,15 min,jw,No Fish,NA,NA,NA,NA,NA,NA
2025-03-02T00:15:00Z,2025,2025-03-02,15M 0S,Full,15 min,as,No Fish,NA,NA,NA,NA,NA,NA
2025-03-02T00:15:00Z,2025,2025-03-02,15M 0S,Full,15 min,jw,No Fish,NA,NA,NA,NA,NA,NA
2025-03-02T00:30:00Z,2025,2025-03-02,30M 0S,Full,15 min,as,No Fish,NA,NA,NA,NA,NA,NA
2025-03-02T00:30:00Z,2025,2025-03-02,30M 0S,Full,15 min,jw,No Fish,NA,NA,NA,NA,NA,NA
2025-03-02T00:45:00Z,2025,2025-03-02,45M 0S,Full,15 min,as,No Fish,NA,NA,NA,NA,NA,NA
2025-03-02T00:45:00Z,2025,2025-03-02,45M 0S,Full,15 min,jw,No Fish,NA,NA,NA,NA,NA,NA
2025-03-02T01:00:00Z,2025,2025-03-02,1H 0M 0S,Full,15 min,as,No Fish,NA,NA,NA,NA,NA,NA
2025-03-02T01:00:00Z,2025,2025-03-02,1H 0M 0S,Full,15 min,jw,No Fish,NA,NA,NA,NA,NA,NA
2025-03-02T01:15:00Z,2025,2025-03-02,1H 15M 0S,Full,15 min,as,No Fish,NA,NA,NA,NA,NA,NA
2025-03-02T01:15:00Z,2025,2025-03-02,1H 15M 0S,Full,15 min,jw,No Fish,NA,NA,NA,NA,NA,NA
2025-03-02T01:30:00Z,2025,2025-03-02,1H 30M 0S,Full,15 min,as,No Fish,NA,NA,NA,NA,NA,NA
2025-03-02T01:30:00Z,2025,2025-03-02,1H 30M 0S,Full,15 min,jw,No Fish,NA,NA,NA,NA,NA,NA
2025-03-02T01:45:00Z,2025,2025-03-02,1H 45M 0S,Full,15 min,as,No Fish,NA,NA,NA,NA,NA,NA
2025-03-02T01:45:00Z,2025,2025-03-02,1H 45M 0S,Full,15 min,jw,No Fish,NA,NA,NA,NA,NA,NA
2025-03-02T02:00:00Z,2025,2025-03-02,2H 0M 0S,Full,15 min,as,No Fish,NA,NA,NA,NA,NA,NA
2025-03-02T02:00:00Z,2025,2025-03-02,2H 0M 0S,Full,15 min,jw,No Fish,NA,NA,NA,NA,NA,NA
2025-03-02T02:15:00Z,2025,2025-03-02,2H 15M 0S,Full,15 min,as,2:19:00,downstream,60.5,1292,6.14,1,NA
2025-03-02T02:15:00Z,2025,2025-03-02,2H 15M 0S,Full,15 min,jw,No Fish,NA,NA,NA,NA,NA,NA
2025-03-02T02:30:00Z,2025,2025-03-02,2H 30M 0S,Full,15 min,as,No Fish,NA,NA,NA,NA,NA,NA
2025-03-02T02:30:00Z,2025,2025-03-02,2H 30M 0S,Full,15 min,jw,No Fish,NA,NA,NA,NA,NA,NA
2025-03-02T02:45:00Z,2025,2025-03-02,2H 45M 0S,Full,15 min,as,No Fish,NA,NA,NA,NA,NA,NA
2025-03-02T02:45:00Z,2025,2025-03-02,2H 45M 0S,Full,15 min,jw,No Fish,NA,NA,NA,NA,NA,NA
2025-03-02T03:00:00Z,2025,2025-03-02,3H 0M 0S,Full,15 min,as,3:09:03,upstream,74.9,2937,14.54,1,NA
2025-03-02T03:00:00Z,2025,2025-03-02,3H 0M 0S,Full,15 min,jw,3:09:01,upstream,71.2,2927,14.34,1,NA
2025-03-02T03:15:00Z,2025,2025-03-02,3H 15M 0S,Full,15 min,as,No Fish,NA,NA,NA,NA,NA,NA
2025-03-02T03:15:00Z,2025,2025-03-02,3H 15M 0S,Full,15 min,jw,No Fish,NA,NA,NA,NA,NA,NA
2025-03-02T03:30:00Z,2025,2025-03-02,3H 30M 0S,Full,15 min,as,No Fish,NA,NA,NA,NA,NA,NA
2025-03-02T03:30:00Z,2025,2025-03-02,3H 30M 0S,Full,15 min,jw,No Fish,NA,NA,NA,NA,NA,NA
2025-03-02T03:45:00Z,2025,2025-03-02,3H 45M 0S,Full,15 min,as,No Fish,NA,NA,NA,NA,NA,NA
2025-03-02T03:45:00Z,2025,2025-03-02,3H 45M 0S,Full,15 min,jw,No Fish,NA,NA,NA,NA,NA,NA
2025-03-02T04:00:00Z,2025,2025-03-02,4H 0M 0S,Full,15 min,as,No Fish,NA,NA,NA,NA,NA,NA
2025-03-02T04:00:00Z,2025,2025-03-02,4H 0M 0S,Full,15 min,jw,No Fish,NA,NA,NA,NA,NA,NA
2025-03-02T04:15:00Z,2025,2025-03-02,4H 15M 0S,Full,15 min,as,No Fish,NA,NA,NA,NA,NA,NA
2025-03-02T04:15:00Z,2025,2025-03-02,4H 15M 0S,Full,15 min,jw,No Fish,NA,NA,NA,NA,NA,NA
2025-03-02T04:30:00Z,2025,2025-03-02,4H 30M 0S,Full,15 min,as,No Fish,NA,NA,NA,NA,NA,NA
2025-03-02T04:30:00Z,2025,2025-03-02,4H 30M 0S,Full,15 min,jw,No Fish,NA,NA,NA,NA,NA,NA
2025-03-02T04:45:00Z,2025,2025-03-02,4H 45M 0S,Full,15 min,as,No Fish,NA,NA,NA,NA,NA,NA
2025-03-02T04:45:00Z,2025,2025-03-02,4H 45M 0S,Full,15 min,jw,No Fish,NA,NA,NA,NA,NA,NA
2025-03-02T05:00:00Z,2025,2025-03-02,5H 0M 0S,Full,15 min,as,No Fish,NA,NA,NA,NA,NA,NA
2025-03-02T05:00:00Z,2025,2025-03-02,5H 0M 0S,Full,15 min,jw,No Fish,NA,NA,NA,NA,NA,NA
2025-03-02T05:15:00Z,2025,2025-03-02,5H 15M 0S,Full,15 min,as,No Fish,NA,NA,NA,NA,NA,NA
2025-03-02T05:15:00Z,2025,2025-03-02,5H 15M 0S,Full,15 min,jw,No Fish,NA,NA,NA,NA,NA,NA
2025-03-02T05:30:00Z,2025,2025-03-02,5H 30M 0S,Full,15 min,as,No Fish,NA,NA,NA,NA,NA,NA
2025-03-02T05:30:00Z,2025,2025-03-02,5H 30M 0S,Full,15 min,jw,No Fish,NA,NA,NA,NA,NA,NA
2025-03-02T05:45:00Z,2025,2025-03-02,5H 45M 0S,Full,15 min,as,No Fish,NA,NA,NA,NA,NA,NA
2025-03-02T05:45:00Z,2025,2025-03-02,5H 45M 0S,Full,15 min,jw,No Fish,NA,NA,NA,NA,NA,NA
2025-03-02T06:00:00Z,2025,2025-03-02,6H 0M 0S,Full,15 min,as,No Fish,NA,NA,NA,NA,NA,NA
2025-03-02T06:00:00Z,2025,2025-03-02,6H 0M 0S,Full,15 min,jw,No Fish,NA,NA,NA,NA,NA,NA
2025-03-02T06:15:00Z,2025,2025-03-02,6H 15M 0S,Full,15 min,as,No Fish,NA,NA,NA,NA,NA,NA
2025-03-02T06:15:00Z,2025,2025-03-02,6H 15M 0S,Full,15 min,jw,No Fish,NA,NA,NA,NA,NA,NA
2025-03-02T06:30:00Z,2025,2025-03-02,6H 30M 0S,Full,15 min,as,No Fish,NA,NA,NA,NA,NA,NA
2025-03-02T06:30:00Z,2025,2025-03-02,6H 30M 0S,Full,15 min,jw,No Fish,NA,NA,NA,NA,NA,NA
2025-03-02T06:45:00Z,2025,2025-03-02,6H 45M 0S,Full,15 min,as,No Fish,NA,NA,NA,NA,NA,NA
2025-03-02T06:45:00Z,2025,2025-03-02,6H 45M 0S,Full,15 min,jw,No Fish,NA,NA,NA,NA,NA,NA
2025-03-02T07:00:00Z,2025,2025-03-02,7H 0M 0S,Full,15 min,as,No Fish,NA,NA,NA,NA,NA,NA
2025-03-02T07:00:00Z,2025,2025-03-02,7H 0M 0S,Full,15 min,jw,No Fish,NA,NA,NA,NA,NA,NA
2025-03-02T07:15:00Z,2025,2025-03-02,7H 15M 0S,Full,15 min,as,7:17:41,upstream,65.3,874,14.75,1,NA
2025-03-02T07:15:00Z,2025,2025-03-02,7H 15M 0S,Full,15 min,jw,7:17:53,upstream,62.9,933,14.56,1,NA
2025-03-02T07:30:00Z,2025,2025-03-02,7H 30M 0S,Full,15 min,as,No Fish,NA,NA,NA,NA,NA,NA
2025-03-02T07:30:00Z,2025,2025-03-02,7H 30M 0S,Full,15 min,jw,No Fish,NA,NA,NA,NA,NA,NA
2025-03-02T07:45:00Z,2025,2025-03-02,7H 45M 0S,Full,15 min,as,No Fish,NA,NA,NA,NA,NA,NA
2025-03-02T07:45:00Z,2025,2025-03-02,7H 45M 0S,Full,15 min,jw,No Fish,NA,NA,NA,NA,NA,NA
2025-03-02T08:00:00Z,2025,2025-03-02,8H 0M 0S,Full,15 min,as,No Fish,NA,NA,NA,NA,NA,NA
2025-03-02T08:00:00Z,2025,2025-03-02,8H 0M 0S,Full,15 min,jw,No Fish,NA,NA,NA,NA,NA,NA
2025-03-02T08:15:00Z,2025,2025-03-02,8H 15M 0S,Full,15 min,as,No Fish,NA,NA,NA,NA,NA,NA
2025-03-02T08:15:00Z,2025,2025-03-02,8H 15M 0S,Full,15 min,jw,No Fish,NA,NA,NA,NA,NA,NA
2025-03-02T08:30:00Z,2025,2025-03-02,8H 30M 0S,Full,15 min,as,No Fish,NA,NA,NA,NA,NA,NA
2025-03-02T08:30:00Z,2025,2025-03-02,8H 30M 0S,Full,15 min,jw,No Fish,NA,NA,NA,NA,NA,NA
2025-03-02T08:45:00Z,2025,2025-03-02,8H 45M 0S,Full,15 min,as,No Fish,NA,NA,NA,NA,NA,NA
2025-03-02T08:45:00Z,2025,2025-03-02,8H 45M 0S,Full,15 min,jw,No Fish,NA,NA,NA,NA,NA,NA
2025-03-02T09:00:00Z,2025,2025-03-02,9H 0M 0S,Full,15 min,as,No Fish,NA,NA,NA,NA,NA,NA
2025-03-02T09:00:00Z,2025,2025-03-02,9H 0M 0S,Full,15 min,jw,No Fish,NA,NA,NA,NA,NA,NA
2025-03-02T09:15:00Z,2025,2025-03-02,9H 15M 0S,Full,15 min,as,No Fish,NA,NA,NA,NA,NA,NA
2025-03-02T09:15:00Z,2025,2025-03-02,9H 15M 0S,Full,15 min,jw,No Fish,NA,NA,NA,NA,NA,NA
2025-03-02T09:30:00Z,2025,2025-03-02,9H 30M 0S,Full,15 min,as,No Fish,NA,NA,NA,NA,NA,NA
2025-03-02T09:30:00Z,2025,2025-03-02,9H 30M 0S,Full,15 min,jw,No Fish,NA,NA,NA,NA,NA,NA
2025-03-02T09:45:00Z,2025,2025-03-02,9H 45M 0S,Full,15 min,as,No Fish,NA,NA,NA,NA,NA,NA
2025-03-02T09:45:00Z,2025,2025-03-02,9H 45M 0S,Full,15 min,jw,No Fish,NA,NA,NA,NA,NA,NA
2025-03-02T10:00:00Z,2025,2025-03-02,10H 0M 0S,Full,15 min,as,No Fish,NA,NA,NA,NA,NA,NA
2025-03-02T10:00:00Z,2025,2025-03-02,10H 0M 0S,Full,15 min,jw,No Fish,NA,NA,NA,NA,NA,NA
2025-03-02T10:15:00Z,2025,2025-03-02,10H 15M 0S,Full,15 min,as,No Fish,NA,NA,NA,NA,NA,NA
2025-03-02T10:15:00Z,2025,2025-03-02,10H 15M 0S,Full,15 min,jw,No Fish,NA,NA,NA,NA,NA,NA
2025-03-02T10:30:00Z,2025,2025-03-02,10H 30M 0S,Full,15 min,as,No Fish,NA,NA,NA,NA,NA,NA
2025-03-02T10:30:00Z,2025,2025-03-02,10H 30M 0S,Full,15 min,jw,No Fish,NA,NA,NA,NA,NA,NA
2025-03-02T10:45:00Z,2025,2025-03-02,10H 45M 0S,Full,15 min,as,No Fish,NA,NA,NA,NA,NA,NA
2025-03-02T10:45:00Z,2025,2025-03-02,10H 45M 0S,Full,15 min,jw,No Fish,NA,NA,NA,NA,NA,NA
2025-03-02T11:00:00Z,2025,2025-03-02,11H 0M 0S,Full,15 min,as,No Fish,NA,NA,NA,NA,NA,NA
2025-03-02T11:00:00Z,2025,2025-03-02,11H 0M 0S,Full,15 min,jw,No Fish,NA,NA,NA,NA,NA,NA
2025-03-02T11:15:00Z,2025,2025-03-02,11H 15M 0S,Full,15 min,as,No Fish,NA,NA,NA,NA,NA,NA
2025-03-02T11:15:00Z,2025,2025-03-02,11H 15M 0S,Full,15 min,jw,No Fish,NA,NA,NA,NA,NA,NA
2025-03-02T11:30:00Z,2025,2025-03-02,11H 30M 0S,Full,15 min,as,No Fish,NA,NA,NA,NA,NA,NA
2025-03-02T11:30:00Z,2025,2025-03-02,11H 30M 0S,Full,15 min,jw,No Fish,NA,NA,NA,NA,NA,NA
2025-03-02T11:45:00Z,2025,2025-03-02,11H 45M 0S,Full,15 min,as,No Fish,NA,NA,NA,NA,NA,NA
2025-03-02T11:45:00Z,2025,2025-03-02,11H 45M 0S,Full,15 min,jw,No Fish,NA,NA,NA,NA,NA,NA
2025-03-02T12:00:00Z,2025,2025-03-02,12H 0M 0S,Full,15 min,as,No Fish,NA,NA,NA,NA,NA,NA
2025-03-02T12:00:00Z,2025,2025-03-02,12H 0M 0S,Full,15 min,jw,No Fish,NA,NA,NA,NA,NA,NA
2025-03-02T12:15:00Z,2025,2025-03-02,12H 15M 0S,Full,15 min,as,No Fish,NA,NA,NA,NA,NA,NA
2025-03-02T12:15:00Z,2025,2025-03-02,12H 15M 0S,Full,15 min,jw,No Fish,NA,NA,NA,NA,NA,NA
2025-03-02T12:30:00Z,2025,2025-03-02,12H 30M 0S,Full,15 min,as,No Fish,NA,NA,NA,NA,NA,NA
2025-03-02T12:30:00Z,2025,2025-03-02,12H 30M 0S,Full,15 min,jw,No Fish,NA,NA,NA,NA,NA,NA
2025-03-02T12:45:00Z,2025,2025-03-02,12H 45M 0S,Full,15 min,as,No Fish,NA,NA,NA,NA,NA,NA
2025-03-02T12:45:00Z,2025,2025-03-02,12H 45M 0S,Full,15 min,jw,No Fish,NA,NA,NA,NA,NA,NA
2025-03-02T13:00:00Z,2025,2025-03-02,13H 0M 0S,Full,15 min,as,No Fish,NA,NA,NA,NA,NA,NA
2025-03-02T13:00:00Z,2025,2025-03-02,13H 0M 0S,Full,15 min,jw,No Fish,NA,NA,NA,NA,NA,NA
2025-03-02T13:15:00Z,2025,2025-03-02,13H 15M 0S,Full,15 min,as,No Fish,NA,NA,NA,NA,NA,NA
2025-03-02T13:15:00Z,2025,2025-03-02,13H 15M 0S,Full,15 min,jw,No Fish,NA,NA,NA,NA,NA,NA
2025-03-02T13:30:00Z,2025,2025-03-02,13H 30M 0S,Full,15 min,as,13:31:22,upstream,35.6,439,11.94,1,NA
2025-03-02T13:30:00Z,2025,2025-03-02,13H 30M 0S,Full,15 min,as,13:32:54,upstream,44.7,943,8.15,1,NA
2025-03-02T13:30:00Z,2025,2025-03-02,13H 30M 0S,Full,15 min,jw,13:32:54,upstream,41.8,941,8.11,1,NA
2025-03-02T13:45:00Z,2025,2025-03-02,13H 45M 0S,Full,15 min,as,No Fish,NA,NA,NA,NA,NA,NA
2025-03-02T13:45:00Z,2025,2025-03-02,13H 45M 0S,Full,15 min,jw,No Fish,NA,NA,NA,NA,NA,NA
2025-03-02T14:00:00Z,2025,2025-03-02,14H 0M 0S,Full,15 min,as,No Fish,NA,NA,NA,NA,NA,NA
2025-03-02T14:00:00Z,2025,2025-03-02,14H 0M 0S,Full,15 min,jw,No Fish,NA,NA,NA,NA,NA,NA
2025-03-02T14:15:00Z,2025,2025-03-02,14H 15M 0S,Full,15 min,as,No Fish,NA,NA,NA,NA,NA,NA
2025-03-02T14:15:00Z,2025,2025-03-02,14H 15M 0S,Full,15 min,jw,No Fish,NA,NA,NA,NA,NA,NA
2025-03-02T14:30:00Z,2025,2025-03-02,14H 30M 0S,Full,15 min,as,No Fish,NA,NA,NA,NA,NA,NA
2025-03-02T14:30:00Z,2025,2025-03-02,14H 30M 0S,Full,15 min,jw,No Fish,NA,NA,NA,NA,NA,NA
2025-03-02T14:45:00Z,2025,2025-03-02,14H 45M 0S,Full,15 min,as,No Fish,NA,NA,NA,NA,NA,NA
2025-03-02T14:45:00Z,2025,2025-03-02,14H 45M 0S,Full,15 min,jw,No Fish,NA,NA,NA,NA,NA,NA
2025-03-02T15:00:00Z,2025,2025-03-02,15H 0M 0S,Full,15 min,as,No Fish,NA,NA,NA,NA,NA,NA
2025-03-02T15:00:00Z,2025,2025-03-02,15H 0M 0S,Full,15 min,jw,No Fish,NA,NA,NA,NA,NA,NA
2025-03-02T15:15:00Z,2025,2025-03-02,15H 15M 0S,Full,15 min,as,No Fish,NA,NA,NA,NA,NA,NA
2025-03-02T15:15:00Z,2025,2025-03-02,15H 15M 0S,Full,15 min,jw,No Fish,NA,NA,NA,NA,NA,NA
2025-03-02T15:30:00Z,2025,2025-03-02,15H 30M 0S,Full,15 min,as,No Fish,NA,NA,NA,NA,NA,NA
2025-03-02T15:30:00Z,2025,2025-03-02,15H 30M 0S,Full,15 min,jw,No Fish,NA,NA,NA,NA,NA,NA
2025-03-02T15:45:00Z,2025,2025-03-02,15H 45M 0S,Full,15 min,as,No Fish,NA,NA,NA,NA,NA,NA
2025-03-02T15:45:00Z,2025,2025-03-02,15H 45M 0S,Full,15 min,jw,No Fish,NA,NA,NA,NA,NA,NA
2025-03-02T16:00:00Z,2025,2025-03-02,16H 0M 0S,Full,15 min,as,No Fish,NA,NA,NA,NA,NA,NA
2025-03-02T16:00:00Z,2025,2025-03-02,16H 0M 0S,Full,15 min,jw,No Fish,NA,NA,NA,NA,NA,NA
2025-03-02T16:15:00Z,2025,2025-03-02,16H 15M 0S,Full,15 min,as,No Fish,NA,NA,NA,NA,NA,NA
2025-03-02T16:15:00Z,2025,2025-03-02,16H 15M 0S,Full,15 min,jw,No Fish,NA,NA,NA,NA,NA,NA
2025-03-02T16:30:00Z,2025,2025-03-02,16H 30M 0S,Full,15 min,as,No Fish,NA,NA,NA,NA,NA,NA
2025-03-02T16:30:00Z,2025,2025-03-02,16H 30M 0S,Full,15 min,jw,No Fish,NA,NA,NA,NA,NA,NA
2025-03-02T16:45:00Z,2025,2025-03-02,16H 45M 0S,Full,15 min,as,No Fish,NA,NA,NA,NA,NA,NA
2025-03-02T16:45:00Z,2025,2025-03-02,16H 45M 0S,Full,15 min,jw,No Fish,NA,NA,NA,NA,NA,NA
2025-03-02T17:00:00Z,2025,2025-03-02,17H 0M 0S,Full,15 min,as,No Fish,NA,NA,NA,NA,NA,NA
2025-03-02T17:00:00Z,2025,2025-03-02,17H 0M 0S,Full,15 min,jw,No Fish,NA,NA,NA,NA,NA,NA
2025-03-02T17:15:00Z,2025,2025-03-02,17H 15M 0S,Full,15 min,as,No Fish,NA,NA,NA,NA,NA,NA
2025-03-02T17:15:00Z,2025,2025-03-02,17H 15M 0S,Full,15 min,jw,No Fish,NA,NA,NA,NA,NA,NA
2025-03-02T17:30:00Z,2025,2025-03-02,17H 30M 0S,Full,15 min,as,No Fish,NA,NA,NA,NA,NA,NA
2025-03-02T17:30:00Z,2025,2025-03-02,17H 30M 0S,Full,15 min,jw,No Fish,NA,NA,NA,NA,NA,NA
2025-03-02T17:45:00Z,2025,2025-03-02,17H 45M 0S,Full,15 min,as,No Fish,NA,NA,NA,NA,NA,NA
2025-03-02T17:45:00Z,2025,2025-03-02,17H 45M 0S,Full,15 min,jw,No Fish,NA,NA,NA,NA,NA,NA
2025-03-02T18:00:00Z,2025,2025-03-02,18H 0M 0S,Full,15 min,as,No Fish,NA,NA,NA,NA,NA,NA
2025-03-02T18:00:00Z,2025,2025-03-02,18H 0M 0S,Full,15 min,jw,No Fish,NA,NA,NA,NA,NA,NA
2025-03-02T18:15:00Z,2025,2025-03-02,18H 15M 0S,Full,15 min,as,No Fish,NA,NA,NA,NA,NA,NA
2025-03-02T18:15:00Z,2025,2025-03-02,18H 15M 0S,Full,15 min,jw,No Fish,NA,NA,NA,NA,NA,NA
2025-03-02T18:30:00Z,2025,2025-03-02,18H 30M 0S,Full,15 min,as,No Fish,NA,NA,NA,NA,NA,NA
2025-03-02T18:30:00Z,2025,2025-03-02,18H 30M 0S,Full,15 min,jw,No Fish,NA,NA,NA,NA,NA,NA
2025-03-02T18:45:00Z,2025,2025-03-02,18H 45M 0S,Full,15 min,as,No Fish,NA,NA,NA,NA,NA,NA
2025-03-02T18:45:00Z,2025,2025-03-02,18H 45M 0S,Full,15 min,jw,No Fish,NA,NA,NA,NA,NA,NA
2025-03-02T19:00:00Z,2025,2025-03-02,19H 0M 0S,Full,15 min,as,No Fish,NA,NA,NA,NA,NA,NA
2025-03-02T19:00:00Z,2025,2025-03-02,19H 0M 0S,Full,15 min,jw,No Fish,NA,NA,NA,NA,NA,NA
2025-03-02T19:15:00Z,2025,2025-03-02,19H 15M 0S,Full,15 min,as,No Fish,NA,NA,NA,NA,NA,NA
2025-03-02T19:15:00Z,2025,2025-03-02,19H 15M 0S,Full,15 min,jw,No Fish,NA,NA,NA,NA,NA,NA
2025-03-02T19:30:00Z,2025,2025-03-02,19H 30M 0S,Full,15 min,as,No Fish,NA,NA,NA,NA,NA,NA
2025-03-02T19:30:00Z,2025,2025-03-02,19H 30M 0S,Full,15 min,jw,No Fish,NA,NA,NA,NA,NA,NA
2025-03-02T19:45:00Z,2025,2025-03-02,19H 45M 0S,Full,15 min,as,19:58:20,upstream,74,4334,8.72,1,NA
2025-03-02T19:45:00Z,2025,2025-03-02,19H 45M 0S,Full,15 min,jw,19:58:20,upstream,68.9,4334,8.72,1,NA
2025-03-02T20:00:00Z,2025,2025-03-02,20H 0M 0S,Full,15 min,as,No Fish,NA,NA,NA,NA,NA,NA
2025-03-02T20:00:00Z,2025,2025-03-02,20H 0M 0S,Full,15 min,jw,No Fish,NA,NA,NA,NA,NA,NA
2025-03-02T20:15:00Z,2025,2025-03-02,20H 15M 0S,Full,15 min,as,No Fish,NA,NA,NA,NA,NA,NA
2025-03-02T20:15:00Z,2025,2025-03-02,20H 15M 0S,Full,15 min,jw,No Fish,NA,NA,NA,NA,NA,NA
2025-03-02T20:30:00Z,2025,2025-03-02,20H 30M 0S,Full,15 min,as,No Fish,NA,NA,NA,NA,NA,NA
2025-03-02T20:30:00Z,2025,2025-03-02,20H 30M 0S,Full,15 min,jw,No Fish,NA,NA,NA,NA,NA,NA
2025-03-02T20:45:00Z,2025,2025-03-02,20H 45M 0S,Full,15 min,as,No Fish,NA,NA,NA,NA,NA,NA
2025-03-02T20:45:00Z,2025,2025-03-02,20H 45M 0S,Full,15 min,jw,No Fish,NA,NA,NA,NA,NA,NA
2025-03-02T21:00:00Z,2025,2025-03-02,21H 0M 0S,Full,15 min,as,No Fish,NA,NA,NA,NA,NA,NA
2025-03-02T21:00:00Z,2025,2025-03-02,21H 0M 0S,Full,15 min,jw,No Fish,NA,NA,NA,NA,NA,NA
2025-03-02T21:15:00Z,2025,2025-03-02,21H 15M 0S,Full,15 min,as,No Fish,NA,NA,NA,NA,NA,NA
2025-03-02T21:15:00Z,2025,2025-03-02,21H 15M 0S,Full,15 min,jw,No Fish,NA,NA,NA,NA,NA,NA
2025-03-02T21:30:00Z,2025,2025-03-02,21H 30M 0S,Full,15 min,as,No Fish,NA,NA,NA,NA,NA,NA
2025-03-02T21:30:00Z,2025,2025-03-02,21H 30M 0S,Full,15 min,jw,No Fish,NA,NA,NA,NA,NA,NA
2025-03-02T21:45:00Z,2025,2025-03-02,21H 45M 0S,Full,15 min,as,No Fish,NA,NA,NA,NA,NA,NA
2025-03-02T21:45:00Z,2025,2025-03-02,21H 45M 0S,Full,15 min,jw,No Fish,NA,NA,NA,NA,NA,NA
2025-03-02T22:00:00Z,2025,2025-03-02,22H 0M 0S,Full,15 min,as,No Fish,NA,NA,NA,NA,NA,NA
2025-03-02T22:00:00Z,2025,2025-03-02,22H 0M 0S,Full,15 min,jw,No Fish,NA,NA,NA,NA,NA,NA
2025-03-02T22:15:00Z,2025,2025-03-02,22H 15M 0S,Full,15 min,as,No Fish,NA,NA,NA,NA,NA,NA
2025-03-02T22:15:00Z,2025,2025-03-02,22H 15M 0S,Full,15 min,jw,No Fish,NA,NA,NA,NA,NA,NA
2025-03-02T22:30:00Z,2025,2025-03-02,22H 30M 0S,Full,15 min,as,No Fish,NA,NA,NA,NA,NA,NA
2025-03-02T22:30:00Z,2025,2025-03-02,22H 30M 0S,Full,15 min,jw,No Fish,NA,NA,NA,NA,NA,NA
2025-03-02T22:45:00Z,2025,2025-03-02,22H 45M 0S,Full,15 min,as,No Fish,NA,NA,NA,NA,NA,NA
2025-03-02T22:45:00Z,2025,2025-03-02,22H 45M 0S,Full,15 min,jw,No Fish,NA,NA,NA,NA,NA,NA
2025-03-02T23:00:00Z,2025,2025-03-02,23H 0M 0S,Full,15 min,as,No Fish,NA,NA,NA,NA,NA,NA
2025-03-02T23:00:00Z,2025,2025-03-02,23H 0M 0S,Full,15 min,jw,No Fish,NA,NA,NA,NA,NA,NA
2025-03-02T23:15:00Z,2025,2025-03-02,23H 15M 0S,Full,15 min,as,No Fish,NA,NA,NA,NA,NA,NA
2025-03-02T23:15:00Z,2025,2025-03-02,23H 15M 0S,Full,15 min,jw,No Fish,NA,NA,NA,NA,NA,NA
2025-03-02T23:30:00Z,2025,2025-03-02,23H 30M 0S,Full,15 min,as,No Fish,NA,NA,NA,NA,NA,NA
2025-03-02T23:30:00Z,2025,2025-03-02,23H 30M 0S,Full,15 min,jw,No Fish,NA,NA,NA,NA,NA,NA
2025-03-02T23:45:00Z,2025,2025-03-02,23H 45M 0S,Full,15 min,as,No Fish,NA,NA,NA,NA,NA,NA
2025-03-02T23:45:00Z,2025,2025-03-02,23H 45M 0S,Full,15 min,jw,No Fish,NA,NA,NA,NA,NA,NA
2025-03-03T00:00:00Z,2025,2025-03-03,0S,Full,15 min,as,No Fish,NA,NA,NA,NA,NA,NA
2025-03-03T00:00:00Z,2025,2025-03-03,0S,Full,15 min,jw,No Fish,NA,NA,NA,NA,NA,NA
2025-03-03T00:15:00Z,2025,2025-03-03,15M 0S,Full,15 min,as,No Fish,NA,NA,NA,NA,NA,NA
2025-03-03T00:15:00Z,2025,2025-03-03,15M 0S,Full,15 min,jw,No Fish,NA,NA,NA,NA,NA,NA
2025-03-03T00:30:00Z,2025,2025-03-03,30M 0S,Full,15 min,as,No Fish,NA,NA,NA,NA,NA,NA
2025-03-03T00:30:00Z,2025,2025-03-03,30M 0S,Full,15 min,jw,No Fish,NA,NA,NA,NA,NA,NA
2025-03-03T00:45:00Z,2025,2025-03-03,45M 0S,Full,15 min,as,No Fish,NA,NA,NA,NA,NA,NA
2025-03-03T00:45:00Z,2025,2025-03-03,45M 0S,Full,15 min,jw,No Fish,NA,NA,NA,NA,NA,NA
2025-03-03T01:00:00Z,2025,2025-03-03,1H 0M 0S,Full,15 min,as,1:10:40,upstream,76.5,3457,11.04,1,NA
2025-03-03T01:00:00Z,2025,2025-03-03,1H 0M 0S,Full,15 min,jw,1:10:32,upstream,69.6,3413,10.1,1,NA
2025-03-03T01:15:00Z,2025,2025-03-03,1H 15M 0S,Full,15 min,as,No Fish,NA,NA,NA,NA,NA,NA
2025-03-03T01:15:00Z,2025,2025-03-03,1H 15M 0S,Full,15 min,jw,No Fish,NA,NA,NA,NA,NA,NA
2025-03-03T01:30:00Z,2025,2025-03-03,1H 30M 0S,Full,15 min,as,No Fish,NA,NA,NA,NA,NA,NA
2025-03-03T01:30:00Z,2025,2025-03-03,1H 30M 0S,Full,15 min,jw,No Fish,NA,NA,NA,NA,NA,NA
2025-03-03T01:45:00Z,2025,2025-03-03,1H 45M 0S,Full,15 min,as,No Fish,NA,NA,NA,NA,NA,NA
2025-03-03T01:45:00Z,2025,2025-03-03,1H 45M 0S,Full,15 min,jw,No Fish,NA,NA,NA,NA,NA,NA
2025-03-03T02:00:00Z,2025,2025-03-03,2H 0M 0S,Full,15 min,as,No Fish,NA,NA,NA,NA,NA,NA
2025-03-03T02:00:00Z,2025,2025-03-03,2H 0M 0S,Full,15 min,jw,No Fish,NA,NA,NA,NA,NA,NA
2025-03-03T02:15:00Z,2025,2025-03-03,2H 15M 0S,Full,15 min,as,No Fish,NA,NA,NA,NA,NA,NA
2025-03-03T02:15:00Z,2025,2025-03-03,2H 15M 0S,Full,15 min,jw,No Fish,NA,NA,NA,NA,NA,NA
2025-03-03T02:30:00Z,2025,2025-03-03,2H 30M 0S,Full,15 min,as,No Fish,NA,NA,NA,NA,NA,NA
2025-03-03T02:30:00Z,2025,2025-03-03,2H 30M 0S,Full,15 min,jw,No Fish,NA,NA,NA,NA,NA,NA
2025-03-03T02:45:00Z,2025,2025-03-03,2H 45M 0S,Full,15 min,as,No Fish,NA,NA,NA,NA,NA,NA
2025-03-03T02:45:00Z,2025,2025-03-03,2H 45M 0S,Full,15 min,jw,No Fish,NA,NA,NA,NA,NA,NA
2025-03-03T03:00:00Z,2025,2025-03-03,3H 0M 0S,Full,15 min,as,No Fish,NA,NA,NA,NA,NA,NA
2025-03-03T03:00:00Z,2025,2025-03-03,3H 0M 0S,Full,15 min,jw,No Fish,NA,NA,NA,NA,NA,NA
2025-03-03T03:15:00Z,2025,2025-03-03,3H 15M 0S,Full,15 min,as,No Fish,NA,NA,NA,NA,NA,NA
2025-03-03T03:15:00Z,2025,2025-03-03,3H 15M 0S,Full,15 min,jw,No Fish,NA,NA,NA,NA,NA,NA
2025-03-03T03:30:00Z,2025,2025-03-03,3H 30M 0S,Full,15 min,as,No Fish,NA,NA,NA,NA,NA,NA
2025-03-03T03:30:00Z,2025,2025-03-03,3H 30M 0S,Full,15 min,jw,No Fish,NA,NA,NA,NA,NA,NA
2025-03-03T03:45:00Z,2025,2025-03-03,3H 45M 0S,Full,15 min,as,No Fish,NA,NA,NA,NA,NA,NA
2025-03-03T03:45:00Z,2025,2025-03-03,3H 45M 0S,Full,15 min,jw,No Fish,NA,NA,NA,NA,NA,NA
2025-03-03T04:00:00Z,2025,2025-03-03,4H 0M 0S,Full,15 min,as,No Fish,NA,NA,NA,NA,NA,NA
2025-03-03T04:00:00Z,2025,2025-03-03,4H 0M 0S,Full,15 min,jw,No Fish,NA,NA,NA,NA,NA,NA
2025-03-03T04:15:00Z,2025,2025-03-03,4H 15M 0S,Full,15 min,as,No Fish,NA,NA,NA,NA,NA,NA
2025-03-03T04:15:00Z,2025,2025-03-03,4H 15M 0S,Full,15 min,jw,No Fish,NA,NA,NA,NA,NA,NA
2025-03-03T04:30:00Z,2025,2025-03-03,4H 30M 0S,Full,15 min,as,No Fish,NA,NA,NA,NA,NA,NA
2025-03-03T04:30:00Z,2025,2025-03-03,4H 30M 0S,Full,15 min,jw,No Fish,NA,NA,NA,NA,NA,NA
2025-03-03T04:45:00Z,2025,2025-03-03,4H 45M 0S,Full,15 min,as,No Fish,NA,NA,NA,NA,NA,NA
2025-03-03T04:45:00Z,2025,2025-03-03,4H 45M 0S,Full,15 min,jw,No Fish,NA,NA,NA,NA,NA,NA
2025-03-03T05:00:00Z,2025,2025-03-03,5H 0M 0S,Full,15 min,as,No Fish,NA,NA,NA,NA,NA,NA
2025-03-03T05:00:00Z,2025,2025-03-03,5H 0M 0S,Full,15 min,jw,No Fish,NA,NA,NA,NA,NA,NA
2025-03-03T05:15:00Z,2025,2025-03-03,5H 15M 0S,Full,15 min,as,No Fish,NA,NA,NA,NA,NA,NA
2025-03-03T05:15:00Z,2025,2025-03-03,5H 15M 0S,Full,15 min,jw,No Fish,NA,NA,NA,NA,NA,NA
2025-03-03T05:30:00Z,2025,2025-03-03,5H 30M 0S,Full,15 min,as,No Fish,NA,NA,NA,NA,NA,NA
2025-03-03T05:30:00Z,2025,2025-03-03,5H 30M 0S,Full,15 min,jw,No Fish,NA,NA,NA,NA,NA,NA
2025-03-03T05:45:00Z,2025,2025-03-03,5H 45M 0S,Full,15 min,as,No Fish,NA,NA,NA,NA,NA,NA
2025-03-03T05:45:00Z,2025,2025-03-03,5H 45M 0S,Full,15 min,jw,No Fish,NA,NA,NA,NA,NA,NA
2025-03-03T06:00:00Z,2025,2025-03-03,6H 0M 0S,Full,15 min,as,No Fish,NA,NA,NA,NA,NA,NA
2025-03-03T06:00:00Z,2025,2025-03-03,6H 0M 0S,Full,15 min,jw,No Fish,NA,NA,NA,NA,NA,NA
2025-03-03T06:15:00Z,2025,2025-03-03,6H 15M 0S,Full,15 min,as,No Fish,NA,NA,NA,NA,NA,NA
2025-03-03T06:15:00Z,2025,2025-03-03,6H 15M 0S,Full,15 min,jw,No Fish,NA,NA,NA,NA,NA,NA
2025-03-03T06:30:00Z,2025,2025-03-03,6H 30M 0S,Full,15 min,as,No Fish,NA,NA,NA,NA,NA,NA
2025-03-03T06:30:00Z,2025,2025-03-03,6H 30M 0S,Full,15 min,jw,No Fish,NA,NA,NA,NA,NA,NA
2025-03-03T06:45:00Z,2025,2025-03-03,6H 45M 0S,Full,15 min,as,No Fish,NA,NA,NA,NA,NA,NA
2025-03-03T06:45:00Z,2025,2025-03-03,6H 45M 0S,Full,15 min,jw,No Fish,NA,NA,NA,NA,NA,NA
2025-03-03T07:00:00Z,2025,2025-03-03,7H 0M 0S,Full,15 min,as,No Fish,NA,NA,NA,NA,NA,NA
2025-03-03T07:00:00Z,2025,2025-03-03,7H 0M 0S,Full,15 min,jw,No Fish,NA,NA,NA,NA,NA,NA
2025-03-03T07:15:00Z,2025,2025-03-03,7H 15M 0S,Full,15 min,as,No Fish,NA,NA,NA,NA,NA,NA
2025-03-03T07:15:00Z,2025,2025-03-03,7H 15M 0S,Full,15 min,jw,No Fish,NA,NA,NA,NA,NA,NA
2025-03-03T07:30:00Z,2025,2025-03-03,7H 30M 0S,Full,15 min,as,No Fish,NA,NA,NA,NA,NA,NA
2025-03-03T07:30:00Z,2025,2025-03-03,7H 30M 0S,Full,15 min,jw,No Fish,NA,NA,NA,NA,NA,NA
2025-03-03T07:45:00Z,2025,2025-03-03,7H 45M 0S,Full,15 min,as,No Fish,NA,NA,NA,NA,NA,NA
2025-03-03T07:45:00Z,2025,2025-03-03,7H 45M 0S,Full,15 min,jw,No Fish,NA,NA,NA,NA,NA,NA
2025-03-03T08:00:00Z,2025,2025-03-03,8H 0M 0S,Full,15 min,as,No Fish,NA,NA,NA,NA,NA,NA
2025-03-03T08:00:00Z,2025,2025-03-03,8H 0M 0S,Full,15 min,jw,No Fish,NA,NA,NA,NA,NA,NA
2025-03-03T08:15:00Z,2025,2025-03-03,8H 15M 0S,Full,15 min,as,No Fish,NA,NA,NA,NA,NA,NA
2025-03-03T08:15:00Z,2025,2025-03-03,8H 15M 0S,Full,15 min,jw,No Fish,NA,NA,NA,NA,NA,NA
2025-03-03T08:30:00Z,2025,2025-03-03,8H 30M 0S,Full,15 min,as,No Fish,NA,NA,NA,NA,NA,NA
2025-03-03T08:30:00Z,2025,2025-03-03,8H 30M 0S,Full,15 min,jw,No Fish,NA,NA,NA,NA,NA,NA
2025-03-03T08:45:00Z,2025,2025-03-03,8H 45M 0S,Full,15 min,as,No Fish,NA,NA,NA,NA,NA,NA
2025-03-03T08:45:00Z,2025,2025-03-03,8H 45M 0S,Full,15 min,jw,No Fish,NA,NA,NA,NA,NA,NA
2025-03-03T09:00:00Z,2025,2025-03-03,9H 0M 0S,Full,15 min,as,No Fish,NA,NA,NA,NA,NA,NA
2025-03-03T09:00:00Z,2025,2025-03-03,9H 0M 0S,Full,15 min,jw,No Fish,NA,NA,NA,NA,NA,NA
2025-03-03T09:15:00Z,2025,2025-03-03,9H 15M 0S,Full,15 min,as,No Fish,NA,NA,NA,NA,NA,NA
2025-03-03T09:15:00Z,2025,2025-03-03,9H 15M 0S,Full,15 min,jw,No Fish,NA,NA,NA,NA,NA,NA
2025-03-03T09:30:00Z,2025,2025-03-03,9H 30M 0S,Full,15 min,as,No Fish,NA,NA,NA,NA,NA,NA
2025-03-03T09:30:00Z,2025,2025-03-03,9H 30M 0S,Full,15 min,jw,No Fish,NA,NA,NA,NA,NA,NA
2025-03-03T09:45:00Z,2025,2025-03-03,9H 45M 0S,Full,15 min,as,No Fish,NA,NA,NA,NA,NA,NA
2025-03-03T09:45:00Z,2025,2025-03-03,9H 45M 0S,Full,15 min,jw,No Fish,NA,NA,NA,NA,NA,NA
2025-03-03T10:00:00Z,2025,2025-03-03,10H 0M 0S,Full,15 min,as,10:06:23,downstream,63.8,2064,9.01,1,NA
2025-03-03T10:00:00Z,2025,2025-03-03,10H 0M 0S,Full,15 min,jw,No Fish,NA,NA,NA,NA,NA,NA
2025-03-03T10:15:00Z,2025,2025-03-03,10H 15M 0S,Full,15 min,as,No Fish,NA,NA,NA,NA,NA,NA
2025-03-03T10:15:00Z,2025,2025-03-03,10H 15M 0S,Full,15 min,jw,No Fish,NA,NA,NA,NA,NA,NA
2025-03-03T10:30:00Z,2025,2025-03-03,10H 30M 0S,Full,15 min,as,No Fish,NA,NA,NA,NA,NA,NA
2025-03-03T10:30:00Z,2025,2025-03-03,10H 30M 0S,Full,15 min,jw,No Fish,NA,NA,NA,NA,NA,NA
2025-03-03T10:45:00Z,2025,2025-03-03,10H 45M 0S,Full,15 min,as,No Fish,NA,NA,NA,NA,NA,NA
2025-03-03T10:45:00Z,2025,2025-03-03,10H 45M 0S,Full,15 min,jw,No Fish,NA,NA,NA,NA,NA,NA
2025-03-03T11:00:00Z,2025,2025-03-03,11H 0M 0S,Full,15 min,as,No Fish,NA,NA,NA,NA,NA,NA
2025-03-03T11:00:00Z,2025,2025-03-03,11H 0M 0S,Full,15 min,jw,No Fish,NA,NA,NA,NA,NA,NA
2025-03-03T11:15:00Z,2025,2025-03-03,11H 15M 0S,Full,15 min,as,No Fish,NA,NA,NA,NA,NA,NA
2025-03-03T11:15:00Z,2025,2025-03-03,11H 15M 0S,Full,15 min,jw,No Fish,NA,NA,NA,NA,NA,NA
2025-03-03T11:30:00Z,2025,2025-03-03,11H 30M 0S,Full,15 min,as,No Fish,NA,NA,NA,NA,NA,NA
2025-03-03T11:30:00Z,2025,2025-03-03,11H 30M 0S,Full,15 min,jw,No Fish,NA,NA,NA,NA,NA,NA
2025-03-03T11:45:00Z,2025,2025-03-03,11H 45M 0S,Full,15 min,as,No Fish,NA,NA,NA,NA,NA,NA
2025-03-03T11:45:00Z,2025,2025-03-03,11H 45M 0S,Full,15 min,jw,No Fish,NA,NA,NA,NA,NA,NA
2025-03-03T12:00:00Z,2025,2025-03-03,12H 0M 0S,Full,15 min,as,No Fish,NA,NA,NA,NA,NA,NA
2025-03-03T12:00:00Z,2025,2025-03-03,12H 0M 0S,Full,15 min,jw,No Fish,NA,NA,NA,NA,NA,NA
2025-03-03T12:15:00Z,2025,2025-03-03,12H 15M 0S,Full,15 min,as,12:19:06,downstream,37.8,1332,11.5,1,NA
2025-03-03T12:15:00Z,2025,2025-03-03,12H 15M 0S,Full,15 min,as,12:27:06,upstream,68,3922,11.38,1,NA
2025-03-03T12:15:00Z,2025,2025-03-03,12H 15M 0S,Full,15 min,jw,12:27:06,upstream,62.3,3922,11.39,1,NA
2025-03-03T12:30:00Z,2025,2025-03-03,12H 30M 0S,Full,15 min,as,No Fish,NA,NA,NA,NA,NA,NA
2025-03-03T12:30:00Z,2025,2025-03-03,12H 30M 0S,Full,15 min,jw,No Fish,NA,NA,NA,NA,NA,NA
2025-03-03T12:45:00Z,2025,2025-03-03,12H 45M 0S,Full,15 min,as,No Fish,NA,NA,NA,NA,NA,NA
2025-03-03T12:45:00Z,2025,2025-03-03,12H 45M 0S,Full,15 min,jw,No Fish,NA,NA,NA,NA,NA,NA
2025-03-03T13:00:00Z,2025,2025-03-03,13H 0M 0S,Full,15 min,as,No Fish,NA,NA,NA,NA,NA,NA
2025-03-03T13:00:00Z,2025,2025-03-03,13H 0M 0S,Full,15 min,jw,No Fish,NA,NA,NA,NA,NA,NA
2025-03-03T13:15:00Z,2025,2025-03-03,13H 15M 0S,Full,15 min,as,No Fish,NA,NA,NA,NA,NA,NA
2025-03-03T13:15:00Z,2025,2025-03-03,13H 15M 0S,Full,15 min,jw,No Fish,NA,NA,NA,NA,NA,NA
2025-03-03T13:30:00Z,2025,2025-03-03,13H 30M 0S,Full,15 min,as,No Fish,NA,NA,NA,NA,NA,NA
2025-03-03T13:30:00Z,2025,2025-03-03,13H 30M 0S,Full,15 min,jw,No Fish,NA,NA,NA,NA,NA,NA
2025-03-03T13:45:00Z,2025,2025-03-03,13H 45M 0S,Full,15 min,as,No Fish,NA,NA,NA,NA,NA,NA
2025-03-03T13:45:00Z,2025,2025-03-03,13H 45M 0S,Full,15 min,jw,No Fish,NA,NA,NA,NA,NA,NA
2025-03-03T14:00:00Z,2025,2025-03-03,14H 0M 0S,Full,15 min,as,No Fish,NA,NA,NA,NA,NA,NA
2025-03-03T14:00:00Z,2025,2025-03-03,14H 0M 0S,Full,15 min,jw,No Fish,NA,NA,NA,NA,NA,NA
2025-03-03T14:15:00Z,2025,2025-03-03,14H 15M 0S,Full,15 min,as,No Fish,NA,NA,NA,NA,NA,NA
2025-03-03T14:15:00Z,2025,2025-03-03,14H 15M 0S,Full,15 min,jw,No Fish,NA,NA,NA,NA,NA,NA
2025-03-03T14:30:00Z,2025,2025-03-03,14H 30M 0S,Full,15 min,as,No Fish,NA,NA,NA,NA,NA,NA
2025-03-03T14:30:00Z,2025,2025-03-03,14H 30M 0S,Full,15 min,jw,No Fish,NA,NA,NA,NA,NA,NA
2025-03-03T14:45:00Z,2025,2025-03-03,14H 45M 0S,Full,15 min,as,No Fish,NA,NA,NA,NA,NA,NA
2025-03-03T14:45:00Z,2025,2025-03-03,14H 45M 0S,Full,15 min,jw,No Fish,NA,NA,NA,NA,NA,NA
2025-03-03T15:00:00Z,2025,2025-03-03,15H 0M 0S,Full,15 min,as,No Fish,NA,NA,NA,NA,NA,NA
2025-03-03T15:00:00Z,2025,2025-03-03,15H 0M 0S,Full,15 min,jw,No Fish,NA,NA,NA,NA,NA,NA
2025-03-03T15:15:00Z,2025,2025-03-03,15H 15M 0S,Full,15 min,as,No Fish,NA,NA,NA,NA,NA,NA
2025-03-03T15:15:00Z,2025,2025-03-03,15H 15M 0S,Full,15 min,jw,No Fish,NA,NA,NA,NA,NA,NA
2025-03-03T15:30:00Z,2025,2025-03-03,15H 30M 0S,Full,15 min,as,No Fish,NA,NA,NA,NA,NA,NA
2025-03-03T15:30:00Z,2025,2025-03-03,15H 30M 0S,Full,15 min,jw,No Fish,NA,NA,NA,NA,NA,NA
2025-03-03T15:45:00Z,2025,2025-03-03,15H 45M 0S,Full,15 min,as,15:49:03,upstream,65,1314,10.73,1,NA
2025-03-03T15:45:00Z,2025,2025-03-03,15H 45M 0S,Full,15 min,jw,15:49:04,upstream,68.1,1319,10.82,1,NA
2025-03-03T16:00:00Z,2025,2025-03-03,16H 0M 0S,Full,15 min,as,No Fish,NA,NA,NA,NA,NA,NA
2025-03-03T16:00:00Z,2025,2025-03-03,16H 0M 0S,Full,15 min,jw,No Fish,NA,NA,NA,NA,NA,NA
2025-03-03T16:15:00Z,2025,2025-03-03,16H 15M 0S,Full,15 min,as,No Fish,NA,NA,NA,NA,NA,NA
2025-03-03T16:15:00Z,2025,2025-03-03,16H 15M 0S,Full,15 min,jw,No Fish,NA,NA,NA,NA,NA,NA
2025-03-03T16:30:00Z,2025,2025-03-03,16H 30M 0S,Full,15 min,as,No Fish,NA,NA,NA,NA,NA,NA
2025-03-03T16:30:00Z,2025,2025-03-03,16H 30M 0S,Full,15 min,jw,No Fish,NA,NA,NA,NA,NA,NA
2025-03-03T16:45:00Z,2025,2025-03-03,16H 45M 0S,Full,15 min,as,No Fish,NA,NA,NA,NA,NA,NA
2025-03-03T16:45:00Z,2025,2025-03-03,16H 45M 0S,Full,15 min,jw,No Fish,NA,NA,NA,NA,NA,NA
2025-03-03T17:00:00Z,2025,2025-03-03,17H 0M 0S,Full,15 min,as,No Fish,NA,NA,NA,NA,NA,NA
2025-03-03T17:00:00Z,2025,2025-03-03,17H 0M 0S,Full,15 min,jw,No Fish,NA,NA,NA,NA,NA,NA
2025-03-03T17:15:00Z,2025,2025-03-03,17H 15M 0S,Full,15 min,as,No Fish,NA,NA,NA,NA,NA,NA
2025-03-03T17:15:00Z,2025,2025-03-03,17H 15M 0S,Full,15 min,jw,No Fish,NA,NA,NA,NA,NA,NA
2025-03-03T17:30:00Z,2025,2025-03-03,17H 30M 0S,Full,15 min,as,No Fish,NA,NA,NA,NA,NA,NA
2025-03-03T17:30:00Z,2025,2025-03-03,17H 30M 0S,Full,15 min,jw,No Fish,NA,NA,NA,NA,NA,NA
2025-03-03T17:45:00Z,2025,2025-03-03,17H 45M 0S,Full,15 min,as,No Fish,NA,NA,NA,NA,NA,NA
2025-03-03T17:45:00Z,2025,2025-03-03,17H 45M 0S,Full,15 min,jw,No Fish,NA,NA,NA,NA,NA,NA
2025-03-03T18:00:00Z,2025,2025-03-03,18H 0M 0S,Full,15 min,as,No Fish,NA,NA,NA,NA,NA,NA
2025-03-03T18:00:00Z,2025,2025-03-03,18H 0M 0S,Full,15 min,jw,No Fish,NA,NA,NA,NA,NA,NA
2025-03-03T18:15:00Z,2025,2025-03-03,18H 15M 0S,Full,15 min,as,18:22:45,upstream,39.2,2504,15.22,1,NA
2025-03-03T18:15:00Z,2025,2025-03-03,18H 15M 0S,Full,15 min,jw,No Fish,NA,NA,NA,NA,NA,NA
2025-03-03T18:30:00Z,2025,2025-03-03,18H 30M 0S,Full,15 min,as,No Fish,NA,NA,NA,NA,NA,NA
2025-03-03T18:30:00Z,2025,2025-03-03,18H 30M 0S,Full,15 min,jw,No Fish,NA,NA,NA,NA,NA,NA
2025-03-03T18:45:00Z,2025,2025-03-03,18H 45M 0S,Full,15 min,as,18:53:43,downstream,45.3,2806,13.8,1,NA
2025-03-03T18:45:00Z,2025,2025-03-03,18H 45M 0S,Full,15 min,jw,No Fish,NA,NA,NA,NA,NA,NA
2025-03-03T19:00:00Z,2025,2025-03-03,19H 0M 0S,Full,15 min,as,19:02:30,upstream,41.4,809,7.54,1,NA
2025-03-03T19:00:00Z,2025,2025-03-03,19H 0M 0S,Full,15 min,jw,No Fish,NA,NA,NA,NA,NA,NA
2025-03-03T19:15:00Z,2025,2025-03-03,19H 15M 0S,Full,15 min,as,No Fish,NA,NA,NA,NA,NA,NA
2025-03-03T19:15:00Z,2025,2025-03-03,19H 15M 0S,Full,15 min,jw,No Fish,NA,NA,NA,NA,NA,NA
2025-03-03T19:30:00Z,2025,2025-03-03,19H 30M 0S,Full,15 min,as,No Fish,NA,NA,NA,NA,NA,NA
2025-03-03T19:30:00Z,2025,2025-03-03,19H 30M 0S,Full,15 min,jw,No Fish,NA,NA,NA,NA,NA,NA
2025-03-03T19:45:00Z,2025,2025-03-03,19H 45M 0S,Full,15 min,as,No Fish,NA,NA,NA,NA,NA,NA
2025-03-03T19:45:00Z,2025,2025-03-03,19H 45M 0S,Full,15 min,jw,No Fish,NA,NA,NA,NA,NA,NA
2025-03-03T20:00:00Z,2025,2025-03-03,20H 0M 0S,Full,15 min,as,20:12:40,downstream,45.3,4104,6.21,1,NA
2025-03-03T20:00:00Z,2025,2025-03-03,20H 0M 0S,Full,15 min,jw,No Fish,NA,NA,NA,NA,NA,NA
2025-03-03T20:15:00Z,2025,2025-03-03,20H 15M 0S,Full,15 min,as,No Fish,NA,NA,NA,NA,NA,NA
2025-03-03T20:15:00Z,2025,2025-03-03,20H 15M 0S,Full,15 min,jw,No Fish,NA,NA,NA,NA,NA,NA
2025-03-03T20:30:00Z,2025,2025-03-03,20H 30M 0S,Full,15 min,as,No Fish,NA,NA,NA,NA,NA,NA
2025-03-03T20:30:00Z,2025,2025-03-03,20H 30M 0S,Full,15 min,jw,No Fish,NA,NA,NA,NA,NA,NA
2025-03-03T20:45:00Z,2025,2025-03-03,20H 45M 0S,Full,15 min,as,No Fish,NA,NA,NA,NA,NA,NA
2025-03-03T20:45:00Z,2025,2025-03-03,20H 45M 0S,Full,15 min,jw,No Fish,NA,NA,NA,NA,NA,NA
2025-03-03T21:00:00Z,2025,2025-03-03,21H 0M 0S,Full,15 min,as,No Fish,NA,NA,NA,NA,NA,NA
2025-03-03T21:00:00Z,2025,2025-03-03,21H 0M 0S,Full,15 min,jw,No Fish,NA,NA,NA,NA,NA,NA
2025-03-03T21:15:00Z,2025,2025-03-03,21H 15M 0S,Full,15 min,as,No Fish,NA,NA,NA,NA,NA,NA
2025-03-03T21:15:00Z,2025,2025-03-03,21H 15M 0S,Full,15 min,jw,No Fish,NA,NA,NA,NA,NA,NA
2025-03-03T21:30:00Z,2025,2025-03-03,21H 30M 0S,Full,15 min,as,No Fish,NA,NA,NA,NA,NA,NA
2025-03-03T21:30:00Z,2025,2025-03-03,21H 30M 0S,Full,15 min,jw,No Fish,NA,NA,NA,NA,NA,NA
2025-03-03T21:45:00Z,2025,2025-03-03,21H 45M 0S,Full,15 min,as,No Fish,NA,NA,NA,NA,NA,NA
2025-03-03T21:45:00Z,2025,2025-03-03,21H 45M 0S,Full,15 min,jw,No Fish,NA,NA,NA,NA,NA,NA
2025-03-03T22:00:00Z,2025,2025-03-03,22H 0M 0S,Full,15 min,as,No Fish,NA,NA,NA,NA,NA,NA
2025-03-03T22:00:00Z,2025,2025-03-03,22H 0M 0S,Full,15 min,jw,No Fish,NA,NA,NA,NA,NA,NA
2025-03-03T22:15:00Z,2025,2025-03-03,22H 15M 0S,Full,15 min,as,No Fish,NA,NA,NA,NA,NA,NA
2025-03-03T22:15:00Z,2025,2025-03-03,22H 15M 0S,Full,15 min,jw,No Fish,NA,NA,NA,NA,NA,NA
2025-03-03T22:30:00Z,2025,2025-03-03,22H 30M 0S,Full,15 min,as,No Fish,NA,NA,NA,NA,NA,NA
2025-03-03T22:30:00Z,2025,2025-03-03,22H 30M 0S,Full,15 min,jw,No Fish,NA,NA,NA,NA,NA,NA
2025-03-03T22:45:00Z,2025,2025-03-03,22H 45M 0S,Full,15 min,as,No Fish,NA,NA,NA,NA,NA,NA
2025-03-03T22:45:00Z,2025,2025-03-03,22H 45M 0S,Full,15 min,jw,No Fish,NA,NA,NA,NA,NA,NA
2025-03-03T23:00:00Z,2025,2025-03-03,23H 0M 0S,Full,15 min,as,No Fish,NA,NA,NA,NA,NA,NA
2025-03-03T23:00:00Z,2025,2025-03-03,23H 0M 0S,Full,15 min,jw,No Fish,NA,NA,NA,NA,NA,NA
2025-03-03T23:15:00Z,2025,2025-03-03,23H 15M 0S,Full,15 min,as,No Fish,NA,NA,NA,NA,NA,NA
2025-03-03T23:15:00Z,2025,2025-03-03,23H 15M 0S,Full,15 min,jw,No Fish,NA,NA,NA,NA,NA,NA
2025-03-03T23:30:00Z,2025,2025-03-03,23H 30M 0S,Full,15 min,as,No Fish,NA,NA,NA,NA,NA,NA
2025-03-03T23:30:00Z,2025,2025-03-03,23H 30M 0S,Full,15 min,jw,No Fish,NA,NA,NA,NA,NA,NA
2025-03-03T23:45:00Z,2025,2025-03-03,23H 45M 0S,Full,15 min,as,No Fish,NA,NA,NA,NA,NA,NA
2025-03-03T23:45:00Z,2025,2025-03-03,23H 45M 0S,Full,15 min,jw,No Fish,NA,NA,NA,NA,NA,NA
2025-03-17T00:00:00Z,2025,2025-03-17,0S,Full,15 min,as,No Fish,NA,NA,NA,NA,NA,NA
2025-03-17T00:00:00Z,2025,2025-03-17,0S,Full,15 min,jw,No Fish,NA,NA,NA,NA,NA,NA
2025-03-17T00:15:00Z,2025,2025-03-17,15M 0S,Full,15 min,as,No Fish,NA,NA,NA,NA,NA,NA
2025-03-17T00:15:00Z,2025,2025-03-17,15M 0S,Full,15 min,jw,No Fish,NA,NA,NA,NA,NA,NA
2025-03-17T00:30:00Z,2025,2025-03-17,30M 0S,Full,15 min,as,No Fish,NA,NA,NA,NA,NA,NA
2025-03-17T00:30:00Z,2025,2025-03-17,30M 0S,Full,15 min,jw,No Fish,NA,NA,NA,NA,NA,NA
2025-03-17T00:45:00Z,2025,2025-03-17,45M 0S,Full,15 min,as,No Fish,NA,NA,NA,NA,NA,NA
2025-03-17T00:45:00Z,2025,2025-03-17,45M 0S,Full,15 min,jw,No Fish,NA,NA,NA,NA,NA,NA
2025-03-17T01:00:00Z,2025,2025-03-17,1H 0M 0S,Full,15 min,as,1:11:17,downstream,70.8,3667,11.77,1,NA
2025-03-17T01:00:00Z,2025,2025-03-17,1H 0M 0S,Full,15 min,jw,1:08:21,upstream,66,2716,13.55,1,NA
2025-03-17T01:00:00Z,2025,2025-03-17,1H 0M 0S,Full,15 min,jw,1:11:19,downstream,65.4,3679,12.09,1,NA
2025-03-17T01:15:00Z,2025,2025-03-17,1H 15M 0S,Full,15 min,as,1:21:56,upstream,71.1,2258,13.94,1,NA
2025-03-17T01:15:00Z,2025,2025-03-17,1H 15M 0S,Full,15 min,jw,1:22:05,upstream,64.1,2303,13.58,1,NA
2025-03-17T01:30:00Z,2025,2025-03-17,1H 30M 0S,Full,15 min,as,No Fish,NA,NA,NA,NA,NA,NA
2025-03-17T01:30:00Z,2025,2025-03-17,1H 30M 0S,Full,15 min,jw,No Fish,NA,NA,NA,NA,NA,NA
2025-03-17T01:45:00Z,2025,2025-03-17,1H 45M 0S,Full,15 min,as,No Fish,NA,NA,NA,NA,NA,NA
2025-03-17T01:45:00Z,2025,2025-03-17,1H 45M 0S,Full,15 min,jw,No Fish,NA,NA,NA,NA,NA,NA
2025-03-17T02:00:00Z,2025,2025-03-17,2H 0M 0S,Full,15 min,as,No Fish,NA,NA,NA,NA,NA,NA
2025-03-17T02:00:00Z,2025,2025-03-17,2H 0M 0S,Full,15 min,jw,No Fish,NA,NA,NA,NA,NA,NA
2025-03-17T02:15:00Z,2025,2025-03-17,2H 15M 0S,Full,15 min,as,2:29:36,upstream,72.6,4745,8.13,1,NA
2025-03-17T02:15:00Z,2025,2025-03-17,2H 15M 0S,Full,15 min,jw,2:29:37,upstream,71.5,4750,8.22,1,NA
2025-03-17T02:30:00Z,2025,2025-03-17,2H 30M 0S,Full,15 min,as,No Fish,NA,NA,NA,NA,NA,NA
2025-03-17T02:30:00Z,2025,2025-03-17,2H 30M 0S,Full,15 min,jw,No Fish,NA,NA,NA,NA,NA,NA
2025-03-17T02:45:00Z,2025,2025-03-17,2H 45M 0S,Full,15 min,as,No Fish,NA,NA,NA,NA,NA,NA
2025-03-17T02:45:00Z,2025,2025-03-17,2H 45M 0S,Full,15 min,jw,No Fish,NA,NA,NA,NA,NA,NA
2025-03-17T03:00:00Z,2025,2025-03-17,3H 0M 0S,Full,15 min,as,No Fish,NA,NA,NA,NA,NA,NA
2025-03-17T03:00:00Z,2025,2025-03-17,3H 0M 0S,Full,15 min,jw,No Fish,NA,NA,NA,NA,NA,NA
2025-03-17T03:15:00Z,2025,2025-03-17,3H 15M 0S,Full,15 min,as,No Fish,NA,NA,NA,NA,NA,NA
2025-03-17T03:15:00Z,2025,2025-03-17,3H 15M 0S,Full,15 min,jw,No Fish,NA,NA,NA,NA,NA,NA
2025-03-17T03:30:00Z,2025,2025-03-17,3H 30M 0S,Full,15 min,as,3:43:44,upstream,70.8,4465,13.24,1,NA
2025-03-17T03:30:00Z,2025,2025-03-17,3H 30M 0S,Full,15 min,jw,3:43:47,upstream,53.2,4481,13.49,1,NA
2025-03-17T03:45:00Z,2025,2025-03-17,3H 45M 0S,Full,15 min,as,No Fish,NA,NA,NA,NA,NA,NA
2025-03-17T03:45:00Z,2025,2025-03-17,3H 45M 0S,Full,15 min,jw,No Fish,NA,NA,NA,NA,NA,NA
2025-03-17T04:00:00Z,2025,2025-03-17,4H 0M 0S,Full,15 min,as,No Fish,NA,NA,NA,NA,NA,NA
2025-03-17T04:00:00Z,2025,2025-03-17,4H 0M 0S,Full,15 min,jw,No Fish,NA,NA,NA,NA,NA,NA
2025-03-17T04:15:00Z,2025,2025-03-17,4H 15M 0S,Full,15 min,as,No Fish,NA,NA,NA,NA,NA,NA
2025-03-17T04:15:00Z,2025,2025-03-17,4H 15M 0S,Full,15 min,jw,No Fish,NA,NA,NA,NA,NA,NA
2025-03-17T04:30:00Z,2025,2025-03-17,4H 30M 0S,Full,15 min,as,4:42:53,downstream,70.2,4193,9.94,1,NA
2025-03-17T04:30:00Z,2025,2025-03-17,4H 30M 0S,Full,15 min,jw,No Fish,NA,NA,NA,NA,NA,NA
2025-03-17T04:45:00Z,2025,2025-03-17,4H 45M 0S,Full,15 min,as,4:55:33,upstream,71.6,3430,13.24,1,NA
2025-03-17T04:45:00Z,2025,2025-03-17,4H 45M 0S,Full,15 min,jw,4:55:38,upstream,51.1,3457,14.18,1,NA
2025-03-17T05:00:00Z,2025,2025-03-17,5H 0M 0S,Full,15 min,as,No Fish,NA,NA,NA,NA,NA,NA
2025-03-17T05:00:00Z,2025,2025-03-17,5H 0M 0S,Full,15 min,jw,No Fish,NA,NA,NA,NA,NA,NA
2025-03-17T05:15:00Z,2025,2025-03-17,5H 15M 0S,Full,15 min,as,No Fish,NA,NA,NA,NA,NA,NA
2025-03-17T05:15:00Z,2025,2025-03-17,5H 15M 0S,Full,15 min,jw,No Fish,NA,NA,NA,NA,NA,NA
2025-03-17T05:30:00Z,2025,2025-03-17,5H 30M 0S,Full,15 min,as,No Fish,NA,NA,NA,NA,NA,NA
2025-03-17T05:30:00Z,2025,2025-03-17,5H 30M 0S,Full,15 min,jw,No Fish,NA,NA,NA,NA,NA,NA
2025-03-17T05:45:00Z,2025,2025-03-17,5H 45M 0S,Full,15 min,as,No Fish,NA,NA,NA,NA,NA,NA
2025-03-17T05:45:00Z,2025,2025-03-17,5H 45M 0S,Full,15 min,jw,No Fish,NA,NA,NA,NA,NA,NA
2025-03-17T06:00:00Z,2025,2025-03-17,6H 0M 0S,Full,15 min,as,6:06:56,upstream,63,2256,7.81,1,NA
2025-03-17T06:00:00Z,2025,2025-03-17,6H 0M 0S,Full,15 min,jw,6:06:51,upstream,52.3,2228,6.66,1,NA
2025-03-17T06:15:00Z,2025,2025-03-17,6H 15M 0S,Full,15 min,as,6:29:24,downstream,61.4,4675,9.09,1,NA
2025-03-17T06:15:00Z,2025,2025-03-17,6H 15M 0S,Full,15 min,as,6:29:44,upstream,50,4787,15.05,1,NA
2025-03-17T06:15:00Z,2025,2025-03-17,6H 15M 0S,Full,15 min,jw,6:29:26,downstream,39,4687,9.49,1,NA
2025-03-17T06:30:00Z,2025,2025-03-17,6H 30M 0S,Full,15 min,as,6:37:01,downstream,70.1,2279,10.22,1,NA
2025-03-17T06:30:00Z,2025,2025-03-17,6H 30M 0S,Full,15 min,jw,6:30:03,upstream,40.4,14,15,1,NA
2025-03-17T06:45:00Z,2025,2025-03-17,6H 45M 0S,Full,15 min,as,No Fish,NA,NA,NA,NA,NA,NA
2025-03-17T06:45:00Z,2025,2025-03-17,6H 45M 0S,Full,15 min,jw,No Fish,NA,NA,NA,NA,NA,NA
2025-03-17T07:00:00Z,2025,2025-03-17,7H 0M 0S,Full,15 min,as,7:02:42,downstream,54.3,873,8.21,1,NA
2025-03-17T07:00:00Z,2025,2025-03-17,7H 0M 0S,Full,15 min,jw,No Fish,NA,NA,NA,NA,NA,NA
2025-03-17T07:15:00Z,2025,2025-03-17,7H 15M 0S,Full,15 min,as,No Fish,NA,NA,NA,NA,NA,NA
2025-03-17T07:15:00Z,2025,2025-03-17,7H 15M 0S,Full,15 min,jw,No Fish,NA,NA,NA,NA,NA,NA
2025-03-17T07:30:00Z,2025,2025-03-17,7H 30M 0S,Full,15 min,as,No Fish,NA,NA,NA,NA,NA,NA
2025-03-17T07:30:00Z,2025,2025-03-17,7H 30M 0S,Full,15 min,jw,No Fish,NA,NA,NA,NA,NA,NA
2025-03-17T07:45:00Z,2025,2025-03-17,7H 45M 0S,Full,15 min,as,No Fish,NA,NA,NA,NA,NA,NA
2025-03-17T07:45:00Z,2025,2025-03-17,7H 45M 0S,Full,15 min,jw,No Fish,NA,NA,NA,NA,NA,NA
2025-03-17T08:00:00Z,2025,2025-03-17,8H 0M 0S,Full,15 min,as,No Fish,NA,NA,NA,NA,NA,NA
2025-03-17T08:00:00Z,2025,2025-03-17,8H 0M 0S,Full,15 min,jw,No Fish,NA,NA,NA,NA,NA,NA
2025-03-17T08:15:00Z,2025,2025-03-17,8H 15M 0S,Full,15 min,as,No Fish,NA,NA,NA,NA,NA,NA
2025-03-17T08:15:00Z,2025,2025-03-17,8H 15M 0S,Full,15 min,jw,No Fish,NA,NA,NA,NA,NA,NA
2025-03-17T08:30:00Z,2025,2025-03-17,8H 30M 0S,Full,15 min,as,No Fish,NA,NA,NA,NA,NA,NA
2025-03-17T08:30:00Z,2025,2025-03-17,8H 30M 0S,Full,15 min,jw,No Fish,NA,NA,NA,NA,NA,NA
2025-03-17T08:45:00Z,2025,2025-03-17,8H 45M 0S,Full,15 min,as,No Fish,NA,NA,NA,NA,NA,NA
2025-03-17T08:45:00Z,2025,2025-03-17,8H 45M 0S,Full,15 min,jw,No Fish,NA,NA,NA,NA,NA,NA
2025-03-17T09:00:00Z,2025,2025-03-17,9H 0M 0S,Full,15 min,as,No Fish,NA,NA,NA,NA,NA,NA
2025-03-17T09:00:00Z,2025,2025-03-17,9H 0M 0S,Full,15 min,jw,No Fish,NA,NA,NA,NA,NA,NA
2025-03-17T09:15:00Z,2025,2025-03-17,9H 15M 0S,Full,15 min,as,No Fish,NA,NA,NA,NA,NA,NA
2025-03-17T09:15:00Z,2025,2025-03-17,9H 15M 0S,Full,15 min,jw,No Fish,NA,NA,NA,NA,NA,NA
2025-03-17T09:30:00Z,2025,2025-03-17,9H 30M 0S,Full,15 min,as,No Fish,NA,NA,NA,NA,NA,NA
2025-03-17T09:30:00Z,2025,2025-03-17,9H 30M 0S,Full,15 min,jw,No Fish,NA,NA,NA,NA,NA,NA
2025-03-17T09:45:00Z,2025,2025-03-17,9H 45M 0S,Full,15 min,as,No Fish,NA,NA,NA,NA,NA,NA
2025-03-17T09:45:00Z,2025,2025-03-17,9H 45M 0S,Full,15 min,jw,No Fish,NA,NA,NA,NA,NA,NA
2025-03-17T10:00:00Z,2025,2025-03-17,10H 0M 0S,Full,15 min,as,No Fish,NA,NA,NA,NA,NA,NA
2025-03-17T10:00:00Z,2025,2025-03-17,10H 0M 0S,Full,15 min,jw,No Fish,NA,NA,NA,NA,NA,NA
2025-03-17T10:15:00Z,2025,2025-03-17,10H 15M 0S,Full,15 min,as,No Fish,NA,NA,NA,NA,NA,NA
2025-03-17T10:15:00Z,2025,2025-03-17,10H 15M 0S,Full,15 min,jw,No Fish,NA,NA,NA,NA,NA,NA
2025-03-17T10:30:00Z,2025,2025-03-17,10H 30M 0S,Full,15 min,as,No Fish,NA,NA,NA,NA,NA,NA
2025-03-17T10:30:00Z,2025,2025-03-17,10H 30M 0S,Full,15 min,jw,No Fish,NA,NA,NA,NA,NA,NA
2025-03-17T10:45:00Z,2025,2025-03-17,10H 45M 0S,Full,15 min,as,No Fish,NA,NA,NA,NA,NA,NA
2025-03-17T10:45:00Z,2025,2025-03-17,10H 45M 0S,Full,15 min,jw,No Fish,NA,NA,NA,NA,NA,NA
2025-03-17T11:00:00Z,2025,2025-03-17,11H 0M 0S,Full,15 min,as,No Fish,NA,NA,NA,NA,NA,NA
2025-03-17T11:00:00Z,2025,2025-03-17,11H 0M 0S,Full,15 min,jw,No Fish,NA,NA,NA,NA,NA,NA
2025-03-17T11:15:00Z,2025,2025-03-17,11H 15M 0S,Full,15 min,as,No Fish,NA,NA,NA,NA,NA,NA
2025-03-17T11:15:00Z,2025,2025-03-17,11H 15M 0S,Full,15 min,jw,No Fish,NA,NA,NA,NA,NA,NA
2025-03-17T11:30:00Z,2025,2025-03-17,11H 30M 0S,Full,15 min,as,No Fish,NA,NA,NA,NA,NA,NA
2025-03-17T11:30:00Z,2025,2025-03-17,11H 30M 0S,Full,15 min,jw,No Fish,NA,NA,NA,NA,NA,NA
2025-03-17T11:45:00Z,2025,2025-03-17,11H 45M 0S,Full,15 min,as,No Fish,NA,NA,NA,NA,NA,NA
2025-03-17T11:45:00Z,2025,2025-03-17,11H 45M 0S,Full,15 min,jw,No Fish,NA,NA,NA,NA,NA,NA
2025-03-17T12:00:00Z,2025,2025-03-17,12H 0M 0S,Full,15 min,as,No Fish,NA,NA,NA,NA,NA,NA
2025-03-17T12:00:00Z,2025,2025-03-17,12H 0M 0S,Full,15 min,jw,No Fish,NA,NA,NA,NA,NA,NA
2025-03-17T12:15:00Z,2025,2025-03-17,12H 15M 0S,Full,15 min,as,No Fish,NA,NA,NA,NA,NA,NA
2025-03-17T12:15:00Z,2025,2025-03-17,12H 15M 0S,Full,15 min,jw,No Fish,NA,NA,NA,NA,NA,NA
2025-03-17T12:30:00Z,2025,2025-03-17,12H 30M 0S,Full,15 min,as,No Fish,NA,NA,NA,NA,NA,NA
2025-03-17T12:30:00Z,2025,2025-03-17,12H 30M 0S,Full,15 min,jw,No Fish,NA,NA,NA,NA,NA,NA
2025-03-17T12:45:00Z,2025,2025-03-17,12H 45M 0S,Full,15 min,as,No Fish,NA,NA,NA,NA,NA,NA
2025-03-17T12:45:00Z,2025,2025-03-17,12H 45M 0S,Full,15 min,jw,No Fish,NA,NA,NA,NA,NA,NA
2025-03-17T13:00:00Z,2025,2025-03-17,13H 0M 0S,Full,15 min,as,No Fish,NA,NA,NA,NA,NA,NA
2025-03-17T13:00:00Z,2025,2025-03-17,13H 0M 0S,Full,15 min,jw,No Fish,NA,NA,NA,NA,NA,NA
2025-03-17T13:15:00Z,2025,2025-03-17,13H 15M 0S,Full,15 min,as,No Fish,NA,NA,NA,NA,NA,NA
2025-03-17T13:15:00Z,2025,2025-03-17,13H 15M 0S,Full,15 min,jw,No Fish,NA,NA,NA,NA,NA,NA
2025-03-17T13:30:00Z,2025,2025-03-17,13H 30M 0S,Full,15 min,as,No Fish,NA,NA,NA,NA,NA,NA
2025-03-17T13:30:00Z,2025,2025-03-17,13H 30M 0S,Full,15 min,jw,No Fish,NA,NA,NA,NA,NA,NA
2025-03-17T13:45:00Z,2025,2025-03-17,13H 45M 0S,Full,15 min,as,No Fish,NA,NA,NA,NA,NA,NA
2025-03-17T13:45:00Z,2025,2025-03-17,13H 45M 0S,Full,15 min,jw,No Fish,NA,NA,NA,NA,NA,NA
2025-03-17T14:00:00Z,2025,2025-03-17,14H 0M 0S,Full,15 min,as,14:14:24,upstream,72.7,4670,11.06,1,NA
2025-03-17T14:00:00Z,2025,2025-03-17,14H 0M 0S,Full,15 min,jw,14:14:21,upstream,63.9,4652,11.54,1,NA
2025-03-17T14:15:00Z,2025,2025-03-17,14H 15M 0S,Full,15 min,as,No Fish,NA,NA,NA,NA,NA,NA
2025-03-17T14:15:00Z,2025,2025-03-17,14H 15M 0S,Full,15 min,jw,No Fish,NA,NA,NA,NA,NA,NA
2025-03-17T14:30:00Z,2025,2025-03-17,14H 30M 0S,Full,15 min,as,No Fish,NA,NA,NA,NA,NA,NA
2025-03-17T14:30:00Z,2025,2025-03-17,14H 30M 0S,Full,15 min,jw,No Fish,NA,NA,NA,NA,NA,NA
2025-03-17T14:45:00Z,2025,2025-03-17,14H 45M 0S,Full,15 min,as,No Fish,NA,NA,NA,NA,NA,NA
2025-03-17T14:45:00Z,2025,2025-03-17,14H 45M 0S,Full,15 min,jw,No Fish,NA,NA,NA,NA,NA,NA
2025-03-17T15:00:00Z,2025,2025-03-17,15H 0M 0S,Full,15 min,as,No Fish,NA,NA,NA,NA,NA,NA
2025-03-17T15:00:00Z,2025,2025-03-17,15H 0M 0S,Full,15 min,jw,No Fish,NA,NA,NA,NA,NA,NA
2025-03-17T15:15:00Z,2025,2025-03-17,15H 15M 0S,Full,15 min,as,No Fish,NA,NA,NA,NA,NA,NA
2025-03-17T15:15:00Z,2025,2025-03-17,15H 15M 0S,Full,15 min,jw,No Fish,NA,NA,NA,NA,NA,NA
2025-03-17T15:30:00Z,2025,2025-03-17,15H 30M 0S,Full,15 min,as,No Fish,NA,NA,NA,NA,NA,NA
2025-03-17T15:30:00Z,2025,2025-03-17,15H 30M 0S,Full,15 min,jw,No Fish,NA,NA,NA,NA,NA,NA
2025-03-17T15:45:00Z,2025,2025-03-17,15H 45M 0S,Full,15 min,as,No Fish,NA,NA,NA,NA,NA,NA
2025-03-17T15:45:00Z,2025,2025-03-17,15H 45M 0S,Full,15 min,jw,No Fish,NA,NA,NA,NA,NA,NA
2025-03-17T16:00:00Z,2025,2025-03-17,16H 0M 0S,Full,15 min,as,No Fish,NA,NA,NA,NA,NA,NA
2025-03-17T16:00:00Z,2025,2025-03-17,16H 0M 0S,Full,15 min,jw,No Fish,NA,NA,NA,NA,NA,NA
2025-03-17T16:15:00Z,2025,2025-03-17,16H 15M 0S,Full,15 min,as,16:25:58,upstream,73.2,3555,4.8,1,NA
2025-03-17T16:15:00Z,2025,2025-03-17,16H 15M 0S,Full,15 min,as,16:26:01,upstream,53.5,3571,4.27,1,NA
2025-03-17T16:15:00Z,2025,2025-03-17,16H 15M 0S,Full,15 min,jw,16:26:01,upstream,70.2,3568,4.72,1,NA
2025-03-17T16:15:00Z,2025,2025-03-17,16H 15M 0S,Full,15 min,jw,16:26:01,upstream,53.4,3570,4.31,1,NA
2025-03-17T16:30:00Z,2025,2025-03-17,16H 30M 0S,Full,15 min,as,No Fish,NA,NA,NA,NA,NA,NA
2025-03-17T16:30:00Z,2025,2025-03-17,16H 30M 0S,Full,15 min,jw,No Fish,NA,NA,NA,NA,NA,NA
2025-03-17T16:45:00Z,2025,2025-03-17,16H 45M 0S,Full,15 min,as,No Fish,NA,NA,NA,NA,NA,NA
2025-03-17T16:45:00Z,2025,2025-03-17,16H 45M 0S,Full,15 min,jw,No Fish,NA,NA,NA,NA,NA,NA
2025-03-17T17:00:00Z,2025,2025-03-17,17H 0M 0S,Full,15 min,as,No Fish,NA,NA,NA,NA,NA,NA
2025-03-17T17:00:00Z,2025,2025-03-17,17H 0M 0S,Full,15 min,jw,No Fish,NA,NA,NA,NA,NA,NA
2025-03-17T17:15:00Z,2025,2025-03-17,17H 15M 0S,Full,15 min,as,17:22:51,downstream,71.4,2542,9.3,1,NA
2025-03-17T17:15:00Z,2025,2025-03-17,17H 15M 0S,Full,15 min,as,17:23:39,upstream,73.7,2804,9.74,1,NA
2025-03-17T17:15:00Z,2025,2025-03-17,17H 15M 0S,Full,15 min,jw,17:22:51,downstream,50.2,2539,9.5,1,NA
2025-03-17T17:15:00Z,2025,2025-03-17,17H 15M 0S,Full,15 min,jw,17:23:38,upstream,56.1,2801,8.61,1,NA
2025-03-17T17:30:00Z,2025,2025-03-17,17H 30M 0S,Full,15 min,as,No Fish,NA,NA,NA,NA,NA,NA
2025-03-17T17:30:00Z,2025,2025-03-17,17H 30M 0S,Full,15 min,jw,No Fish,NA,NA,NA,NA,NA,NA
2025-03-17T17:45:00Z,2025,2025-03-17,17H 45M 0S,Full,15 min,as,No Fish,NA,NA,NA,NA,NA,NA
2025-03-17T17:45:00Z,2025,2025-03-17,17H 45M 0S,Full,15 min,jw,No Fish,NA,NA,NA,NA,NA,NA
2025-03-17T18:00:00Z,2025,2025-03-17,18H 0M 0S,Full,15 min,as,No Fish,NA,NA,NA,NA,NA,NA
2025-03-17T18:00:00Z,2025,2025-03-17,18H 0M 0S,Full,15 min,jw,No Fish,NA,NA,NA,NA,NA,NA
2025-03-17T18:15:00Z,2025,2025-03-17,18H 15M 0S,Full,15 min,as,No Fish,NA,NA,NA,NA,NA,NA
2025-03-17T18:15:00Z,2025,2025-03-17,18H 15M 0S,Full,15 min,jw,No Fish,NA,NA,NA,NA,NA,NA
2025-03-17T18:30:00Z,2025,2025-03-17,18H 30M 0S,Full,15 min,as,No Fish,NA,NA,NA,NA,NA,NA
2025-03-17T18:30:00Z,2025,2025-03-17,18H 30M 0S,Full,15 min,jw,No Fish,NA,NA,NA,NA,NA,NA
2025-03-17T18:45:00Z,2025,2025-03-17,18H 45M 0S,Full,15 min,as,No Fish,NA,NA,NA,NA,NA,NA
2025-03-17T18:45:00Z,2025,2025-03-17,18H 45M 0S,Full,15 min,jw,No Fish,NA,NA,NA,NA,NA,NA
2025-03-17T19:00:00Z,2025,2025-03-17,19H 0M 0S,Full,15 min,as,No Fish,NA,NA,NA,NA,NA,NA
2025-03-17T19:00:00Z,2025,2025-03-17,19H 0M 0S,Full,15 min,jw,No Fish,NA,NA,NA,NA,NA,NA
2025-03-17T19:15:00Z,2025,2025-03-17,19H 15M 0S,Full,15 min,as,No Fish,NA,NA,NA,NA,NA,NA
2025-03-17T19:15:00Z,2025,2025-03-17,19H 15M 0S,Full,15 min,jw,No Fish,NA,NA,NA,NA,NA,NA
2025-03-17T19:30:00Z,2025,2025-03-17,19H 30M 0S,Full,15 min,as,No Fish,NA,NA,NA,NA,NA,NA
2025-03-17T19:30:00Z,2025,2025-03-17,19H 30M 0S,Full,15 min,jw,No Fish,NA,NA,NA,NA,NA,NA
2025-03-17T19:45:00Z,2025,2025-03-17,19H 45M 0S,Full,15 min,as,19:52:09,downstream,74,2327,10.15,1,NA
2025-03-17T19:45:00Z,2025,2025-03-17,19H 45M 0S,Full,15 min,as,19:58:57,upstream,72.7,4535,14.36,1,NA
2025-03-17T19:45:00Z,2025,2025-03-17,19H 45M 0S,Full,15 min,jw,19:52:09,downstream,67,2327,10.13,1,NA
2025-03-17T19:45:00Z,2025,2025-03-17,19H 45M 0S,Full,15 min,jw,19:58:52,upstream,48.1,4508,12.33,1,NA
2025-03-17T20:00:00Z,2025,2025-03-17,20H 0M 0S,Full,15 min,as,No Fish,NA,NA,NA,NA,NA,NA
2025-03-17T20:00:00Z,2025,2025-03-17,20H 0M 0S,Full,15 min,jw,No Fish,NA,NA,NA,NA,NA,NA
2025-03-17T20:15:00Z,2025,2025-03-17,20H 15M 0S,Full,15 min,as,20:22:31,upstream,50.1,2439,15.36,1,NA
2025-03-17T20:15:00Z,2025,2025-03-17,20H 15M 0S,Full,15 min,as,20:26:36,downstream,73.4,3765,14.37,1,NA
2025-03-17T20:15:00Z,2025,2025-03-17,20H 15M 0S,Full,15 min,as,20:27:45,downstream,55,4131,9.88,1,NA
2025-03-17T20:15:00Z,2025,2025-03-17,20H 15M 0S,Full,15 min,as,20:28:38,upstream,55,4423,4.61,1,NA
2025-03-17T20:15:00Z,2025,2025-03-17,20H 15M 0S,Full,15 min,jw,20:27:06,downstream,56,3924,12,1,NA
2025-03-17T20:15:00Z,2025,2025-03-17,20H 15M 0S,Full,15 min,jw,20:27:31,downstream,53.4,4054,8.75,1,NA
2025-03-17T20:15:00Z,2025,2025-03-17,20H 15M 0S,Full,15 min,jw,20:28:34,upstream,50.9,4400,5.16,1,NA
2025-03-17T20:30:00Z,2025,2025-03-17,20H 30M 0S,Full,15 min,as,20:34:20,upstream,72.4,1403,11.19,1,NA
2025-03-17T20:30:00Z,2025,2025-03-17,20H 30M 0S,Full,15 min,as,20:40:19,downstream,59.4,3349,14.93,1,NA
2025-03-17T20:30:00Z,2025,2025-03-17,20H 30M 0S,Full,15 min,jw,20:34:16,upstream,53.9,1385,11.16,1,NA
2025-03-17T20:30:00Z,2025,2025-03-17,20H 30M 0S,Full,15 min,jw,20:40:18,downstream,52.7,3347,14.91,1,NA
2025-03-17T20:45:00Z,2025,2025-03-17,20H 45M 0S,Full,15 min,as,20:47:30,upstream,72.1,808,14.86,1,NA
2025-03-17T20:45:00Z,2025,2025-03-17,20H 45M 0S,Full,15 min,as,20:49:01,upstream,54.8,1300,16.89,1,NA
2025-03-17T20:45:00Z,2025,2025-03-17,20H 45M 0S,Full,15 min,as,20:50:46,downstream,73.7,1866,6.71,1,NA
2025-03-17T20:45:00Z,2025,2025-03-17,20H 45M 0S,Full,15 min,jw,20:47:43,upstream,66.7,874,10.9,1,NA
2025-03-17T20:45:00Z,2025,2025-03-17,20H 45M 0S,Full,15 min,jw,20:49:35,downstream,57.5,1484,11.6,1,NA
2025-03-17T21:00:00Z,2025,2025-03-17,21H 0M 0S,Full,15 min,as,21:08:06,upstream,71.7,2628,13.59,1,NA
2025-03-17T21:00:00Z,2025,2025-03-17,21H 0M 0S,Full,15 min,jw,21:08:06,upstream,60,2627,13.57,1,NA
2025-03-17T21:15:00Z,2025,2025-03-17,21H 15M 0S,Full,15 min,as,21:22:13,upstream,53.8,2342,14.71,1,NA
2025-03-17T21:15:00Z,2025,2025-03-17,21H 15M 0S,Full,15 min,jw,21:22:13,upstream,50.8,2342,14.7,1,NA
2025-03-17T21:30:00Z,2025,2025-03-17,21H 30M 0S,Full,15 min,as,21:40:35,downstream,54.4,3435,16.07,1,NA
2025-03-17T21:30:00Z,2025,2025-03-17,21H 30M 0S,Full,15 min,jw,21:40:21,downstream,50.5,3354,14.08,1,NA
2025-03-17T21:45:00Z,2025,2025-03-17,21H 45M 0S,Full,15 min,as,No Fish,NA,NA,NA,NA,NA,NA
2025-03-17T21:45:00Z,2025,2025-03-17,21H 45M 0S,Full,15 min,jw,No Fish,NA,NA,NA,NA,NA,NA
2025-03-17T22:00:00Z,2025,2025-03-17,22H 0M 0S,Full,15 min,as,No Fish,NA,NA,NA,NA,NA,NA
2025-03-17T22:00:00Z,2025,2025-03-17,22H 0M 0S,Full,15 min,jw,No Fish,NA,NA,NA,NA,NA,NA
2025-03-17T22:15:00Z,2025,2025-03-17,22H 15M 0S,Full,15 min,as,22:16:52,upstream,71.1,601,10.5,1,NA
2025-03-17T22:15:00Z,2025,2025-03-17,22H 15M 0S,Full,15 min,jw,22:16:41,upstream,57.7,541,11.13,1,NA
2025-03-17T22:30:00Z,2025,2025-03-17,22H 30M 0S,Full,15 min,as,22:33:37,downstream,72.9,1174,12.53,1,NA
2025-03-17T22:30:00Z,2025,2025-03-17,22H 30M 0S,Full,15 min,as,22:36:01,downstream,72.2,1956,6.86,1,NA
2025-03-17T22:30:00Z,2025,2025-03-17,22H 30M 0S,Full,15 min,jw,22:33:28,downstream,55.7,1129,10.79,1,NA
2025-03-17T22:30:00Z,2025,2025-03-17,22H 30M 0S,Full,15 min,jw,22:36:04,downstream,67.6,1968,7.23,1,NA
2025-03-17T22:45:00Z,2025,2025-03-17,22H 45M 0S,Full,15 min,as,No Fish,NA,NA,NA,NA,NA,NA
2025-03-17T22:45:00Z,2025,2025-03-17,22H 45M 0S,Full,15 min,jw,No Fish,NA,NA,NA,NA,NA,NA
2025-03-17T23:00:00Z,2025,2025-03-17,23H 0M 0S,Full,15 min,as,23:04:43,upstream,72.7,1529,15.12,1,NA
2025-03-17T23:00:00Z,2025,2025-03-17,23H 0M 0S,Full,15 min,jw,23:04:48,upstream,64.7,1555,14.04,1,NA
2025-03-17T23:15:00Z,2025,2025-03-17,23H 15M 0S,Full,15 min,as,23:15:44,upstream,72.8,231,9.89,1,NA
2025-03-17T23:15:00Z,2025,2025-03-17,23H 15M 0S,Full,15 min,jw,23:15:44,upstream,70.4,234,9.81,1,NA
2025-03-17T23:30:00Z,2025,2025-03-17,23H 30M 0S,Full,15 min,as,No Fish,NA,NA,NA,NA,NA,NA
2025-03-17T23:30:00Z,2025,2025-03-17,23H 30M 0S,Full,15 min,jw,No Fish,NA,NA,NA,NA,NA,NA
2025-03-17T23:45:00Z,2025,2025-03-17,23H 45M 0S,Full,15 min,as,No Fish,NA,NA,NA,NA,NA,NA
2025-03-17T23:45:00Z,2025,2025-03-17,23H 45M 0S,Full,15 min,jw,No Fish,NA,NA,NA,NA,NA,NA
2025-03-26T00:00:00Z,2025,2025-03-26,0S,Full,15 min,as,No Fish,NA,NA,NA,NA,NA,NA
2025-03-26T00:00:00Z,2025,2025-03-26,0S,Full,15 min,jw,No Fish,NA,NA,NA,NA,NA,NA
2025-03-26T00:15:00Z,2025,2025-03-26,15M 0S,Full,15 min,as,No Fish,NA,NA,NA,NA,NA,NA
2025-03-26T00:15:00Z,2025,2025-03-26,15M 0S,Full,15 min,jw,No Fish,NA,NA,NA,NA,NA,NA
2025-03-26T00:30:00Z,2025,2025-03-26,30M 0S,Full,15 min,as,0:38:33,downstream,50.9,2727,8.75,1,NA
2025-03-26T00:30:00Z,2025,2025-03-26,30M 0S,Full,15 min,jw,No Fish,NA,NA,NA,NA,NA,NA
2025-03-26T00:45:00Z,2025,2025-03-26,45M 0S,Full,15 min,as,No Fish,NA,NA,NA,NA,NA,NA
2025-03-26T00:45:00Z,2025,2025-03-26,45M 0S,Full,15 min,jw,No Fish,NA,NA,NA,NA,NA,NA
2025-03-26T01:00:00Z,2025,2025-03-26,1H 0M 0S,Full,15 min,as,No Fish,NA,NA,NA,NA,NA,NA
2025-03-26T01:00:00Z,2025,2025-03-26,1H 0M 0S,Full,15 min,jw,No Fish,NA,NA,NA,NA,NA,NA
2025-03-26T01:15:00Z,2025,2025-03-26,1H 15M 0S,Full,15 min,as,No Fish,NA,NA,NA,NA,NA,NA
2025-03-26T01:15:00Z,2025,2025-03-26,1H 15M 0S,Full,15 min,jw,No Fish,NA,NA,NA,NA,NA,NA
2025-03-26T01:30:00Z,2025,2025-03-26,1H 30M 0S,Full,15 min,as,No Fish,NA,NA,NA,NA,NA,NA
2025-03-26T01:30:00Z,2025,2025-03-26,1H 30M 0S,Full,15 min,jw,No Fish,NA,NA,NA,NA,NA,NA
2025-03-26T01:45:00Z,2025,2025-03-26,1H 45M 0S,Full,15 min,as,No Fish,NA,NA,NA,NA,NA,NA
2025-03-26T01:45:00Z,2025,2025-03-26,1H 45M 0S,Full,15 min,jw,No Fish,NA,NA,NA,NA,NA,NA
2025-03-26T02:00:00Z,2025,2025-03-26,2H 0M 0S,Full,15 min,as,2:03:26,downstream,60.6,1087,10.61,1,NA
2025-03-26T02:00:00Z,2025,2025-03-26,2H 0M 0S,Full,15 min,jw,No Fish,NA,NA,NA,NA,NA,NA
2025-03-26T02:15:00Z,2025,2025-03-26,2H 15M 0S,Full,15 min,as,No Fish,NA,NA,NA,NA,NA,NA
2025-03-26T02:15:00Z,2025,2025-03-26,2H 15M 0S,Full,15 min,jw,No Fish,NA,NA,NA,NA,NA,NA
2025-03-26T02:30:00Z,2025,2025-03-26,2H 30M 0S,Full,15 min,as,No Fish,NA,NA,NA,NA,NA,NA
2025-03-26T02:30:00Z,2025,2025-03-26,2H 30M 0S,Full,15 min,jw,No Fish,NA,NA,NA,NA,NA,NA
2025-03-26T02:45:00Z,2025,2025-03-26,2H 45M 0S,Full,15 min,as,No Fish,NA,NA,NA,NA,NA,NA
2025-03-26T02:45:00Z,2025,2025-03-26,2H 45M 0S,Full,15 min,jw,No Fish,NA,NA,NA,NA,NA,NA
2025-03-26T03:00:00Z,2025,2025-03-26,3H 0M 0S,Full,15 min,as,No Fish,NA,NA,NA,NA,NA,NA
2025-03-26T03:00:00Z,2025,2025-03-26,3H 0M 0S,Full,15 min,jw,No Fish,NA,NA,NA,NA,NA,NA
2025-03-26T03:15:00Z,2025,2025-03-26,3H 15M 0S,Full,15 min,as,No Fish,NA,NA,NA,NA,NA,NA
2025-03-26T03:15:00Z,2025,2025-03-26,3H 15M 0S,Full,15 min,jw,No Fish,NA,NA,NA,NA,NA,NA
2025-03-26T03:30:00Z,2025,2025-03-26,3H 30M 0S,Full,15 min,as,No Fish,NA,NA,NA,NA,NA,NA
2025-03-26T03:30:00Z,2025,2025-03-26,3H 30M 0S,Full,15 min,jw,No Fish,NA,NA,NA,NA,NA,NA
2025-03-26T03:45:00Z,2025,2025-03-26,3H 45M 0S,Full,15 min,as,3:58:37,downstream,57.8,4319,8.34,1,NA
2025-03-26T03:45:00Z,2025,2025-03-26,3H 45M 0S,Full,15 min,jw,No Fish,NA,NA,NA,NA,NA,NA
2025-03-26T04:00:00Z,2025,2025-03-26,4H 0M 0S,Full,15 min,as,No Fish,NA,NA,NA,NA,NA,NA
2025-03-26T04:00:00Z,2025,2025-03-26,4H 0M 0S,Full,15 min,jw,No Fish,NA,NA,NA,NA,NA,NA
2025-03-26T04:15:00Z,2025,2025-03-26,4H 15M 0S,Full,15 min,as,No Fish,NA,NA,NA,NA,NA,NA
2025-03-26T04:15:00Z,2025,2025-03-26,4H 15M 0S,Full,15 min,jw,No Fish,NA,NA,NA,NA,NA,NA
2025-03-26T04:30:00Z,2025,2025-03-26,4H 30M 0S,Full,15 min,as,No Fish,NA,NA,NA,NA,NA,NA
2025-03-26T04:30:00Z,2025,2025-03-26,4H 30M 0S,Full,15 min,jw,No Fish,NA,NA,NA,NA,NA,NA
2025-03-26T04:45:00Z,2025,2025-03-26,4H 45M 0S,Full,15 min,as,No Fish,NA,NA,NA,NA,NA,NA
2025-03-26T04:45:00Z,2025,2025-03-26,4H 45M 0S,Full,15 min,jw,No Fish,NA,NA,NA,NA,NA,NA
2025-03-26T05:00:00Z,2025,2025-03-26,5H 0M 0S,Full,15 min,as,No Fish,NA,NA,NA,NA,NA,NA
2025-03-26T05:00:00Z,2025,2025-03-26,5H 0M 0S,Full,15 min,jw,No Fish,NA,NA,NA,NA,NA,NA
2025-03-26T05:15:00Z,2025,2025-03-26,5H 15M 0S,Full,15 min,as,No Fish,NA,NA,NA,NA,NA,NA
2025-03-26T05:15:00Z,2025,2025-03-26,5H 15M 0S,Full,15 min,jw,No Fish,NA,NA,NA,NA,NA,NA
2025-03-26T05:30:00Z,2025,2025-03-26,5H 30M 0S,Full,15 min,as,No Fish,NA,NA,NA,NA,NA,NA
2025-03-26T05:30:00Z,2025,2025-03-26,5H 30M 0S,Full,15 min,jw,No Fish,NA,NA,NA,NA,NA,NA
2025-03-26T05:45:00Z,2025,2025-03-26,5H 45M 0S,Full,15 min,as,5:57:37,downstream,47.5,4013,11.36,1,NA
2025-03-26T05:45:00Z,2025,2025-03-26,5H 45M 0S,Full,15 min,jw,No Fish,NA,NA,NA,NA,NA,NA
2025-03-26T06:00:00Z,2025,2025-03-26,6H 0M 0S,Full,15 min,as,No Fish,NA,NA,NA,NA,NA,NA
2025-03-26T06:00:00Z,2025,2025-03-26,6H 0M 0S,Full,15 min,jw,No Fish,NA,NA,NA,NA,NA,NA
2025-03-26T06:15:00Z,2025,2025-03-26,6H 15M 0S,Full,15 min,as,No Fish,NA,NA,NA,NA,NA,NA
2025-03-26T06:15:00Z,2025,2025-03-26,6H 15M 0S,Full,15 min,jw,No Fish,NA,NA,NA,NA,NA,NA
2025-03-26T06:30:00Z,2025,2025-03-26,6H 30M 0S,Full,15 min,as,No Fish,NA,NA,NA,NA,NA,NA
2025-03-26T06:30:00Z,2025,2025-03-26,6H 30M 0S,Full,15 min,jw,No Fish,NA,NA,NA,NA,NA,NA
2025-03-26T06:45:00Z,2025,2025-03-26,6H 45M 0S,Full,15 min,as,6:57:04,downstream,43.5,3827,14.54,1,NA
2025-03-26T06:45:00Z,2025,2025-03-26,6H 45M 0S,Full,15 min,jw,No Fish,NA,NA,NA,NA,NA,NA
2025-03-26T07:00:00Z,2025,2025-03-26,7H 0M 0S,Full,15 min,as,No Fish,NA,NA,NA,NA,NA,NA
2025-03-26T07:00:00Z,2025,2025-03-26,7H 0M 0S,Full,15 min,jw,No Fish,NA,NA,NA,NA,NA,NA
2025-03-26T07:15:00Z,2025,2025-03-26,7H 15M 0S,Full,15 min,as,No Fish,NA,NA,NA,NA,NA,NA
2025-03-26T07:15:00Z,2025,2025-03-26,7H 15M 0S,Full,15 min,jw,No Fish,NA,NA,NA,NA,NA,NA
2025-03-26T07:30:00Z,2025,2025-03-26,7H 30M 0S,Full,15 min,as,No Fish,NA,NA,NA,NA,NA,NA
2025-03-26T07:30:00Z,2025,2025-03-26,7H 30M 0S,Full,15 min,jw,No Fish,NA,NA,NA,NA,NA,NA
2025-03-26T07:45:00Z,2025,2025-03-26,7H 45M 0S,Full,15 min,as,7:46:47,downstream,49.1,568,11.1,1,NA
2025-03-26T07:45:00Z,2025,2025-03-26,7H 45M 0S,Full,15 min,as,7:52:22,downstream,57.9,2335,6.51,1,NA
2025-03-26T07:45:00Z,2025,2025-03-26,7H 45M 0S,Full,15 min,jw,No Fish,NA,NA,NA,NA,NA,NA
2025-03-26T08:00:00Z,2025,2025-03-26,8H 0M 0S,Full,15 min,as,No Fish,NA,NA,NA,NA,NA,NA
2025-03-26T08:00:00Z,2025,2025-03-26,8H 0M 0S,Full,15 min,jw,No Fish,NA,NA,NA,NA,NA,NA
2025-03-26T08:15:00Z,2025,2025-03-26,8H 15M 0S,Full,15 min,as,No Fish,NA,NA,NA,NA,NA,NA
2025-03-26T08:15:00Z,2025,2025-03-26,8H 15M 0S,Full,15 min,jw,No Fish,NA,NA,NA,NA,NA,NA
2025-03-26T08:30:00Z,2025,2025-03-26,8H 30M 0S,Full,15 min,as,No Fish,NA,NA,NA,NA,NA,NA
2025-03-26T08:30:00Z,2025,2025-03-26,8H 30M 0S,Full,15 min,jw,No Fish,NA,NA,NA,NA,NA,NA
2025-03-26T08:45:00Z,2025,2025-03-26,8H 45M 0S,Full,15 min,as,No Fish,NA,NA,NA,NA,NA,NA
2025-03-26T08:45:00Z,2025,2025-03-26,8H 45M 0S,Full,15 min,jw,No Fish,NA,NA,NA,NA,NA,NA
2025-03-26T09:00:00Z,2025,2025-03-26,9H 0M 0S,Full,15 min,as,No Fish,NA,NA,NA,NA,NA,NA
2025-03-26T09:00:00Z,2025,2025-03-26,9H 0M 0S,Full,15 min,jw,No Fish,NA,NA,NA,NA,NA,NA
2025-03-26T09:15:00Z,2025,2025-03-26,9H 15M 0S,Full,15 min,as,No Fish,NA,NA,NA,NA,NA,NA
2025-03-26T09:15:00Z,2025,2025-03-26,9H 15M 0S,Full,15 min,jw,No Fish,NA,NA,NA,NA,NA,NA
2025-03-26T09:30:00Z,2025,2025-03-26,9H 30M 0S,Full,15 min,as,No Fish,NA,NA,NA,NA,NA,NA
2025-03-26T09:30:00Z,2025,2025-03-26,9H 30M 0S,Full,15 min,jw,No Fish,NA,NA,NA,NA,NA,NA
2025-03-26T09:45:00Z,2025,2025-03-26,9H 45M 0S,Full,15 min,as,No Fish,NA,NA,NA,NA,NA,NA
2025-03-26T09:45:00Z,2025,2025-03-26,9H 45M 0S,Full,15 min,jw,No Fish,NA,NA,NA,NA,NA,NA
2025-03-26T10:00:00Z,2025,2025-03-26,10H 0M 0S,Full,15 min,as,No Fish,NA,NA,NA,NA,NA,NA
2025-03-26T10:00:00Z,2025,2025-03-26,10H 0M 0S,Full,15 min,jw,No Fish,NA,NA,NA,NA,NA,NA
2025-03-26T10:15:00Z,2025,2025-03-26,10H 15M 0S,Full,15 min,as,No Fish,NA,NA,NA,NA,NA,NA
2025-03-26T10:15:00Z,2025,2025-03-26,10H 15M 0S,Full,15 min,jw,No Fish,NA,NA,NA,NA,NA,NA
2025-03-26T10:30:00Z,2025,2025-03-26,10H 30M 0S,Full,15 min,as,No Fish,NA,NA,NA,NA,NA,NA
2025-03-26T10:30:00Z,2025,2025-03-26,10H 30M 0S,Full,15 min,jw,No Fish,NA,NA,NA,NA,NA,NA
2025-03-26T10:45:00Z,2025,2025-03-26,10H 45M 0S,Full,15 min,as,No Fish,NA,NA,NA,NA,NA,NA
2025-03-26T10:45:00Z,2025,2025-03-26,10H 45M 0S,Full,15 min,jw,No Fish,NA,NA,NA,NA,NA,NA
2025-03-26T11:00:00Z,2025,2025-03-26,11H 0M 0S,Full,15 min,as,No Fish,NA,NA,NA,NA,NA,NA
2025-03-26T11:00:00Z,2025,2025-03-26,11H 0M 0S,Full,15 min,jw,No Fish,NA,NA,NA,NA,NA,NA
2025-03-26T11:15:00Z,2025,2025-03-26,11H 15M 0S,Full,15 min,as,No Fish,NA,NA,NA,NA,NA,NA
2025-03-26T11:15:00Z,2025,2025-03-26,11H 15M 0S,Full,15 min,jw,No Fish,NA,NA,NA,NA,NA,NA
2025-03-26T11:30:00Z,2025,2025-03-26,11H 30M 0S,Full,15 min,as,No Fish,NA,NA,NA,NA,NA,NA
2025-03-26T11:30:00Z,2025,2025-03-26,11H 30M 0S,Full,15 min,jw,No Fish,NA,NA,NA,NA,NA,NA
2025-03-26T11:45:00Z,2025,2025-03-26,11H 45M 0S,Full,15 min,as,No Fish,NA,NA,NA,NA,NA,NA
2025-03-26T11:45:00Z,2025,2025-03-26,11H 45M 0S,Full,15 min,jw,No Fish,NA,NA,NA,NA,NA,NA
2025-03-26T12:00:00Z,2025,2025-03-26,12H 0M 0S,Full,15 min,as,No Fish,NA,NA,NA,NA,NA,NA
2025-03-26T12:00:00Z,2025,2025-03-26,12H 0M 0S,Full,15 min,jw,No Fish,NA,NA,NA,NA,NA,NA
2025-03-26T12:15:00Z,2025,2025-03-26,12H 15M 0S,Full,15 min,as,No Fish,NA,NA,NA,NA,NA,NA
2025-03-26T12:15:00Z,2025,2025-03-26,12H 15M 0S,Full,15 min,jw,No Fish,NA,NA,NA,NA,NA,NA
2025-03-26T12:30:00Z,2025,2025-03-26,12H 30M 0S,Full,15 min,as,No Fish,NA,NA,NA,NA,NA,NA
2025-03-26T12:30:00Z,2025,2025-03-26,12H 30M 0S,Full,15 min,jw,No Fish,NA,NA,NA,NA,NA,NA
2025-03-26T12:45:00Z,2025,2025-03-26,12H 45M 0S,Full,15 min,as,No Fish,NA,NA,NA,NA,NA,NA
2025-03-26T12:45:00Z,2025,2025-03-26,12H 45M 0S,Full,15 min,jw,No Fish,NA,NA,NA,NA,NA,NA
2025-03-26T13:00:00Z,2025,2025-03-26,13H 0M 0S,Full,15 min,as,No Fish,NA,NA,NA,NA,NA,NA
2025-03-26T13:00:00Z,2025,2025-03-26,13H 0M 0S,Full,15 min,jw,No Fish,NA,NA,NA,NA,NA,NA
2025-03-26T13:15:00Z,2025,2025-03-26,13H 15M 0S,Full,15 min,as,No Fish,NA,NA,NA,NA,NA,NA
2025-03-26T13:15:00Z,2025,2025-03-26,13H 15M 0S,Full,15 min,jw,No Fish,NA,NA,NA,NA,NA,NA
2025-03-26T13:30:00Z,2025,2025-03-26,13H 30M 0S,Full,15 min,as,No Fish,NA,NA,NA,NA,NA,NA
2025-03-26T13:30:00Z,2025,2025-03-26,13H 30M 0S,Full,15 min,jw,No Fish,NA,NA,NA,NA,NA,NA
2025-03-26T13:45:00Z,2025,2025-03-26,13H 45M 0S,Full,15 min,as,No Fish,NA,NA,NA,NA,NA,NA
2025-03-26T13:45:00Z,2025,2025-03-26,13H 45M 0S,Full,15 min,jw,No Fish,NA,NA,NA,NA,NA,NA
2025-03-26T14:00:00Z,2025,2025-03-26,14H 0M 0S,Full,15 min,as,No Fish,NA,NA,NA,NA,NA,NA
2025-03-26T14:00:00Z,2025,2025-03-26,14H 0M 0S,Full,15 min,jw,No Fish,NA,NA,NA,NA,NA,NA
2025-03-26T14:15:00Z,2025,2025-03-26,14H 15M 0S,Full,15 min,as,No Fish,NA,NA,NA,NA,NA,NA
2025-03-26T14:15:00Z,2025,2025-03-26,14H 15M 0S,Full,15 min,jw,No Fish,NA,NA,NA,NA,NA,NA
2025-03-26T14:30:00Z,2025,2025-03-26,14H 30M 0S,Full,15 min,as,No Fish,NA,NA,NA,NA,NA,NA
2025-03-26T14:30:00Z,2025,2025-03-26,14H 30M 0S,Full,15 min,jw,No Fish,NA,NA,NA,NA,NA,NA
2025-03-26T14:45:00Z,2025,2025-03-26,14H 45M 0S,Full,15 min,as,No Fish,NA,NA,NA,NA,NA,NA
2025-03-26T14:45:00Z,2025,2025-03-26,14H 45M 0S,Full,15 min,jw,No Fish,NA,NA,NA,NA,NA,NA
2025-03-26T15:00:00Z,2025,2025-03-26,15H 0M 0S,Full,15 min,as,No Fish,NA,NA,NA,NA,NA,NA
2025-03-26T15:00:00Z,2025,2025-03-26,15H 0M 0S,Full,15 min,jw,No Fish,NA,NA,NA,NA,NA,NA
2025-03-26T15:15:00Z,2025,2025-03-26,15H 15M 0S,Full,15 min,as,No Fish,NA,NA,NA,NA,NA,NA
2025-03-26T15:15:00Z,2025,2025-03-26,15H 15M 0S,Full,15 min,jw,No Fish,NA,NA,NA,NA,NA,NA
2025-03-26T15:30:00Z,2025,2025-03-26,15H 30M 0S,Full,15 min,as,No Fish,NA,NA,NA,NA,NA,NA
2025-03-26T15:30:00Z,2025,2025-03-26,15H 30M 0S,Full,15 min,jw,No Fish,NA,NA,NA,NA,NA,NA
2025-03-26T15:45:00Z,2025,2025-03-26,15H 45M 0S,Full,15 min,as,No Fish,NA,NA,NA,NA,NA,NA
2025-03-26T15:45:00Z,2025,2025-03-26,15H 45M 0S,Full,15 min,jw,No Fish,NA,NA,NA,NA,NA,NA
2025-03-26T16:00:00Z,2025,2025-03-26,16H 0M 0S,Full,15 min,as,No Fish,NA,NA,NA,NA,NA,NA
2025-03-26T16:00:00Z,2025,2025-03-26,16H 0M 0S,Full,15 min,jw,No Fish,NA,NA,NA,NA,NA,NA
2025-03-26T16:15:00Z,2025,2025-03-26,16H 15M 0S,Full,15 min,as,No Fish,NA,NA,NA,NA,NA,NA
2025-03-26T16:15:00Z,2025,2025-03-26,16H 15M 0S,Full,15 min,jw,No Fish,NA,NA,NA,NA,NA,NA
2025-03-26T16:30:00Z,2025,2025-03-26,16H 30M 0S,Full,15 min,as,No Fish,NA,NA,NA,NA,NA,NA
2025-03-26T16:30:00Z,2025,2025-03-26,16H 30M 0S,Full,15 min,jw,No Fish,NA,NA,NA,NA,NA,NA
2025-03-26T16:45:00Z,2025,2025-03-26,16H 45M 0S,Full,15 min,as,No Fish,NA,NA,NA,NA,NA,NA
2025-03-26T16:45:00Z,2025,2025-03-26,16H 45M 0S,Full,15 min,jw,No Fish,NA,NA,NA,NA,NA,NA
2025-03-26T17:00:00Z,2025,2025-03-26,17H 0M 0S,Full,15 min,as,No Fish,NA,NA,NA,NA,NA,NA
2025-03-26T17:00:00Z,2025,2025-03-26,17H 0M 0S,Full,15 min,jw,No Fish,NA,NA,NA,NA,NA,NA
2025-03-26T17:15:00Z,2025,2025-03-26,17H 15M 0S,Full,15 min,as,17:22:06,upstream,77,2314,14.55,1,NA
2025-03-26T17:15:00Z,2025,2025-03-26,17H 15M 0S,Full,15 min,as,17:25:39,downstream,76.3,3468,11.95,1,NA
2025-03-26T17:15:00Z,2025,2025-03-26,17H 15M 0S,Full,15 min,jw,17:22:06,upstream,72.6,2314,14.55,1,NA
2025-03-26T17:15:00Z,2025,2025-03-26,17H 15M 0S,Full,15 min,jw,17:25:38,downstream,49.5,3461,11.87,1,NA
2025-03-26T17:30:00Z,2025,2025-03-26,17H 30M 0S,Full,15 min,as,No Fish,NA,NA,NA,NA,NA,NA
2025-03-26T17:30:00Z,2025,2025-03-26,17H 30M 0S,Full,15 min,jw,No Fish,NA,NA,NA,NA,NA,NA
2025-03-26T17:45:00Z,2025,2025-03-26,17H 45M 0S,Full,15 min,as,No Fish,NA,NA,NA,NA,NA,NA
2025-03-26T17:45:00Z,2025,2025-03-26,17H 45M 0S,Full,15 min,jw,No Fish,NA,NA,NA,NA,NA,NA
2025-03-26T18:00:00Z,2025,2025-03-26,18H 0M 0S,Full,15 min,as,No Fish,NA,NA,NA,NA,NA,NA
2025-03-26T18:00:00Z,2025,2025-03-26,18H 0M 0S,Full,15 min,jw,No Fish,NA,NA,NA,NA,NA,NA
2025-03-26T18:15:00Z,2025,2025-03-26,18H 15M 0S,Full,15 min,as,18:28:53,downstream,58.3,4519,7.47,1,NA
2025-03-26T18:15:00Z,2025,2025-03-26,18H 15M 0S,Full,15 min,jw,No Fish,NA,NA,NA,NA,NA,NA
2025-03-26T18:30:00Z,2025,2025-03-26,18H 30M 0S,Full,15 min,as,No Fish,NA,NA,NA,NA,NA,NA
2025-03-26T18:30:00Z,2025,2025-03-26,18H 30M 0S,Full,15 min,jw,No Fish,NA,NA,NA,NA,NA,NA
2025-03-26T18:45:00Z,2025,2025-03-26,18H 45M 0S,Full,15 min,as,No Fish,NA,NA,NA,NA,NA,NA
2025-03-26T18:45:00Z,2025,2025-03-26,18H 45M 0S,Full,15 min,jw,No Fish,NA,NA,NA,NA,NA,NA
2025-03-26T19:00:00Z,2025,2025-03-26,19H 0M 0S,Full,15 min,as,No Fish,NA,NA,NA,NA,NA,NA
2025-03-26T19:00:00Z,2025,2025-03-26,19H 0M 0S,Full,15 min,jw,No Fish,NA,NA,NA,NA,NA,NA
2025-03-26T19:15:00Z,2025,2025-03-26,19H 15M 0S,Full,15 min,as,No Fish,NA,NA,NA,NA,NA,NA
2025-03-26T19:15:00Z,2025,2025-03-26,19H 15M 0S,Full,15 min,jw,No Fish,NA,NA,NA,NA,NA,NA
2025-03-26T19:30:00Z,2025,2025-03-26,19H 30M 0S,Full,15 min,as,19:30:08,downstream,61.7,38,11.27,1,NA
2025-03-26T19:30:00Z,2025,2025-03-26,19H 30M 0S,Full,15 min,jw,No Fish,NA,NA,NA,NA,NA,NA
2025-03-26T19:45:00Z,2025,2025-03-26,19H 45M 0S,Full,15 min,as,No Fish,NA,NA,NA,NA,NA,NA
2025-03-26T19:45:00Z,2025,2025-03-26,19H 45M 0S,Full,15 min,jw,No Fish,NA,NA,NA,NA,NA,NA
2025-03-26T20:00:00Z,2025,2025-03-26,20H 0M 0S,Full,15 min,as,No Fish,NA,NA,NA,NA,NA,NA
2025-03-26T20:00:00Z,2025,2025-03-26,20H 0M 0S,Full,15 min,jw,No Fish,NA,NA,NA,NA,NA,NA
2025-03-26T20:15:00Z,2025,2025-03-26,20H 15M 0S,Full,15 min,as,20:17:16,downstream,73.3,737,7.9,1,NA
2025-03-26T20:15:00Z,2025,2025-03-26,20H 15M 0S,Full,15 min,jw,No Fish,NA,NA,NA,NA,NA,NA
2025-03-26T20:30:00Z,2025,2025-03-26,20H 30M 0S,Full,15 min,as,No Fish,NA,NA,NA,NA,NA,NA
2025-03-26T20:30:00Z,2025,2025-03-26,20H 30M 0S,Full,15 min,jw,No Fish,NA,NA,NA,NA,NA,NA
2025-03-26T20:45:00Z,2025,2025-03-26,20H 45M 0S,Full,15 min,as,No Fish,NA,NA,NA,NA,NA,NA
2025-03-26T20:45:00Z,2025,2025-03-26,20H 45M 0S,Full,15 min,jw,No Fish,NA,NA,NA,NA,NA,NA
2025-03-26T21:00:00Z,2025,2025-03-26,21H 0M 0S,Full,15 min,as,No Fish,NA,NA,NA,NA,NA,NA
2025-03-26T21:00:00Z,2025,2025-03-26,21H 0M 0S,Full,15 min,jw,No Fish,NA,NA,NA,NA,NA,NA
2025-03-26T21:15:00Z,2025,2025-03-26,21H 15M 0S,Full,15 min,as,No Fish,NA,NA,NA,NA,NA,NA
2025-03-26T21:15:00Z,2025,2025-03-26,21H 15M 0S,Full,15 min,jw,No Fish,NA,NA,NA,NA,NA,NA
2025-03-26T21:30:00Z,2025,2025-03-26,21H 30M 0S,Full,15 min,as,No Fish,NA,NA,NA,NA,NA,NA
2025-03-26T21:30:00Z,2025,2025-03-26,21H 30M 0S,Full,15 min,jw,No Fish,NA,NA,NA,NA,NA,NA
2025-03-26T21:45:00Z,2025,2025-03-26,21H 45M 0S,Full,15 min,as,No Fish,NA,NA,NA,NA,NA,NA
2025-03-26T21:45:00Z,2025,2025-03-26,21H 45M 0S,Full,15 min,jw,No Fish,NA,NA,NA,NA,NA,NA
2025-03-26T22:00:00Z,2025,2025-03-26,22H 0M 0S,Full,15 min,as,No Fish,NA,NA,NA,NA,NA,NA
2025-03-26T22:00:00Z,2025,2025-03-26,22H 0M 0S,Full,15 min,jw,No Fish,NA,NA,NA,NA,NA,NA
2025-03-26T22:15:00Z,2025,2025-03-26,22H 15M 0S,Full,15 min,as,No Fish,NA,NA,NA,NA,NA,NA
2025-03-26T22:15:00Z,2025,2025-03-26,22H 15M 0S,Full,15 min,jw,No Fish,NA,NA,NA,NA,NA,NA
2025-03-26T22:30:00Z,2025,2025-03-26,22H 30M 0S,Full,15 min,as,No Fish,NA,NA,NA,NA,NA,NA
2025-03-26T22:30:00Z,2025,2025-03-26,22H 30M 0S,Full,15 min,jw,No Fish,NA,NA,NA,NA,NA,NA
2025-03-26T22:45:00Z,2025,2025-03-26,22H 45M 0S,Full,15 min,as,No Fish,NA,NA,NA,NA,NA,NA
2025-03-26T22:45:00Z,2025,2025-03-26,22H 45M 0S,Full,15 min,jw,No Fish,NA,NA,NA,NA,NA,NA
2025-03-26T23:00:00Z,2025,2025-03-26,23H 0M 0S,Full,15 min,as,No Fish,NA,NA,NA,NA,NA,NA
2025-03-26T23:00:00Z,2025,2025-03-26,23H 0M 0S,Full,15 min,jw,No Fish,NA,NA,NA,NA,NA,NA
2025-03-26T23:15:00Z,2025,2025-03-26,23H 15M 0S,Full,15 min,as,No Fish,NA,NA,NA,NA,NA,NA
2025-03-26T23:15:00Z,2025,2025-03-26,23H 15M 0S,Full,15 min,jw,No Fish,NA,NA,NA,NA,NA,NA
2025-03-26T23:30:00Z,2025,2025-03-26,23H 30M 0S,Full,15 min,as,No Fish,NA,NA,NA,NA,NA,NA
2025-03-26T23:30:00Z,2025,2025-03-26,23H 30M 0S,Full,15 min,jw,No Fish,NA,NA,NA,NA,NA,NA
2025-03-26T23:45:00Z,2025,2025-03-26,23H 45M 0S,Full,15 min,as,No Fish,NA,NA,NA,NA,NA,NA
2025-03-26T23:45:00Z,2025,2025-03-26,23H 45M 0S,Full,15 min,jw,No Fish,NA,NA,NA,NA,NA,NA
