Year,Date ,hour,Full or Partial ,Review Method,Observer,Time,Direction,Length,Frame,Range,Confidence,Flow cfs,Comments/Notes,Flag
2025,1/17/2025,14:00,Full,15 min,as,No Fish,,,,,,220,,
2025,1/17/2025,15:00,Full,15 min,as,No Fish,,,,,,220,,
2025,1/17/2025,16:00,Full,15 min,as,No Fish,,,,,,220,,
2025,1/17/2025,16:15,Full,15 min,as,No Fish,,,,,,220,,
2025,1/17/2025,16:30,Full,15 min,as,No Fish,,,,,,220,,
2025,1/17/2025,16:45,Full,15 min,as,No Fish,,,,,,220,,
2025,1/17/2025,17:00,Full,15 min,as,No Fish,,,,,,220,,
2025,1/17/2025,17:15,Full,15 min,as,No Fish,,,,,,220,,
2025,1/17/2025,17:30,Full,15 min,as,No Fish,,,,,,220,,
2025,1/17/2025,17:45,Full,15 min,as,No Fish,,,,,,220,,
2025,1/17/2025,18:00,Full,15 min,as,No Fish,,,,,,220,,
2025,1/17/2025,18:15,Full,15 min,as,18:18:35,upstream,62.5,1109,14.75,1,220,,
2025,1/17/2025,18:30,Full,15 min,as,18:30:55,upstream,60.5,1225,6.85,1,220,,
2025,1/17/2025,18:30,Full,15 min,as,18:42:10,upstream,72.6,3824,10.4,1,220,,
2025,1/17/2025,18:45,Full,15 min,as,No Fish,,,,,,220,,
2025,1/17/2025,19:00,Full,15 min,as,19:00:40,upstream,76,203,7.44,1,220,,
2025,1/17/2025,19:15,Full,15 min,as,No Fish,,,,,,220,,
2025,1/17/2025,19:30,Full,15 min,as,No Fish,,,,,,220,,
2025,1/17/2025,19:45,Full,15 min,as,No Fish,,,,,,220,,
2025,1/17/2025,20:00,Full,15 min,as,No Fish,,,,,,220,,
2025,1/17/2025,20:15,Full,15 min,as,No Fish,,,,,,220,,
2025,1/17/2025,20:30,Full,15 min,as,No Fish,,,,,,220,,
2025,1/17/2025,20:45,Full,15 min,as,No Fish,,,,,,220,,
2025,1/17/2025,21:00,Full,15 min,as,No Fish,,,,,,220,,
2025,1/17/2025,21:15,Full,15 min,as,No Fish,,,,,,220,,
2025,1/17/2025,21:30,Full,15 min,as,No Fish,,,,,,220,,
2025,1/17/2025,21:45,Full,15 min,as,No Fish,,,,,,220,,
2025,1/17/2025,22:00,Full,15 min,as,No Fish,,,,,,220,,
2025,1/17/2025,22:15,Full,15 min,as,No Fish,,,,,,220,,
2025,1/17/2025,22:30,Full,15 min,as,No Fish,,,,,,220,,
2025,1/17/2025,22:45,Full,15 min,as,No Fish,,,,,,220,,
2025,1/17/2025,23:00,Full,15 min,as,No Fish,,,,,,220,,
2025,1/17/2025,23:15,Full,15 min,as,No Fish,,,,,,220,,
2025,1/17/2025,23:30,Full,15 min,as,No Fish,,,,,,220,,
2025,1/17/2025,23:45,Full,15 min,as,No Fish,,,,,,220,,
2025,1/18/2025,0:00,Full,15 min,as,No Fish,,,,,,214,,
2025,1/18/2025,0:15,Full,15 min,as,No Fish,,,,,,214,,
2025,1/18/2025,0:30,No Data,,,No Review,,,,,,214,,
2025,1/18/2025,0:45,No Data,,,No Review,,,,,,214,,
2025,1/18/2025,1:00,Full,15 min,as,No Fish,,,,,,214,,
2025,1/18/2025,1:00,Full,15 min,as,No Fish,,,,,,214,,
2025,1/18/2025,1:15,Full,15 min,as,No Fish,,,,,,214,,
2025,1/18/2025,1:30,No Data,,,No Review,,,,,,214,,
2025,1/18/2025,1:45,No Data,,,No Review,,,,,,214,,
2025,1/18/2025,2:00,Full,15 min,as,No Fish,,,,,,214,,
2025,1/18/2025,2:15,Full,15 min,as,No Fish,,,,,,214,,
2025,1/18/2025,2:30,No Data,,,No Review,,,,,,214,,
2025,1/18/2025,2:45,No Data,,,No Review,,,,,,214,,
2025,1/18/2025,3:00,Full,15 min,as,No Fish,,,,,,214,,
2025,1/18/2025,3:15,Full,15 min,as,No Fish,,,,,,214,,
2025,1/18/2025,3:30,No Data,,,No Review,,,,,,214,,
2025,1/18/2025,3:45,No Data,,,No Review,,,,,,214,,
2025,1/18/2025,4:00,Full,15 min,as,No Fish,,,,,,214,,
2025,1/18/2025,4:15,Full,15 min,as,No Fish,,,,,,214,,
2025,1/18/2025,4:30,No Data,,,No Review,,,,,,214,,
2025,1/18/2025,4:45,No Data,,,No Review,,,,,,214,,
2025,1/18/2025,5:00,Full,15 min,as,No Fish,,,,,,214,,
2025,1/18/2025,5:15,Full,15 min,as,No Fish,,,,,,214,,
2025,1/18/2025,5:30,No Data,,,No Review,,,,,,214,,
2025,1/18/2025,5:45,No Data,,,No Review,,,,,,214,,
2025,1/18/2025,6:00,Full,15 min,as,No Fish,,,,,,214,,
2025,1/18/2025,6:15,Full,15 min,as,No Fish,,,,,,214,,
2025,1/18/2025,6:30,No Data,,,No Review,,,,,,214,,
2025,1/18/2025,6:45,No Data,,,No Review,,,,,,214,,
2025,1/18/2025,7:00,Full,15 min,as,No Fish,,,,,,214,,
2025,1/18/2025,7:15,Full,15 min,as,No Fish,,,,,,214,,
2025,1/18/2025,7:30,No Data,,,No Review,,,,,,214,,
2025,1/18/2025,7:45,No Data,,,No Review,,,,,,214,,
2025,1/18/2025,8:00,Full,15 min,as,No Fish,,,,,,214,,
2025,1/18/2025,8:15,Full,15 min,as,No Fish,,,,,,214,,
2025,1/18/2025,8:30,No Data,,,No Review,,,,,,214,,
2025,1/18/2025,8:45,No Data,,,No Review,,,,,,214,,
2025,1/18/2025,9:00,Full,15 min,as,No Fish,,,,,,214,,
2025,1/18/2025,9:15,Full,15 min,as,No Fish,,,,,,214,,
2025,1/18/2025,10:00,Full,15 min,as,No Fish,,,,,,214,,
2025,1/18/2025,11:00,Full,15 min,as,No Fish,,,,,,214,,
2025,1/18/2025,12:00,Full,15 min,as,No Fish,,,,,,214,,
2025,1/18/2025,13:00,Full,15 min,as,No Fish,,,,,,214,,
2025,1/18/2025,14:00,Full,15 min,as,No Fish,,,,,,214,,
2025,1/18/2025,15:00,Full,15 min,as,No Fish,,,,,,214,,
2025,1/18/2025,16:00,Full,15 min,as,No Fish,,,,,,214,,
2025,1/18/2025,16:15,Full,15 min,as,No Fish,,,,,,214,,
2025,1/18/2025,16:30,No Data,,,No Review,,,,,,214,,
2025,1/18/2025,16:45,No Data,,,No Review,,,,,,214,,
2025,1/18/2025,17:00,Full,15 min,as,No Fish,,,,,,214,,
2025,1/18/2025,17:15,Full,15 min,as,No Fish,,,,,,214,,
2025,1/18/2025,17:30,No Data,,,No Review,,,,,,214,,
2025,1/18/2025,17:45,No Data,,,No Review,,,,,,214,,
2025,1/18/2025,18:00,Full,15 min,as,No Fish,,,,,,214,,
2025,1/18/2025,18:15,Full,15 min,as,No Fish,,,,,,214,,
2025,1/18/2025,18:30,No Data,,,No Review,,,,,,214,,
2025,1/18/2025,18:45,No Data,,,No Review,,,,,,214,,
2025,1/18/2025,19:00,Full,15 min,as,No Fish,,,,,,214,,
2025,1/18/2025,19:15,Full,15 min,as,No Fish,,,,,,214,,
2025,1/18/2025,19:30,No Data,,,No Review,,,,,,214,,
2025,1/18/2025,19:45,No Data,,,No Review,,,,,,214,,
2025,1/18/2025,20:00,Full,15 min,as,No Fish,,,,,,214,,
2025,1/18/2025,20:15,Full,15 min,as,No Fish,,,,,,214,,
2025,1/18/2025,20:30,No Data,,,No Review,,,,,,214,,
2025,1/18/2025,20:45,No Data,,,No Review,,,,,,214,,
2025,1/18/2025,21:00,Full,15 min,as,No Fish,,,,,,214,,
2025,1/18/2025,21:15,Full,15 min,as,No Fish,,,,,,214,,
2025,1/18/2025,21:30,No Data,,,No Review,,,,,,214,,
2025,1/18/2025,21:45,No Data,,,No Review,,,,,,214,,
2025,1/18/2025,22:00,Full,15 min,as,No Fish,,,,,,214,,
2025,1/18/2025,22:15,Full,15 min,as,No Fish,,,,,,214,,
2025,1/18/2025,22:30,No Data,,,No Review,,,,,,214,,
2025,1/18/2025,22:45,No Data,,,No Review,,,,,,214,,
2025,1/18/2025,23:00,Full,15 min,as,No Fish,,,,,,214,,
2025,1/18/2025,23:15,Full,15 min,as,No Fish,,,,,,214,,
2025,1/18/2025,23:30,No Data,,,No Review,,,,,,214,,
2025,1/18/2025,23:45,No Data,,,No Review,,,,,,214,,
2025,1/19/2025,0:00,Full,15 min,as,No Fish,,,,,,211,,
2025,1/19/2025,0:15,Full,15 min,as,No Fish,,,,,,211,,
2025,1/19/2025,0:30,Full,15 min,as,No Fish,,,,,,211,,
2025,1/19/2025,0:45,Full,15 min,as,No Fish,,,,,,211,,
2025,1/19/2025,1:00,Full,15 min,as,No Fish,,,,,,211,,
2025,1/19/2025,1:15,Full,15 min,as,No Fish,,,,,,211,,
2025,1/19/2025,1:30,Full,15 min,as,No Fish,,,,,,211,,
2025,1/19/2025,1:45,Full,15 min,as,No Fish,,,,,,211,,
2025,1/19/2025,2:00,Full,15 min,as,No Fish,,,,,,211,,
2025,1/19/2025,2:15,Full,15 min,as,No Fish,,,,,,211,,
2025,1/19/2025,2:30,Full,15 min,as,2:31:12,upstream,38.3,370,18.63,1,211,,
2025,1/19/2025,2:45,Full,15 min,as,No Fish,,,,,,211,,
2025,1/19/2025,3:00,Full,15 min,as,No Fish,,,,,,211,,
2025,1/19/2025,3:15,Full,15 min,as,No Fish,,,,,,211,,
2025,1/19/2025,3:30,Full,15 min,as,No Fish,,,,,,211,,
2025,1/19/2025,3:45,Full,15 min,as,No Fish,,,,,,211,,
2025,1/19/2025,4:00,Full,15 min,as,No Fish,,,,,,211,,
2025,1/19/2025,4:15,Full,15 min,as,No Fish,,,,,,211,,
2025,1/19/2025,4:30,Full,15 min,as,No Fish,,,,,,211,,
2025,1/19/2025,4:45,Full,15 min,as,No Fish,,,,,,211,,
2025,1/19/2025,5:00,Full,15 min,as,No Fish,,,,,,211,,
2025,1/19/2025,5:15,Full,15 min,as,No Fish,,,,,,211,,
2025,1/19/2025,5:30,Full,15 min,as,No Fish,,,,,,211,,
2025,1/19/2025,5:45,Full,15 min,as,No Fish,,,,,,211,,
2025,1/19/2025,6:00,Full,15 min,as,No Fish,,,,,,211,,
2025,1/19/2025,6:15,Full,15 min,as,No Fish,,,,,,211,,
2025,1/19/2025,6:30,Full,15 min,as,No Fish,,,,,,211,,
2025,1/19/2025,6:45,Full,15 min,as,No Fish,,,,,,211,,
2025,1/19/2025,7:00,Full,15 min,as,No Fish,,,,,,211,,
2025,1/19/2025,7:15,Full,15 min,as,No Fish,,,,,,211,,
2025,1/19/2025,7:30,Full,15 min,as,No Fish,,,,,,211,,
2025,1/19/2025,7:45,Full,15 min,as,No Fish,,,,,,211,,
2025,1/19/2025,8:00,Full,15 min,as,No Fish,,,,,,211,,
2025,1/19/2025,8:15,Full,15 min,as,No Fish,,,,,,211,,
2025,1/19/2025,8:30,Full,15 min,as,No Fish,,,,,,211,,
2025,1/19/2025,8:45,Full,15 min,as,No Fish,,,,,,211,,
2025,1/19/2025,9:00,Full,15 min,as,No Fish,,,,,,211,,
2025,1/19/2025,9:15,Full,15 min,as,No Fish,,,,,,211,,
2025,1/19/2025,9:30,Full,15 min,as,No Fish,,,,,,211,,
2025,1/19/2025,9:45,Full,15 min,as,No Fish,,,,,,211,,
2025,1/19/2025,10:00,Full,15 min,as,No Fish,,,,,,211,,
2025,1/19/2025,11:00,Full,15 min,as,11:13:52,downstream,44.9,4327,13.95,1,211,,
2025,1/19/2025,12:00,Full,15 min,as,No Fish,,,,,,211,,
2025,1/19/2025,13:00,Full,15 min,as,No Fish,,,,,,211,,
2025,1/19/2025,14:00,Full,15 min,as,No Fish,,,,,,211,,
2025,1/19/2025,15:00,Full,15 min,as,No Fish,,,,,,211,,
2025,1/19/2025,16:00,Full,15 min,as,No Fish,,,,,,211,,
2025,1/19/2025,16:15,Full,15 min,as,No Fish,,,,,,211,,
2025,1/19/2025,16:30,Full,15 min,as,No Fish,,,,,,211,,
2025,1/19/2025,16:45,Full,15 min,as,No Fish,,,,,,211,,
2025,1/19/2025,17:00,Full,15 min,as,No Fish,,,,,,211,,
2025,1/19/2025,17:15,Full,15 min,as,No Fish,,,,,,211,,
2025,1/19/2025,17:30,Full,15 min,as,No Fish,,,,,,211,,
2025,1/19/2025,17:45,Full,15 min,as,No Fish,,,,,,211,,
2025,1/19/2025,18:00,Full,15 min,as,No Fish,,,,,,211,,
2025,1/19/2025,18:15,Full,15 min,as,No Fish,,,,,,211,,
2025,1/19/2025,18:30,Full,15 min,as,No Fish,,,,,,211,,
2025,1/19/2025,18:45,Full,15 min,as,No Fish,,,,,,211,,
2025,1/19/2025,19:00,Full,15 min,as,No Fish,,,,,,211,,
2025,1/19/2025,19:15,Full,15 min,as,No Fish,,,,,,211,,
2025,1/19/2025,19:30,Full,15 min,as,No Fish,,,,,,211,,
2025,1/19/2025,19:45,Full,15 min,as,No Fish,,,,,,211,,
2025,1/19/2025,20:00,Full,15 min,as,No Fish,,,,,,211,,
2025,1/19/2025,20:15,Full,15 min,as,No Fish,,,,,,211,,
2025,1/19/2025,20:30,Full,15 min,as,No Fish,,,,,,211,,
2025,1/19/2025,20:45,Full,15 min,as,No Fish,,,,,,211,,
2025,1/19/2025,21:00,Full,15 min,as,No Fish,,,,,,211,,
2025,1/19/2025,21:15,Full,15 min,as,No Fish,,,,,,211,,
2025,1/19/2025,21:30,Full,15 min,as,No Fish,,,,,,211,,
2025,1/19/2025,21:45,Full,15 min,as,No Fish,,,,,,211,,
2025,1/19/2025,22:00,Full,15 min,as,No Fish,,,,,,211,,
2025,1/19/2025,22:15,Full,15 min,as,No Fish,,,,,,211,,
2025,1/19/2025,22:30,Full,15 min,as,No Fish,,,,,,211,,
2025,1/19/2025,22:45,Full,15 min,as,No Fish,,,,,,211,,
2025,1/19/2025,23:00,Full,15 min,as,No Fish,,,,,,211,,
2025,1/19/2025,23:15,Full,15 min,as,No Fish,,,,,,211,,
2025,1/19/2025,23:30,Full,15 min,as,No Fish,,,,,,211,,
2025,1/19/2025,23:45,Full,15 min,as,No Fish,,,,,,211,,
2025,1/22/2025,0:00,Full,15 min,as,No Fish,,,,,,200,,
2025,1/22/2025,0:15,Full,15 min,as,0:26:40,downstream,78.5,3640,9.85,1,200,,
2025,1/22/2025,0:30,Full,15 min,as,No Fish,,,,,,200,,
2025,1/22/2025,0:45,Full,15 min,as,0:52:30,downstream,50.8,2352,15.38,1,200,,
2025,1/22/2025,1:00,Full,15 min,as,No Fish,,,,,,200,,
2025,1/22/2025,1:15,Full,15 min,as,No Fish,,,,,,200,,
2025,1/22/2025,1:30,Full,15 min,as,No Fish,,,,,,200,,
2025,1/22/2025,1:45,Full,15 min,as,No Fish,,,,,,200,,
2025,1/22/2025,2:00,Full,15 min,as,No Fish,,,,,,200,,
2025,1/22/2025,2:15,Full,15 min,as,2:28:04,upstream,54.3,4070,16.06,1,200,,
2025,1/22/2025,2:30,Full,15 min,as,No Fish,,,,,,200,,
2025,1/22/2025,2:45,Full,15 min,as,No Fish,,,,,,200,,
2025,1/22/2025,3:00,Full,15 min,as,No Fish,,,,,,200,,
2025,1/22/2025,3:15,Full,15 min,as,No Fish,,,,,,200,,
2025,1/22/2025,3:30,Full,15 min,as,No Fish,,,,,,200,,
2025,1/22/2025,3:45,Full,15 min,as,No Fish,,,,,,200,,
2025,1/22/2025,4:00,Full,15 min,as,No Fish,,,,,,200,,
2025,1/22/2025,4:15,Full,15 min,as,No Fish,,,,,,200,,
2025,1/22/2025,4:30,Full,15 min,as,No Fish,,,,,,200,,
2025,1/22/2025,4:45,Full,15 min,as,No Fish,,,,,,200,,
2025,1/22/2025,5:00,Full,15 min,as,No Fish,,,,,,200,,
2025,1/22/2025,5:15,Full,15 min,as,No Fish,,,,,,200,,
2025,1/22/2025,5:30,Full,15 min,as,No Fish,,,,,,200,,
2025,1/22/2025,5:45,Full,15 min,as,No Fish,,,,,,200,,
2025,1/22/2025,6:00,Full,15 min,as,No Fish,,,,,,200,,
2025,1/22/2025,6:15,Full,15 min,as,No Fish,,,,,,200,,
2025,1/22/2025,6:30,Full,15 min,as,No Fish,,,,,,200,,
2025,1/22/2025,6:45,Full,15 min,as,No Fish,,,,,,200,,
2025,1/22/2025,7:00,Full,15 min,as,No Fish,,,,,,200,,
2025,1/22/2025,7:15,Full,15 min,as,No Fish,,,,,,200,,
2025,1/22/2025,7:30,Full,15 min,as,No Fish,,,,,,200,,
2025,1/22/2025,7:45,Full,15 min,as,No Fish,,,,,,200,,
2025,1/22/2025,8:00,Full,15 min,as,No Fish,,,,,,200,,
2025,1/22/2025,8:15,Full,15 min,as,No Fish,,,,,,200,,
2025,1/22/2025,8:30,Full,15 min,as,No Fish,,,,,,200,,
2025,1/22/2025,8:45,Full,15 min,as,No Fish,,,,,,200,,
2025,1/22/2025,9:00,Full,15 min,as,No Fish,,,,,,200,,
2025,1/22/2025,9:15,Full,15 min,as,No Fish,,,,,,200,,
2025,1/22/2025,9:30,Full,15 min,as,No Fish,,,,,,200,,
2025,1/22/2025,9:45,Full,15 min,as,9:52:39,upstream,64.8,2394,13.15,1,200,,
2025,1/22/2025,10:00,Full,15 min,as,No Fish,,,,,,200,,
2025,1/22/2025,11:00,Full,15 min,as,No Fish,,,,,,200,,
2025,1/22/2025,12:00,Full,15 min,as,No Fish,,,,,,200,,
2025,1/22/2025,13:00,Full,15 min,as,No Fish,,,,,,200,,
2025,1/22/2025,14:00,Full,15 min,as,No Fish,,,,,,200,,
2025,1/22/2025,15:00,Full,15 min,as,No Fish,,,,,,200,,
2025,1/22/2025,16:00,Full,15 min,as,No Fish,,,,,,200,,
2025,1/22/2025,16:15,Full,15 min,as,No Fish,,,,,,200,,
2025,1/22/2025,16:30,Full,15 min,as,No Fish,,,,,,200,,
2025,1/22/2025,16:45,Full,15 min,as,No Fish,,,,,,200,,
2025,1/22/2025,17:00,Full,15 min,as,No Fish,,,,,,200,,
2025,1/22/2025,17:15,Full,15 min,as,17:22:53,downstream,61.8,2459,7.18,1,200,,
2025,1/22/2025,17:30,Full,15 min,as,17:44:46,upstream,42.5,4606,12.58,1,200,,
2025,1/22/2025,17:45,Full,15 min,as,No Fish,,,,,,200,,
2025,1/22/2025,18:00,Full,15 min,as,No Fish,,,,,,200,,
2025,1/22/2025,18:15,Full,15 min,as,18:19:32,upstream,42.4,1416,14.62,1,200,,
2025,1/22/2025,18:30,Full,15 min,as,No Fish,,,,,,200,,
2025,1/22/2025,18:45,Full,15 min,as,No Fish,,,,,,200,,
2025,1/22/2025,19:00,Full,15 min,as,No Fish,,,,,,200,,
2025,1/22/2025,19:15,Full,15 min,as,No Fish,,,,,,200,,
2025,1/22/2025,19:30,Full,15 min,as,No Fish,,,,,,200,,
2025,1/22/2025,19:45,Full,15 min,as,No Fish,,,,,,200,,
2025,1/22/2025,20:00,Full,15 min,as,No Fish,,,,,,200,,
2025,1/22/2025,20:15,Full,15 min,as,No Fish,,,,,,200,,
2025,1/22/2025,20:30,Full,15 min,as,No Fish,,,,,,200,,
2025,1/22/2025,20:45,Full,15 min,as,No Fish,,,,,,200,,
2025,1/22/2025,21:00,Full,15 min,as,No Fish,,,,,,200,,
2025,1/22/2025,21:15,Full,15 min,as,No Fish,,,,,,200,,
2025,1/22/2025,21:30,Full,15 min,as,21:41:36,upstream,71.9,3622,8.3,1,200,,
2025,1/22/2025,21:45,Full,15 min,as,No Fish,,,,,,200,,
2025,1/22/2025,22:00,Full,15 min,as,No Fish,,,,,,200,,
2025,1/22/2025,22:15,Full,15 min,as,22:25:19,downstream,39.7,2284,13.01,1,200,,
2025,1/22/2025,22:30,Full,15 min,as,No Fish,,,,,,200,,
2025,1/22/2025,22:45,Full,15 min,as,No Fish,,,,,,200,,
2025,1/22/2025,23:00,Full,15 min,as,23:09:20,downstream,83.2,2912,13.66,1,200,,
2025,1/22/2025,23:15,Full,15 min,as,No Fish,,,,,,200,,
2025,1/22/2025,23:30,Full,15 min,as,No Fish,,,,,,200,,
2025,1/22/2025,23:45,Full,15 min,as,No Fish,,,,,,200,,
2025,1/26/2025,0:00,Full,15 min,as,No Fish,,,,,,185,,
2025,1/26/2025,0:15,Full,15 min,as,No Fish,,,,,,185,,
2025,1/26/2025,0:30,Full,15 min,as,0:38:40,upstream,38.7,2690,3.04,1,185,,
2025,1/26/2025,0:45,Full,15 min,as,No Fish,,,,,,185,,
2025,1/26/2025,1:00,Full,15 min,as,No Fish,,,,,,185,,
2025,1/26/2025,1:15,Full,15 min,as,No Fish,,,,,,185,,
2025,1/26/2025,1:30,Full,15 min,as,1:39:59,,53,3120,16.08,1,185,,
2025,1/26/2025,1:30,Full,15 min,as,1:40:31,,46.3,3288,20.53,1,185,,
2025,1/26/2025,1:45,Full,15 min,as,No Fish,,,,,,185,,
2025,1/26/2025,2:00,Full,15 min,as,No Fish,,,,,,185,,
2025,1/26/2025,2:15,Full,15 min,as,No Fish,,,,,,185,,
2025,1/26/2025,2:30,Full,15 min,as,No Fish,,,,,,185,,
2025,1/26/2025,2:45,Full,15 min,as,No Fish,,,,,,185,,
2025,1/26/2025,3:00,Full,15 min,as,No Fish,,,,,,185,,
2025,1/26/2025,3:15,Full,15 min,as,No Fish,,,,,,185,,
2025,1/26/2025,3:30,Full,15 min,as,No Fish,,,,,,185,,
2025,1/26/2025,3:45,Full,15 min,as,No Fish,,,,,,185,,
2025,1/26/2025,4:00,Full,15 min,as,No Fish,,,,,,185,,
2025,1/26/2025,4:15,Full,15 min,as,4:23:45,downstream,74.7,8.02,8.02,1,185,,
2025,1/26/2025,4:30,Full,15 min,as,4:41:43,upstream,75.3,3579,8.12,1,185,,
2025,1/26/2025,4:45,Full,15 min,as,No Fish,,,,,,185,,
2025,1/26/2025,5:00,Full,15 min,as,No Fish,,,,,,185,,
2025,1/26/2025,5:15,Full,15 min,as,5:20:09,downstream,57.7,1602,14.77,1,185,,
2025,1/26/2025,5:30,Full,15 min,as,No Fish,,,,,,185,,
2025,1/26/2025,5:45,Full,15 min,as,5:59:52,downstream,73.5,4639,14.35,1,185,,
2025,1/26/2025,6:00,Full,15 min,as,6:14:04,upstream,72.7,4367,6.73,1,185,,
2025,1/26/2025,6:15,Full,15 min,as,No Fish,,,,,,185,,
2025,1/26/2025,6:30,Full,15 min,as,No Fish,,,,,,185,,
2025,1/26/2025,6:45,Full,15 min,as,6:50:31,downstream,76.5,1718,10.51,1,185,,
2025,1/26/2025,6:45,Full,15 min,as,6:54:01,upstream,75.2,2809,12.22,1,185,,
2025,1/26/2025,7:00,Full,15 min,as,No Fish,,,,,,185,,
2025,1/26/2025,7:15,Full,15 min,as,No Fish,,,,,,185,,
2025,1/26/2025,7:30,Full,15 min,as,No Fish,,,,,,185,,
2025,1/26/2025,7:45,Full,15 min,as,No Fish,,,,,,185,,
2025,1/26/2025,8:00,Full,15 min,as,No Fish,,,,,,185,,
2025,1/26/2025,8:15,Full,15 min,as,No Fish,,,,,,185,,
2025,1/26/2025,8:30,Full,15 min,as,No Fish,,,,,,185,,
2025,1/26/2025,8:45,Full,15 min,as,No Fish,,,,,,185,,
2025,1/26/2025,9:00,Full,15 min,as,No Fish,,,,,,185,,
2025,1/26/2025,9:15,Full,15 min,as,No Fish,,,,,,185,,
2025,1/26/2025,9:30,Full,15 min,as,No Fish,,,,,,185,,
2025,1/26/2025,9:45,Full,15 min,as,No Fish,,,,,,185,,
2025,1/26/2025,10:00,Full,15 min,as,No Fish,,,,,,185,,
2025,1/26/2025,10:15,Full,15 min,as,No Fish,,,,,,185,,
2025,1/26/2025,10:30,Full,15 min,as,No Fish,,,,,,185,,
2025,1/26/2025,10:45,Full,15 min,as,No Fish,,,,,,185,,
2025,1/26/2025,11:00,Full,15 min,as,No Fish,,,,,,185,,
2025,1/26/2025,11:15,Full,15 min,as,No Fish,,,,,,185,,
2025,1/26/2025,11:30,Full,15 min,as,No Fish,,,,,,185,,
2025,1/26/2025,11:45,Full,15 min,as,No Fish,,,,,,185,,
2025,1/26/2025,12:00,Full,15 min,as,No Fish,,,,,,185,,
2025,1/26/2025,12:15,Full,15 min,as,No Fish,,,,,,185,,
2025,1/26/2025,12:30,Full,15 min,as,No Fish,,,,,,185,,
2025,1/26/2025,12:45,Full,15 min,as,No Fish,,,,,,185,,
2025,1/26/2025,13:00,Full,15 min,as,No Fish,,,,,,185,,
2025,1/26/2025,13:15,Full,15 min,as,No Fish,,,,,,185,,
2025,1/26/2025,13:30,Full,15 min,as,No Fish,,,,,,185,,
2025,1/26/2025,13:45,Full,15 min,as,No Fish,,,,,,185,,
2025,1/26/2025,14:00,Full,15 min,as,No Fish,,,,,,185,,
2025,1/26/2025,14:15,Full,15 min,as,No Fish,,,,,,185,,
2025,1/26/2025,14:30,Full,15 min,as,No Fish,,,,,,185,,
2025,1/26/2025,14:45,Full,15 min,as,No Fish,,,,,,185,,
2025,1/26/2025,15:00,Full,15 min,as,No Fish,,,,,,185,,
2025,1/26/2025,15:15,Full,15 min,as,No Fish,,,,,,185,,
2025,1/26/2025,15:30,Full,15 min,as,No Fish,,,,,,185,,
2025,1/26/2025,15:45,Full,15 min,as,No Fish,,,,,,185,,
2025,1/26/2025,16:00,Full,15 min,as,No Fish,,,,,,185,,
2025,1/26/2025,16:15,Full,15 min,as,No Fish,,,,,,185,,
2025,1/26/2025,16:30,Full,15 min,as,No Fish,,,,,,185,,
2025,1/26/2025,16:45,Full,15 min,as,No Fish,,,,,,185,,
2025,1/26/2025,17:00,Full,15 min,as,No Fish,,,,,,185,,
2025,1/26/2025,17:15,Full,15 min,as,No Fish,,,,,,185,,
2025,1/26/2025,17:30,Full,15 min,as,No Fish,,,,,,185,,
2025,1/26/2025,17:45,Full,15 min,as,17:48:07,downstream,57.7,966,15.13,1,185,,
2025,1/26/2025,17:45,Full,15 min,as,17:55:08,downstream,72.6,3138,11.62,1,185,,
2025,1/26/2025,18:00,Full,15 min,as,No Fish,,,,,,185,,
2025,1/26/2025,18:15,Full,15 min,as,18:20:49,downstream,51.1,1812,13.06,1,185,,
2025,1/26/2025,18:15,Full,15 min,as,18:24:16,downstream,38.3,2891,5.14,1,185,,
2025,1/26/2025,18:15,Full,15 min,as,18:29:05,upstream,74.7,4406,5.97,1,185,,
2025,1/26/2025,18:30,Full,15 min,as,18:41:49,downstream,72.8,3670,13.76,1,185,,
2025,1/26/2025,18:45,Full,15 min,as,No Fish,,,,,,185,,
2025,1/26/2025,19:00,Full,15 min,as,No Fish,,,,,,185,,
2025,1/26/2025,19:15,Full,15 min,as,No Fish,,,,,,185,,
2025,1/26/2025,19:30,Full,15 min,as,19:33:12,downstream,45.9,997,13.47,1,185,,
2025,1/26/2025,19:45,Full,15 min,as,No Fish,,,,,,185,,
2025,1/26/2025,20:00,Full,15 min,as,No Fish,,,,,,185,,
2025,1/26/2025,20:15,Full,15 min,as,20:15:16,upstream,59.9,75,15.41,1,185,,
2025,1/26/2025,20:30,Full,15 min,as,No Fish,,,,,,185,,
2025,1/26/2025,20:45,Full,15 min,as,No Fish,,,,,,185,,
2025,1/26/2025,21:00,Full,15 min,as,No Fish,,,,,,185,,
2025,1/26/2025,21:15,Full,15 min,as,No Fish,,,,,,185,,
2025,1/26/2025,21:30,Full,15 min,as,21:37:00,upstream,46.3,2192,14.91,1,185,,
2025,1/26/2025,21:45,Full,15 min,as,No Fish,,,,,,185,,
2025,1/26/2025,22:00,Full,15 min,as,No Fish,,,,,,185,,
2025,1/26/2025,22:15,Full,15 min,as,No Fish,,,,,,185,,
2025,1/26/2025,22:30,Full,15 min,as,No Fish,,,,,,185,,
2025,1/26/2025,22:45,Full,15 min,as,No Fish,,,,,,185,,
2025,1/26/2025,23:00,Full,15 min,as,23:11:41,upstream,55.2,3642,20.07,1,185,,
2025,1/26/2025,23:15,Full,15 min,as,No Fish,,,,,,185,,
2025,1/26/2025,23:30,Full,15 min,as,No Fish,,,,,,185,,
2025,1/26/2025,23:45,Full,15 min,as,No Fish,,,,,,185,,
2025,1/27/2025,0:00,Full,15 min,as,No Fish,,,,,,186,,
2025,1/27/2025,0:15,Full,15 min,as,No Fish,,,,,,186,,
2025,1/27/2025,0:30,Full,15 min,as,No Fish,,,,,,186,,
2025,1/27/2025,0:45,Full,15 min,as,No Fish,,,,,,186,,
2025,1/27/2025,1:00,Full,15 min,as,No Fish,,,,,,186,,
2025,1/27/2025,1:15,Full,15 min,as,No Fish,,,,,,186,,
2025,1/27/2025,1:30,Full,15 min,as,No Fish,,,,,,186,,
2025,1/27/2025,1:45,Full,15 min,as,No Fish,,,,,,186,,
2025,1/27/2025,2:00,Full,15 min,as,No Fish,,,,,,186,,
2025,1/27/2025,2:15,Full,15 min,as,No Fish,,,,,,186,,
2025,1/27/2025,2:30,Full,15 min,as,No Fish,,,,,,186,,
2025,1/27/2025,2:45,Full,15 min,as,No Fish,,,,,,186,,
2025,1/27/2025,3:00,Full,15 min,as,No Fish,,,,,,186,,
2025,1/27/2025,3:15,Full,15 min,as,No Fish,,,,,,186,,
2025,1/27/2025,3:30,Full,15 min,as,No Fish,,,,,,186,,
2025,1/27/2025,3:45,Full,15 min,as,No Fish,,,,,,186,,
2025,1/27/2025,4:00,Full,15 min,as,No Fish,,,,,,186,,
2025,1/27/2025,4:15,Full,15 min,as,No Fish,,,,,,186,,
2025,1/27/2025,4:30,Full,15 min,as,No Fish,,,,,,186,,
2025,1/27/2025,4:45,Full,15 min,as,No Fish,,,,,,186,,
2025,1/27/2025,5:00,Full,15 min,as,No Fish,,,,,,186,,
2025,1/27/2025,5:15,Full,15 min,as,No Fish,,,,,,186,,
2025,1/27/2025,5:30,Full,15 min,as,No Fish,,,,,,186,,
2025,1/27/2025,5:45,Full,15 min,as,No Fish,,,,,,186,,
2025,1/27/2025,6:00,Full,15 min,as,No Fish,,,,,,186,,
2025,1/27/2025,6:15,Full,15 min,as,No Fish,,,,,,186,,
2025,1/27/2025,6:30,Full,15 min,as,No Fish,,,,,,186,,
2025,1/27/2025,6:45,Full,15 min,as,No Fish,,,,,,186,,
2025,1/27/2025,7:00,Full,15 min,as,7:14:03,upstream,40.9,4375,7.38,1,186,,
2025,1/27/2025,7:15,Full,15 min,as,No Fish,,,,,,186,,
2025,1/27/2025,7:30,Full,15 min,as,No Fish,,,,,,186,,
2025,1/27/2025,7:45,Full,15 min,as,No Fish,,,,,,186,,
2025,1/27/2025,8:00,Full,15 min,as,No Fish,,,,,,186,,
2025,1/27/2025,8:15,Full,15 min,as,No Fish,,,,,,186,,
2025,1/27/2025,8:30,Full,15 min,as,No Fish,,,,,,186,,
2025,1/27/2025,8:45,Full,15 min,as,No Fish,,,,,,186,,
2025,1/27/2025,9:00,Full,15 min,as,No Fish,,,,,,186,,
2025,1/27/2025,9:15,Full,15 min,as,No Fish,,,,,,186,,
2025,1/27/2025,9:30,Full,15 min,as,No Fish,,,,,,186,,
2025,1/27/2025,9:45,Full,15 min,as,No Fish,,,,,,186,,
2025,1/27/2025,10:00,Full,15 min,as,No Fish,,,,,,186,,
2025,1/27/2025,10:15,Full,15 min,as,No Fish,,,,,,186,,
2025,1/27/2025,10:30,Full,15 min,as,No Fish,,,,,,186,,
2025,1/27/2025,10:45,Full,15 min,as,10:47:16,downstream,48.4,689,13.29,,186,,
2025,1/27/2025,11:00,Full,15 min,as,No Fish,,,,,,186,,
2025,1/27/2025,11:15,Full,15 min,as,No Fish,,,,,,186,,
2025,1/27/2025,11:30,Full,15 min,as,No Fish,,,,,,186,,
2025,1/27/2025,11:45,Full,15 min,as,No Fish,,,,,,186,,
2025,1/27/2025,12:00,Full,15 min,as,No Fish,,,,,,186,,
2025,1/27/2025,12:15,Full,15 min,as,No Fish,,,,,,186,,
2025,1/27/2025,12:30,Full,15 min,as,No Fish,,,,,,186,,
2025,1/27/2025,12:45,Full,15 min,as,No Fish,,,,,,186,,
2025,1/27/2025,13:00,Full,15 min,as,No Fish,,,,,,186,,
2025,1/27/2025,13:15,Full,15 min,as,No Fish,,,,,,186,,
2025,1/27/2025,13:30,Full,15 min,as,No Fish,,,,,,186,,
2025,1/27/2025,13:45,Full,15 min,as,No Fish,,,,,,186,,
2025,1/27/2025,14:00,Full,15 min,as,No Fish,,,,,,186,,
2025,1/27/2025,14:15,Full,15 min,as,14:27:34,upstream,142.5,3919,13.33,3,186,otter,
2025,1/27/2025,14:30,Full,15 min,as,14:43:35,upstream,123.3,4222,12.48,3,186,otter,
2025,1/27/2025,14:45,Full,15 min,as,No Fish,,,,,,186,,
2025,1/27/2025,15:00,Full,15 min,as,15:02:14,downstream,54.5,689,14.42,1,186,,
2025,1/27/2025,15:15,Full,15 min,as,No Fish,,,,,,186,,
2025,1/27/2025,15:30,Full,15 min,as,15:30:03,upstream,106.5,10,14.4,3,186,otter,
2025,1/27/2025,15:30,Full,15 min,,15:33:30,downstream,67.2,1099,10.91,1,186,,
2025,1/27/2025,15:45,Full,15 min,as,No Fish,,,,,,186,,
2025,1/27/2025,16:00,Full,15 min,as,No Fish,,,,,,186,,
2025,1/27/2025,16:15,Full,15 min,as,No Fish,,,,,,186,,
2025,1/27/2025,16:30,Full,15 min,as,No Fish,,,,,,186,,
2025,1/27/2025,16:45,Full,15 min,as,No Fish,,,,,,186,,
2025,1/27/2025,17:00,Full,15 min,as,No Fish,,,,,,186,,
2025,1/27/2025,17:15,Full,15 min,as,No Fish,,,,,,186,,
2025,1/27/2025,17:30,Full,15 min,as,17:37:52,downstream,60.6,2444,10.64,1,186,,
2025,1/27/2025,17:45,Full,15 min,as,17:51:28,upstream,60.7,2026,13.16,1,186,,
2025,1/27/2025,18:00,Full,15 min,as,No Fish,,,,,,186,,
2025,1/27/2025,18:15,Full,15 min,as,18:26:08,upstream,75.6,3463,8.52,1,186,,
2025,1/27/2025,18:30,Full,15 min,as,18:43:43,upstream,55.7,4291,15.03,1,186,,
2025,1/27/2025,18:45,Full,15 min,as,18:50:40,upstream,65.2,1762,12.2,1,186,,
2025,1/27/2025,19:00,Full,15 min,as,No Fish,,,,,,186,,
2025,1/27/2025,19:15,Full,15 min,as,19:15:04,upstream,46.7,17,16.57,1,186,,
2025,1/27/2025,19:30,Full,15 min,as,19:38:54,downstream,51.2,2768,14.52,1,186,,
2025,1/27/2025,19:30,Full,15 min,as,19:43:12,upstream,65.6,4100,7.44,1,186,,
2025,1/27/2025,19:45,Full,15 min,as,No Fish,,,,,,186,,
2025,1/27/2025,20:00,Full,15 min,as,No Fish,,,,,,186,,
2025,1/27/2025,20:15,Full,15 min,as,No Fish,,,,,,186,,
2025,1/27/2025,20:30,Full,15 min,as,No Fish,,,,,,186,,
2025,1/27/2025,20:45,Full,15 min,as,20:46:17,upstream,61,392,13.94,1,186,,
2025,1/27/2025,20:45,Full,15 min,as,20:49:11,upstream,72.4,1311,15.05,1,186,,
2025,1/27/2025,21:00,Full,15 min,as,No Fish,,,,,,186,,
2025,1/27/2025,21:15,Full,15 min,as,21:18:07,downstream,59.8,,,,186,,
2025,1/27/2025,21:15,Full,15 min,as,21:27:13,upstream,83.7,3810,10.97,1,186,,
2025,1/27/2025,21:30,Full,15 min,as,No Fish,,,,,,186,,
2025,1/27/2025,21:45,Full,15 min,as,21:53:55,downstream,59.5,2787,12.18,1,186,,
2025,1/27/2025,22:00,Full,15 min,as,No Fish,,,,,,186,,
2025,1/27/2025,22:15,Full,15 min,as,No Fish,,,,,,186,,
2025,1/27/2025,22:30,Full,15 min,as,22:35:59,upstream,55.9,1870,13.6,1,186,,
2025,1/27/2025,22:45,Full,15 min,as,22:50:05,upstream,48.3,1573,17.67,1,186,,
2025,1/27/2025,23:00,Full,15 min,as,No Fish,,,,,,186,,
2025,1/27/2025,23:15,Full,15 min,as,No Fish,,,,,,186,,
2025,1/27/2025,23:30,Full,15 min,as,No Fish,,,,,,186,,
2025,1/27/2025,23:45,Full,15 min,as,23:45:28,upstream,72.2,143,8.87,1,186,,
2025,1/27/2025,23:45,Full,15 min,as,23:48:09,downstream,56.7,979,14.91,1,186,,
2025,1/28/2025,0:00,Full,15 min,as,0:07:39,upstream,62.3,2370,9.19,1,183,,
2025,1/28/2025,0:15,Full,15 min,as,No Fish,,,,,,183,,
2025,1/28/2025,0:30,Full,15 min,as,No Fish,,,,,,183,,
2025,1/28/2025,0:45,Full,15 min,as,No Fish,,,,,,183,,
2025,1/28/2025,1:00,Full,15 min,as,No Fish,,,,,,183,,
2025,1/28/2025,1:15,Full,15 min,as,No Fish,,,,,,183,,
2025,1/28/2025,1:30,Full,15 min,as,No Fish,,,,,,183,,
2025,1/28/2025,1:45,Full,15 min,as,1:50:55,downstream,63.6,1841,14.09,1,183,,
2025,1/28/2025,2:00,Full,15 min,as,No Fish,,,,,,183,,
2025,1/28/2025,2:15,Full,15 min,as,No Fish,,,,,,183,,
2025,1/28/2025,2:30,Full,15 min,as,2:35:56,downstream,71.2,1837,15.89,1,183,,
2025,1/28/2025,2:45,Full,15 min,as,No Fish,,,,,,183,,
2025,1/28/2025,3:00,Full,15 min,as,3:02:09,upstream,61.1,664,7.17,1,183,,
2025,1/28/2025,3:15,Full,15 min,as,3:18:02,upstream,72.3,944,12.09,1,183,,
2025,1/28/2025,3:30,Full,15 min,as,No Fish,,,,,,183,,
2025,1/28/2025,3:45,Full,15 min,as,No Fish,,,,,,183,,
2025,1/28/2025,4:00,Full,15 min,as,No Fish,,,,,,183,,
2025,1/28/2025,4:15,Full,15 min,as,No Fish,,,,,,183,,
2025,1/28/2025,4:30,Full,15 min,as,No Fish,,,,,,183,,
2025,1/28/2025,4:45,Full,15 min,as,No Fish,,,,,,183,,
2025,1/28/2025,5:00,Full,15 min,as,5:12:52,upstream,35.8,4007,8.65,1,183,,
2025,1/28/2025,5:15,Full,15 min,as,No Fish,,,,,,183,,
2025,1/28/2025,5:30,Full,15 min,as,No Fish,,,,,,183,,
2025,1/28/2025,5:45,Full,15 min,as,No Fish,,,,,,183,,
2025,1/28/2025,6:00,Full,15 min,as,No Fish,,,,,,183,,
2025,1/28/2025,6:15,Full,15 min,as,No Fish,,,,,,183,,
2025,1/28/2025,6:30,Full,15 min,as,No Fish,,,,,,183,,
2025,1/28/2025,6:45,Full,15 min,as,6:50:39,downstream,49.3,1759,14.76,1,183,,
2025,1/28/2025,6:45,Full,15 min,as,6:57:36,downstream,56.2,3933,10,1,183,,
2025,1/28/2025,7:00,Full,15 min,as,7:06:51,upstream,54.2,2129,11.56,1,183,,
2025,1/28/2025,7:00,Full,15 min,as,7:08:22,downstream,64.3,2605,5.88,1,183,,
2025,1/28/2025,7:00,Full,15 min,as,7:13:53,downstream,48.7,4333,12.11,1,183,,
2025,1/28/2025,7:15,Full,15 min,as,7:16:58,upstream,67.6,608,12.32,1,183,,
2025,1/28/2025,7:30,Full,15 min,as,7:32:43,upstream,47.5,834,11.54,1,183,,
2025,1/28/2025,7:45,Full,15 min,as,No Fish,,,,,,183,,
2025,1/28/2025,8:00,Full,15 min,as,8:12:54,downstream,48.7,4017,11.61,1,183,,
2025,1/28/2025,8:15,Full,15 min,as,No Fish,,,,,,183,,
2025,1/28/2025,8:30,Full,15 min,as,No Fish,,,,,,183,,
2025,1/28/2025,8:45,Full,15 min,as,No Fish,,,,,,183,,
2025,1/28/2025,9:00,Full,15 min,as,No Fish,,,,,,183,,
2025,1/28/2025,9:15,Full,15 min,as,No Fish,,,,,,183,,
2025,1/28/2025,9:30,Full,15 min,as,No Fish,,,,,,183,,
2025,1/28/2025,9:45,Full,15 min,as,No Fish,,,,,,183,,
2025,1/28/2025,10:00,Full,15 min,as,No Fish,,,,,,183,,
2025,1/28/2025,10:15,Full,15 min,as,No Fish,,,,,,183,,
2025,1/28/2025,10:30,Full,15 min,as,No Fish,,,,,,183,,
2025,1/28/2025,10:45,Full,15 min,as,No Fish,,,,,,183,,
2025,1/28/2025,11:00,Full,15 min,as,No Fish,,,,,,183,,
2025,1/28/2025,11:15,Full,15 min,as,No Fish,,,,,,183,,
2025,1/28/2025,11:30,Full,15 min,as,No Fish,,,,,,183,,
2025,1/28/2025,11:45,Full,15 min,as,No Fish,,,,,,183,,
2025,1/28/2025,12:00,Full,15 min,as,No Fish,,,,,,183,,
2025,1/28/2025,12:15,Full,15 min,as,No Fish,,,,,,183,,
2025,1/28/2025,12:30,Full,15 min,as,No Fish,,,,,,183,,
2025,1/28/2025,12:45,Full,15 min,as,No Fish,,,,,,183,,
2025,1/28/2025,13:00,Full,15 min,as,No Fish,,,,,,183,,
2025,1/28/2025,13:15,Full,15 min,as,No Fish,,,,,,183,,
2025,1/28/2025,13:30,Full,15 min,as,No Fish,,,,,,183,,
2025,1/28/2025,13:45,Full,15 min,as,No Fish,,,,,,183,,
2025,1/28/2025,14:00,Full,15 min,as,No Fish,,,,,,183,,
2025,1/28/2025,14:15,Full,15 min,as,No Fish,,,,,,183,,
2025,1/28/2025,14:30,Full,15 min,as,No Fish,,,,,,183,,
2025,1/28/2025,14:45,Full,15 min,as,No Fish,,,,,,183,,
2025,1/28/2025,15:00,Full,15 min,as,No Fish,,,,,,183,,
2025,1/28/2025,15:15,Full,15 min,as,No Fish,,,,,,183,,
2025,1/28/2025,15:30,Full,15 min,as,No Fish,,,,,,183,,
2025,1/28/2025,15:45,Full,15 min,as,No Fish,,,,,,183,,
2025,1/28/2025,16:00,Full,15 min,as,No Fish,,,,,,183,,
2025,1/28/2025,16:15,Full,15 min,as,No Fish,,,,,,183,,
2025,1/28/2025,16:30,Full,15 min,as,No Fish,,,,,,183,,
2025,1/28/2025,16:45,Full,15 min,as,No Fish,,,,,,183,,
2025,1/28/2025,17:00,Full,15 min,as,No Fish,,,,,,183,,
2025,1/28/2025,17:15,Full,15 min,as,No Fish,,,,,,183,,
2025,1/28/2025,17:30,Full,15 min,as,No Fish,,,,,,183,,
2025,1/28/2025,17:45,Full,15 min,as,No Fish,,,,,,183,,
2025,1/28/2025,18:00,Full,15 min,as,No Fish,,,,,,183,,
2025,1/28/2025,18:15,Full,15 min,as,No Fish,,,,,,183,,
2025,1/28/2025,18:30,Full,15 min,as,No Fish,,,,,,183,,
2025,1/28/2025,18:45,Full,15 min,as,No Fish,,,,,,183,,
2025,1/28/2025,19:00,Full,15 min,as,No Fish,,,,,,183,,
2025,1/28/2025,19:15,Full,15 min,as,No Fish,,,,,,183,,
2025,1/28/2025,19:30,Full,15 min,as,No Fish,,,,,,183,,
2025,1/28/2025,19:45,Full,15 min,as,19:52:27,upstream,52.7,2334,14.55,1,183,,
2025,1/28/2025,20:00,Full,15 min,as,No Fish,,,,,,183,,
2025,1/28/2025,20:15,Full,15 min,as,No Fish,,,,,,183,,
2025,1/28/2025,20:30,Full,15 min,as,No Fish,,,,,,183,,
2025,1/28/2025,20:45,Full,15 min,as,No Fish,,,,,,183,,
2025,1/28/2025,21:00,Full,15 min,as,No Fish,,,,,,183,,
2025,1/28/2025,21:15,Full,15 min,as,No Fish,,,,,,183,,
2025,1/28/2025,21:30,Full,15 min,as,No Fish,,,,,,183,,
2025,1/28/2025,21:45,Full,15 min,as,No Fish,,,,,,183,,
2025,1/28/2025,22:00,Full,15 min,as,No Fish,,,,,,183,,
2025,1/28/2025,22:15,Full,15 min,as,No Fish,,,,,,183,,
2025,1/28/2025,22:30,Full,15 min,as,No Fish,,,,,,183,,
2025,1/28/2025,22:45,Full,15 min,as,No Fish,,,,,,183,,
2025,1/28/2025,23:00,Full,15 min,as,No Fish,,,,,,183,,
2025,1/28/2025,23:15,Full,15 min,as,No Fish,,,,,,183,,
2025,1/28/2025,23:30,Full,15 min,as,No Fish,,,,,,183,,
2025,1/28/2025,23:45,Full,15 min,as,No Fish,,,,,,183,,
2025,2/1/2025,0:00,Full,15 min,as,No Fish,,,,,,171,,
2025,2/1/2025,0:15,Full,15 min,as,0:17:13,downstream,68.1,700,14.2,1,171,,
2025,2/1/2025,0:30,Full,15 min,as,No Fish,,,,,,171,,
2025,2/1/2025,0:45,Full,15 min,as,0:54:09,upstream,74.2,2881,12.87,1,171,,
2025,2/1/2025,1:00,Full,15 min,as,No Fish,,,,,,171,,
2025,2/1/2025,1:15,Full,15 min,as,No Fish,,,,,,171,,
2025,2/1/2025,1:30,Full,15 min,as,No Fish,,,,,,171,,
2025,2/1/2025,1:45,Full,15 min,as,No Fish,,,,,,171,,
2025,2/1/2025,2:00,Full,15 min,as,No Fish,,,,,,171,,
2025,2/1/2025,2:15,Full,15 min,as,2:16:58,downstream,72,613,11.14,1,171,,
2025,2/1/2025,2:15,Full,15 min,as,2:29:59,downstream,67.4,4730,11.97,1,171,,
2025,2/1/2025,2:30,Full,15 min,as,No Fish,,,,,,171,,
2025,2/1/2025,2:45,Full,15 min,as,2:58:16,downstream,72.8,4194,13.34,1,171,,
2025,2/1/2025,3:00,Full,15 min,as,3:09:09,upstream,72.9,2990,9.96,1,171,,
2025,2/1/2025,3:15,Full,15 min,as,3:28:03,upstream,64,4130,7.74,1,171,,
2025,2/1/2025,3:30,Full,15 min,as,No Fish,,,,,,171,,
2025,2/1/2025,3:45,Full,15 min,as,3:46:22,downstream,62.3,424,8.2,1,171,,
2025,2/1/2025,4:00,Full,15 min,as,No Fish,,,,,,171,,
2025,2/1/2025,4:15,Full,15 min,as,No Fish,,,,,,171,,
2025,2/1/2025,4:30,Full,15 min,as,No Fish,,,,,,171,,
2025,2/1/2025,4:45,Full,15 min,as,4:58:34,upstream,61.5,4275,7.62,1,171,,
2025,2/1/2025,5:00,Full,15 min,as,No Fish,,,,,,171,,
2025,2/1/2025,5:15,Full,15 min,as,No Fish,,,,,,171,,
2025,2/1/2025,5:30,Full,15 min,as,No Fish,,,,,,171,,
2025,2/1/2025,5:45,Full,15 min,as,No Fish,,,,,,171,,
2025,2/1/2025,6:00,Full,15 min,as,No Fish,,,,,,171,,
2025,2/1/2025,6:15,Full,15 min,as,No Fish,,,,,,171,,
2025,2/1/2025,6:30,Full,15 min,as,6:36:11,downstream,72,1949,10.33,1,171,,
2025,2/1/2025,6:45,Full,15 min,as,No Fish,,,,,,171,,
2025,2/1/2025,7:00,Full,15 min,as,No Fish,,,,,,171,,
2025,2/1/2025,7:15,Full,15 min,as,No Fish,,,,,,171,,
2025,2/1/2025,7:30,Full,15 min,as,No Fish,,,,,,171,,
2025,2/1/2025,7:45,Full,15 min,as,No Fish,,,,,,171,,
2025,2/1/2025,8:00,Full,15 min,as,No Fish,,,,,,171,,
2025,2/1/2025,8:15,Full,15 min,as,No Fish,,,,,,171,,
2025,2/1/2025,8:30,Full,15 min,as,No Fish,,,,,,171,,
2025,2/1/2025,8:45,Full,15 min,as,No Fish,,,,,,171,,
2025,2/1/2025,9:00,Full,15 min,as,No Fish,,,,,,171,,
2025,2/1/2025,9:15,Full,15 min,as,No Fish,,,,,,171,,
2025,2/1/2025,9:30,Full,15 min,as,No Fish,,,,,,171,,
2025,2/1/2025,9:45,Full,15 min,as,No Fish,,,,,,171,,
2025,2/1/2025,10:00,Full,15 min,as,No Fish,,,,,,171,,
2025,2/1/2025,10:15,Full,15 min,as,No Fish,,,,,,171,,
2025,2/1/2025,10:30,Full,15 min,as,No Fish,,,,,,171,,
2025,2/1/2025,10:45,Full,15 min,as,No Fish,,,,,,171,,
2025,2/1/2025,11:00,Full,15 min,as,No Fish,,,,,,171,,
2025,2/1/2025,11:15,Full,15 min,as,No Fish,,,,,,171,,
2025,2/1/2025,11:30,Full,15 min,as,No Fish,,,,,,171,,
2025,2/1/2025,11:45,Full,15 min,as,No Fish,,,,,,171,,
2025,2/1/2025,12:00,Full,15 min,as,No Fish,,,,,,171,,
2025,2/1/2025,12:15,Full,15 min,as,No Fish,,,,,,171,,
2025,2/1/2025,12:30,Full,15 min,as,12:31:37,downstream,36,511,10.97,1,171,,
2025,2/1/2025,12:45,Full,15 min,as,No Fish,,,,,,171,,
2025,2/1/2025,13:00,Full,15 min,as,No Fish,,,,,,171,,
2025,2/1/2025,13:15,Full,15 min,as,No Fish,,,,,,171,,
2025,2/1/2025,13:30,Full,15 min,as,No Fish,,,,,,171,,
2025,2/1/2025,13:45,Full,15 min,as,No Fish,,,,,,171,,
2025,2/1/2025,14:00,Full,15 min,as,No Fish,,,,,,171,,
2025,2/1/2025,14:15,Full,15 min,as,No Fish,,,,,,171,,
2025,2/1/2025,14:30,Full,15 min,as,No Fish,,,,,,171,,
2025,2/1/2025,14:45,Full,15 min,as,No Fish,,,,,,171,,
2025,2/1/2025,15:00,Full,15 min,as,No Fish,,,,,,171,,
2025,2/1/2025,15:15,Full,15 min,as,No Fish,,,,,,171,,
2025,2/1/2025,15:30,Full,15 min,as,No Fish,,,,,,171,,
2025,2/1/2025,15:45,Full,15 min,as,No Fish,,,,,,171,,
2025,2/1/2025,16:00,Full,15 min,as,16:12:58,downstream,39.1,4097,8.84,1,171,,
2025,2/1/2025,16:15,Full,15 min,as,No Fish,,,,,,171,,
2025,2/1/2025,16:30,Full,15 min,as,No Fish,,,,,,171,,
2025,2/1/2025,16:45,Full,15 min,as,No Fish,,,,,,171,,
2025,2/1/2025,17:00,Full,15 min,as,No Fish,,,,,,171,,
2025,2/1/2025,17:15,Full,15 min,as,No Fish,,,,,,171,,
2025,2/1/2025,17:30,Full,15 min,as,No Fish,,,,,,171,,
2025,2/1/2025,17:45,Full,15 min,as,No Fish,,,,,,171,,
2025,2/1/2025,18:00,Full,15 min,as,No Fish,,,,,,171,,
2025,2/1/2025,18:15,Full,15 min,as,18:15:27,upstream,73.4,140,13.08,1,171,,
2025,2/1/2025,18:30,Full,15 min,as,No Fish,,,,,,171,,
2025,2/1/2025,18:45,Full,15 min,as,No Fish,,,,,,171,,
2025,2/1/2025,19:00,Full,15 min,as,No Fish,,,,,,171,,
2025,2/1/2025,19:15,Full,15 min,as,19:22:47,upstream,42,2452,6.37,1,171,,
2025,2/1/2025,19:30,Full,15 min,as,19:36:37,downstream,63.2,2084,8.03,1,171,,
2025,2/1/2025,19:30,Full,15 min,as,19:39:30,upstream,60,2998,15.94,1,171,,
2025,2/1/2025,19:45,Full,15 min,as,19:55:19,downstream,63.5,3255,14.54,1,171,,
2025,2/1/2025,20:00,Full,15 min,as,No Fish,,,,,,171,,
2025,2/1/2025,20:15,Full,15 min,as,No Fish,,,,,,171,,
2025,2/1/2025,20:30,Full,15 min,as,No Fish,,,,,,171,,
2025,2/1/2025,20:45,Full,15 min,as,20:56:45,upstream,71.3,3710,9.59,1,171,,
2025,2/1/2025,21:00,Full,15 min,as,21:05:24,downstream,68.8,1700,15.19,1,171,,
2025,2/1/2025,21:15,Full,15 min,as,21:16:52,upstream,77,584,11.34,1,171,,
2025,2/1/2025,21:30,Full,15 min,as,21:44:51,upstream,60.7,4686,8.71,1,171,,
2025,2/1/2025,21:45,Full,15 min,as,No Fish,,,,,,171,,
2025,2/1/2025,22:00,Full,15 min,as,No Fish,,,,,,171,,
2025,2/1/2025,22:15,Full,15 min,as,No Fish,,,,,,171,,
2025,2/1/2025,22:30,Full,15 min,as,No Fish,,,,,,171,,
2025,2/1/2025,22:45,Full,15 min,as,No Fish,,,,,,171,,
2025,2/1/2025,23:00,Full,15 min,as,No Fish,,,,,,171,,
2025,2/1/2025,23:15,Full,15 min,as,No Fish,,,,,,171,,
2025,2/1/2025,23:30,Full,15 min,as,No Fish,,,,,,171,,
2025,2/1/2025,23:45,Full,15 min,as,No Fish,,,,,,171,,
2025,2/4/2025,0:00,Full,15 min,as,No Fish,,,,,,166,,
2025,2/4/2025,0:15,Full,15 min,as,No Fish,,,,,,166,,
2025,2/4/2025,0:30,Full,15 min,as,No Fish,,,,,,166,,
2025,2/4/2025,0:45,Full,15 min,as,No Fish,,,,,,166,,
2025,2/4/2025,1:00,Full,15 min,as,No Fish,,,,,,166,,
2025,2/4/2025,1:15,Full,15 min,as,1:27:47,upstream,67.5,4037,8.01,1,166,,
2025,2/4/2025,1:30,Full,15 min,as,No Fish,,,,,,166,,
2025,2/4/2025,1:45,Full,15 min,as,No Fish,,,,,,166,,
2025,2/4/2025,2:00,Full,15 min,as,No Fish,,,,,,166,,
2025,2/4/2025,2:15,Full,15 min,as,No Fish,,,,,,166,,
2025,2/4/2025,2:30,Full,15 min,as,No Fish,,,,,,166,,
2025,2/4/2025,2:45,Full,15 min,as,No Fish,,,,,,166,,
2025,2/4/2025,3:00,Full,15 min,as,No Fish,,,,,,166,,
2025,2/4/2025,3:15,Full,15 min,as,No Fish,,,,,,166,,
2025,2/4/2025,3:30,Full,15 min,as,No Fish,,,,,,166,,
2025,2/4/2025,3:45,Full,15 min,as,No Fish,,,,,,166,,
2025,2/4/2025,4:00,Full,15 min,as,No Fish,,,,,,166,,
2025,2/4/2025,4:15,Full,15 min,as,No Fish,,,,,,166,,
2025,2/4/2025,4:30,Full,15 min,as,No Fish,,,,,,166,,
2025,2/4/2025,4:45,Full,15 min,as,No Fish,,,,,,166,,
2025,2/4/2025,5:00,Full,15 min,as,No Fish,,,,,,166,,
2025,2/4/2025,5:15,Full,15 min,as,No Fish,,,,,,166,,
2025,2/4/2025,5:30,Full,15 min,as,No Fish,,,,,,166,,
2025,2/4/2025,5:45,Full,15 min,as,5:45:21,downstream,88.3,106,10.88,1,166,,
2025,2/4/2025,6:00,Full,15 min,as,No Fish,,,,,,166,,
2025,2/4/2025,6:15,Full,15 min,as,No Fish,,,,,,166,,
2025,2/4/2025,6:30,Full,15 min,as,No Fish,,,,,,166,,
2025,2/4/2025,6:45,Full,15 min,as,No Fish,,,,,,166,,
2025,2/4/2025,7:00,Full,15 min,as,No Fish,,,,,,166,,
2025,2/4/2025,7:15,Full,15 min,as,No Fish,,,,,,166,,
2025,2/4/2025,7:30,Full,15 min,as,Otters,,,,,,166,,
2025,2/4/2025,7:45,Full,15 min,as,No Fish,,,,,,166,,
2025,2/4/2025,8:00,Full,15 min,as,No Fish,,,,,,166,,
2025,2/4/2025,8:15,Full,15 min,as,No Fish,,,,,,166,,
2025,2/4/2025,8:30,Full,15 min,as,Otters,,,,,,166,,
2025,2/4/2025,8:45,Full,15 min,as,No Fish,,,,,,166,,
2025,2/4/2025,9:00,Full,15 min,as,No Fish,,,,,,166,,
2025,2/4/2025,9:15,Full,15 min,as,No Fish,,,,,,166,,
2025,2/4/2025,9:30,Full,15 min,as,No Fish,,,,,,166,,
2025,2/4/2025,9:45,Full,15 min,as,No Fish,,,,,,166,,
2025,2/4/2025,10:00,Full,15 min,as,No Fish,,,,,,166,,
2025,2/4/2025,10:15,Full,15 min,as,No Fish,,,,,,166,,
2025,2/4/2025,10:30,Full,15 min,as,No Fish,,,,,,166,,
2025,2/4/2025,10:45,Full,15 min,as,No Fish,,,,,,166,,
2025,2/4/2025,11:00,Full,15 min,as,No Fish,,,,,,166,,
2025,2/4/2025,11:15,Full,15 min,as,No Fish,,,,,,166,,
2025,2/4/2025,11:30,Full,15 min,as,No Fish,,,,,,166,,
2025,2/4/2025,11:45,Full,15 min,as,11:52:56,downstream,42.8,2456,10.06,1,166,,
2025,2/4/2025,12:00,Full,15 min,as,No Fish,,,,,,166,,
2025,2/4/2025,12:15,Full,15 min,as,12:24:41,upstream,42.3,3044,3.81,1,166,,
2025,2/4/2025,12:30,Full,15 min,as,No Fish,,,,,,166,,
2025,2/4/2025,12:45,Full,15 min,as,No Fish,,,,,,166,,
2025,2/4/2025,13:00,Full,15 min,as,No Fish,,,,,,166,,
2025,2/4/2025,13:15,Full,15 min,as,No Fish,,,,,,166,,
2025,2/4/2025,13:30,Full,15 min,as,No Fish,,,,,,166,,
2025,2/4/2025,13:45,Full,15 min,as,No Fish,,,,,,166,,
2025,2/4/2025,14:00,Full,15 min,as,No Fish,,,,,,166,,
2025,2/4/2025,14:15,Full,15 min,as,14:26:37,downstream,36.1,3666,14.28,1,166,,
2025,2/4/2025,14:30,Full,15 min,as,No Fish,,,,,,166,,
2025,2/4/2025,14:45,Full,15 min,as,No Fish,,,,,,166,,
2025,2/4/2025,15:00,Full,15 min,as,No Fish,,,,,,166,,
2025,2/4/2025,15:15,Full,15 min,as,No Fish,,,,,,166,,
2025,2/4/2025,15:30,Full,15 min,as,No Fish,,,,,,166,,
2025,2/4/2025,15:45,Full,15 min,as,No Fish,,,,,,166,,
2025,2/4/2025,16:00,Full,15 min,as,No Fish,,,,,,166,,
2025,2/4/2025,16:15,Full,15 min,as,No Fish,,,,,,166,,
2025,2/4/2025,16:30,Full,15 min,as,No Fish,,,,,,166,,
2025,2/4/2025,16:45,Full,15 min,as,No Fish,,,,,,166,,
2025,2/4/2025,17:00,Full,15 min,as,No Fish,,,,,,166,,
2025,2/4/2025,17:15,Full,15 min,as,No Fish,,,,,,166,,
2025,2/4/2025,17:30,Full,15 min,as,No Fish,,,,,,166,,
2025,2/4/2025,17:45,Full,15 min,as,No Fish,,,,,,166,,
2025,2/4/2025,18:00,Full,15 min,as,No Fish,,,,,,166,,
2025,2/4/2025,18:15,Full,15 min,as,No Fish,,,,,,166,,
2025,2/4/2025,18:30,Full,15 min,as,No Fish,,,,,,166,,
2025,2/4/2025,18:45,Full,15 min,as,No Fish,,,,,,166,,
2025,2/4/2025,19:00,Full,15 min,as,19:04:37,upstream,71.6,1447,7,1,166,,
2025,2/4/2025,19:15,Full,15 min,as,19:25:06,upstream,68.7,3174,8.25,1,166,,
2025,2/4/2025,19:15,Full,15 min,as,19:25:13,upstream,76.8,3209,8.57,1,166,,
2025,2/4/2025,19:30,Full,15 min,as,No Fish,,,,,,166,,
2025,2/4/2025,19:45,Full,15 min,as,No Fish,,,,,,166,,
2025,2/4/2025,20:00,Full,15 min,as,No Fish,,,,,,166,,
2025,2/4/2025,20:15,Full,15 min,as,No Fish,,,,,,166,,
2025,2/4/2025,20:30,Full,15 min,as,No Fish,,,,,,166,,
2025,2/4/2025,20:45,Full,15 min,as,No Fish,,,,,,166,,
2025,2/4/2025,21:00,Full,15 min,as,No Fish,,,,,,166,,
2025,2/4/2025,21:15,Full,15 min,as,21:27:18,downstream,82.4,3880,14.46,1,166,,
2025,2/4/2025,21:30,Full,15 min,as,21:34:31,downstream,66.6,1421,13.47,1,166,,
2025,2/4/2025,21:30,Full,15 min,as,21:44:29,upstream,84.5,4570,10.51,1,166,,
2025,2/4/2025,21:45,Full,15 min,as,No Fish,,,,,,166,,
2025,2/4/2025,22:00,Full,15 min,as,No Fish,,,,,,166,,
2025,2/4/2025,22:15,Full,15 min,as,No Fish,,,,,,166,,
2025,2/4/2025,22:30,Full,15 min,as,No Fish,,,,,,166,,
2025,2/4/2025,22:45,Full,15 min,as,No Fish,,,,,,166,,
2025,2/4/2025,23:00,Full,15 min,as,No Fish,,,,,,166,,
2025,2/4/2025,23:15,Full,15 min,as,No Fish,,,,,,166,,
2025,2/4/2025,23:30,Full,15 min,as,No Fish,,,,,,166,,
2025,2/4/2025,23:45,Full,15 min,as,No Fish,,,,,,166,,
2025,2/5/2025,0:00,Full,15 min,as,0:01:44,upstream,76.5,540,9.54,1,164,,
2025,2/5/2025,0:15,Full,15 min,as,No Fish,,,,,,164,,
2025,2/5/2025,0:30,Full,15 min,as,No Fish,,,,,,164,,
2025,2/5/2025,0:45,Full,15 min,as,0:57:39,downstream,82.6,3987,15.14,1,164,,
2025,2/5/2025,1:00,Full,15 min,as,No Fish,,,,,,164,,
2025,2/5/2025,1:15,Full,15 min,as,No Fish,,,,,,164,,
2025,2/5/2025,1:30,Full,15 min,as,No Fish,,,,,,164,,
2025,2/5/2025,1:45,Full,15 min,as,No Fish,,,,,,164,,
2025,2/5/2025,2:00,Full,15 min,as,No Fish,,,,,,164,,
2025,2/5/2025,2:15,Full,15 min,as,No Fish,,,,,,164,,
2025,2/5/2025,2:30,Full,15 min,as,No Fish,,,,,,164,,
2025,2/5/2025,2:45,Full,15 min,as,No Fish,,,,,,164,,
2025,2/5/2025,3:00,Full,15 min,as,No Fish,,,,,,164,,
2025,2/5/2025,3:15,Full,15 min,as,3:16:39,downstream,80.6,520,8.56,1,164,,
2025,2/5/2025,3:30,Full,15 min,as,3:32:17,upstream,81.3,721,6.08,1,164,,
2025,2/5/2025,3:45,Full,15 min,as,No Fish,,,,,,164,,
2025,2/5/2025,4:00,Full,15 min,as,No Fish,,,,,,164,,
2025,2/5/2025,4:15,Full,15 min,as,No Fish,,,,,,164,,
2025,2/5/2025,4:30,Full,15 min,as,No Fish,,,,,,164,,
2025,2/5/2025,4:45,Full,15 min,as,No Fish,,,,,,164,,
2025,2/5/2025,5:00,Full,15 min,as,No Fish,,,,,,164,,
2025,2/5/2025,5:15,Full,15 min,as,No Fish,,,,,,164,,
2025,2/5/2025,5:30,Full,15 min,as,No Fish,,,,,,164,,
2025,2/5/2025,5:45,Full,15 min,as,No Fish,,,,,,164,,
2025,2/5/2025,6:00,Full,15 min,as,No Fish,,,,,,164,,
2025,2/5/2025,6:15,Full,15 min,as,6:20:52,downstream,45.1,1844,4.17,2,164,Not certain this is a fish,
2025,2/5/2025,6:30,Full,15 min,as,No Fish,,,,,,164,,
2025,2/5/2025,6:45,Full,15 min,as,No Fish,,,,,,164,,
2025,2/5/2025,7:00,Full,15 min,as,No Fish,,,,,,164,,
2025,2/5/2025,7:15,Full,15 min,as,7:28:48,downstream,44.3,4352,10.66,1,164,,
2025,2/5/2025,7:30,Full,15 min,as,No Fish,,,,,,164,,
2025,2/5/2025,7:45,Full,15 min,as,No Fish,,,,,,164,,
2025,2/5/2025,8:00,Full,15 min,as,No Fish,,,,,,164,,
2025,2/5/2025,8:15,Full,15 min,as,No Fish,,,,,,164,,
2025,2/5/2025,8:30,Full,15 min,as,No Fish,,,,,,164,,
2025,2/5/2025,8:45,Full,15 min,as,No Fish,,,,,,164,,
2025,2/5/2025,9:00,Full,15 min,as,No Fish,,,,,,164,,
2025,2/5/2025,9:15,Full,15 min,as,No Fish,,,,,,164,,
2025,2/5/2025,9:30,Full,15 min,as,No Fish,,,,,,164,,
2025,2/5/2025,9:45,Full,15 min,as,No Fish,,,,,,164,,
2025,2/5/2025,10:00,Full,15 min,as,No Fish,,,,,,164,,
2025,2/5/2025,10:15,Full,15 min,as,No Fish,,,,,,164,,
2025,2/5/2025,10:30,Full,15 min,as,10:35:33,downstream,44.8,1745,7.55,1,164,,
2025,2/5/2025,10:45,Full,15 min,as,No Fish,,,,,,164,,
2025,2/5/2025,11:00,Full,15 min,as,No Fish,,,,,,164,,
2025,2/5/2025,11:15,Full,15 min,as,No Fish,,,,,,164,,
2025,2/5/2025,11:30,Full,15 min,as,No Fish,,,,,,164,,
2025,2/5/2025,11:45,Full,15 min,as,No Fish,,,,,,164,,
2025,2/5/2025,12:00,Full,15 min,as,No Fish,,,,,,164,,
2025,2/5/2025,12:15,Full,15 min,as,No Fish,,,,,,164,,
2025,2/5/2025,12:30,Full,15 min,as,No Fish,,,,,,164,,
2025,2/5/2025,12:45,Full,15 min,as,12:59:54,downstream,48.3,4681,6.77,1,164,,
2025,2/5/2025,13:00,Full,15 min,as,No Fish,,,,,,164,,
2025,2/5/2025,13:15,Full,15 min,as,No Fish,,,,,,164,,
2025,2/5/2025,13:30,Full,15 min,as,No Fish,,,,,,164,,
2025,2/5/2025,13:45,Full,15 min,as,No Fish,,,,,,164,,
2025,2/5/2025,14:00,Full,15 min,as,No Fish,,,,,,164,,
2025,2/5/2025,14:15,Full,15 min,as,No Fish,,,,,,164,,
2025,2/5/2025,14:30,Full,15 min,as,No Fish,,,,,,164,,
2025,2/5/2025,14:45,Full,15 min,as,No Fish,,,,,,164,,
2025,2/5/2025,15:00,Full,15 min,as,No Fish,,,,,,164,,
2025,2/5/2025,15:15,Full,15 min,as,No Fish,,,,,,164,,
2025,2/5/2025,15:30,Full,15 min,as,No Fish,,,,,,164,,
2025,2/5/2025,15:45,Full,15 min,as,No Fish,,,,,,164,,
2025,2/5/2025,16:00,Full,15 min,as,No Fish,,,,,,164,,
2025,2/5/2025,16:15,Full,15 min,as,No Fish,,,,,,164,,
2025,2/5/2025,16:30,Full,15 min,as,No Fish,,,,,,164,,
2025,2/5/2025,16:45,Full,15 min,as,No Fish,,,,,,164,,
2025,2/5/2025,17:00,Full,15 min,as,No Fish,,,,,,164,,
2025,2/5/2025,17:15,Full,15 min,as,No Fish,,,,,,164,,
2025,2/5/2025,17:30,Full,15 min,as,No Fish,,,,,,164,,
2025,2/5/2025,17:45,Full,15 min,as,No Fish,,,,,,164,,
2025,2/5/2025,18:00,Full,15 min,as,18:05:12,upstream,88.6,1631,12.7,1,164,,
2025,2/5/2025,18:15,Full,15 min,as,No Fish,,,,,,164,,
2025,2/5/2025,18:30,Full,15 min,as,No Fish,,,,,,164,,
2025,2/5/2025,18:45,Full,15 min,as,No Fish,,,,,,164,,
2025,2/5/2025,19:00,Full,15 min,as,No Fish,,,,,,164,,
2025,2/5/2025,19:15,Full,15 min,as,No Fish,,,,,,164,,
2025,2/5/2025,19:30,Full,15 min,as,No Fish,,,,,,164,,
2025,2/5/2025,19:45,Full,15 min,as,No Fish,,,,,,164,,
2025,2/5/2025,20:00,Full,15 min,as,No Fish,,,,,,164,,
2025,2/5/2025,20:15,Full,15 min,as,No Fish,,,,,,164,,
2025,2/5/2025,20:30,Full,15 min,as,No Fish,,,,,,164,,
2025,2/5/2025,20:45,Full,15 min,as,No Fish,,,,,,164,,
2025,2/5/2025,21:00,Full,15 min,as,No Fish,,,,,,164,,
2025,2/5/2025,21:15,Full,15 min,as,21:15:01,downstream,88.6,2,10.99,1,164,,
2025,2/5/2025,21:15,Full,15 min,as,21:15:44,downstream,40.3,218,10.11,1,164,,
2025,2/5/2025,21:30,Full,15 min,as,No Fish,,,,,,164,,
2025,2/5/2025,21:45,Full,15 min,as,No Fish,,,,,,164,,
2025,2/5/2025,22:00,Full,15 min,as,No Fish,,,,,,164,,
2025,2/5/2025,22:15,Full,15 min,as,No Fish,,,,,,164,,
2025,2/5/2025,22:30,Full,15 min,as,No Fish,,,,,,164,,
2025,2/5/2025,22:45,Full,15 min,as,No Fish,,,,,,164,,
2025,2/5/2025,23:00,Full,15 min,as,No Fish,,,,,,164,,
2025,2/5/2025,23:15,Full,15 min,as,No Fish,,,,,,164,,
2025,2/5/2025,23:30,Full,15 min,as,No Fish,,,,,,164,,
2025,2/5/2025,23:45,Full,15 min,as,No Fish,,,,,,164,,
2025,2/6/2025,0:00,Full,15 min,as,No Fish,,,,,,151,,
2025,2/6/2025,0:15,Full,15 min,as,No Fish,,,,,,151,,
2025,2/6/2025,0:30,Full,15 min,as,0:38:16,upstream,85.5,2602,11.32,1,151,,
2025,2/6/2025,0:45,Full,15 min,as,0:45:46,upstream,84.2,239,12.02,1,151,,
2025,2/6/2025,1:00,Full,15 min,as,1:13:23,downstream,83.9,4210,13.81,1,151,,
2025,2/6/2025,1:15,Full,15 min,as,1:27:59,upstream,83.4,4090,11.25,1,151,,
2025,2/6/2025,1:30,Full,15 min,as,No Fish,,,,,,151,,
2025,2/6/2025,1:45,Full,15 min,as,1:46:24,upstream,73.5,436,10.32,1,151,,
2025,2/6/2025,2:00,Full,15 min,as,No Fish,,,,,,151,,
2025,2/6/2025,2:15,Full,15 min,as,No Fish,,,,,,151,,
2025,2/6/2025,2:30,Full,15 min,as,No Fish,,,,,,151,,
2025,2/6/2025,2:45,Full,15 min,as,No Fish,,,,,,151,,
2025,2/6/2025,3:00,Full,15 min,as,No Fish,,,,,,151,,
2025,2/6/2025,3:15,Full,15 min,as,No Fish,,,,,,151,,
2025,2/6/2025,3:30,Full,15 min,as,No Fish,,,,,,151,,
2025,2/6/2025,3:45,Full,15 min,as,No Fish,,,,,,151,,
2025,2/6/2025,4:00,Full,15 min,as,No Fish,,,,,,151,,
2025,2/6/2025,4:15,Full,15 min,as,No Fish,,,,,,151,,
2025,2/6/2025,4:30,Full,15 min,as,No Fish,,,,,,151,,
2025,2/6/2025,4:45,Full,15 min,as,No Fish,,,,,,151,,
2025,2/6/2025,5:00,Full,15 min,as,No Fish,,,,,,151,,
2025,2/6/2025,5:15,Full,15 min,as,No Fish,,,,,,151,,
2025,2/6/2025,5:30,Full,15 min,as,No Fish,,,,,,151,,
2025,2/6/2025,5:45,Full,15 min,as,No Fish,,,,,,151,,
2025,2/6/2025,6:00,Full,15 min,as,No Fish,,,,,,151,,
2025,2/6/2025,6:15,Full,15 min,as,No Fish,,,,,,151,,
2025,2/6/2025,6:30,Full,15 min,as,No Fish,,,,,,151,,
2025,2/6/2025,6:45,Full,15 min,as,No Fish,,,,,,151,,
2025,2/6/2025,7:00,Full,15 min,as,No Fish,,,,,,151,,
2025,2/6/2025,7:15,Full,15 min,as,No Fish,,,,,,151,,
2025,2/6/2025,7:30,Full,15 min,as,No Fish,,,,,,151,,
2025,2/6/2025,7:45,Full,15 min,as,No Fish,,,,,,151,,
2025,2/6/2025,8:00,Full,15 min,as,No Fish,,,,,,151,,
2025,2/6/2025,8:15,Full,15 min,as,No Fish,,,,,,151,,
2025,2/6/2025,8:30,Full,15 min,as,No Fish,,,,,,151,,
2025,2/6/2025,8:45,Full,15 min,as,No Fish,,,,,,151,,
2025,2/6/2025,9:00,Full,15 min,as,No Fish,,,,,,151,,
2025,2/6/2025,9:15,Full,15 min,as,No Fish,,,,,,151,,
2025,2/6/2025,9:30,Full,15 min,as,No Fish,,,,,,151,,
2025,2/6/2025,9:45,Full,15 min,as,No Fish,,,,,,151,,
2025,2/6/2025,10:00,Full,15 min,as,10:04:35,downstream,41.7,1442,13.7,1,151,,
2025,2/6/2025,10:15,Full,15 min,as,No Fish,,,,,,151,,
2025,2/6/2025,10:30,Full,15 min,as,No Fish,,,,,,151,,
2025,2/6/2025,10:45,Full,15 min,as,No Fish,,,,,,151,,
2025,2/6/2025,11:00,Full,15 min,as,No Fish,,,,,,151,,
2025,2/6/2025,11:15,Full,15 min,as,No Fish,,,,,,151,,
2025,2/6/2025,11:30,Full,15 min,as,No Fish,,,,,,151,,
2025,2/6/2025,11:45,Full,15 min,as,11:54:25,downstream,72.8,2963,11.27,1,151,,
2025,2/6/2025,12:00,Full,15 min,as,No Fish,,,,,,151,,
2025,2/6/2025,12:15,Full,15 min,as,No Fish,,,,,,151,,
2025,2/6/2025,12:30,Full,15 min,as,No Fish,,,,,,151,,
2025,2/6/2025,12:45,Full,15 min,as,No Fish,,,,,,151,,
2025,2/6/2025,13:00,Full,15 min,as,No Fish,,,,,,151,,
2025,2/6/2025,13:15,Full,15 min,as,No Fish,,,,,,151,,
2025,2/6/2025,13:30,Full,15 min,as,No Fish,,,,,,151,,
2025,2/6/2025,13:45,Full,15 min,as,No Fish,,,,,,151,,
2025,2/6/2025,14:00,Full,15 min,as,No Fish,,,,,,151,,
2025,2/6/2025,14:15,Full,15 min,as,No Fish,,,,,,151,,
2025,2/6/2025,14:30,Full,15 min,as,No Fish,,,,,,151,,
2025,2/6/2025,14:45,Full,15 min,as,No Fish,,,,,,151,,
2025,2/6/2025,15:00,Full,15 min,as,No Fish,,,,,,151,,
2025,2/6/2025,15:15,Full,15 min,as,No Fish,,,,,,151,,
2025,2/6/2025,15:30,Full,15 min,as,No Fish,,,,,,151,,
2025,2/6/2025,15:45,Full,15 min,as,No Fish,,,,,,151,,
2025,2/6/2025,16:00,Full,15 min,as,No Fish,,,,,,151,,
2025,2/6/2025,16:15,Full,15 min,as,No Fish,,,,,,151,,
2025,2/6/2025,16:30,Full,15 min,as,No Fish,,,,,,151,,
2025,2/6/2025,16:45,Full,15 min,as,No Fish,,,,,,151,,
2025,2/6/2025,17:00,Full,15 min,as,No Fish,,,,,,151,,
2025,2/6/2025,17:15,Full,15 min,as,No Fish,,,,,,151,,
2025,2/6/2025,17:30,Full,15 min,as,No Fish,,,,,,151,,
2025,2/6/2025,17:45,Full,15 min,as,17:55:33,upstream,65.5,3320,12.08,1,151,,
2025,2/6/2025,18:00,Full,15 min,as,No Fish,,,,,,151,,
2025,2/6/2025,18:15,Full,15 min,as,18:20:06,downstream,64.8,1593,12.18,1,151,,
2025,2/6/2025,18:30,Full,15 min,as,18:30:32,upstream,74.4,162,8.6,1,151,,
2025,2/6/2025,18:45,Full,15 min,as,18:50:21,downstream,73.5,1694,11.95,1,151,,
2025,2/6/2025,19:00,Full,15 min,as,No Fish,,,,,,151,,
2025,2/6/2025,19:15,Full,15 min,as,No Fish,,,,,,151,,
2025,2/6/2025,19:30,Full,15 min,as,No Fish,,,,,,151,,
2025,2/6/2025,19:45,Full,15 min,as,No Fish,,,,,,151,,
2025,2/6/2025,20:00,Full,15 min,as,20:02:01,upstream,73.5,635,13.4,1,151,,
2025,2/6/2025,20:15,Full,15 min,as,No Fish,,,,,,151,,
2025,2/6/2025,20:30,Full,15 min,as,No Fish,,,,,,151,,
2025,2/6/2025,20:45,Full,15 min,as,No Fish,,,,,,151,,
2025,2/6/2025,21:00,Full,15 min,as,No Fish,,,,,,151,,
2025,2/6/2025,21:15,Full,15 min,as,No Fish,,,,,,151,,
2025,2/6/2025,21:30,Full,15 min,as,No Fish,,,,,,151,,
2025,2/6/2025,21:45,Full,15 min,as,21:57:18,downstream,73.4,3878,14.91,1,151,,
2025,2/6/2025,21:45,Full,15 min,as,21:57:26,downstream,66.3,3919,14.16,1,151,,
2025,2/6/2025,22:00,Full,15 min,as,No Fish,,,,,,151,,
2025,2/6/2025,22:15,Full,15 min,as,22:25:29,upstream,75.2,3298,12.24,1,151,,
2025,2/6/2025,22:30,Full,15 min,as,22:31:57,downstream,67,605,11.28,1,151,,
2025,2/6/2025,22:30,Full,15 min,as,22:35:42,downstream,58.3,1785,15.44,1,151,,
2025,2/6/2025,22:45,Full,15 min,as,No Fish,,,,,,151,,
2025,2/6/2025,23:00,Full,15 min,as,23:08:47,upstream,75.1,2767,12.1,1,151,,
2025,2/6/2025,23:00,Full,15 min,as,23:12:59,downstream,76.2,4093,13.09,1,151,,
2025,2/6/2025,23:15,Full,15 min,as,No Fish,,,,,,151,,
2025,2/6/2025,23:30,Full,15 min,as,No Fish,,,,,,151,,
2025,2/6/2025,23:45,Full,15 min,as,23:58:47,downstream,43.3,4347,16.27,1,151,,
2025,2/12/2025,0:00,Full,15 min,as,No Fish,,,,,,186,,
2025,2/12/2025,0:15,Full,15 min,as,No Fish,,,,,,186,,
2025,2/12/2025,0:30,Full,15 min,as,No Fish,,,,,,186,,
2025,2/12/2025,0:45,Full,15 min,as,No Fish,,,,,,186,,
2025,2/12/2025,1:00,Full,15 min,as,No Fish,,,,,,186,,
2025,2/12/2025,1:15,Full,15 min,as,1:15:30,downstream,76,149,12.1,1,186,,
2025,2/12/2025,1:15,Full,15 min,as,1:18:34,upstream,76.1,1102,11.87,1,186,,
2025,2/12/2025,1:30,Full,15 min,as,No Fish,,,,,,186,,
2025,2/12/2025,1:45,Full,15 min,as,No Fish,,,,,,186,,
2025,2/12/2025,2:00,Full,15 min,as,No Fish,,,,,,186,,
2025,2/12/2025,2:15,Full,15 min,as,No Fish,,,,,,186,,
2025,2/12/2025,2:30,Full,15 min,as,No Fish,,,,,,186,,
2025,2/12/2025,2:45,Full,15 min,as,No Fish,,,,,,186,,
2025,2/12/2025,3:00,Full,15 min,as,No Fish,,,,,,186,,
2025,2/12/2025,3:15,Full,15 min,as,3:21:00,downstream,77.2,1881,13.01,1,186,,
2025,2/12/2025,3:30,Full,15 min,as,No Fish,,,,,,186,,
2025,2/12/2025,3:45,Full,15 min,as,No Fish,,,,,,186,,
2025,2/12/2025,4:00,Full,15 min,as,4:05:32,downstream,77.1,1734,10.39,1,186,,
2025,2/12/2025,4:15,Full,15 min,as,No Fish,,,,,,186,,
2025,2/12/2025,4:30,Full,15 min,as,No Fish,,,,,,186,,
2025,2/12/2025,4:45,Full,15 min,as,4:51:10,upstream,76,1911,9.72,1,186,,
2025,2/12/2025,5:00,Full,15 min,as,No Fish,,,,,,186,,
2025,2/12/2025,5:15,Full,15 min,as,5:19:49,downstream,77.8,1500,12.93,1,186,,
2025,2/12/2025,5:15,Full,15 min,as,5:28:52,downstream,47.7,4340,17.11,1,186,,
2025,2/12/2025,5:30,Full,15 min,as,No Fish,,,,,,186,,
2025,2/12/2025,5:45,Full,15 min,as,No Fish,,,,,,186,,
2025,2/12/2025,6:00,Full,15 min,as,No Fish,,,,,,186,,
2025,2/12/2025,6:15,Full,15 min,as,No Fish,,,,,,186,,
2025,2/12/2025,6:30,Full,15 min,as,No Fish,,,,,,186,,
2025,2/12/2025,6:45,Full,15 min,as,6:58:55,downstream,47.5,4351,14.29,1,186,,
2025,2/12/2025,7:00,Full,15 min,as,7:11:26,downstream,41.6,3570,11.48,1,186,,
2025,2/12/2025,7:15,Full,15 min,as,No Fish,,,,,,186,,
2025,2/12/2025,7:30,Full,15 min,as,No Fish,,,,,,186,,
2025,2/12/2025,7:45,Full,15 min,as,No Fish,,,,,,186,,
2025,2/12/2025,8:00,Full,15 min,as,No Fish,,,,,,186,,
2025,2/12/2025,8:15,Full,15 min,as,No Fish,,,,,,186,,
2025,2/12/2025,8:30,Full,15 min,as,No Fish,,,,,,186,,
2025,2/12/2025,8:45,Full,15 min,as,No Fish,,,,,,186,,
2025,2/12/2025,9:00,Full,15 min,as,No Fish,,,,,,186,,
2025,2/12/2025,9:15,Full,15 min,as,No Fish,,,,,,186,,
2025,2/12/2025,9:30,Full,15 min,as,No Fish,,,,,,186,,
2025,2/12/2025,9:45,Full,15 min,as,No Fish,,,,,,186,,
2025,2/12/2025,10:00,Full,15 min,as,No Fish,,,,,,186,,
2025,2/12/2025,10:15,Full,15 min,as,No Fish,,,,,,186,,
2025,2/12/2025,10:30,Full,15 min,as,No Fish,,,,,,186,,
2025,2/12/2025,10:45,Full,15 min,as,No Fish,,,,,,186,,
2025,2/12/2025,11:00,Full,15 min,as,No Fish,,,,,,186,,
2025,2/12/2025,11:15,Full,15 min,as,No Fish,,,,,,186,,
2025,2/12/2025,11:30,Full,15 min,as,No Fish,,,,,,186,,
2025,2/12/2025,11:45,Full,15 min,as,No Fish,,,,,,186,,
2025,2/12/2025,12:00,Full,15 min,as,No Fish,,,,,,186,,
2025,2/12/2025,12:15,Full,15 min,as,No Fish,,,,,,186,,
2025,2/12/2025,12:30,Full,15 min,as,No Fish,,,,,,186,,
2025,2/12/2025,12:45,Full,15 min,as,No Fish,,,,,,186,,
2025,2/12/2025,13:00,Full,15 min,as,No Fish,,,,,,186,,
2025,2/12/2025,13:15,Full,15 min,as,No Fish,,,,,,186,,
2025,2/12/2025,13:30,Full,15 min,as,No Fish,,,,,,186,,
2025,2/12/2025,13:45,Full,15 min,as,No Fish,,,,,,186,,
2025,2/12/2025,14:00,Full,15 min,as,No Fish,,,,,,186,,
2025,2/12/2025,14:15,Full,15 min,as,No Fish,,,,,,186,,
2025,2/12/2025,14:30,Full,15 min,as,No Fish,,,,,,186,,
2025,2/12/2025,14:45,Full,15 min,as,No Fish,,,,,,186,,
2025,2/12/2025,15:00,Full,15 min,as,No Fish,,,,,,186,,
2025,2/12/2025,15:15,Full,15 min,as,No Fish,,,,,,186,,
2025,2/12/2025,15:30,Full,15 min,as,No Fish,,,,,,186,,
2025,2/12/2025,15:45,Full,15 min,as,15:53:41,downstream,36.2,2732,12.24,1,186,,
2025,2/12/2025,16:00,Full,15 min,as,No Fish,,,,,,186,,
2025,2/12/2025,16:15,Full,15 min,as,No Fish,,,,,,186,,
2025,2/12/2025,16:30,Full,15 min,as,No Fish,,,,,,186,,
2025,2/12/2025,16:45,Full,15 min,as,No Fish,,,,,,186,,
2025,2/12/2025,17:00,Full,15 min,as,No Fish,,,,,,186,,
2025,2/12/2025,17:15,Full,15 min,as,No Fish,,,,,,186,,
2025,2/12/2025,17:30,Full,15 min,as,No Fish,,,,,,186,,
2025,2/12/2025,17:45,Full,15 min,as,17:55:11,upstream,56.6,4451,12.83,1,186,,
2025,2/12/2025,18:00,Full,15 min,as,No Fish,,,,,,186,,
2025,2/12/2025,18:15,Full,15 min,as,18:18:58,upstream,76.9,1234,14,1,186,,
2025,2/12/2025,18:30,Full,15 min,as,No Fish,,,,,,186,,
2025,2/12/2025,18:45,Full,15 min,as,No Fish,,,,,,186,,
2025,2/12/2025,19:00,Full,15 min,as,No Fish,,,,,,186,,
2025,2/12/2025,19:15,Full,15 min,as,No Fish,,,,,,186,,
2025,2/12/2025,19:30,Full,15 min,as,19:30:33,downstream,74.4,167,15.17,1,186,,
2025,2/12/2025,19:45,Full,15 min,as,19:51:02,upstream,76.3,1893,14.01,1,186,,
2025,2/12/2025,19:45,Full,15 min,as,19:57:00,downstream,76,3768,8.99,1,186,,
2025,2/12/2025,20:00,Full,15 min,as,No Fish,,,,,,186,,
2025,2/12/2025,20:15,Full,15 min,as,20:22:22,upstream,85.9,2301,12.17,1,186,,
2025,2/12/2025,20:30,Full,15 min,as,20:32:51,upstream,76.8,894,12.94,1,186,,
2025,2/12/2025,20:45,Full,15 min,as,No Fish,,,,,,186,,
2025,2/12/2025,21:00,Full,15 min,as,No Fish,,,,,,186,,
2025,2/12/2025,21:15,Full,15 min,as,No Fish,,,,,,186,,
2025,2/12/2025,21:30,Full,15 min,as,No Fish,,,,,,186,,
2025,2/12/2025,21:45,Full,15 min,as,No Fish,,,,,,186,,
2025,2/12/2025,22:00,Full,15 min,as,No Fish,,,,,,186,,
2025,2/12/2025,22:15,Full,15 min,as,No Fish,,,,,,186,,
2025,2/12/2025,22:30,Full,15 min,as,22:39:16,upstream,42.7,2907,14.3,1,186,,
2025,2/12/2025,22:45,Full,15 min,as,22:45:28,downstream,83.7,139,12.43,1,186,,
2025,2/12/2025,22:45,Full,15 min,as,22:58:30,downstream,85.8,4242,10.53,1,186,,
2025,2/12/2025,22:45,Full,15 min,as,22:58:40,upstream,86.6,4294,11.39,1,186,,
2025,2/12/2025,23:00,Full,15 min,as,23:00:35,downstream,83.5,183,11.8,1,186,,
2025,2/12/2025,23:15,Full,15 min,as,23:17:31,downstream,76.2,782,9.93,1,186,,
2025,2/12/2025,23:30,Full,15 min,as,No Fish,,,,,,186,,
2025,2/12/2025,23:45,Full,15 min,as,No Fish,,,,,,186,,
2025,2/13/2025,0:00,Full,15 min,as,No Fish,,,,,,206,,
2025,2/13/2025,0:15,Full,15 min,as,No Fish,,,,,,206,,
2025,2/13/2025,0:30,Full,15 min,as,No Fish,,,,,,206,,
2025,2/13/2025,0:45,Full,15 min,as,No Fish,,,,,,206,,
2025,2/13/2025,1:00,Full,15 min,as,No Fish,,,,,,206,,
2025,2/13/2025,1:15,Full,15 min,as,No Fish,,,,,,206,,
2025,2/13/2025,1:30,Full,15 min,as,No Fish,,,,,,206,,
2025,2/13/2025,1:45,Full,15 min,as,No Fish,,,,,,206,,
2025,2/13/2025,2:00,Full,15 min,as,No Fish,,,,,,206,,
2025,2/13/2025,2:15,Full,15 min,as,No Fish,,,,,,206,,
2025,2/13/2025,2:30,Full,15 min,as,No Fish,,,,,,206,,
2025,2/13/2025,2:45,Full,15 min,as,No Fish,,,,,,206,,
2025,2/13/2025,3:00,Full,15 min,as,No Fish,,,,,,206,,
2025,2/13/2025,3:15,Full,15 min,as,No Fish,,,,,,206,,
2025,2/13/2025,3:30,Full,15 min,as,No Fish,,,,,,206,,
2025,2/13/2025,3:45,Full,15 min,as,No Fish,,,,,,206,,
2025,2/13/2025,4:00,Full,15 min,as,No Fish,,,,,,206,,
2025,2/13/2025,4:15,Full,15 min,as,No Fish,,,,,,206,,
2025,2/13/2025,4:30,Full,15 min,as,No Fish,,,,,,206,,
2025,2/13/2025,4:45,Full,15 min,as,No Fish,,,,,,206,,
2025,2/13/2025,5:00,Full,15 min,as,No Fish,,,,,,206,,
2025,2/13/2025,5:15,Full,15 min,as,No Fish,,,,,,206,,
2025,2/13/2025,5:30,Full,15 min,as,No Fish,,,,,,206,,
2025,2/13/2025,5:45,Full,15 min,as,5:54:33,upstream,84.1,3001,9.73,1,206,,
2025,2/13/2025,6:00,Full,15 min,as,No Fish,,,,,,206,,
2025,2/13/2025,6:15,Full,15 min,as,No Fish,,,,,,206,,
2025,2/13/2025,6:30,Full,15 min,as,No Fish,,,,,,206,,
2025,2/13/2025,6:45,Full,15 min,as,6:58:40,downstream,48.1,4290,11.35,1,206,,
2025,2/13/2025,7:00,Full,15 min,as,No Fish,,,,,,206,,
2025,2/13/2025,7:15,Full,15 min,as,No Fish,,,,,,206,,
2025,2/13/2025,7:30,Full,15 min,as,No Fish,,,,,,206,,
2025,2/13/2025,7:45,Full,15 min,as,No Fish,,,,,,206,,
2025,2/13/2025,8:00,Full,15 min,as,No Fish,,,,,,206,,
2025,2/13/2025,8:15,Full,15 min,as,No Fish,,,,,,206,,
2025,2/13/2025,8:30,Full,15 min,as,No Fish,,,,,,206,,
2025,2/13/2025,8:45,Full,15 min,as,No Fish,,,,,,206,,
2025,2/13/2025,9:00,Full,15 min,as,No Fish,,,,,,206,,
2025,2/13/2025,9:15,Full,15 min,as,No Fish,,,,,,206,,
2025,2/13/2025,9:30,Full,15 min,as,No Fish,,,,,,206,,
2025,2/13/2025,9:45,Full,15 min,as,No Fish,,,,,,206,,
2025,2/13/2025,10:00,Full,15 min,as,No Fish,,,,,,206,,
2025,2/13/2025,10:15,Full,15 min,as,No Fish,,,,,,206,,
2025,2/13/2025,10:30,Full,15 min,as,No Fish,,,,,,206,,
2025,2/13/2025,10:45,Full,15 min,as,No Fish,,,,,,206,,
2025,2/13/2025,11:00,Full,15 min,as,No Fish,,,,,,206,,
2025,2/13/2025,11:15,Full,15 min,as,No Fish,,,,,,206,,
2025,2/13/2025,11:30,Full,15 min,as,No Fish,,,,,,206,,
2025,2/13/2025,11:45,Full,15 min,as,No Fish,,,,,,206,,
2025,2/13/2025,12:00,Full,15 min,as,No Fish,,,,,,206,,
2025,2/13/2025,12:15,Full,15 min,as,No Fish,,,,,,206,,
2025,2/13/2025,12:30,Full,15 min,as,No Fish,,,,,,206,,
2025,2/13/2025,12:45,Full,15 min,as,No Fish,,,,,,206,,
2025,2/13/2025,13:00,Full,15 min,as,No Fish,,,,,,206,,
2025,2/13/2025,13:15,Full,15 min,as,No Fish,,,,,,206,,
2025,2/13/2025,13:30,Full,15 min,as,No Fish,,,,,,206,,
2025,2/13/2025,13:45,Full,15 min,as,No Fish,,,,,,206,,
2025,2/13/2025,14:00,Full,15 min,as,No Fish,,,,,,206,,
2025,2/13/2025,14:15,Full,15 min,as,No Fish,,,,,,206,,
2025,2/13/2025,14:30,Full,15 min,as,No Fish,,,,,,206,,
2025,2/13/2025,14:45,Full,15 min,as,No Fish,,,,,,206,,
2025,2/13/2025,15:00,Full,15 min,as,No Fish,,,,,,206,,
2025,2/13/2025,15:15,Full,15 min,as,No Fish,,,,,,206,,
2025,2/13/2025,15:30,Full,15 min,as,No Fish,,,,,,206,,
2025,2/13/2025,15:45,Full,15 min,as,No Fish,,,,,,206,,
2025,2/13/2025,16:00,Full,15 min,as,No Fish,,,,,,206,,
2025,2/13/2025,16:15,Full,15 min,as,No Fish,,,,,,206,,
2025,2/13/2025,16:30,Full,15 min,as,No Fish,,,,,,206,,
2025,2/13/2025,16:45,Full,15 min,as,No Fish,,,,,,206,,
2025,2/13/2025,17:00,Full,15 min,as,No Fish,,,,,,206,,
2025,2/13/2025,17:15,Full,15 min,as,No Fish,,,,,,206,,
2025,2/13/2025,17:30,Full,15 min,as,No Fish,,,,,,206,,
2025,2/13/2025,17:45,Full,15 min,as,No Fish,,,,,,206,,
2025,2/13/2025,18:00,Full,15 min,as,18:12:43,downstream,73.1,4001,6.59,1,206,,
2025,2/13/2025,18:00,Full,15 min,as,18:12:56,upstream,72.4,4070,3.68,1,206,,
2025,2/13/2025,18:00,Full,15 min,as,18:13:57,downstream,75.3,4380,4.21,1,206,,
2025,2/13/2025,18:15,Full,15 min,as,No Fish,,,,,,206,,
2025,2/13/2025,18:30,Full,15 min,as,No Fish,,,,,,206,,
2025,2/13/2025,18:45,Full,15 min,as,No Fish,,,,,,206,,
2025,2/13/2025,19:00,Full,15 min,as,No Fish,,,,,,206,,
2025,2/13/2025,19:15,Full,15 min,as,No Fish,,,,,,206,,
2025,2/13/2025,19:30,Full,15 min,as,19:33:25,upstream,73.3,1072,10.41,1,206,,
2025,2/13/2025,19:45,Full,15 min,as,No Fish,,,,,,206,,
2025,2/13/2025,20:00,Full,15 min,as,20:07:58,downstream,85.9,2519,8.48,1,206,,
2025,2/13/2025,20:15,Full,15 min,as,20:18:53,upstream,76.2,1220,13.23,1,206,,
2025,2/13/2025,20:15,Full,15 min,as,20:25:32,upstream,86.5,3306,8.03,1,206,,
2025,2/13/2025,20:30,Full,15 min,as,No Fish,,,,,,206,,
2025,2/13/2025,20:45,Full,15 min,as,20:54:58,downstream,84.9,3141,12.3,1,206,,
2025,2/13/2025,21:00,Full,15 min,as,No Fish,,,,,,206,,
2025,2/13/2025,21:15,Full,15 min,as,No Fish,,,,,,206,,
2025,2/13/2025,21:30,Full,15 min,as,21:34:41,downstream,84.1,1468,9.84,1,206,,
2025,2/13/2025,21:45,Full,15 min,as,21:46:01,upstream,86.1,310,11.95,1,206,,
2025,2/13/2025,22:00,Full,15 min,as,No Fish,,,,,,206,,
2025,2/13/2025,22:15,Full,15 min,as,No Fish,,,,,,206,,
2025,2/13/2025,22:30,Full,15 min,as,No Fish,,,,,,206,,
2025,2/13/2025,22:45,Full,15 min,as,No Fish,,,,,,206,,
2025,2/13/2025,23:00,Full,15 min,as,No Fish,,,,,,206,,
2025,2/13/2025,23:15,Full,15 min,as,No Fish,,,,,,206,,
2025,2/13/2025,23:30,Full,15 min,as,No Fish,,,,,,206,,
2025,2/13/2025,23:45,Full,15 min,as,No Fish,,,,,,206,,
2025,2/14/2025,0:00,Full,15 min,as,No Fish,,,,,,151,,
2025,2/14/2025,0:15,Full,15 min,as,No Fish,,,,,,151,,
2025,2/14/2025,0:30,Full,15 min,as,No Fish,,,,,,151,,
2025,2/14/2025,0:45,Full,15 min,as,No Fish,,,,,,151,,
2025,2/14/2025,1:00,Full,15 min,as,1:13:34,downstream,47.8,4261,7.71,1,151,,
2025,2/14/2025,1:15,Full,15 min,as,1:27:45,downstream,49.5,4015,8.67,1,151,,
2025,2/14/2025,1:30,Full,15 min,as,1:42:31,downstream,35.6,3930,5.63,1,151,,
2025,2/14/2025,1:45,Full,15 min,as,1:45:56,downstream,86.2,296,8.98,1,151,,
2025,2/14/2025,1:45,Full,15 min,as,1:45:58,downstream,74.4,303,8.81,1,151,,
2025,2/14/2025,2:00,Full,15 min,as,No Fish,,,,,,151,,
2025,2/14/2025,2:15,Full,15 min,as,No Fish,,,,,,151,,
2025,2/14/2025,2:30,Full,15 min,as,No Fish,,,,,,151,,
2025,2/14/2025,2:45,Full,15 min,as,No Fish,,,,,,151,,
2025,2/14/2025,3:00,Full,15 min,as,No Fish,,,,,,151,,
2025,2/14/2025,3:15,Full,15 min,as,No Fish,,,,,,151,,
2025,2/14/2025,3:30,Full,15 min,as,No Fish,,,,,,151,,
2025,2/14/2025,3:45,Full,15 min,as,No Fish,,,,,,151,,
2025,2/14/2025,4:00,Full,15 min,as,No Fish,,,,,,151,,
2025,2/14/2025,4:15,Full,15 min,as,No Fish,,,,,,151,,
2025,2/14/2025,4:30,Full,15 min,as,No Fish,,,,,,151,,
2025,2/14/2025,4:45,Full,15 min,as,No Fish,,,,,,151,,
2025,2/14/2025,5:00,Full,15 min,as,No Fish,,,,,,151,,
2025,2/14/2025,5:15,Full,15 min,as,No Fish,,,,,,151,,
2025,2/14/2025,5:30,Full,15 min,as,No Fish,,,,,,151,,
2025,2/14/2025,5:45,Full,15 min,as,No Fish,,,,,,151,,
2025,2/14/2025,6:00,Full,15 min,as,6:06:05,upstream,85.1,1905,8.35,1,151,,
2025,2/14/2025,6:00,Full,15 min,as,6:06:11,upstream,66.3,1939,9.19,1,151,,
2025,2/14/2025,6:00,Full,15 min,as,6:10:50,downstream,84.2,3397,10.35,1,151,,
2025,2/14/2025,6:00,Full,15 min,as,6:10:51,downstream,65.9,3398,10.62,1,151,,
2025,2/14/2025,6:15,Full,15 min,as,6:25:21,upstream,85,3239,8.2,1,151,,
2025,2/14/2025,6:15,Full,15 min,as,6:25:23,upstream,67.3,3253,10.14,1,151,,
2025,2/14/2025,6:30,Full,15 min,as,No Fish,,,,,,151,,
2025,2/14/2025,6:45,Full,15 min,as,6:49:58,upstream,50.1,1558,15.11,1,151,,
2025,2/14/2025,6:45,Full,15 min,as,6:51:38,downstream,57.5,2087,15.07,1,151,,
2025,2/14/2025,7:00,Full,15 min,as,No Fish,,,,,,151,,
2025,2/14/2025,7:15,Full,15 min,as,No Fish,,,,,,151,,
2025,2/14/2025,7:30,Full,15 min,as,No Fish,,,,,,151,,
2025,2/14/2025,7:45,Full,15 min,as,No Fish,,,,,,151,,
2025,2/14/2025,8:00,Full,15 min,as,No Fish,,,,,,151,,
2025,2/14/2025,8:15,Full,15 min,as,No Fish,,,,,,151,,
2025,2/14/2025,8:30,Full,15 min,as,No Fish,,,,,,151,,
2025,2/14/2025,8:45,Full,15 min,as,No Fish,,,,,,151,,
2025,2/14/2025,9:00,Full,15 min,as,No Fish,,,,,,151,,
2025,2/14/2025,9:15,Full,15 min,as,No Fish,,,,,,151,,
2025,2/14/2025,9:30,Full,15 min,as,No Fish,,,,,,151,,
2025,2/14/2025,9:45,Full,15 min,as,No Fish,,,,,,151,,
2025,2/14/2025,10:00,Full,15 min,as,No Fish,,,,,,151,,
2025,2/14/2025,10:15,Full,15 min,as,No Fish,,,,,,151,,
2025,2/14/2025,10:30,Full,15 min,as,No Fish,,,,,,151,,
2025,2/14/2025,10:45,Full,15 min,as,No Fish,,,,,,151,,
2025,2/14/2025,11:00,Full,15 min,as,No Fish,,,,,,151,,
2025,2/14/2025,11:15,Full,15 min,as,No Fish,,,,,,151,,
2025,2/14/2025,11:30,Full,15 min,as,No Fish,,,,,,151,,
2025,2/14/2025,11:45,Full,15 min,as,No Fish,,,,,,151,,
2025,2/14/2025,12:00,Full,15 min,as,No Fish,,,,,,151,,
2025,2/14/2025,12:15,Full,15 min,as,No Fish,,,,,,151,,
2025,2/14/2025,12:30,Full,15 min,as,No Fish,,,,,,151,,
2025,2/14/2025,12:45,Full,15 min,as,No Fish,,,,,,151,,
2025,2/14/2025,13:00,Full,15 min,as,No Fish,,,,,,151,,
2025,2/14/2025,13:15,Full,15 min,as,No Fish,,,,,,151,,
2025,2/14/2025,13:30,Full,15 min,as,No Fish,,,,,,151,,
2025,2/14/2025,13:45,Full,15 min,as,No Fish,,,,,,151,,
2025,2/14/2025,14:00,Full,15 min,as,No Fish,,,,,,151,,
2025,2/14/2025,14:15,Full,15 min,as,No Fish,,,,,,151,,
2025,2/14/2025,14:30,Full,15 min,as,No Fish,,,,,,151,,
2025,2/14/2025,14:45,Full,15 min,as,No Fish,,,,,,151,,
2025,2/14/2025,15:00,Full,15 min,as,No Fish,,,,,,151,,
2025,2/14/2025,15:15,Full,15 min,as,No Fish,,,,,,151,,
2025,2/14/2025,15:30,Full,15 min,as,No Fish,,,,,,151,,
2025,2/14/2025,15:45,Full,15 min,as,No Fish,,,,,,151,,
2025,2/14/2025,16:00,Full,15 min,as,No Fish,,,,,,151,,
2025,2/14/2025,16:15,Full,15 min,as,No Fish,,,,,,151,,
2025,2/14/2025,16:30,Full,15 min,as,No Fish,,,,,,151,,
2025,2/14/2025,16:45,Full,15 min,as,No Fish,,,,,,151,,
2025,2/14/2025,17:00,Full,15 min,as,No Fish,,,,,,151,,
2025,2/14/2025,17:15,Full,15 min,as,No Fish,,,,,,151,,
2025,2/14/2025,17:30,Full,15 min,as,No Fish,,,,,,151,,
2025,2/14/2025,17:45,Full,15 min,as,No Fish,,,,,,151,,
2025,2/14/2025,18:00,Full,15 min,as,No Fish,,,,,,151,,
2025,2/14/2025,18:15,Full,15 min,as,No Fish,,,,,,151,,
2025,2/14/2025,18:30,Full,15 min,as,No Fish,,,,,,151,,
2025,2/14/2025,18:45,Full,15 min,as,No Fish,,,,,,151,,
2025,2/14/2025,19:00,Full,15 min,as,19:07:36,upstream,62.5,2385,16.32,1,151,,
2025,2/14/2025,19:15,Full,15 min,as,19:26:50,upstream,64.4,3708,14.86,1,151,,
2025,2/14/2025,19:30,Full,15 min,as,19:34:23,downstream,63.5,1365,12.63,1,151,,
2025,2/14/2025,19:45,Full,15 min,as,19:57:18,upstream,47.4,3563,10.21,1,151,,
2025,2/14/2025,20:00,Full,15 min,as,20:03:06,upstream,40,953,9.51,1,151,,
2025,2/14/2025,20:15,Full,15 min,as,20:15:27,downstream,43.5,136,13.17,1,151,,
2025,2/14/2025,20:30,Full,15 min,as,20:40:05,upstream,71.2,3147,12.43,1,151,,
2025,2/14/2025,20:45,Full,15 min,as,No Fish,,,,,,151,,
2025,2/14/2025,21:00,Full,15 min,as,No Fish,,,,,,151,,
2025,2/14/2025,21:15,Full,15 min,as,No Fish,,,,,,151,,
2025,2/14/2025,21:30,Full,15 min,as,No Fish,,,,,,151,,
2025,2/14/2025,21:45,Full,15 min,as,No Fish,,,,,,151,,
2025,2/14/2025,22:00,Full,15 min,as,22:03:10,downstream,55.4,994,16.7,1,151,,
2025,2/14/2025,22:00,Full,15 min,as,22:05:28,downstream,71.4,1718,10.07,1,151,,
2025,2/14/2025,22:15,Full,15 min,as,No Fish,,,,,,151,,
2025,2/14/2025,22:30,Full,15 min,as,No Fish,,,,,,151,,
2025,2/14/2025,22:45,Full,15 min,as,No Fish,,,,,,151,,
2025,2/14/2025,23:00,Full,15 min,as,No Fish,,,,,,151,,
2025,2/14/2025,23:15,Full,15 min,as,No Fish,,,,,,151,,
2025,2/14/2025,23:30,Full,15 min,as,No Fish,,,,,,151,,
2025,2/14/2025,23:45,Full,15 min,as,23:57:44,downstream,78.8,3999,7.1,1,151,,
2025,2/15/2025,0:00,Full,15 min,as,No Fish,,,,,,141,,
2025,2/15/2025,0:15,Full,15 min,as,No Fish,,,,,,141,,
2025,2/15/2025,0:30,Full,15 min,as,No Fish,,,,,,141,,
2025,2/15/2025,0:45,Full,15 min,as,No Fish,,,,,,141,,
2025,2/15/2025,1:00,Full,15 min,as,No Fish,,,,,,141,,
2025,2/15/2025,1:15,Full,15 min,as,No Fish,,,,,,141,,
2025,2/15/2025,1:30,Full,15 min,as,No Fish,,,,,,141,,
2025,2/15/2025,1:45,Full,15 min,as,No Fish,,,,,,141,,
2025,2/15/2025,2:00,Full,15 min,as,No Fish,,,,,,141,,
2025,2/15/2025,2:15,Full,15 min,as,2:17:22,upstream,85.8,738,11.8,1,141,,
2025,2/15/2025,2:30,Full,15 min,as,No Fish,,,,,,141,,
2025,2/15/2025,2:45,Full,15 min,as,No Fish,,,,,,141,,
2025,2/15/2025,3:00,Full,15 min,as,No Fish,,,,,,141,,
2025,2/15/2025,3:15,Full,15 min,as,No Fish,,,,,,141,,
2025,2/15/2025,3:30,Full,15 min,as,No Fish,,,,,,141,,
2025,2/15/2025,3:45,Full,15 min,as,No Fish,,,,,,141,,
2025,2/15/2025,4:00,Full,15 min,as,No Fish,,,,,,141,,
2025,2/15/2025,4:15,Full,15 min,as,No Fish,,,,,,141,,
2025,2/15/2025,4:30,Full,15 min,as,No Fish,,,,,,141,,
2025,2/15/2025,4:45,Full,15 min,as,No Fish,,,,,,141,,
2025,2/15/2025,5:00,Full,15 min,as,No Fish,,,,,,141,,
2025,2/15/2025,5:15,Full,15 min,as,No Fish,,,,,,141,,
2025,2/15/2025,5:30,Full,15 min,as,No Fish,,,,,,141,,
2025,2/15/2025,5:45,Full,15 min,as,No Fish,,,,,,141,,
2025,2/15/2025,6:00,Full,15 min,as,No Fish,,,,,,141,,
2025,2/15/2025,6:15,Full,15 min,as,No Fish,,,,,,141,,
2025,2/15/2025,6:30,Full,15 min,as,6:41:45,downstream,73,3687,11.48,1,141,,
2025,2/15/2025,6:45,Full,15 min,as,No Fish,,,,,,141,,
2025,2/15/2025,7:00,Full,15 min,as,No Fish,,,,,,141,,
2025,2/15/2025,7:15,Full,15 min,as,No Fish,,,,,,141,,
2025,2/15/2025,7:30,Full,15 min,as,No Fish,,,,,,141,,
2025,2/15/2025,7:45,Full,15 min,as,No Fish,,,,,,141,,
2025,2/15/2025,8:00,Full,15 min,as,No Fish,,,,,,141,,
2025,2/15/2025,8:15,Full,15 min,as,No Fish,,,,,,141,,
2025,2/15/2025,8:30,Full,15 min,as,No Fish,,,,,,141,,
2025,2/15/2025,8:45,Full,15 min,as,No Fish,,,,,,141,,
2025,2/15/2025,9:00,Full,15 min,as,No Fish,,,,,,141,,
2025,2/15/2025,9:15,Full,15 min,as,No Fish,,,,,,141,,
2025,2/15/2025,9:30,Full,15 min,as,No Fish,,,,,,141,,
2025,2/15/2025,9:45,Full,15 min,as,No Fish,,,,,,141,,
2025,2/15/2025,10:00,Full,15 min,as,No Fish,,,,,,141,,
2025,2/15/2025,10:15,Full,15 min,as,No Fish,,,,,,141,,
2025,2/15/2025,10:30,Full,15 min,as,No Fish,,,,,,141,,
2025,2/15/2025,10:45,Full,15 min,as,No Fish,,,,,,141,,
2025,2/15/2025,11:00,Full,15 min,as,No Fish,,,,,,141,,
2025,2/15/2025,11:15,Full,15 min,as,No Fish,,,,,,141,,
2025,2/15/2025,11:30,Full,15 min,as,No Fish,,,,,,141,,
2025,2/15/2025,11:45,Full,15 min,as,No Fish,,,,,,141,,
2025,2/15/2025,12:00,Full,15 min,as,No Fish,,,,,,141,,
2025,2/15/2025,12:15,Full,15 min,as,No Fish,,,,,,141,,
2025,2/15/2025,12:30,Full,15 min,as,No Fish,,,,,,141,,
2025,2/15/2025,12:45,Full,15 min,as,No Fish,,,,,,141,,
2025,2/15/2025,13:00,Full,15 min,as,No Fish,,,,,,141,,
2025,2/15/2025,13:15,Full,15 min,as,No Fish,,,,,,141,,
2025,2/15/2025,13:30,Full,15 min,as,No Fish,,,,,,141,,
2025,2/15/2025,13:45,Full,15 min,as,No Fish,,,,,,141,,
2025,2/15/2025,14:00,Full,15 min,as,No Fish,,,,,,141,,
2025,2/15/2025,14:15,Full,15 min,as,No Fish,,,,,,141,,
2025,2/15/2025,14:30,Full,15 min,as,No Fish,,,,,,141,,
2025,2/15/2025,14:45,Full,15 min,as,No Fish,,,,,,141,,
2025,2/15/2025,15:00,Full,15 min,as,No Fish,,,,,,141,,
2025,2/15/2025,15:15,Full,15 min,as,No Fish,,,,,,141,,
2025,2/15/2025,15:30,Full,15 min,as,No Fish,,,,,,141,,
2025,2/15/2025,15:45,Full,15 min,as,No Fish,,,,,,141,,
2025,2/15/2025,16:00,Full,15 min,as,No Fish,,,,,,141,,
2025,2/15/2025,16:15,Full,15 min,as,No Fish,,,,,,141,,
2025,2/15/2025,16:30,Full,15 min,as,No Fish,,,,,,141,,
2025,2/15/2025,16:45,Full,15 min,as,No Fish,,,,,,141,,
2025,2/15/2025,17:00,Full,15 min,as,No Fish,,,,,,141,,
2025,2/15/2025,17:15,Full,15 min,as,No Fish,,,,,,141,,
2025,2/15/2025,17:30,Full,15 min,as,No Fish,,,,,,141,,
2025,2/15/2025,17:45,Full,15 min,as,No Fish,,,,,,141,,
2025,2/15/2025,18:00,Full,15 min,as,No Fish,,,,,,141,,
2025,2/15/2025,18:15,Full,15 min,as,No Fish,,,,,,141,,
2025,2/15/2025,18:30,Full,15 min,as,No Fish,,,,,,141,,
2025,2/15/2025,18:45,Full,15 min,as,No Fish,,,,,,141,,
2025,2/15/2025,19:00,Full,15 min,as,19:02:42,downstream,49,845,9.4,1,141,,
2025,2/15/2025,19:15,Full,15 min,as,No Fish,,,,,,141,,
2025,2/15/2025,19:30,Full,15 min,as,19:38:27,upstream,76.1,2656,14.52,1,141,,
2025,2/15/2025,19:45,Full,15 min,as,No Fish,,,,,,141,,
2025,2/15/2025,20:00,Full,15 min,as,20:09:25,upstream,64.5,2963,6.87,1,141,,
2025,2/15/2025,20:15,Full,15 min,as,20:16:15,upstream,66.1,375,10.16,1,141,,
2025,2/15/2025,20:15,Full,15 min,as,20:25:49,downstream,74.6,3388,10.7,1,141,,
2025,2/15/2025,20:15,Full,15 min,as,20:25:51,downstream,74.6,3394,10.97,1,141,,
2025,2/15/2025,20:30,Full,15 min,as,No Fish,,,,,,141,,
2025,2/15/2025,20:45,Full,15 min,as,No Fish,,,,,,141,,
2025,2/15/2025,21:00,Full,15 min,as,No Fish,,,,,,141,,
2025,2/15/2025,21:15,Full,15 min,as,No Fish,,,,,,141,,
2025,2/15/2025,21:30,Full,15 min,as,No Fish,,,,,,141,,
2025,2/15/2025,21:45,Full,15 min,as,No Fish,,,,,,141,,
2025,2/15/2025,22:00,Full,15 min,as,No Fish,,,,,,141,,
2025,2/15/2025,22:15,Full,15 min,as,No Fish,,,,,,141,,
2025,2/15/2025,22:30,Full,15 min,as,No Fish,,,,,,141,,
2025,2/15/2025,22:45,Full,15 min,as,No Fish,,,,,,141,,
2025,2/15/2025,23:00,Full,15 min,as,No Fish,,,,,,141,,
2025,2/15/2025,23:15,Full,15 min,as,No Fish,,,,,,141,,
2025,2/15/2025,23:30,Full,15 min,as,No Fish,,,,,,141,,
2025,2/15/2025,23:45,Full,15 min,as,No Fish,,,,,,141,,
2025,2/22/2025,0:00,Full,15 min,as,No Fish,,,,,,284,,
2025,2/22/2025,0:15,Full,15 min,as,No Fish,,,,,,284,,
2025,2/22/2025,0:30,Full,15 min,as,No Fish,,,,,,284,,
2025,2/22/2025,0:45,Full,15 min,as,No Fish,,,,,,284,,
2025,2/22/2025,1:00,Full,15 min,as,No Fish,,,,,,284,,
2025,2/22/2025,1:15,Full,15 min,as,No Fish,,,,,,284,,
2025,2/22/2025,1:30,Full,15 min,as,1:34:02,upstream,66.1,1302,10.31,1,284,,
2025,2/22/2025,1:45,Full,15 min,as,No Fish,,,,,,284,,
2025,2/22/2025,2:00,Full,15 min,as,2:02:45,upstream,69.9,881,13.68,1,284,,
2025,2/22/2025,2:15,Full,15 min,as,No Fish,,,,,,284,,
2025,2/22/2025,2:30,Full,15 min,as,2:32:11,downstream,69.1,698,14.31,1,284,,
2025,2/22/2025,2:45,Full,15 min,as,2:47:41,upstream,81.6,869,9.71,1,284,,
2025,2/22/2025,3:00,Full,15 min,as,3:08:52,downstream,80.9,2869,10.76,1,284,,
2025,2/22/2025,3:15,Full,15 min,as,No Fish,,,,,,284,,
2025,2/22/2025,3:30,Full,15 min,as,No Fish,,,,,,284,,
2025,2/22/2025,3:45,Full,15 min,as,No Fish,,,,,,284,,
2025,2/22/2025,4:00,Full,15 min,as,No Fish,,,,,,284,,
2025,2/22/2025,4:15,Full,15 min,as,4:17:32,upstream,70.9,814,15.41,1,284,,
2025,2/22/2025,4:30,Full,15 min,as,4:44:06,upstream,39.1,4546,15.27,1,284,,
2025,2/22/2025,4:45,Full,15 min,as,4:45:27,downstream,73.4,138,14.18,1,284,,
2025,2/22/2025,4:45,Full,15 min,as,4:52:05,downstream,70.6,2285,16.07,1,284,,
2025,2/22/2025,5:00,Full,15 min,as,No Fish,,,,,,284,,
2025,2/22/2025,5:15,Full,15 min,as,No Fish,,,,,,284,,
2025,2/22/2025,5:30,Full,15 min,as,No Fish,,,,,,284,,
2025,2/22/2025,5:45,Full,15 min,as,No Fish,,,,,,284,,
2025,2/22/2025,6:00,Full,15 min,as,No Fish,,,,,,284,,
2025,2/22/2025,6:15,Full,15 min,as,No Fish,,,,,,284,,
2025,2/22/2025,6:30,Full,15 min,as,6:33:38,downstream,74.5,1168,10.27,1,284,,
2025,2/22/2025,6:30,Full,15 min,as,6:33:39,downstream,78.2,1172,10.57,1,284,,
2025,2/22/2025,6:45,Full,15 min,as,6:48:51,upstream,77.9,1240,11.13,1,284,,
2025,2/22/2025,7:00,Full,15 min,as,No Fish,,,,,,284,,
2025,2/22/2025,7:15,Full,15 min,as,No Fish,,,,,,284,,
2025,2/22/2025,7:30,Full,15 min,as,No Fish,,,,,,284,,
2025,2/22/2025,7:45,Full,15 min,as,No Fish,,,,,,284,,
2025,2/22/2025,8:00,Full,15 min,as,No Fish,,,,,,284,,
2025,2/22/2025,8:15,Full,15 min,as,No Fish,,,,,,284,,
2025,2/22/2025,8:30,Full,15 min,as,No Fish,,,,,,284,,
2025,2/22/2025,8:45,Full,15 min,as,No Fish,,,,,,284,,
2025,2/22/2025,9:00,Full,15 min,as,No Fish,,,,,,284,,
2025,2/22/2025,9:15,Full,15 min,as,No Fish,,,,,,284,,
2025,2/22/2025,9:30,Full,15 min,as,No Fish,,,,,,284,,
2025,2/22/2025,9:45,Full,15 min,as,No Fish,,,,,,284,,
2025,2/22/2025,10:00,Full,15 min,as,No Fish,,,,,,284,,
2025,2/22/2025,10:15,Full,15 min,as,No Fish,,,,,,284,,
2025,2/22/2025,10:30,Full,15 min,as,No Fish,,,,,,284,,
2025,2/22/2025,10:45,Full,15 min,as,No Fish,,,,,,284,,
2025,2/22/2025,11:00,Full,15 min,as,No Fish,,,,,,284,,
2025,2/22/2025,11:15,Full,15 min,as,No Fish,,,,,,284,,
2025,2/22/2025,11:30,Full,15 min,as,No Fish,,,,,,284,,
2025,2/22/2025,11:45,Full,15 min,as,No Fish,,,,,,284,,
2025,2/22/2025,12:00,Full,15 min,as,No Fish,,,,,,284,,
2025,2/22/2025,12:15,Full,15 min,as,No Fish,,,,,,284,,
2025,2/22/2025,12:30,Full,15 min,as,No Fish,,,,,,284,,
2025,2/22/2025,12:45,Full,15 min,as,No Fish,,,,,,284,,
2025,2/22/2025,13:00,Full,15 min,as,No Fish,,,,,,284,,
2025,2/22/2025,13:15,Full,15 min,as,No Fish,,,,,,284,,
2025,2/22/2025,13:30,Full,15 min,as,No Fish,,,,,,284,,
2025,2/22/2025,13:45,Full,15 min,as,No Fish,,,,,,284,,
2025,2/22/2025,14:00,Full,15 min,as,No Fish,,,,,,284,,
2025,2/22/2025,14:15,Full,15 min,as,No Fish,,,,,,284,,
2025,2/22/2025,14:30,Full,15 min,as,No Fish,,,,,,284,,
2025,2/22/2025,14:45,Full,15 min,as,No Fish,,,,,,284,,
2025,2/22/2025,15:00,Full,15 min,as,No Fish,,,,,,284,,
2025,2/22/2025,15:15,Full,15 min,as,No Fish,,,,,,284,,
2025,2/22/2025,15:30,Full,15 min,as,No Fish,,,,,,284,,
2025,2/22/2025,15:45,Full,15 min,as,No Fish,,,,,,284,,
2025,2/22/2025,16:00,Full,15 min,as,No Fish,,,,,,284,,
2025,2/22/2025,16:15,Full,15 min,as,No Fish,,,,,,284,,
2025,2/22/2025,16:30,Full,15 min,as,No Fish,,,,,,284,,
2025,2/22/2025,16:45,Full,15 min,as,No Fish,,,,,,284,,
2025,2/22/2025,17:00,Full,15 min,as,No Fish,,,,,,284,,
2025,2/22/2025,17:15,Full,15 min,as,No Fish,,,,,,284,,
2025,2/22/2025,17:30,Full,15 min,as,No Fish,,,,,,284,,
2025,2/22/2025,17:45,Full,15 min,as,No Fish,,,,,,284,,
2025,2/22/2025,18:00,Full,15 min,as,18:06:04,upstream,54,1964,13.42,1,284,,
2025,2/22/2025,18:15,Full,15 min,as,No Fish,,,,,,284,,
2025,2/22/2025,18:30,Full,15 min,as,No Fish,,,,,,284,,
2025,2/22/2025,18:45,Full,15 min,as,18:46:00,upstream,63.9,321,8.76,1,284,,
2025,2/22/2025,19:00,Full,15 min,as,19:03:43,downstream,43.5,1202,13.17,1,284,,
2025,2/22/2025,19:00,Full,15 min,as,19:14:30,upstream,74,4689,16.51,1,284,,
2025,2/22/2025,19:15,Full,15 min,as,No Fish,,,,,,284,,
2025,2/22/2025,19:30,Full,15 min,as,19:36:21,upstream,72.9,2057,12.51,1,284,,
2025,2/22/2025,19:30,Full,15 min,as,19:39:41,downstream,75.1,3137,12.54,1,284,,
2025,2/22/2025,19:30,Full,15 min,as,19:39:43,downstream,70.5,3150,13,1,284,,
2025,2/22/2025,19:30,Full,15 min,as,19:39:44,downstream,64.1,3157,13.29,1,284,,
2025,2/22/2025,19:30,Full,15 min,as,19:43:50,upstream,72,4493,15.22,1,284,,
2025,2/22/2025,19:45,Full,15 min,as,19:45:05,upstream,76.7,25,15.79,1,284,,
2025,2/22/2025,19:45,Full,15 min,as,19:52:15,downstream,73,2348,14.76,1,284,,
2025,2/22/2025,20:00,Full,15 min,as,No Fish,,,,,,284,,
2025,2/22/2025,20:15,Full,15 min,as,No Fish,,,,,,284,,
2025,2/22/2025,20:30,Full,15 min,as,No Fish,,,,,,284,,
2025,2/22/2025,20:45,Full,15 min,as,No Fish,,,,,,284,,
2025,2/22/2025,21:00,Full,15 min,as,21:01:54,upstream,66.5,615,17.3,1,284,,
2025,2/22/2025,21:15,Full,15 min,as,No Fish,,,,,,284,,
2025,2/22/2025,21:30,Full,15 min,as,21:43:28,downstream,52.9,4355,14.96,1,284,,
2025,2/22/2025,21:45,Full,15 min,as,21:54:06,downstream,66.8,2953,17.19,1,284,,
2025,2/22/2025,22:00,Full,15 min,as,No Fish,,,,,,284,,
2025,2/22/2025,22:15,Full,15 min,as,No Fish,,,,,,284,,
2025,2/22/2025,22:30,Full,15 min,as,22:44:41,upstream,70,4755,12.63,1,284,,
2025,2/22/2025,22:45,Full,15 min,as,22:48:24,upstream,69.3,1099,10.88,1,284,,
2025,2/22/2025,22:45,Full,15 min,as,22:59:19,upstream,64.9,4641,12.99,1,284,,
2025,2/22/2025,23:00,Full,15 min,as,23:06:57,downstream,72.3,2247,14.3,1,284,,
2025,2/22/2025,23:00,Full,15 min,as,23:10:10,upstream,69.3,3289,13.15,1,284,,
2025,2/22/2025,23:00,Full,15 min,as,23:11:42,downstream,72.3,3784,12.92,1,284,,
2025,2/22/2025,23:00,Full,15 min,as,23:13:02,downstream,68.7,4211,11.84,1,284,,
2025,2/22/2025,23:15,Full,15 min,as,23:15:12,upstream,69,63,8.84,1,284,,
2025,2/22/2025,23:15,Full,15 min,as,23:16:49,downstream,69.1,583,13.1,1,284,,
2025,2/22/2025,23:15,Full,15 min,as,23:18:52,upstream,70.8,1246,9.31,1,284,,
2025,2/22/2025,23:30,Full,15 min,as,No Fish,,,,,,284,,
2025,2/22/2025,23:45,Full,15 min,as,No Fish,,,,,,284,,
2025,2/23/2025,0:00,Full,15 min,as,No Fish,,,,,,346,,
2025,2/23/2025,0:15,Full,15 min,as,No Fish,,,,,,346,,
2025,2/23/2025,0:30,Full,15 min,as,0:35:40,downstream,69.1,1833,14.21,1,346,,
2025,2/23/2025,0:30,Full,15 min,as,0:40:04,upstream,76.1,3258,8.28,1,346,,
2025,2/23/2025,0:45,Full,15 min,as,0:59:43,upstream,68.3,4756,14.41,1,346,,
2025,2/23/2025,1:00,Full,15 min,as,No Fish,,,,,,346,,
2025,2/23/2025,1:15,Full,15 min,as,No Fish,,,,,,346,,
2025,2/23/2025,1:30,Full,15 min,as,1:35:22,upstream,68,1733,9.64,1,346,,
2025,2/23/2025,1:30,Full,15 min,as,1:37:40,downstream,69.8,2475,14.21,1,346,,
2025,2/23/2025,1:30,Full,15 min,as,1:39:35,upstream,68.6,3094,3.57,1,346,,
2025,2/23/2025,1:30,Full,15 min,as,1:39:41,upstream,70.8,3123,9.56,1,346,,
2025,2/23/2025,1:45,Full,15 min,as,1:46:35,upstream,55.4,506,17.97,1,346,,
2025,2/23/2025,2:00,Full,15 min,as,2:12:11,upstream,73.7,3955,14.74,1,346,,
2025,2/23/2025,2:15,Full,15 min,as,2:16:08,downstream,73.6,365,10,1,346,,
2025,2/23/2025,2:15,Full,15 min,as,2:16:09,upstream,71.8,640,10.26,1,346,,
2025,2/23/2025,2:30,Full,15 min,as,2:30:29,upstream,65.6,147,15.14,1,346,,
2025,2/23/2025,2:30,Full,15 min,as,2:32:18,downstream,63.4,742,12.18,1,346,,
2025,2/23/2025,2:45,Full,15 min,as,2:50:53,upstream,63.9,1902,5.58,1,346,,
2025,2/23/2025,2:45,Full,15 min,as,2:51:43,upstream,66.4,2172,7.95,1,346,,
2025,2/23/2025,3:00,Full,15 min,as,No Fish,,,,,,346,,
2025,2/23/2025,3:15,Full,15 min,as,No Fish,,,,,,346,,
2025,2/23/2025,3:30,Full,15 min,as,3:36:58,upstream,75.5,2255,14.14,1,346,,
2025,2/23/2025,3:30,Full,15 min,as,3:42:47,upstream,76.3,4141,4.09,1,346,,
2025,2/23/2025,3:45,Full,15 min,as,3:57:03,upstream,66.5,3889,7.76,1,346,,
2025,2/23/2025,4:00,Full,15 min,as,4:03:09,downstream,76,1014,17.48,1,346,,
2025,2/23/2025,4:15,Full,15 min,as,No Fish,,,,,,346,,
2025,2/23/2025,4:30,Full,15 min,as,4:32:21,downstream,42.9,750,6.3,1,346,,
2025,2/23/2025,4:45,Full,15 min,as,4:49:13,upstream,76.1,1351,4.4,1,346,,
2025,2/23/2025,5:00,Full,15 min,as,No Fish,,,,,,346,,
2025,2/23/2025,5:15,Full,15 min,as,No Fish,,,,,,346,,
2025,2/23/2025,5:30,Full,15 min,as,No Fish,,,,,,346,,
2025,2/23/2025,5:45,Full,15 min,as,No Fish,,,,,,346,,
2025,2/23/2025,6:00,Full,15 min,as,6:09:55,downstream,51.1,3211,14.08,1,346,,
2025,2/23/2025,6:15,Full,15 min,as,No Fish,,,,,,346,,
2025,2/23/2025,6:30,Full,15 min,as,6:44:35,downstream,75.2,4718,6.85,1,346,,
2025,2/23/2025,6:45,Full,15 min,as,6:45:07,upstream,65.4,35,5.29,1,346,,
2025,2/23/2025,6:45,Full,15 min,as,6:47:48,downstream,73.3,897,14.29,1,346,,
2025,2/23/2025,7:00,Full,15 min,as,No Fish,,,,,,346,,
2025,2/23/2025,7:15,Full,15 min,as,No Fish,,,,,,346,,
2025,2/23/2025,7:30,Full,15 min,as,No Fish,,,,,,346,,
2025,2/23/2025,7:45,Full,15 min,as,7:52:39,downstream,63,2471,5.02,1,346,,
2025,2/23/2025,8:00,Full,15 min,as,No Fish,,,,,,346,,
2025,2/23/2025,8:15,Full,15 min,as,8:29:16,upstream,66.7,4609,8.47,1,346,,
2025,2/23/2025,8:30,Full,15 min,as,No Fish,,,,,,346,,
2025,2/23/2025,8:45,Full,15 min,as,No Fish,,,,,,346,,
2025,2/23/2025,9:00,Full,15 min,as,No Fish,,,,,,346,,
2025,2/23/2025,9:15,Full,15 min,as,No Fish,,,,,,346,,
2025,2/23/2025,9:30,Full,15 min,as,No Fish,,,,,,346,,
2025,2/23/2025,9:45,Full,15 min,as,No Fish,,,,,,346,,
2025,2/23/2025,10:00,Full,15 min,as,No Fish,,,,,,346,,
2025,2/23/2025,10:15,Full,15 min,as,No Fish,,,,,,346,,
2025,2/23/2025,10:30,Full,15 min,as,No Fish,,,,,,346,,
2025,2/23/2025,10:45,Full,15 min,as,No Fish,,,,,,346,,
2025,2/23/2025,11:00,Full,15 min,as,No Fish,,,,,,346,,
2025,2/23/2025,11:15,Full,15 min,as,No Fish,,,,,,346,,
2025,2/23/2025,11:30,Full,15 min,as,11:43:45,downstream,43.6,4436,13.71,1,346,,
2025,2/23/2025,11:45,Full,15 min,as,No Fish,,,,,,346,,
2025,2/23/2025,12:00,Full,15 min,as,No Fish,,,,,,346,,
2025,2/23/2025,12:15,Full,15 min,as,No Fish,,,,,,346,,
2025,2/23/2025,12:30,Full,15 min,as,No Fish,,,,,,346,,
2025,2/23/2025,12:45,Full,15 min,as,No Fish,,,,,,346,,
2025,2/23/2025,13:00,Full,15 min,as,No Fish,,,,,,346,,
2025,2/23/2025,13:15,Full,15 min,as,No Fish,,,,,,346,,
2025,2/23/2025,13:30,Full,15 min,as,13:35:16,upstream,67.1,1701,14.44,1,346,,
2025,2/23/2025,13:45,Full,15 min,as,No Fish,,,,,,346,,
2025,2/23/2025,14:00,Full,15 min,as,No Fish,,,,,,346,,
2025,2/23/2025,14:15,Full,15 min,as,No Fish,,,,,,346,,
2025,2/23/2025,14:30,Full,15 min,as,No Fish,,,,,,346,,
2025,2/23/2025,14:45,Full,15 min,as,14:45:47,upstream,66.1,248,14.1,1,346,,
2025,2/23/2025,15:00,Full,15 min,as,No Fish,,,,,,346,,
2025,2/23/2025,15:15,Full,15 min,as,No Fish,,,,,,346,,
2025,2/23/2025,15:30,Full,15 min,as,No Fish,,,,,,346,,
2025,2/23/2025,15:45,Full,15 min,as,No Fish,,,,,,346,,
2025,2/23/2025,16:00,Full,15 min,as,No Fish,,,,,,346,,
2025,2/23/2025,16:15,Full,15 min,as,No Fish,,,,,,346,,
2025,2/23/2025,16:30,Full,15 min,as,No Fish,,,,,,346,,
2025,2/23/2025,16:45,Full,15 min,as,No Fish,,,,,,346,,
2025,2/23/2025,17:00,Full,15 min,as,No Fish,,,,,,346,,
2025,2/23/2025,17:15,Full,15 min,as,No Fish,,,,,,346,,
2025,2/23/2025,17:30,Full,15 min,as,No Fish,,,,,,346,,
2025,2/23/2025,17:45,Full,15 min,as,No Fish,,,,,,346,,
2025,2/23/2025,18:00,Full,15 min,as,No Fish,,,,,,346,,
2025,2/23/2025,18:15,Full,15 min,as,No Fish,,,,,,346,,
2025,2/23/2025,18:30,Full,15 min,as,No Fish,,,,,,346,,
2025,2/23/2025,18:45,Full,15 min,as,18:54:38,upstream,68,3130,7.73,1,346,,
2025,2/23/2025,19:00,Full,15 min,as,19:04:39,downstream,65.8,1504,9.95,1,346,,
2025,2/23/2025,19:00,Full,15 min,as,19:12:10,upstream,66.5,3947,6.95,1,346,,
2025,2/23/2025,19:00,Full,15 min,as,19:14:04,downstream,68.3,4569,9.83,1,346,,
2025,2/23/2025,19:00,Full,15 min,as,19:14:37,upstream,68.4,4747,3.76,1,346,,
2025,2/23/2025,19:15,Full,15 min,as,19:15:59,downstream,68,314,7.42,1,346,,
2025,2/23/2025,19:30,Full,15 min,as,19:30:55,downstream,66.9,292,16.57,1,346,,
2025,2/23/2025,19:45,Full,15 min,as,No Fish,,,,,,346,,
2025,2/23/2025,20:00,Full,15 min,as,20:11:45,downstream,49.5,3805,7.9,1,346,,
2025,2/23/2025,20:15,Full,15 min,as,No Fish,,,,,,346,,
2025,2/23/2025,20:30,Full,15 min,as,No Fish,,,,,,346,,
2025,2/23/2025,20:45,Full,15 min,as,No Fish,,,,,,346,,
2025,2/23/2025,21:00,Full,15 min,as,No Fish,,,,,,346,,
2025,2/23/2025,21:15,Full,15 min,as,21:25:20,upstream,52.6,3337,18.72,1,346,,
2025,2/23/2025,21:30,Full,15 min,as,No Fish,,,,,,346,,
2025,2/23/2025,21:45,Full,15 min,as,No Fish,,,,,,346,,
2025,2/23/2025,22:00,Full,15 min,as,No Fish,,,,,,346,,
2025,2/23/2025,22:15,Full,15 min,as,No Fish,,,,,,346,,
2025,2/23/2025,22:30,Full,15 min,as,22:43:44,upstream,48.4,4450,19.39,1,346,,
2025,2/23/2025,22:45,Full,15 min,as,No Fish,,,,,,346,,
2025,2/23/2025,23:00,Full,15 min,as,23:08:16,upstream,82.1,2683,14.67,1,346,,
2025,2/23/2025,23:15,Full,15 min,as,No Fish,,,,,,346,,
2025,2/23/2025,23:30,Full,15 min,as,No Fish,,,,,,346,,
2025,2/23/2025,23:45,Full,15 min,as,23:58:05,downstream,70.1,4223,6.04,1,346,,
2025,2/24/2025,0:00,Full,15 min,as,No Fish,,,,,,398,,
2025,2/24/2025,0:15,Full,15 min,as,No Fish,,,,,,398,,
2025,2/24/2025,0:30,Full,15 min,as,No Fish,,,,,,398,,
2025,2/24/2025,0:45,Full,15 min,as,No Fish,,,,,,398,,
2025,2/24/2025,1:00,Full,15 min,as,1:07:07,downstream,51.6,2309,7.61,1,398,,
2025,2/24/2025,1:15,Full,15 min,as,No Fish,,,,,,398,,
2025,2/24/2025,1:30,Full,15 min,as,No Fish,,,,,,398,,
2025,2/24/2025,1:45,Full,15 min,as,No Fish,,,,,,398,,
2025,2/24/2025,2:00,Full,15 min,as,No Fish,,,,,,398,,
2025,2/24/2025,2:15,Full,15 min,as,No Fish,,,,,,398,,
2025,2/24/2025,2:30,Full,15 min,as,No Fish,,,,,,398,,
2025,2/24/2025,2:45,Full,15 min,as,2:51:47,downstream,48,2171,12.31,1,398,,
2025,2/24/2025,2:45,Full,15 min,as,2:55:40,downstream,69,3425,11.08,1,398,,
2025,2/24/2025,3:00,Full,15 min,as,No Fish,,,,,,398,,
2025,2/24/2025,3:15,Full,15 min,as,No Fish,,,,,,398,,
2025,2/24/2025,3:30,Full,15 min,as,No Fish,,,,,,398,,
2025,2/24/2025,3:45,Full,15 min,as,3:46:35,downstream,74,506,11.66,1,398,,
2025,2/24/2025,4:00,Full,15 min,as,No Fish,,,,,,398,,
2025,2/24/2025,4:15,Full,15 min,as,No Fish,,,,,,398,,
2025,2/24/2025,4:30,Full,15 min,as,No Fish,,,,,,398,,
2025,2/24/2025,4:45,Full,15 min,as,4:51:56,upstream,132.3,2244,14.76,3,398,seal,
2025,2/24/2025,4:45,Full,15 min,as,4:56:53,downstream,139.9,3846,13.61,3,398,seal,
2025,2/24/2025,5:00,Full,15 min,as,5:14:11,downstream,58,4573,6.13,1,398,,
2025,2/24/2025,5:15,Full,15 min,as,No Fish,,,,,,398,,
2025,2/24/2025,5:30,Full,15 min,as,No Fish,,,,,,398,,
2025,2/24/2025,5:45,Full,15 min,as,No Fish,,,,,,398,,
2025,2/24/2025,6:00,Full,15 min,as,No Fish,,,,,,398,,
2025,2/24/2025,6:15,Full,15 min,as,No Fish,,,,,,398,,
2025,2/24/2025,6:30,Full,15 min,as,6:34:05,downstream,54.3,1319,12.03,1,398,,
2025,2/24/2025,6:45,Full,15 min,as,6:51:44,downstream,51.1,2164,8.5,1,398,,
2025,2/24/2025,7:00,Full,15 min,as,No Fish,,,,,,398,,
2025,2/24/2025,7:15,Full,15 min,as,No Fish,,,,,,398,,
2025,2/24/2025,7:30,Full,15 min,as,No Fish,,,,,,398,,
2025,2/24/2025,7:45,Full,15 min,as,No Fish,,,,,,398,,
2025,2/24/2025,8:00,Full,15 min,as,8:06:51,upstream,75.3,2216,12.62,1,398,,
2025,2/24/2025,8:15,Full,15 min,as,No Fish,,,,,,398,,
2025,2/24/2025,8:30,Full,15 min,as,No Fish,,,,,,398,,
2025,2/24/2025,8:45,Full,15 min,as,No Fish,,,,,,398,,
2025,2/24/2025,9:00,Full,15 min,as,9:14:34,upstream,63.7,4726,4.09,1,398,,
2025,2/24/2025,9:15,Full,15 min,as,9:20:01,downstream,74,1624,10.98,1,398,,
2025,2/24/2025,9:30,Full,15 min,as,No Fish,,,,,,398,,
2025,2/24/2025,9:45,Full,15 min,as,No Fish,,,,,,398,,
2025,2/24/2025,10:00,Full,15 min,as,No Fish,,,,,,398,,
2025,2/24/2025,10:15,Full,15 min,as,No Fish,,,,,,398,,
2025,2/24/2025,10:30,Full,15 min,as,No Fish,,,,,,398,,
2025,2/24/2025,10:45,Full,15 min,as,10:55:33,upstream,67.2,3427,13.14,1,398,,
2025,2/24/2025,11:00,Full,15 min,as,11:12:55,downstream,67.1,4196,10.35,1,398,,
2025,2/24/2025,11:15,Full,15 min,as,11:20:30,upstream,68.8,1783,5.73,1,398,,
2025,2/24/2025,11:30,Full,15 min,as,No Fish,,,,,,398,,
2025,2/24/2025,11:45,Full,15 min,as,No Fish,,,,,,398,,
2025,2/24/2025,12:00,Full,15 min,as,No Fish,,,,,,398,,
2025,2/24/2025,12:15,Full,15 min,as,12:29:31,downstream,67.6,4699,11.38,1,398,,
2025,2/24/2025,12:30,Full,15 min,as,No Fish,,,,,,398,,
2025,2/24/2025,12:45,Full,15 min,as,No Fish,,,,,,398,,
2025,2/24/2025,13:00,Full,15 min,as,No Fish,,,,,,398,,
2025,2/24/2025,13:15,Full,15 min,as,No Fish,,,,,,398,,
2025,2/24/2025,13:30,Full,15 min,as,No Fish,,,,,,398,,
2025,2/24/2025,13:45,Full,15 min,as,No Fish,,,,,,398,,
2025,2/24/2025,14:00,No Data,No Data,as,No Fish,,,,,,398,,
2025,2/24/2025,14:15,No Data,No Data,as,No Fish,,,,,,398,,
2025,2/24/2025,14:30,Full,15 min,as,No Fish,,,,,,398,,
2025,2/24/2025,14:45,Full,15 min,as,No Fish,,,,,,398,,
2025,2/24/2025,15:00,Full,15 min,as,No Fish,,,,,,398,,
2025,2/24/2025,15:15,Full,15 min,as,No Fish,,,,,,398,,
2025,2/24/2025,15:30,Full,15 min,as,No Fish,,,,,,398,,
2025,2/24/2025,15:45,Full,15 min,as,No Fish,,,,,,398,,
2025,2/24/2025,16:00,Full,15 min,as,No Fish,,,,,,398,,
2025,2/24/2025,16:15,Full,15 min,as,No Fish,,,,,,398,,
2025,2/24/2025,16:30,Full,15 min,as,No Fish,,,,,,398,,
2025,2/24/2025,16:45,Full,15 min,as,No Fish,,,,,,398,,
2025,2/24/2025,17:00,Full,15 min,as,No Fish,,,,,,398,,
2025,2/24/2025,17:15,Full,15 min,as,No Fish,,,,,,398,,
2025,2/24/2025,17:30,Full,15 min,as,No Fish,,,,,,398,,
2025,2/24/2025,17:45,Full,15 min,as,No Fish,,,,,,398,,
2025,2/24/2025,18:00,Full,15 min,as,No Fish,,,,,,398,,
2025,2/24/2025,18:15,Full,15 min,as,No Fish,,,,,,398,,
2025,2/24/2025,18:30,Full,15 min,as,18:38:16,upstream,49.8,2656,19.45,1,398,,
2025,2/24/2025,18:45,Full,15 min,as,No Fish,,,,,,398,,
2025,2/24/2025,19:00,Full,15 min,as,No Fish,,,,,,398,,
2025,2/24/2025,19:15,Full,15 min,as,No Fish,,,,,,398,,
2025,2/24/2025,19:30,Full,15 min,as,No Fish,,,,,,398,,
2025,2/24/2025,19:45,Full,15 min,as,No Fish,,,,,,398,,
2025,2/24/2025,20:00,Full,15 min,as,No Fish,,,,,,398,,
2025,2/24/2025,20:15,Full,15 min,as,No Fish,,,,,,398,,
2025,2/24/2025,20:30,Full,15 min,as,20:32:50,upstream,67.6,911,15.78,1,398,,
2025,2/24/2025,20:45,Full,15 min,as,No Fish,,,,,,398,,
2025,2/24/2025,21:00,Full,15 min,as,No Fish,,,,,,398,,
2025,2/24/2025,21:15,Full,15 min,as,21:18:01,upstream,64.7,968,9.23,1,398,,
2025,2/24/2025,21:30,Full,15 min,as,No Fish,,,,,,398,,
2025,2/24/2025,21:45,Full,15 min,as,No Fish,,,,,,398,,
2025,2/24/2025,22:00,Full,15 min,as,No Fish,,,,,,398,,
2025,2/24/2025,22:15,Full,15 min,as,No Fish,,,,,,398,,
2025,2/24/2025,22:30,Full,15 min,as,No Fish,,,,,,398,,
2025,2/24/2025,22:45,Full,15 min,as,No Fish,,,,,,398,,
2025,2/24/2025,23:00,Full,15 min,as,No Fish,,,,,,398,,
2025,2/24/2025,23:15,Full,15 min,as,23:19:07,upstream,64.4,1318,9.51,1,398,,
2025,2/24/2025,23:30,Full,15 min,as,No Fish,,,,,,398,,
2025,2/24/2025,23:45,Full,15 min,as,No Fish,,,,,,398,,
2025,2/28/2025,0:00,Full,15 min,as,0:05:06,upstream,56.6,1615,3.86,1,,,
2025,2/28/2025,0:15,Full,15 min,as,No Fish,,,,,,,,
2025,2/28/2025,0:30,Full,15 min,as,No Fish,,,,,,,,
2025,2/28/2025,0:45,Full,15 min,as,No Fish,,,,,,,,
2025,2/28/2025,1:00,Full,15 min,as,No Fish,,,,,,,,
2025,2/28/2025,1:15,corrupt,corrupt,corrupt,corrupt,,,,,,,,
2025,2/28/2025,1:30,Full,15 min,as,No Fish,,,,,,,,
2025,2/28/2025,1:45,Full,15 min,as,No Fish,,,,,,,,
2025,2/28/2025,2:00,Full,15 min,as,No Fish,,,,,,,,
2025,2/28/2025,2:15,Full,15 min,as,No Fish,,,,,,,,
2025,2/28/2025,2:30,Full,15 min,as,No Fish,,,,,,,,
2025,2/28/2025,2:45,Full,15 min,as,No Fish,,,,,,,,
2025,2/28/2025,3:00,Full,15 min,as,No Fish,,,,,,,,
2025,2/28/2025,3:15,Full,15 min,as,No Fish,,,,,,,,
2025,2/28/2025,3:30,Full,15 min,as,No Fish,,,,,,,,
2025,2/28/2025,3:45,Full,15 min,as,No Fish,,,,,,,,
2025,2/28/2025,4:00,Full,15 min,as,No Fish,,,,,,,,
2025,2/28/2025,4:15,Full,15 min,as,No Fish,,,,,,,,
2025,2/28/2025,4:30,Full,15 min,as,No Fish,,,,,,,,
2025,2/28/2025,4:45,Full,15 min,as,No Fish,,,,,,,,
2025,2/28/2025,5:00,Full,15 min,as,No Fish,,,,,,,,
2025,2/28/2025,5:15,Full,15 min,as,No Fish,,,,,,,,
2025,2/28/2025,5:30,Full,15 min,as,No Fish,,,,,,,,
2025,2/28/2025,5:45,Full,15 min,as,No Fish,,,,,,,,
2025,2/28/2025,6:00,Full,15 min,as,No Fish,,,,,,,,
2025,2/28/2025,6:15,Full,15 min,as,No Fish,,,,,,,,
2025,2/28/2025,6:30,Full,15 min,as,6:41:22,upstream,49.2,3612,5.65,1,,,
2025,2/28/2025,6:45,Full,15 min,as,No Fish,,,,,,,,
2025,2/28/2025,7:00,Full,15 min,as,No Fish,,,,,,,,
2025,2/28/2025,7:15,Full,15 min,as,No Fish,,,,,,,,
2025,2/28/2025,7:30,Full,15 min,as,No Fish,,,,,,,,
2025,2/28/2025,7:45,Full,15 min,as,No Fish,,,,,,,,
2025,2/28/2025,8:00,Full,15 min,as,No Fish,,,,,,,,
2025,2/28/2025,8:15,Full,15 min,as,No Fish,,,,,,,,
2025,2/28/2025,8:30,Full,15 min,as,No Fish,,,,,,,,
2025,2/28/2025,8:45,Full,15 min,as,No Fish,,,,,,,,
2025,2/28/2025,9:00,Full,15 min,as,No Fish,,,,,,,,
2025,2/28/2025,9:15,Full,15 min,as,No Fish,,,,,,,,
2025,2/28/2025,9:30,Full,15 min,as,No Fish,,,,,,,,
2025,2/28/2025,9:45,Full,15 min,as,No Fish,,,,,,,,
2025,2/28/2025,10:00,Full,15 min,as,No Fish,,,,,,,,
2025,2/28/2025,10:15,Full,15 min,as,No Fish,,,,,,,,
2025,2/28/2025,10:30,Full,15 min,as,No Fish,,,,,,,,
2025,2/28/2025,10:45,Full,15 min,as,No Fish,,,,,,,,
2025,2/28/2025,11:00,Full,15 min,as,No Fish,,,,,,,,
2025,2/28/2025,11:15,Full,15 min,as,No Fish,,,,,,,,
2025,2/28/2025,11:30,Full,15 min,as,No Fish,,,,,,,,
2025,2/28/2025,11:45,Full,15 min,as,No Fish,,,,,,,,
2025,2/28/2025,12:00,Full,15 min,as,No Fish,,,,,,,,
2025,2/28/2025,12:15,Full,15 min,as,No Fish,,,,,,,,
2025,2/28/2025,12:30,Full,15 min,as,No Fish,,,,,,,,
2025,2/28/2025,12:45,Full,15 min,as,No Fish,,,,,,,,
2025,2/28/2025,13:00,Full,15 min,as,No Fish,,,,,,,,
2025,2/28/2025,13:15,Full,15 min,as,No Fish,,,,,,,,
2025,2/28/2025,13:30,Full,15 min,as,No Fish,,,,,,,,
2025,2/28/2025,13:45,Full,15 min,as,No Fish,,,,,,,,
2025,2/28/2025,14:00,Full,15 min,as,No Fish,,,,,,,,
2025,2/28/2025,14:15,Full,15 min,as,No Fish,,,,,,,,
2025,2/28/2025,14:30,Full,15 min,as,No Fish,,,,,,,,
2025,2/28/2025,14:45,Full,15 min,as,No Fish,,,,,,,,
2025,2/28/2025,15:00,Full,15 min,as,No Fish,,,,,,,,
2025,2/28/2025,15:15,Full,15 min,as,No Fish,,,,,,,,
2025,2/28/2025,15:30,Full,15 min,as,No Fish,,,,,,,,
2025,2/28/2025,15:45,Full,15 min,as,No Fish,,,,,,,,
2025,2/28/2025,16:00,Full,15 min,as,No Fish,,,,,,,,
2025,2/28/2025,16:15,Full,15 min,as,No Fish,,,,,,,,
2025,2/28/2025,16:30,Full,15 min,as,No Fish,,,,,,,,
2025,2/28/2025,16:45,Full,15 min,as,No Fish,,,,,,,,
2025,2/28/2025,17:00,Full,15 min,as,No Fish,,,,,,,,
2025,2/28/2025,17:15,Full,15 min,as,No Fish,,,,,,,,
2025,2/28/2025,17:30,Full,15 min,as,No Fish,,,,,,,,
2025,2/28/2025,17:45,Full,15 min,as,No Fish,,,,,,,,
2025,2/28/2025,18:00,Full,15 min,as,No Fish,,,,,,,,
2025,2/28/2025,18:15,Full,15 min,as,No Fish,,,,,,,,
2025,2/28/2025,18:30,Full,15 min,as,No Fish,,,,,,,,
2025,2/28/2025,18:45,Full,15 min,as,18:53:08,upstream,74.3,2626,8.07,1,,,
2025,2/28/2025,19:00,Full,15 min,as,No Fish,,,,,,,,
2025,2/28/2025,19:15,Full,15 min,as,19:19:24,upstream,59,1424,12.76,1,,,
2025,2/28/2025,19:15,Full,15 min,as,19:26:12,downstream,61.2,3626,11.42,1,,,
2025,2/28/2025,19:30,Full,15 min,as,No Fish,,,,,,,,
2025,2/28/2025,19:45,Full,15 min,as,No Fish,,,,,,,,
2025,2/28/2025,20:00,Full,15 min,as,No Fish,,,,,,,,
2025,2/28/2025,20:15,Full,15 min,as,No Fish,,,,,,,,
2025,2/28/2025,20:30,Full,15 min,as,No Fish,,,,,,,,
2025,2/28/2025,20:45,Full,15 min,as,No Fish,,,,,,,,
2025,2/28/2025,21:00,Full,15 min,as,No Fish,,,,,,,,
2025,2/28/2025,21:15,Full,15 min,as,21:19:54,upstream,61.3,1589,6.78,1,,,
2025,2/28/2025,21:30,Full,15 min,as,21:30:58,upstream,64.4,313,9.65,1,,,
2025,2/28/2025,21:45,Full,15 min,as,No Fish,,,,,,,,
2025,2/28/2025,22:00,Full,15 min,as,No Fish,,,,,,,,
2025,2/28/2025,22:15,Full,15 min,as,No Fish,,,,,,,,
2025,2/28/2025,22:30,Full,15 min,as,No Fish,,,,,,,,
2025,2/28/2025,22:45,Full,15 min,as,No Fish,,,,,,,,
2025,2/28/2025,23:00,Full,15 min,as,No Fish,,,,,,,,
2025,2/28/2025,23:15,Full,15 min,as,No Fish,,,,,,,,
2025,2/28/2025,23:30,Full,15 min,as,No Fish,,,,,,,,
2025,2/28/2025,23:45,Full,15 min,as,No Fish,,,,,,,,
2025,3/1/2025,0:00,Full,15 min,as,0:09:43,upstream,60.7,3153,15.25,1,,,
2025,3/1/2025,0:15,Full,15 min,as,No Fish,,,,,,,,
2025,3/1/2025,0:30,Full,15 min,as,No Fish,,,,,,,,
2025,3/1/2025,0:45,Full,15 min,as,No Fish,,,,,,,,
2025,3/1/2025,1:00,Full,15 min,as,No Fish,,,,,,,,
2025,3/1/2025,1:15,Full,15 min,as,1:22:58,upstream,73.9,2581,11.89,1,,,
2025,3/1/2025,1:15,Full,15 min,as,1:29:38,downstream,72.4,4747,14.39,1,,,
2025,3/1/2025,1:30,Full,15 min,as,No Fish,,,,,,,,
2025,3/1/2025,1:45,Full,15 min,as,No Fish,,,,,,,,
2025,3/1/2025,2:00,Full,15 min,as,No Fish,,,,,,,,
2025,3/1/2025,2:15,Full,15 min,as,No Fish,,,,,,,,
2025,3/1/2025,2:30,Full,15 min,as,No Fish,,,,,,,,
2025,3/1/2025,2:45,Full,15 min,as,No Fish,,,,,,,,
2025,3/1/2025,3:00,Full,15 min,as,No Fish,,,,,,,seal up,
2025,3/1/2025,3:15,Full,15 min,as,No Fish,,,,,,,seal down,
2025,3/1/2025,3:30,Full,15 min,as,No Fish,,,,,,,,
2025,3/1/2025,3:45,Full,15 min,as,No Fish,,,,,,,,
2025,3/1/2025,4:00,Full,15 min,as,No Fish,,,,,,,,
2025,3/1/2025,4:15,Full,15 min,as,No Fish,,,,,,,,
2025,3/1/2025,4:30,Full,15 min,as,No Fish,,,,,,,,
2025,3/1/2025,4:45,Full,15 min,as,No Fish,,,,,,,,
2025,3/1/2025,5:00,Full,15 min,as,No Fish,,,,,,,,
2025,3/1/2025,5:15,Full,15 min,as,No Fish,,,,,,,,
2025,3/1/2025,5:30,Full,15 min,as,No Fish,,,,,,,,
2025,3/1/2025,5:45,Full,15 min,as,No Fish,,,,,,,,
2025,3/1/2025,6:00,Full,15 min,as,No Fish,,,,,,,,
2025,3/1/2025,6:15,Full,15 min,as,No Fish,,,,,,,,
2025,3/1/2025,6:30,Full,15 min,as,No Fish,,,,,,,,
2025,3/1/2025,6:45,Full,15 min,as,No Fish,,,,,,,,
2025,3/1/2025,7:00,Full,15 min,as,No Fish,,,,,,,,
2025,3/1/2025,7:15,Full,15 min,as,No Fish,,,,,,,,
2025,3/1/2025,7:30,Full,15 min,as,No Fish,,,,,,,,
2025,3/1/2025,7:45,Full,15 min,as,No Fish,,,,,,,,
2025,3/1/2025,8:00,Full,15 min,as,No Fish,,,,,,,,
2025,3/1/2025,8:15,Full,15 min,as,No Fish,,,,,,,,
2025,3/1/2025,8:30,Full,15 min,as,No Fish,,,,,,,,
2025,3/1/2025,8:45,Full,15 min,as,No Fish,,,,,,,,
2025,3/1/2025,9:00,Full,15 min,as,No Fish,,,,,,,,
2025,3/1/2025,9:15,Full,15 min,as,No Fish,,,,,,,,
2025,3/1/2025,9:30,Full,15 min,as,No Fish,,,,,,,,
2025,3/1/2025,9:45,Full,15 min,as,9:49:49,upstream,71.4,1564,12.16,1,,,
2025,3/1/2025,10:00,Full,15 min,as,No Fish,,,,,,,,
2025,3/1/2025,10:15,Full,15 min,as,No Fish,,,,,,,,
2025,3/1/2025,10:30,Full,15 min,as,10:43:49,downstream,71,4485,13.61,1,,,
2025,3/1/2025,10:45,Full,15 min,as,No Fish,,,,,,,,
2025,3/1/2025,11:00,Full,15 min,as,No Fish,,,,,,,,
2025,3/1/2025,11:15,Full,15 min,as,No Fish,,,,,,,,
2025,3/1/2025,11:30,Full,15 min,as,No Fish,,,,,,,,
2025,3/1/2025,11:45,Full,15 min,as,No Fish,,,,,,,,
2025,3/1/2025,12:00,Full,15 min,as,No Fish,,,,,,,,
2025,3/1/2025,12:15,Full,15 min,as,No Fish,,,,,,,,
2025,3/1/2025,12:30,Full,15 min,as,No Fish,,,,,,,,
2025,3/1/2025,12:45,Full,15 min,as,No Fish,,,,,,,,
2025,3/1/2025,13:00,Full,15 min,as,No Fish,,,,,,,,
2025,3/1/2025,13:15,Full,15 min,as,No Fish,,,,,,,,
2025,3/1/2025,13:30,Full,15 min,as,No Fish,,,,,,,,
2025,3/1/2025,13:45,Full,15 min,as,No Fish,,,,,,,,
2025,3/1/2025,14:00,Full,15 min,as,No Fish,,,,,,,,
2025,3/1/2025,14:15,Full,15 min,as,No Fish,,,,,,,,
2025,3/1/2025,14:30,Full,15 min,as,No Fish,,,,,,,,
2025,3/1/2025,14:45,Full,15 min,as,No Fish,,,,,,,,
2025,3/1/2025,15:00,Full,15 min,as,No Fish,,,,,,,,
2025,3/1/2025,15:15,Full,15 min,as,No Fish,,,,,,,,
2025,3/1/2025,15:30,Full,15 min,as,No Fish,,,,,,,,
2025,3/1/2025,15:45,Full,15 min,as,No Fish,,,,,,,,
2025,3/1/2025,16:00,Full,15 min,as,No Fish,,,,,,,,
2025,3/1/2025,16:15,Full,15 min,as,No Fish,,,,,,,,
2025,3/1/2025,16:30,Full,15 min,as,No Fish,,,,,,,,
2025,3/1/2025,16:45,Full,15 min,as,No Fish,,,,,,,,
2025,3/1/2025,17:00,Full,15 min,as,No Fish,,,,,,,,
2025,3/1/2025,17:15,Full,15 min,as,No Fish,,,,,,,,
2025,3/1/2025,17:30,Full,15 min,as,17:42:04,upstream,71.1,3936,12.32,1,,,
2025,3/1/2025,17:45,Full,15 min,as,No Fish,,,,,,,,
2025,3/1/2025,18:00,Full,15 min,as,No Fish,,,,,,,,
2025,3/1/2025,18:15,Full,15 min,as,No Fish,,,,,,,,
2025,3/1/2025,18:30,Full,15 min,as,No Fish,,,,,,,,
2025,3/1/2025,18:45,Full,15 min,as,No Fish,,,,,,,,
2025,3/1/2025,19:00,Full,15 min,as,No Fish,,,,,,,,
2025,3/1/2025,19:15,Full,15 min,as,No Fish,,,,,,,,
2025,3/1/2025,19:30,Full,15 min,as,No Fish,,,,,,,,
2025,3/1/2025,19:45,Full,15 min,as,No Fish,,,,,,,,
2025,3/1/2025,20:00,Full,15 min,as,20:08:38,upstream,50.9,2811,7.65,1,,,
2025,3/1/2025,20:15,Full,15 min,as,No Fish,,,,,,,,
2025,3/1/2025,20:30,Full,15 min,as,No Fish,,,,,,,,
2025,3/1/2025,20:45,Full,15 min,as,No Fish,,,,,,,,
2025,3/1/2025,21:00,Full,15 min,as,No Fish,,,,,,,,
2025,3/1/2025,21:15,Full,15 min,as,No Fish,,,,,,,,
2025,3/1/2025,21:30,Full,15 min,as,No Fish,,,,,,,,
2025,3/1/2025,21:45,Full,15 min,as,21:57:19,downstream,73.2,4005,14.36,1,,,
2025,3/1/2025,22:00,Full,15 min,as,No Fish,,,,,,,,
2025,3/1/2025,22:15,Full,15 min,as,No Fish,,,,,,,,
2025,3/1/2025,22:30,Full,15 min,as,No Fish,,,,,,,,
2025,3/1/2025,22:45,Full,15 min,as,No Fish,,,,,,,,
2025,3/1/2025,23:00,Full,15 min,as,23:01:06,upstream,50.7,354,8.19,1,,,
2025,3/1/2025,23:15,Full,15 min,as,No Fish,,,,,,,,
2025,3/1/2025,23:30,Full,15 min,as,No Fish,,,,,,,,
2025,3/1/2025,23:45,Full,15 min,as,No Fish,,,,,,,,
2025,3/2/2025,0:00,Full,15 min,as,No Fish,,,,,,312,,
2025,3/2/2025,0:15,Full,15 min,as,No Fish,,,,,,312,,
2025,3/2/2025,0:30,Full,15 min,as,No Fish,,,,,,312,,
2025,3/2/2025,0:45,Full,15 min,as,No Fish,,,,,,312,,
2025,3/2/2025,1:00,Full,15 min,as,No Fish,,,,,,312,,
2025,3/2/2025,1:15,Full,15 min,as,No Fish,,,,,,312,,
2025,3/2/2025,1:30,Full,15 min,as,No Fish,,,,,,312,,
2025,3/2/2025,1:45,Full,15 min,as,No Fish,,,,,,312,,
2025,3/2/2025,2:00,Full,15 min,as,No Fish,,,,,,312,,
2025,3/2/2025,2:15,Full,15 min,as,2:19:00,downstream,60.5,1292,6.14,1,312,,
2025,3/2/2025,2:30,Full,15 min,as,No Fish,,,,,,312,,
2025,3/2/2025,2:45,Full,15 min,as,No Fish,,,,,,312,,
2025,3/2/2025,3:00,Full,15 min,as,3:09:03,upstream,74.9,2937,14.54,1,312,,
2025,3/2/2025,3:15,Full,15 min,as,No Fish,,,,,,312,,
2025,3/2/2025,3:30,Full,15 min,as,No Fish,,,,,,312,,
2025,3/2/2025,3:45,Full,15 min,as,No Fish,,,,,,312,,
2025,3/2/2025,4:00,Full,15 min,as,No Fish,,,,,,312,,
2025,3/2/2025,4:15,Full,15 min,as,No Fish,,,,,,312,,
2025,3/2/2025,4:30,Full,15 min,as,No Fish,,,,,,312,,
2025,3/2/2025,4:45,Full,15 min,as,No Fish,,,,,,312,,
2025,3/2/2025,5:00,Full,15 min,as,No Fish,,,,,,312,,
2025,3/2/2025,5:15,Full,15 min,as,No Fish,,,,,,312,,
2025,3/2/2025,5:30,Full,15 min,as,No Fish,,,,,,312,,
2025,3/2/2025,5:45,Full,15 min,as,No Fish,,,,,,312,,
2025,3/2/2025,6:00,Full,15 min,as,No Fish,,,,,,312,,
2025,3/2/2025,6:15,Full,15 min,as,No Fish,,,,,,312,,
2025,3/2/2025,6:30,Full,15 min,as,No Fish,,,,,,312,,
2025,3/2/2025,6:45,Full,15 min,as,No Fish,,,,,,312,,
2025,3/2/2025,7:00,Full,15 min,as,No Fish,,,,,,312,,
2025,3/2/2025,7:15,Full,15 min,as,7:17:41,upstream,65.3,874,14.75,1,312,,
2025,3/2/2025,7:30,Full,15 min,as,No Fish,,,,,,312,,
2025,3/2/2025,7:45,Full,15 min,as,No Fish,,,,,,312,,
2025,3/2/2025,8:00,Full,15 min,as,No Fish,,,,,,312,,
2025,3/2/2025,8:15,Full,15 min,as,No Fish,,,,,,312,,
2025,3/2/2025,8:30,Full,15 min,as,No Fish,,,,,,312,,
2025,3/2/2025,8:45,Full,15 min,as,No Fish,,,,,,312,,
2025,3/2/2025,9:00,Full,15 min,as,No Fish,,,,,,312,,
2025,3/2/2025,9:15,Full,15 min,as,No Fish,,,,,,312,,
2025,3/2/2025,9:30,Full,15 min,as,No Fish,,,,,,312,,
2025,3/2/2025,9:45,Full,15 min,as,No Fish,,,,,,312,,
2025,3/2/2025,10:00,Full,15 min,as,No Fish,,,,,,312,,
2025,3/2/2025,10:15,Full,15 min,as,No Fish,,,,,,312,,
2025,3/2/2025,10:30,Full,15 min,as,No Fish,,,,,,312,,
2025,3/2/2025,10:45,Full,15 min,as,No Fish,,,,,,312,,
2025,3/2/2025,11:00,Full,15 min,as,No Fish,,,,,,312,,
2025,3/2/2025,11:15,Full,15 min,as,No Fish,,,,,,312,,
2025,3/2/2025,11:30,Full,15 min,as,No Fish,,,,,,312,,
2025,3/2/2025,11:45,Full,15 min,as,No Fish,,,,,,312,,
2025,3/2/2025,12:00,Full,15 min,as,No Fish,,,,,,312,,
2025,3/2/2025,12:15,Full,15 min,as,No Fish,,,,,,312,,
2025,3/2/2025,12:30,Full,15 min,as,No Fish,,,,,,312,,
2025,3/2/2025,12:45,Full,15 min,as,No Fish,,,,,,312,,
2025,3/2/2025,13:00,Full,15 min,as,No Fish,,,,,,312,,
2025,3/2/2025,13:15,Full,15 min,as,No Fish,,,,,,312,,
2025,3/2/2025,13:30,Full,15 min,as,13:31:22,upstream,35.6,439,11.94,1,312,,
2025,3/2/2025,13:30,Full,15 min,as,13:32:54,upstream,44.7,943,8.15,1,312,,
2025,3/2/2025,13:45,Full,15 min,as,No Fish,,,,,,312,,
2025,3/2/2025,14:00,Full,15 min,as,No Fish,,,,,,312,,
2025,3/2/2025,14:15,Full,15 min,as,No Fish,,,,,,312,,
2025,3/2/2025,14:30,Full,15 min,as,No Fish,,,,,,312,,
2025,3/2/2025,14:45,Full,15 min,as,No Fish,,,,,,312,,
2025,3/2/2025,15:00,Full,15 min,as,No Fish,,,,,,312,,
2025,3/2/2025,15:15,Full,15 min,as,No Fish,,,,,,312,,
2025,3/2/2025,15:30,Full,15 min,as,No Fish,,,,,,312,,
2025,3/2/2025,15:45,Full,15 min,as,No Fish,,,,,,312,,
2025,3/2/2025,16:00,Full,15 min,as,No Fish,,,,,,312,,
2025,3/2/2025,16:15,Full,15 min,as,No Fish,,,,,,312,,
2025,3/2/2025,16:30,Full,15 min,as,No Fish,,,,,,312,,
2025,3/2/2025,16:45,Full,15 min,as,No Fish,,,,,,312,,
2025,3/2/2025,17:00,Full,15 min,as,No Fish,,,,,,312,,
2025,3/2/2025,17:15,Full,15 min,as,No Fish,,,,,,312,,
2025,3/2/2025,17:30,Full,15 min,as,No Fish,,,,,,312,,
2025,3/2/2025,17:45,Full,15 min,as,No Fish,,,,,,312,,
2025,3/2/2025,18:00,Full,15 min,as,No Fish,,,,,,312,,
2025,3/2/2025,18:15,Full,15 min,as,No Fish,,,,,,312,,
2025,3/2/2025,18:30,Full,15 min,as,No Fish,,,,,,312,,
2025,3/2/2025,18:45,Full,15 min,as,No Fish,,,,,,312,,
2025,3/2/2025,19:00,Full,15 min,as,No Fish,,,,,,312,,
2025,3/2/2025,19:15,Full,15 min,as,No Fish,,,,,,312,,
2025,3/2/2025,19:30,Full,15 min,as,No Fish,,,,,,312,,
2025,3/2/2025,19:45,Full,15 min,as,19:58:20,upstream,74,4334,8.72,1,312,,
2025,3/2/2025,20:00,Full,15 min,as,No Fish,,,,,,312,,
2025,3/2/2025,20:15,Full,15 min,as,No Fish,,,,,,312,,
2025,3/2/2025,20:30,Full,15 min,as,No Fish,,,,,,312,,
2025,3/2/2025,20:45,Full,15 min,as,No Fish,,,,,,312,,
2025,3/2/2025,21:00,Full,15 min,as,No Fish,,,,,,312,,
2025,3/2/2025,21:15,Full,15 min,as,No Fish,,,,,,312,,
2025,3/2/2025,21:30,Full,15 min,as,No Fish,,,,,,312,,
2025,3/2/2025,21:45,Full,15 min,as,No Fish,,,,,,312,,
2025,3/2/2025,22:00,Full,15 min,as,No Fish,,,,,,312,,
2025,3/2/2025,22:15,Full,15 min,as,No Fish,,,,,,312,,
2025,3/2/2025,22:30,Full,15 min,as,No Fish,,,,,,312,,
2025,3/2/2025,22:45,Full,15 min,as,No Fish,,,,,,312,,
2025,3/2/2025,23:00,Full,15 min,as,No Fish,,,,,,312,,
2025,3/2/2025,23:15,Full,15 min,as,No Fish,,,,,,312,,
2025,3/2/2025,23:30,Full,15 min,as,No Fish,,,,,,312,,
2025,3/2/2025,23:45,Full,15 min,as,No Fish,,,,,,312,,
2025,3/3/2025,0:00,Full,15 min,as,No Fish,,,,,,291,,
2025,3/3/2025,0:15,Full,15 min,as,No Fish,,,,,,291,,
2025,3/3/2025,0:30,Full,15 min,as,No Fish,,,,,,291,,
2025,3/3/2025,0:45,Full,15 min,as,No Fish,,,,,,291,,
2025,3/3/2025,1:00,Full,15 min,as,1:10:40,upstream,76.5,3457,11.04,1,291,,
2025,3/3/2025,1:15,Full,15 min,as,No Fish,,,,,,291,,
2025,3/3/2025,1:30,Full,15 min,as,No Fish,,,,,,291,,
2025,3/3/2025,1:45,Full,15 min,as,No Fish,,,,,,291,,
2025,3/3/2025,2:00,Full,15 min,as,No Fish,,,,,,291,,
2025,3/3/2025,2:15,Full,15 min,as,No Fish,,,,,,291,,
2025,3/3/2025,2:30,Full,15 min,as,No Fish,,,,,,291,,
2025,3/3/2025,2:45,Full,15 min,as,No Fish,,,,,,291,,
2025,3/3/2025,3:00,Full,15 min,as,No Fish,,,,,,291,,
2025,3/3/2025,3:15,Full,15 min,as,No Fish,,,,,,291,,
2025,3/3/2025,3:30,Full,15 min,as,No Fish,,,,,,291,,
2025,3/3/2025,3:45,Full,15 min,as,No Fish,,,,,,291,,
2025,3/3/2025,4:00,Full,15 min,as,No Fish,,,,,,291,,
2025,3/3/2025,4:15,Full,15 min,as,No Fish,,,,,,291,,
2025,3/3/2025,4:30,Full,15 min,as,No Fish,,,,,,291,,
2025,3/3/2025,4:45,Full,15 min,as,No Fish,,,,,,291,,
2025,3/3/2025,5:00,Full,15 min,as,No Fish,,,,,,291,,
2025,3/3/2025,5:15,Full,15 min,as,No Fish,,,,,,291,,
2025,3/3/2025,5:30,Full,15 min,as,No Fish,,,,,,291,,
2025,3/3/2025,5:45,Full,15 min,as,No Fish,,,,,,291,,
2025,3/3/2025,6:00,Full,15 min,as,No Fish,,,,,,291,,
2025,3/3/2025,6:15,Full,15 min,as,No Fish,,,,,,291,,
2025,3/3/2025,6:30,Full,15 min,as,No Fish,,,,,,291,,
2025,3/3/2025,6:45,Full,15 min,as,No Fish,,,,,,291,,
2025,3/3/2025,7:00,Full,15 min,as,No Fish,,,,,,291,,
2025,3/3/2025,7:15,Full,15 min,as,No Fish,,,,,,291,,
2025,3/3/2025,7:30,Full,15 min,as,No Fish,,,,,,291,,
2025,3/3/2025,7:45,Full,15 min,as,No Fish,,,,,,291,,
2025,3/3/2025,8:00,Full,15 min,as,No Fish,,,,,,291,,
2025,3/3/2025,8:15,Full,15 min,as,No Fish,,,,,,291,,
2025,3/3/2025,8:30,Full,15 min,as,No Fish,,,,,,291,,
2025,3/3/2025,8:45,Full,15 min,as,No Fish,,,,,,291,,
2025,3/3/2025,9:00,Full,15 min,as,No Fish,,,,,,291,,
2025,3/3/2025,9:15,Full,15 min,as,No Fish,,,,,,291,,
2025,3/3/2025,9:30,Full,15 min,as,No Fish,,,,,,291,,
2025,3/3/2025,9:45,Full,15 min,as,No Fish,,,,,,291,,
2025,3/3/2025,10:00,Full,15 min,as,10:06:23,downstream,63.8,2064,9.01,1,291,,
2025,3/3/2025,10:15,Full,15 min,as,No Fish,,,,,,291,,
2025,3/3/2025,10:30,Full,15 min,as,No Fish,,,,,,291,,
2025,3/3/2025,10:45,Full,15 min,as,No Fish,,,,,,291,,
2025,3/3/2025,11:00,Full,15 min,as,No Fish,,,,,,291,,
2025,3/3/2025,11:15,Full,15 min,as,No Fish,,,,,,291,,
2025,3/3/2025,11:30,Full,15 min,as,No Fish,,,,,,291,,
2025,3/3/2025,11:45,Full,15 min,as,No Fish,,,,,,291,,
2025,3/3/2025,12:00,Full,15 min,as,No Fish,,,,,,291,,
2025,3/3/2025,12:15,Full,15 min,as,12:19:06,downstream,37.8,1332,11.5,1,291,,
2025,3/3/2025,12:15,Full,15 min,as,12:27:06,upstream,68,3922,11.38,1,291,,
2025,3/3/2025,12:30,Full,15 min,as,No Fish,,,,,,291,,
2025,3/3/2025,12:45,Full,15 min,as,No Fish,,,,,,291,,
2025,3/3/2025,13:00,Full,15 min,as,No Fish,,,,,,291,,
2025,3/3/2025,13:15,Full,15 min,as,No Fish,,,,,,291,,
2025,3/3/2025,13:30,Full,15 min,as,No Fish,,,,,,291,,
2025,3/3/2025,13:45,Full,15 min,as,No Fish,,,,,,291,,
2025,3/3/2025,14:00,Full,15 min,as,No Fish,,,,,,291,,
2025,3/3/2025,14:15,Full,15 min,as,No Fish,,,,,,291,,
2025,3/3/2025,14:30,Full,15 min,as,No Fish,,,,,,291,,
2025,3/3/2025,14:45,Full,15 min,as,No Fish,,,,,,291,,
2025,3/3/2025,15:00,Full,15 min,as,No Fish,,,,,,291,,
2025,3/3/2025,15:15,Full,15 min,as,No Fish,,,,,,291,,
2025,3/3/2025,15:30,Full,15 min,as,No Fish,,,,,,291,,
2025,3/3/2025,15:45,Full,15 min,as,15:49:03,upstream,65,1314,10.73,1,291,,
2025,3/3/2025,16:00,Full,15 min,as,No Fish,,,,,,291,,
2025,3/3/2025,16:15,Full,15 min,as,No Fish,,,,,,291,,
2025,3/3/2025,16:30,Full,15 min,as,No Fish,,,,,,291,,
2025,3/3/2025,16:45,Full,15 min,as,No Fish,,,,,,291,,
2025,3/3/2025,17:00,Full,15 min,as,No Fish,,,,,,291,,
2025,3/3/2025,17:15,Full,15 min,as,No Fish,,,,,,291,,
2025,3/3/2025,17:30,Full,15 min,as,No Fish,,,,,,291,,
2025,3/3/2025,17:45,Full,15 min,as,No Fish,,,,,,291,,
2025,3/3/2025,18:00,Full,15 min,as,No Fish,,,,,,291,,
2025,3/3/2025,18:15,Full,15 min,as,18:22:45,upstream,39.2,2504,15.22,1,291,,
2025,3/3/2025,18:30,Full,15 min,as,No Fish,,,,,,291,,
2025,3/3/2025,18:45,Full,15 min,as,18:53:43,downstream,45.3,2806,13.8,1,291,,
2025,3/3/2025,19:00,Full,15 min,as,19:02:30,upstream,41.4,809,7.54,1,291,,
2025,3/3/2025,19:15,Full,15 min,as,No Fish,,,,,,291,,
2025,3/3/2025,19:30,Full,15 min,as,No Fish,,,,,,291,,
2025,3/3/2025,19:45,Full,15 min,as,No Fish,,,,,,291,,
2025,3/3/2025,20:00,Full,15 min,as,20:12:40,downstream,45.3,4104,6.21,1,291,,
2025,3/3/2025,20:15,Full,15 min,as,No Fish,,,,,,291,,
2025,3/3/2025,20:30,Full,15 min,as,No Fish,,,,,,291,,
2025,3/3/2025,20:45,Full,15 min,as,No Fish,,,,,,291,,
2025,3/3/2025,21:00,Full,15 min,as,No Fish,,,,,,291,,
2025,3/3/2025,21:15,Full,15 min,as,No Fish,,,,,,291,,
2025,3/3/2025,21:30,Full,15 min,as,No Fish,,,,,,291,,
2025,3/3/2025,21:45,Full,15 min,as,No Fish,,,,,,291,,
2025,3/3/2025,22:00,Full,15 min,as,No Fish,,,,,,291,,
2025,3/3/2025,22:15,Full,15 min,as,No Fish,,,,,,291,,
2025,3/3/2025,22:30,Full,15 min,as,No Fish,,,,,,291,,
2025,3/3/2025,22:45,Full,15 min,as,No Fish,,,,,,291,,
2025,3/3/2025,23:00,Full,15 min,as,No Fish,,,,,,291,,
2025,3/3/2025,23:15,Full,15 min,as,No Fish,,,,,,291,,
2025,3/3/2025,23:30,Full,15 min,as,No Fish,,,,,,291,,
2025,3/3/2025,23:45,Full,15 min,as,No Fish,,,,,,291,,
2025,3/5/2025,0:00,Full,15 min,as,No Fish,,,,,,264,,
2025,3/5/2025,0:15,Full,15 min,as,No Fish,,,,,,264,,
2025,3/5/2025,0:30,Full,15 min,as,No Fish,,,,,,264,,
2025,3/5/2025,0:45,Full,15 min,as,No Fish,,,,,,264,,
2025,3/5/2025,1:00,Full,15 min,as,No Fish,,,,,,264,,
2025,3/5/2025,1:15,Full,15 min,as,No Fish,,,,,,264,,
2025,3/5/2025,1:30,Full,15 min,as,No Fish,,,,,,264,,
2025,3/5/2025,1:45,Full,15 min,as,No Fish,,,,,,264,,
2025,3/5/2025,2:00,Full,15 min,as,No Fish,,,,,,264,,
2025,3/5/2025,2:15,Full,15 min,as,No Fish,,,,,,264,,
2025,3/5/2025,2:30,Full,15 min,as,No Fish,,,,,,264,,
2025,3/5/2025,2:45,Full,15 min,as,No Fish,,,,,,264,,
2025,3/5/2025,3:00,Full,15 min,as,No Fish,,,,,,264,,
2025,3/5/2025,3:15,Full,15 min,as,No Fish,,,,,,264,,
2025,3/5/2025,3:30,Full,15 min,as,No Fish,,,,,,264,,
2025,3/5/2025,3:45,Full,15 min,as,No Fish,,,,,,264,,
2025,3/5/2025,4:00,Full,15 min,as,No Fish,,,,,,264,,
2025,3/5/2025,4:15,Full,15 min,as,No Fish,,,,,,264,,
2025,3/5/2025,4:30,Full,15 min,as,No Fish,,,,,,264,,
2025,3/5/2025,4:45,Full,15 min,as,No Fish,,,,,,264,,
2025,3/5/2025,5:00,Full,15 min,as,No Fish,,,,,,264,,
2025,3/5/2025,5:15,Full,15 min,as,No Fish,,,,,,264,,
2025,3/5/2025,5:30,Full,15 min,as,No Fish,,,,,,264,,
2025,3/5/2025,5:45,Full,15 min,as,No Fish,,,,,,264,,
2025,3/5/2025,6:00,Full,15 min,as,6:07:42,downstream,50.9,2485,10.97,1,264,,
2025,3/5/2025,6:15,Full,15 min,as,No Fish,,,,,,264,,
2025,3/5/2025,6:30,Full,15 min,as,No Fish,,,,,,264,,
2025,3/5/2025,6:45,Full,15 min,as,6:54:26,downstream,40.2,3058,14.45,1,264,,
2025,3/5/2025,7:00,Full,15 min,as,No Fish,,,,,,264,,
2025,3/5/2025,7:15,Full,15 min,as,No Fish,,,,,,264,,
2025,3/5/2025,7:30,Full,15 min,as,No Fish,,,,,,264,,
2025,3/5/2025,7:45,Full,15 min,as,7:52:00,downstream,64.2,2265,9.41,1,264,,
2025,3/5/2025,8:00,Full,15 min,as,No Fish,,,,,,264,,
2025,3/5/2025,8:15,Full,15 min,as,No Fish,,,,,,264,,
2025,3/5/2025,8:30,Full,15 min,as,No Fish,,,,,,264,,
2025,3/5/2025,8:45,Full,15 min,as,No Fish,,,,,,264,,
2025,3/5/2025,9:00,Full,15 min,as,No Fish,,,,,,264,,
2025,3/5/2025,9:15,Full,15 min,as,No Fish,,,,,,264,,
2025,3/5/2025,9:30,Full,15 min,as,No Fish,,,,,,264,,
2025,3/5/2025,9:45,Full,15 min,as,No Fish,,,,,,264,,
2025,3/5/2025,10:00,Full,15 min,as,No Fish,,,,,,264,,
2025,3/5/2025,10:15,Full,15 min,as,No Fish,,,,,,264,,
2025,3/5/2025,10:30,Full,15 min,as,10:36:31,upstream,38.8,2204,11.71,1,264,,
2025,3/5/2025,10:45,Full,15 min,as,No Fish,,,,,,264,,
2025,3/5/2025,11:00,Full,15 min,as,No Fish,,,,,,264,,
2025,3/5/2025,11:15,Full,15 min,as,No Fish,,,,,,264,,
2025,3/5/2025,11:30,Full,15 min,as,No Fish,,,,,,264,,
2025,3/5/2025,11:45,Full,15 min,as,No Fish,,,,,,264,,
2025,3/5/2025,12:00,Full,15 min,as,No Fish,,,,,,264,,
2025,3/5/2025,12:15,Full,15 min,as,No Fish,,,,,,264,,
2025,3/5/2025,12:30,Full,15 min,as,No Fish,,,,,,264,,
2025,3/5/2025,12:45,Full,15 min,as,No Fish,,,,,,264,,
2025,3/5/2025,13:00,Full,15 min,as,No Fish,,,,,,264,,
2025,3/5/2025,13:15,Full,15 min,as,No Fish,,,,,,264,,
2025,3/5/2025,13:30,Full,15 min,as,No Fish,,,,,,264,,
2025,3/5/2025,13:45,Full,15 min,as,No Fish,,,,,,264,,
2025,3/5/2025,14:00,Full,15 min,as,No Fish,,,,,,264,,
2025,3/5/2025,14:15,Full,15 min,as,No Fish,,,,,,264,,
2025,3/5/2025,14:30,Full,15 min,as,No Fish,,,,,,264,,
2025,3/5/2025,14:45,Full,15 min,as,No Fish,,,,,,264,,
2025,3/5/2025,15:00,Full,15 min,as,No Fish,,,,,,264,,
2025,3/5/2025,15:15,Full,15 min,as,No Fish,,,,,,264,,
2025,3/5/2025,15:30,Full,15 min,as,No Fish,,,,,,264,,
2025,3/5/2025,15:45,Full,15 min,as,No Fish,,,,,,264,,
2025,3/5/2025,16:00,Full,15 min,as,No Fish,,,,,,264,,
2025,3/5/2025,16:15,Full,15 min,as,No Fish,,,,,,264,,
2025,3/5/2025,16:30,Full,15 min,as,No Fish,,,,,,264,,
2025,3/5/2025,16:45,Full,15 min,as,No Fish,,,,,,264,,
2025,3/5/2025,17:00,Full,15 min,as,No Fish,,,,,,264,,
2025,3/5/2025,17:15,Full,15 min,as,17:28:26,upstream,49.8,4352,6.72,1,264,,
2025,3/5/2025,17:30,Full,15 min,as,17:41:24,downstream,44.7,3685,10.01,1,264,,
2025,3/5/2025,17:45,Full,15 min,as,17:57:22,upstream,44.2,3999,4.91,1,264,,
2025,3/5/2025,18:00,Full,15 min,as,18:10:49,upstream,37,3511,6.46,1,264,,
2025,3/5/2025,18:15,Full,15 min,as,18:29:17,downstream,44.4,4617,10.86,1,264,,
2025,3/5/2025,18:30,Full,15 min,as,No Fish,,,,,,264,,
2025,3/5/2025,18:30,Full,15 min,as,18:38:05,upstream,50.2,2613,16.06,1,264,,
2025,3/5/2025,18:45,Full,15 min,as,No Fish,,,,,,264,,
2025,3/5/2025,19:00,Full,15 min,as,No Fish,,,,,,264,,
2025,3/5/2025,19:15,Full,15 min,as,19:19:25,upstream,67.9,1438,6.06,1,264,,
2025,3/5/2025,19:15,Full,15 min,as,19:28:15,upstream,49.4,4290,5.86,1,264,,
2025,3/5/2025,19:30,Full,15 min,as,No Fish,,,,,,264,,
2025,3/5/2025,19:45,Full,15 min,as,No Fish,,,,,,264,,
2025,3/5/2025,20:00,Full,15 min,as,No Fish,,,,,,264,,
2025,3/5/2025,20:15,Full,15 min,as,20:16:44,upstream,76.4,546,12.48,1,264,,
2025,3/5/2025,20:15,Full,15 min,as,20:27:51,downstream,36.5,4141,5.71,1,264,,
2025,3/5/2025,20:15,Full,15 min,as,20:28:59,upstream,60,4509,11.16,1,264,,
2025,3/5/2025,20:30,Full,15 min,as,20:34:33,downstream,62.9,1465,7.01,1,264,,
2025,3/5/2025,20:45,Full,15 min,as,No Fish,,,,,,264,,
2025,3/5/2025,21:00,Full,15 min,as,No Fish,,,,,,264,,
2025,3/5/2025,21:15,Full,15 min,as,No Fish,,,,,,264,,
2025,3/5/2025,21:30,Full,15 min,as,No Fish,,,,,,264,,
2025,3/5/2025,21:45,Full,15 min,as,No Fish,,,,,,264,,
2025,3/5/2025,22:00,Full,15 min,as,22:08:08,upstream,75.2,2627,7.91,1,264,,
2025,3/5/2025,22:00,Full,15 min,as,22:11:10,upstream,73.9,3614,10.02,1,264,,
2025,3/5/2025,22:15,Full,15 min,as,No Fish,,,,,,264,,
2025,3/5/2025,22:30,Full,15 min,as,No Fish,,,,,,264,,
2025,3/5/2025,22:45,Full,15 min,as,22:51:22,downstream,62.7,2050,6.14,1,264,,
2025,3/5/2025,23:00,Full,15 min,as,No Fish,,,,,,264,,
2025,3/5/2025,23:15,Full,15 min,as,No Fish,,,,,,264,,
2025,3/5/2025,23:30,Full,15 min,as,No Fish,,,,,,264,,
2025,3/5/2025,23:45,Full,15 min,as,No Fish,,,,,,264,,
2025,3/6/2025,0:00,Full,15 min,as,No Fish,,,,,,241,,
2025,3/6/2025,0:15,Full,15 min,as,No Fish,,,,,,241,,
2025,3/6/2025,0:30,Full,15 min,as,No Fish,,,,,,241,,
2025,3/6/2025,0:45,Full,15 min,as,No Fish,,,,,,241,,
2025,3/6/2025,1:00,Full,15 min,as,No Fish,,,,,,241,,
2025,3/6/2025,1:15,Full,15 min,as,No Fish,,,,,,241,,
2025,3/6/2025,1:30,Full,15 min,as,1:30:25,upstream,55.3,127,13.35,1,241,,
2025,3/6/2025,1:45,Full,15 min,as,No Fish,,,,,,241,,
2025,3/6/2025,2:00,Full,15 min,as,No Fish,,,,,,241,,
2025,3/6/2025,2:15,Full,15 min,as,2:26:10,downstream,52.4,3605,12.63,1,241,,
2025,3/6/2025,2:30,Full,15 min,as,No Fish,,,,,,241,,
2025,3/6/2025,2:45,Full,15 min,as,No Fish,,,,,,241,,
2025,3/6/2025,3:00,Full,15 min,as,No Fish,,,,,,241,,
2025,3/6/2025,3:15,Full,15 min,as,No Fish,,,,,,241,,
2025,3/6/2025,3:30,Full,15 min,as,No Fish,,,,,,241,,
2025,3/6/2025,3:45,Full,15 min,as,No Fish,,,,,,241,,
2025,3/6/2025,4:00,Full,15 min,as,No Fish,,,,,,241,,
2025,3/6/2025,4:15,Full,15 min,as,No Fish,,,,,,241,,
2025,3/6/2025,4:30,Full,15 min,as,No Fish,,,,,,241,,
2025,3/6/2025,4:45,Full,15 min,as,4:58:30,upstream,48.2,4353,8.06,1,241,,
2025,3/6/2025,5:00,Full,15 min,as,No Fish,,,,,,241,,
2025,3/6/2025,5:15,Full,15 min,as,No Fish,,,,,,241,,
2025,3/6/2025,5:30,Full,15 min,as,No Fish,,,,,,241,,
2025,3/6/2025,5:45,Full,15 min,as,No Fish,,,,,,241,,
2025,3/6/2025,6:00,Full,15 min,as,No Fish,,,,,,241,,
2025,3/6/2025,6:15,Full,15 min,as,No Fish,,,,,,241,,
2025,3/6/2025,6:30,Full,15 min,as,No Fish,,,,,,241,,
2025,3/6/2025,6:45,Full,15 min,as,6:46:48,downstream,46.1,575,10.64,1,241,,
2025,3/6/2025,7:00,Full,15 min,as,No Fish,,,,,,241,,
2025,3/6/2025,7:15,Full,15 min,as,No Fish,,,,,,241,,
2025,3/6/2025,7:30,Full,15 min,as,No Fish,,,,,,241,,
2025,3/6/2025,7:45,Full,15 min,as,No Fish,,,,,,241,,
2025,3/6/2025,8:00,Full,15 min,as,No Fish,,,,,,241,,
2025,3/6/2025,8:15,Full,15 min,as,No Fish,,,,,,241,,
2025,3/6/2025,8:30,Full,15 min,as,No Fish,,,,,,241,,
2025,3/6/2025,8:45,Full,15 min,as,No Fish,,,,,,241,,
2025,3/6/2025,9:00,Full,15 min,as,No Fish,,,,,,241,,
2025,3/6/2025,9:15,Full,15 min,as,No Fish,,,,,,241,,
2025,3/6/2025,9:30,Full,15 min,as,No Fish,,,,,,241,,
2025,3/6/2025,9:45,Full,15 min,as,No Fish,,,,,,241,,
2025,3/6/2025,10:00,Full,15 min,as,No Fish,,,,,,241,,
2025,3/6/2025,10:15,Full,15 min,as,No Fish,,,,,,241,,
2025,3/6/2025,10:30,Full,15 min,as,No Fish,,,,,,241,,
2025,3/6/2025,10:45,Full,15 min,as,No Fish,,,,,,241,,
2025,3/6/2025,11:00,Full,15 min,as,No Fish,,,,,,241,,
2025,3/6/2025,11:15,Full,15 min,as,No Fish,,,,,,241,,
2025,3/6/2025,11:30,Full,15 min,as,No Fish,,,,,,241,,
2025,3/6/2025,11:45,Full,15 min,as,No Fish,,,,,,241,,
2025,3/6/2025,12:00,Full,15 min,as,No Fish,,,,,,241,,
2025,3/6/2025,12:15,Full,15 min,as,No Fish,,,,,,241,,
2025,3/6/2025,12:30,Full,15 min,as,No Fish,,,,,,241,,
2025,3/6/2025,12:45,Full,15 min,as,No Fish,,,,,,241,,
2025,3/6/2025,13:00,Full,15 min,as,No Fish,,,,,,241,,
2025,3/6/2025,13:15,Full,15 min,as,No Fish,,,,,,241,,
2025,3/6/2025,13:30,Full,15 min,as,No Fish,,,,,,241,,
2025,3/6/2025,13:45,Full,15 min,as,No Fish,,,,,,241,,
2025,3/6/2025,14:00,Full,15 min,as,No Fish,,,,,,241,,
2025,3/6/2025,14:15,Full,15 min,as,No Fish,,,,,,241,,
2025,3/6/2025,14:30,Full,15 min,as,No Fish,,,,,,241,,
2025,3/6/2025,14:45,Full,15 min,as,No Fish,,,,,,241,,
2025,3/6/2025,15:00,Full,15 min,as,No Fish,,,,,,241,,
2025,3/6/2025,15:15,Full,15 min,as,No Fish,,,,,,241,,
2025,3/6/2025,15:30,Full,15 min,as,No Fish,,,,,,241,,
2025,3/6/2025,15:45,Full,15 min,as,No Fish,,,,,,241,,
2025,3/6/2025,16:00,Full,15 min,as,No Fish,,,,,,241,,
2025,3/6/2025,16:15,Full,15 min,as,No Fish,,,,,,241,,
2025,3/6/2025,16:30,Full,15 min,as,16:43:51,upstream,58.5,4482,10.55,1,241,,
2025,3/6/2025,16:45,Full,15 min,as,No Fish,,,,,,241,,
2025,3/6/2025,17:00,Full,15 min,as,No Fish,,,,,,241,,
2025,3/6/2025,17:15,Full,15 min,as,No Fish,,,,,,241,,
2025,3/6/2025,17:30,Full,15 min,as,17:40:19,upstream,54.6,3339,14.94,1,241,,
2025,3/6/2025,17:45,Full,15 min,as,No Fish,,,,,,241,,
2025,3/6/2025,18:00,Full,15 min,as,No Fish,,,,,,241,,
2025,3/6/2025,18:15,Full,15 min,as,18:24:01,downstream,37.5,2912,6.53,1,241,,
2025,3/6/2025,18:30,Full,15 min,as,18:42:03,downstream,61.8,,,,241,,
2025,3/6/2025,18:45,Full,15 min,as,No Fish,,,,,,241,,
2025,3/6/2025,19:00,Full,15 min,as,19:14:05,upstream,66,4566,16.44,1,241,,
2025,3/6/2025,19:15,Full,15 min,as,No Fish,,,,,,241,,
2025,3/6/2025,19:30,Full,15 min,as,No Fish,,,,,,241,,
2025,3/6/2025,19:45,Full,15 min,as,19:52:36,upstream,59.3,2448,8.29,1,241,,
2025,3/6/2025,20:00,Full,15 min,as,20:03:13,downstream,67.5,1038,7.61,1,241,,
2025,3/6/2025,20:00,Full,15 min,as,20:07:29,upstream,65.9,2410,15.46,1,241,,
2025,3/6/2025,20:15,Full,15 min,as,No Fish,,,,,,241,,
2025,3/6/2025,20:30,Full,15 min,as,No Fish,,,,,,241,,
2025,3/6/2025,20:45,Full,15 min,as,No Fish,,,,,,241,,
2025,3/6/2025,21:00,Full,15 min,as,No Fish,,,,,,241,,
2025,3/6/2025,21:15,Full,15 min,as,No Fish,,,,,,241,,
2025,3/6/2025,21:30,Full,15 min,as,No Fish,,,,,,241,,
2025,3/6/2025,21:45,Full,15 min,as,21:53:47,upstream,73.6,2826,7.34,1,241,,
2025,3/6/2025,22:00,Full,15 min,as,No Fish,,,,,,241,,
2025,3/6/2025,22:15,Full,15 min,as,No Fish,,,,,,241,,
2025,3/6/2025,22:30,Full,15 min,as,No Fish,,,,,,241,,
2025,3/6/2025,22:45,Full,15 min,as,No Fish,,,,,,241,,
2025,3/6/2025,23:00,Full,15 min,as,No Fish,,,,,,241,,
2025,3/6/2025,23:15,Full,15 min,as,No Fish,,,,,,241,,
2025,3/6/2025,23:30,Full,15 min,as,No Fish,,,,,,241,,
2025,3/6/2025,23:45,Full,15 min,as,No Fish,,,,,,241,,
2025,3/7/2025,0:00,Full,15 min,as,No Fish,,,,,,235,,
2025,3/7/2025,0:15,Full,15 min,as,No Fish,,,,,,235,,
2025,3/7/2025,0:30,Full,15 min,as,No Fish,,,,,,235,,
2025,3/7/2025,0:45,Full,15 min,as,No Fish,,,,,,235,,
2025,3/7/2025,1:00,Full,15 min,as,No Fish,,,,,,235,,
2025,3/7/2025,1:15,Full,15 min,as,No Fish,,,,,,235,,
2025,3/7/2025,1:30,Full,15 min,as,No Fish,,,,,,235,,
2025,3/7/2025,1:45,Full,15 min,as,No Fish,,,,,,235,,
2025,3/7/2025,2:00,Full,15 min,as,No Fish,,,,,,235,,
2025,3/7/2025,2:15,Full,15 min,as,No Fish,,,,,,235,,
2025,3/7/2025,2:30,Full,15 min,as,No Fish,,,,,,235,,
2025,3/7/2025,2:45,Full,15 min,as,No Fish,,,,,,235,,
2025,3/7/2025,3:00,Full,15 min,as,3:12:32,upstream,43.2,4041,13.6,1,235,,
2025,3/7/2025,3:15,Full,15 min,as,No Fish,,,,,,235,,
2025,3/7/2025,3:30,Full,15 min,as,No Fish,,,,,,235,,
2025,3/7/2025,3:45,Full,15 min,as,3:45:38,upstream,13.6,204,9.79,1,235,,
2025,3/7/2025,3:45,Full,15 min,as,3:59:47,upstream,66.4,4762,11.76,1,235,,
2025,3/7/2025,4:00,Full,15 min,as,No Fish,,,,,,235,,
2025,3/7/2025,4:15,Full,15 min,as,No Fish,,,,,,235,,
2025,3/7/2025,4:30,Full,15 min,as,4:37:20,upstream,57.8,2370,14.13,1,235,,
2025,3/7/2025,4:45,Full,15 min,as,4:46:17,downstream,61.7,409,5.63,1,235,,
2025,3/7/2025,4:45,Full,15 min,as,4:54:25,upstream,42,3030,16.55,1,235,,
2025,3/7/2025,5:00,Full,15 min,as,No Fish,,,,,,235,,
2025,3/7/2025,5:15,Full,15 min,as,5:24:04,upstream,48.8,2910,7.55,1,235,,
2025,3/7/2025,5:30,Full,15 min,as,No Fish,,,,,,235,,
2025,3/7/2025,5:45,Full,15 min,as,No Fish,,,,,,235,,
2025,3/7/2025,6:00,Full,15 min,as,No Fish,,,,,,235,,
2025,3/7/2025,6:15,Full,15 min,as,No Fish,,,,,,235,,
2025,3/7/2025,6:30,Full,15 min,as,No Fish,,,,,,235,,
2025,3/7/2025,6:45,Full,15 min,as,No Fish,,,,,,235,,
2025,3/7/2025,7:00,Full,15 min,as,No Fish,,,,,,235,,
2025,3/7/2025,7:15,Full,15 min,as,No Fish,,,,,,235,,
2025,3/7/2025,7:30,Full,15 min,as,No Fish,,,,,,235,,
2025,3/7/2025,7:45,Full,15 min,as,No Fish,,,,,,235,,
2025,3/7/2025,8:00,Full,15 min,as,No Fish,,,,,,235,,
2025,3/7/2025,8:15,Full,15 min,as,No Fish,,,,,,235,,
2025,3/7/2025,8:30,Full,15 min,as,No Fish,,,,,,235,,
2025,3/7/2025,8:45,Full,15 min,as,8:49:46,upstream,65.5,1527,4.53,1,235,,
2025,3/7/2025,9:00,Full,15 min,as,No Fish,,,,,,235,,
2025,3/7/2025,9:15,Full,15 min,as,No Fish,,,,,,235,,
2025,3/7/2025,9:30,Full,15 min,as,No Fish,,,,,,235,,
2025,3/7/2025,9:45,Full,15 min,as,No Fish,,,,,,235,,
2025,3/7/2025,10:00,Full,15 min,as,No Fish,,,,,,235,,
2025,3/7/2025,10:15,Full,15 min,as,No Fish,,,,,,235,,
2025,3/7/2025,10:30,Full,15 min,as,10:41:22,upstream,41.3,3675,12.5,1,235,,
2025,3/7/2025,10:45,Full,15 min,as,No Fish,,,,,,235,,
2025,3/7/2025,11:00,Full,15 min,as,11:10:15,downstream,45.1,3315,9.3,1,235,,
2025,3/7/2025,11:15,Full,15 min,as,No Fish,,,,,,235,,
2025,3/7/2025,11:30,Full,15 min,as,No Fish,,,,,,235,,
2025,3/7/2025,11:45,Full,15 min,as,No Fish,,,,,,235,,
2025,3/7/2025,12:00,Full,15 min,as,12:06:15,upstream,82.1,2009,12,1,235,,
2025,3/7/2025,12:15,Full,15 min,as,12:23:20,downstream,82.4,2695,10.85,1,235,,
2025,3/7/2025,12:30,Full,15 min,as,No Fish,,,,,,235,,
2025,3/7/2025,12:45,Full,15 min,as,No Fish,,,,,,235,,
2025,3/7/2025,13:00,Full,15 min,as,No Fish,,,,,,235,,
2025,3/7/2025,13:15,Full,15 min,as,No Fish,,,,,,235,,
2025,3/7/2025,13:30,Full,15 min,as,No Fish,,,,,,235,,
2025,3/7/2025,13:45,Full,15 min,as,No Fish,,,,,,235,,
2025,3/7/2025,14:00,Full,15 min,as,No Fish,,,,,,235,,
2025,3/7/2025,14:15,Full,15 min,as,No Fish,,,,,,235,,
2025,3/7/2025,14:30,Full,15 min,as,No Fish,,,,,,235,,
2025,3/7/2025,14:45,Full,15 min,as,No Fish,,,,,,235,,
2025,3/7/2025,15:00,Full,15 min,as,No Fish,,,,,,235,,
2025,3/7/2025,15:15,Full,15 min,as,No Fish,,,,,,235,,
2025,3/7/2025,15:30,Full,15 min,as,No Fish,,,,,,235,,
2025,3/7/2025,15:45,Full,15 min,as,No Fish,,,,,,235,,
2025,3/7/2025,16:00,Full,15 min,as,No Fish,,,,,,235,,
2025,3/7/2025,16:15,Full,15 min,as,No Fish,,,,,,235,,
2025,3/7/2025,16:30,Full,15 min,as,No Fish,,,,,,235,,
2025,3/7/2025,16:45,Full,15 min,as,No Fish,,,,,,235,,
2025,3/7/2025,17:00,Full,15 min,as,No Fish,,,,,,235,,
2025,3/7/2025,17:15,Full,15 min,as,No Fish,,,,,,235,,
2025,3/7/2025,17:30,Full,15 min,as,No Fish,,,,,,235,,
2025,3/7/2025,17:45,Full,15 min,as,No Fish,,,,,,235,,
2025,3/7/2025,18:00,Full,15 min,as,No Fish,,,,,,235,,
2025,3/7/2025,18:15,Full,15 min,as,18:29:21,downstream,66.5,4555,2.2,1,235,,
2025,3/7/2025,18:30,Full,15 min,as,18:40:29,upstream,41.4,3329,16.51,1,235,,
2025,3/7/2025,18:45,Full,15 min,as,18:47:50,upstream,79.5,899,10.22,1,235,,
2025,3/7/2025,18:45,Full,15 min,as,18:54:23,downstream,74.4,2976,14.66,1,235,,
2025,3/7/2025,19:00,Full,15 min,as,No Fish,,,,,,235,,
2025,3/7/2025,19:15,Full,15 min,as,No Fish,,,,,,235,,
2025,3/7/2025,19:30,Full,15 min,as,19:38:05,upstream,65.3,2578,14.14,1,235,,
2025,3/7/2025,19:45,Full,15 min,as,No Fish,,,,,,235,,
2025,3/7/2025,20:00,Full,15 min,as,20:02:33,upstream,39.4,805,15.07,1,235,,
2025,3/7/2025,20:15,Full,15 min,as,No Fish,,,,,,235,,
2025,3/7/2025,20:30,Full,15 min,as,No Fish,,,,,,235,,
2025,3/7/2025,20:45,Full,15 min,as,20:47:18,downstream,66.1,727,10.94,1,235,,
2025,3/7/2025,20:45,Full,15 min,as,20:48:18,upstream,65.8,1047,15.57,1,235,,
2025,3/7/2025,21:00,Full,15 min,as,No Fish,,,,,,235,,
2025,3/7/2025,21:15,Full,15 min,as,No Fish,,,,,,235,,
2025,3/7/2025,21:30,Full,15 min,as,No Fish,,,,,,235,,
2025,3/7/2025,21:45,Full,15 min,as,No Fish,,,,,,235,,
2025,3/7/2025,22:00,Full,15 min,as,No Fish,,,,,,235,,
2025,3/7/2025,22:15,Full,15 min,as,No Fish,,,,,,235,,
2025,3/7/2025,22:30,Full,15 min,as,No Fish,,,,,,235,,
2025,3/7/2025,22:45,Full,15 min,as,22:51:36,upstream,69.1,2079,10.92,1,235,,
2025,3/7/2025,23:00,Full,15 min,as,23:11:28,downstream,70.5,3659,14.45,1,235,,
2025,3/7/2025,23:15,Full,15 min,as,23:22:07,upstream,69.7,2243,14.42,1,235,,
2025,3/7/2025,23:15,Full,15 min,as,23:22:58,downstream,69.7,2525,14.68,1,235,,
2025,3/7/2025,23:15,Full,15 min,as,23:23:01,downstream,63.7,2539,14.56,1,235,,
2025,3/7/2025,23:15,Full,15 min,as,23:27:23,upstream,64.2,3931,13.16,1,235,,
2025,3/7/2025,23:15,Full,15 min,as,23:27:23,upstream,69,3934,14.41,1,235,,
2025,3/7/2025,23:30,Full,15 min,as,23:41:30,downstream,60.1,3653,13.37,1,235,,
2025,3/7/2025,23:45,Full,15 min,as,23:58:39,upstream,67,4330,15.01,1,235,,
2025,3/7/2025,23:45,Full,15 min,as,23:58:42,upstream,68.4,4345,13.87,1,235,,
2025,3/11/2025,0:00,Full,15 min,as,No Fish,,,,,,,,
2025,3/11/2025,0:15,Full,15 min,as,0:21:20,downstream,59,2045,10.94,1,,,
2025,3/11/2025,0:15,Full,15 min,as,0:23:58,downstream,54.8,2889,15.2,1,,,
2025,3/11/2025,0:15,Full,15 min,as,0:24:43,upstream,74.1,3125,8.87,1,,,
2025,3/11/2025,0:15,Full,15 min,as,0:26:22,upstream,54,3662,15.29,1,,,
2025,3/11/2025,0:30,Full,15 min,as,No Fish,,,,,,,,
2025,3/11/2025,0:45,Full,15 min,as,No Fish,,,,,,,,
2025,3/11/2025,1:00,Full,15 min,as,No Fish,,,,,,,,
2025,3/11/2025,1:15,Full,15 min,as,No Fish,,,,,,,,
2025,3/11/2025,1:30,Full,15 min,as,No Fish,,,,,,,,
2025,3/11/2025,1:45,Full,15 min,as,No Fish,,,,,,,,
2025,3/11/2025,2:00,Full,15 min,as,No Fish,,,,,,,,
2025,3/11/2025,2:15,Full,15 min,as,2:25:11,upstream,71.6,3282,12.02,1,,,
2025,3/11/2025,2:30,Full,15 min,as,No Fish,,,,,,,,
2025,3/11/2025,2:45,Full,15 min,as,No Fish,,,,,,,,
2025,3/11/2025,3:00,Full,15 min,as,No Fish,,,,,,,,
2025,3/11/2025,3:15,Full,15 min,as,No Fish,,,,,,,,
2025,3/11/2025,3:30,Full,15 min,as,No Fish,,,,,,,,
2025,3/11/2025,3:45,Full,15 min,as,No Fish,,,,,,,,
2025,3/11/2025,4:00,Full,15 min,as,4:01:22,upstream,74.7,430,16.13,1,,,
,,,Full,15 min,as,4:05:43,upstream,39.7,1830,14.97,1,,,
2025,3/11/2025,4:15,Full,15 min,as,No Fish,,,,,,,,
2025,3/11/2025,4:30,Full,15 min,as,No Fish,,,,,,,,
2025,3/11/2025,4:45,Full,15 min,as,No Fish,,,,,,,,
2025,3/11/2025,5:00,Full,15 min,as,No Fish,,,,,,,,
2025,3/11/2025,5:15,Full,15 min,as,No Fish,,,,,,,,
2025,3/11/2025,5:30,Full,15 min,as,No Fish,,,,,,,,
2025,3/11/2025,5:45,Full,15 min,as,No Fish,,,,,,,,
2025,3/11/2025,6:00,Full,15 min,as,No Fish,,,,,,,,
2025,3/11/2025,6:15,Full,15 min,as,No Fish,,,,,,,,
2025,3/11/2025,6:30,Full,15 min,as,No Fish,,,,,,,,
2025,3/11/2025,6:45,Full,15 min,as,6:54:56,upstream,73.6,3210,14.32,1,,,
2025,3/11/2025,7:00,Full,15 min,as,7:03:20,upstream,68,1068,11.23,1,,,
2025,3/11/2025,7:15,Full,15 min,as,7:22:49,downstream,49.1,2524,4.38,1,,,
2025,3/11/2025,7:30,Full,15 min,as,No Fish,,,,,,,,
2025,3/11/2025,7:45,Full,15 min,as,No Fish,,,,,,,,
2025,3/11/2025,8:00,Full,15 min,as,No Fish,,,,,,,,
2025,3/11/2025,8:15,Full,15 min,as,No Fish,,,,,,,,
2025,3/11/2025,8:30,Full,15 min,as,No Fish,,,,,,,,
2025,3/11/2025,8:45,Full,15 min,as,No Fish,,,,,,,,
2025,3/11/2025,9:00,Full,15 min,as,No Fish,,,,,,,,
2025,3/11/2025,9:15,Full,15 min,as,No Fish,,,,,,,,
2025,3/11/2025,9:30,Full,15 min,as,No Fish,,,,,,,,
2025,3/11/2025,9:45,Full,15 min,as,No Fish,,,,,,,,
2025,3/11/2025,10:00,Full,15 min,as,No Fish,,,,,,,,
2025,3/11/2025,10:15,Full,15 min,as,No Fish,,,,,,,,
2025,3/11/2025,10:30,Full,15 min,as,No Fish,,,,,,,,
2025,3/11/2025,10:45,Full,15 min,as,No Fish,,,,,,,,
2025,3/11/2025,11:00,Full,15 min,as,No Fish,,,,,,,,
2025,3/11/2025,11:15,Full,15 min,as,No Fish,,,,,,,,
2025,3/11/2025,11:30,Full,15 min,as,No Fish,,,,,,,,
2025,3/11/2025,11:45,Full,15 min,as,No Fish,,,,,,,,
2025,3/11/2025,12:00,Full,15 min,as,No Fish,,,,,,,,
2025,3/11/2025,12:15,Full,15 min,as,No Fish,,,,,,,,
2025,3/11/2025,12:30,Full,15 min,as,No Fish,,,,,,,,
2025,3/11/2025,12:45,Full,15 min,as,No Fish,,,,,,,,
2025,3/11/2025,13:00,Full,15 min,as,No Fish,,,,,,,,
2025,3/11/2025,13:15,Full,15 min,as,No Fish,,,,,,,,
2025,3/11/2025,13:30,Full,15 min,as,No Fish,,,,,,,,
2025,3/11/2025,13:45,Full,15 min,as,No Fish,,,,,,,,
2025,3/11/2025,14:00,Full,15 min,as,No Fish,,,,,,,,
2025,3/11/2025,14:15,Full,15 min,as,No Fish,,,,,,,,
2025,3/11/2025,14:30,Full,15 min,as,No Fish,,,,,,,,
2025,3/11/2025,14:45,Full,15 min,as,No Fish,,,,,,,,
2025,3/11/2025,15:00,Full,15 min,as,No Fish,,,,,,,,
2025,3/11/2025,15:15,Full,15 min,as,No Fish,,,,,,,,
2025,3/11/2025,15:30,Full,15 min,as,No Fish,,,,,,,,
2025,3/11/2025,15:45,Full,15 min,as,15:50:56,upstream,75.8,1906,10.53,1,,,
2025,3/11/2025,16:00,Full,15 min,as,No Fish,,,,,,,,
2025,3/11/2025,16:15,Full,15 min,as,No Fish,,,,,,,,
2025,3/11/2025,16:30,Full,15 min,as,16:39:57,downstream,45.3,3208,7.69,1,,,
2025,3/11/2025,16:45,Full,15 min,as,No Fish,,,,,,,,
2025,3/11/2025,17:00,Full,15 min,as,No Fish,,,,,,,,
2025,3/11/2025,17:15,Full,15 min,as,No Fish,,,,,,,,
2025,3/11/2025,17:30,Full,15 min,as,17:32:29,upstream,82,792,10.64,1,,,
2025,3/11/2025,17:30,Full,15 min,as,17:32:31,upstream,70.5,805,10.76,1,,,
2025,3/11/2025,17:30,Full,15 min,as,17:32:31,upstream,70.1,805,10.59,1,,,
2025,3/11/2025,17:45,Full,15 min,as,No Fish,,,,,,,,
2025,3/11/2025,18:00,Full,15 min,as,No Fish,,,,,,,otter and fish,
2025,3/11/2025,18:15,Full,15 min,as,No Fish,,,,,,,,
2025,3/11/2025,18:30,Full,15 min,as,No Fish,,,,,,,,
2025,3/11/2025,18:45,Full,15 min,as,18:47:52,downstream,82.5,922,11.6,1,,,
2025,3/11/2025,19:00,Full,15 min,as,No Fish,,,,,,,,
2025,3/11/2025,19:15,Full,15 min,as,19:22:15,upstream,82.1,2338,11.81,1,,,
2025,3/11/2025,19:30,Full,15 min,as,19:35:10,upstream,72.3,1668,11.19,1,,,
2025,3/11/2025,19:30,Full,15 min,as,19:35:17,upstream,62.5,1706,10.79,1,,,
2025,3/11/2025,19:30,Full,15 min,as,19:43:02,downstream,68.9,4207,10.59,1,,,
2025,3/11/2025,19:45,Full,15 min,as,19:45:43,downstream,77.3,234,15.42,1,,,
2025,3/11/2025,20:00,Full,15 min,as,No Fish,,,,,,,,
2025,3/11/2025,20:15,Full,15 min,as,20:23:28,upstream,70.2,2722,15.42,1,,,
2025,3/11/2025,20:15,Full,15 min,as,20:24:36,upstream,78.7,3089,11.12,1,,,
2025,3/11/2025,20:30,Full,15 min,as,20:36:20,upstream,66.5,2037,8.59,1,,,
2025,3/11/2025,20:30,Full,15 min,as,20:36:22,upstream,56.2,2048,8.72,1,,,
2025,3/11/2025,20:30,Full,15 min,as,20:36:23,upstream,70.1,9.51,9.51,1,,,
2025,3/11/2025,20:30,Full,15 min,as,20:38:02,downstream,74.5,2590,15.22,1,,,
2025,3/11/2025,20:45,Full,15 min,as,20:45:30,upstream,73.1,161,16.36,1,,,
2025,3/11/2025,21:00,Full,15 min,as,21:07:31,downstream,88.1,2427,10.2,1,,,
2025,3/11/2025,21:00,Full,15 min,as,21:09:44,downstream,70.9,3141,7.64,1,,,
2025,3/11/2025,21:00,Full,15 min,as,21:13:03,upstream,87.4,4212,14.34,1,,,
2025,3/11/2025,21:15,Full,15 min,as,No Fish,,,,,,,,
2025,3/11/2025,21:30,Full,15 min,as,21:34:31,upstream,80.6,1453,7.37,1,,,
2025,3/11/2025,21:30,Full,15 min,as,21:34:35,downstream,80.6,1528,12.79,1,,,
2025,3/11/2025,21:30,Full,15 min,as,21:35:33,upstream,78.8,1792,14.71,1,,,
2025,3/11/2025,21:45,Full,15 min,as,21:54:06,upstream,80,2934,10.19,1,,,
2025,3/11/2025,22:00,Full,15 min,as,22:00:10,downstream,80.3,50,12.44,1,,,
2025,3/11/2025,22:00,Full,15 min,as,22:01:00,upstream,80.9,317,14.75,1,,,
2025,3/11/2025,22:15,Full,15 min,as,22:28:20,downstream,64.5,4292,15.53,1,,,
2025,3/11/2025,22:30,Full,15 min,as,22:34:45,upstream,80.5,1521,12.07,1,,,
2025,3/11/2025,22:30,Full,15 min,as,22:37:57,upstream,62.6,2560,10.57,1,,,
2025,3/11/2025,22:45,Full,15 min,as,No Fish,,,,,,,,
2025,3/11/2025,23:00,Full,15 min,as,No Fish,,,,,,,,
2025,3/11/2025,23:15,Full,15 min,as,23:28:11,upstream,62.8,4256,7.14,1,,,
2025,3/11/2025,23:30,Full,15 min,as,23:37:37,upstream,79.1,2451,11.08,1,,,
2025,3/11/2025,23:45,Full,15 min,as,23:49:54,downstream,81.8,1576,11.45,1,,,
2025,3/11/2025,23:45,Full,15 min,as,23:53:58,downstream,55.4,2894,10.66,1,,,
2025,3/12/2025,0:00,Full,15 min,as,0:01:47,upstream,43.8,571,9.08,1,,,
2025,3/12/2025,0:00,Full,15 min,as,0:02:29,upstream,69.8,802,16.08,1,,,
2025,3/12/2025,0:15,Full,15 min,as,0:21:08,upstream,83.8,1980,10.01,1,,,
2025,3/12/2025,0:30,Full,15 min,as,0:30:45,upstream,38,237,14.54,1,,,
2025,3/12/2025,0:45,Full,15 min,as,No Fish,,,,,,,,
2025,3/12/2025,1:00,Full,15 min,as,No Fish,,,,,,,,
2025,3/12/2025,1:15,Full,15 min,as,No Fish,,,,,,,,
2025,3/12/2025,1:30,Full,15 min,as,No Fish,,,,,,,,
2025,3/12/2025,1:45,Full,15 min,as,No Fish,,,,,,,,
2025,3/12/2025,2:00,Full,15 min,as,No Fish,,,,,,,,
2025,3/12/2025,2:15,Full,15 min,as,No Fish,,,,,,,,
2025,3/12/2025,2:30,Full,15 min,as,No Fish,,,,,,,,
2025,3/12/2025,2:45,Full,15 min,as,No Fish,,,,,,,,
2025,3/12/2025,3:00,Full,15 min,as,No Fish,,,,,,,,
2025,3/12/2025,3:15,Full,15 min,as,3:21:54,downstream,38.1,2226,11.75,1,,,
2025,3/12/2025,3:15,Full,15 min,as,3:26:43,upstream,38.1,3781,13.33,1,,,
2025,3/12/2025,3:30,Full,15 min,as,No Fish,,,,,,,,
2025,3/12/2025,3:45,Full,15 min,as,3:58:37,downstream,38.1,4391,14.92,1,,,
2025,3/12/2025,4:00,Full,15 min,as,No Fish,,,,,,,,
2025,3/12/2025,4:15,Full,15 min,as,4:23:02,downstream,38.2,2597,14.21,1,,,
2025,3/12/2025,4:30,Full,15 min,as,No Fish,,,,,,,,
2025,3/12/2025,4:45,Full,15 min,as,4:49:53,downstream,42.2,1572,11.34,1,,,
2025,3/12/2025,5:00,Full,15 min,as,No Fish,,,,,,,,
2025,3/12/2025,5:15,Full,15 min,as,No Fish,,,,,,,,
2025,3/12/2025,5:30,Full,15 min,as,5:31:40,upstream,38,529,13.85,1,,,
2025,3/12/2025,5:45,Full,15 min,as,No Fish,,,,,,,,
2025,3/12/2025,6:00,Full,15 min,as,6:01:21,downstream,79.9,434,11.29,1,,,
2025,3/12/2025,6:00,Full,15 min,as,6:02:48,upstream,81.7,903,13.81,1,,,
2025,3/12/2025,6:15,Full,15 min,as,No Fish,,,,,,,,
2025,3/12/2025,6:30,Full,15 min,as,No Fish,,,,,,,,
2025,3/12/2025,6:45,Full,15 min,as,No Fish,,,,,,,,
2025,3/12/2025,7:00,Full,15 min,as,No Fish,,,,,,,,
2025,3/12/2025,7:15,Full,15 min,as,No Fish,,,,,,,,
2025,3/12/2025,7:30,Full,15 min,as,No Fish,,,,,,,,
2025,3/12/2025,7:45,Full,15 min,as,No Fish,,,,,,,,
2025,3/12/2025,8:00,Full,15 min,as,No Fish,,,,,,,,
2025,3/12/2025,8:15,Full,15 min,as,No Fish,,,,,,,,
2025,3/12/2025,8:30,Full,15 min,as,No Fish,,,,,,,,
2025,3/12/2025,8:45,Full,15 min,as,No Fish,,,,,,,,
2025,3/12/2025,9:00,Full,15 min,as,No Fish,,,,,,,,
2025,3/12/2025,9:15,Full,15 min,as,No Fish,,,,,,,,
2025,3/12/2025,9:30,Full,15 min,as,No Fish,,,,,,,,
2025,3/12/2025,9:45,Full,15 min,as,No Fish,,,,,,,,
2025,3/12/2025,10:00,Full,15 min,as,No Fish,,,,,,,,
2025,3/12/2025,10:15,Full,15 min,as,No Fish,,,,,,,,
2025,3/12/2025,10:30,Full,15 min,as,No Fish,,,,,,,,
2025,3/12/2025,10:45,Full,15 min,as,No Fish,,,,,,,,
2025,3/12/2025,11:00,Full,15 min,as,No Fish,,,,,,,,
2025,3/12/2025,11:15,Full,15 min,as,No Fish,,,,,,,,
2025,3/12/2025,11:30,Full,15 min,as,No Fish,,,,,,,,
2025,3/12/2025,11:45,Full,15 min,as,No Fish,,,,,,,,
2025,3/12/2025,12:00,Full,15 min,as,No Fish,,,,,,,,
2025,3/12/2025,12:15,Full,15 min,as,No Fish,,,,,,,,
2025,3/12/2025,12:30,Full,15 min,as,No Fish,,,,,,,,
2025,3/12/2025,12:45,Full,15 min,as,No Fish,,,,,,,,
2025,3/12/2025,13:00,Full,15 min,as,No Fish,,,,,,,,
2025,3/12/2025,13:15,Full,15 min,as,No Fish,,,,,,,,
2025,3/12/2025,13:30,Partial,"1 min, 52 sec",as,No Fish,,,,,,,less than two minutes recorded,
2025,3/12/2025,13:45,No Data,No Data ,as,No Data ,,,,,,,,
2025,3/12/2025,14:00,No Data,No Data ,as,No Data ,,,,,,,,
2025,3/12/2025,14:15,Partial,5 min,as,No Fish,,,,,,,less than five minutes recorded,
2025,3/12/2025,14:30,Full,15 min,as,No Fish,,,,,,,,
2025,3/12/2025,14:45,Full,15 min,as,No Fish,,,,,,,,
2025,3/12/2025,15:00,Full,15 min,as,No Fish,,,,,,,,
2025,3/12/2025,15:15,Full,15 min,as,No Fish,,,,,,,,
2025,3/12/2025,15:30,Full,15 min,as,No Fish,,,,,,,,
2025,3/12/2025,15:45,Full,15 min,as,No Fish,,,,,,,,
2025,3/12/2025,16:00,Full,15 min,as,No Fish,,,,,,,,
2025,3/12/2025,16:15,Full,15 min,as,No Fish,,,,,,,,
2025,3/12/2025,16:30,Full,15 min,as,No Fish,,,,,,,,
2025,3/12/2025,16:45,Full,15 min,as,No Fish,,,,,,,,
2025,3/12/2025,17:00,Full,15 min,as,No Fish,,,,,,,,
2025,3/12/2025,17:15,Full,15 min,as,17:22:47,upstream,69.1,2493,11.21,1,,,
2025,3/12/2025,17:30,Full,15 min,as,No Fish,,,,,,,,
2025,3/12/2025,17:45,Full,15 min,as,No Fish,,,,,,,,
2025,3/12/2025,18:00,Full,15 min,as,No Fish,,,,,,,,
2025,3/12/2025,18:15,Full,15 min,as,No Fish,,,,,,,,
2025,3/12/2025,18:30,Full,15 min,as,No Fish,,,,,,,,
2025,3/12/2025,18:45,Full,15 min,as,No Fish,,,,,,,fast otter,
2025,3/12/2025,19:00,Full,15 min,as,No Fish,,,,,,,,
2025,3/12/2025,19:15,Full,15 min,as,No Fish,,,,,,,,
2025,3/12/2025,19:30,Full,15 min,as,No Fish,,,,,,,,
2025,3/12/2025,19:45,Full,15 min,as,No Fish,,,,,,,,
2025,3/12/2025,20:00,Full,15 min,as,20:14:00,downstream,81,4468,7.31,1,,,
2025,3/12/2025,20:15,Full,15 min,as,20:24:18,upstream,82.3,2935,12.43,1,,,
2025,3/12/2025,20:30,Full,15 min,as,20:33:26,downstream,57.4,1099,9.09,1,,,
2025,3/12/2025,20:30,Full,15 min,as,20:38:03,downstream,81.2,2565,9.99,1,,,
2025,3/12/2025,20:30,Full,15 min,as,20:38:07,downstream,66.2,2587,9.51,1,,,
2025,3/12/2025,20:45,Full,15 min,as,20:45:57,downstream,80.4,304,11.14,1,,,
2025,3/12/2025,20:45,Full,15 min,as,20:46:44,upstream,82.2,553,14.61,1,,,
2025,3/12/2025,20:45,Full,15 min,as,20:47:09,downstream,81.1,689,7.35,1,,,
2025,3/12/2025,21:00,Full,15 min,as,No Fish,,,,,,,,
2025,3/12/2025,21:15,Full,15 min,as,21:19:34,upstream,83.2,1456,14.94,1,,,
2025,3/12/2025,21:30,Full,15 min,as,No Fish,,,,,,,,
2025,3/12/2025,21:45,Full,15 min,as,No Fish,,,,,,,,
2025,3/12/2025,22:00,Full,15 min,as,22:00:59,upstream,46.2,307,16.6,1,,,
2025,3/12/2025,22:00,Full,15 min,as,22:02:17,downstream,68,724,13.43,1,,,
2025,3/12/2025,22:15,Full,15 min,as,No Fish,,,,,,,,
2025,3/12/2025,22:30,Full,15 min,as,22:39:55,downstream,45.7,3177,6.43,1,,,
2025,3/12/2025,22:45,Full,15 min,as,22:55:25,upstream,75.8,3330,11.06,1,,,
2025,3/12/2025,23:00,Full,15 min,as,23:01:13,downstream,64.5,384,12.8,1,,,
2025,3/12/2025,23:00,Full,15 min,as,23:03:53,downstream,56.7,1226,4.37,1,,,
2025,3/12/2025,23:00,Full,15 min,as,23:07:51,upstream,56.9,2495,10.75,1,,,
2025,3/12/2025,23:00,Full,15 min,as,23:12:20,upstream,60,3931,16.09,1,,,
2025,3/12/2025,23:15,Full,15 min,as,23:21:52,upstream,82.6,2182,12.61,1,,,
2025,3/12/2025,23:15,Full,15 min,as,23:25:42,upstream,63.5,3404,9.37,1,,,
2025,3/12/2025,23:15,Full,15 min,as,23:28:54,upstream,69.7,4427,11.6,1,,,
2025,3/12/2025,23:30,Full,15 min,as,No Fish,,,,,,,,
2025,3/12/2025,23:45,Full,15 min,as,No Fish,,,,,,,,
2025,3/16/2025,0:00,Full,15 min,as,No Fish,,,,,,201,,
2025,3/16/2025,0:15,Full,15 min,as,No Fish,,,,,,201,,
2025,3/16/2025,0:30,Full,15 min,as,0:38:15,downstream,37,2688,10.01,1,201,,
2025,3/16/2025,0:45,Full,15 min,as,No Fish,,,,,,201,,
2025,3/16/2025,1:00,Full,15 min,as,No Fish,,,,,,201,,
2025,3/16/2025,1:15,Full,15 min,as,No Fish,,,,,,201,,
2025,3/16/2025,1:30,Full,15 min,as,No Fish,,,,,,201,,
2025,3/16/2025,1:45,Full,15 min,as,No Fish,,,,,,201,,
2025,3/16/2025,2:00,Full,15 min,as,2:02:52,upstream,50.2,930,15.25,1,201,,
2025,3/16/2025,2:15,Full,15 min,as,No Fish,,,,,,201,,
2025,3/16/2025,2:30,Full,15 min,as,No Fish,,,,,,201,,
2025,3/16/2025,2:45,Full,15 min,as,No Fish,,,,,,201,,
2025,3/16/2025,3:00,Full,15 min,as,No Fish,,,,,,201,,
2025,3/16/2025,3:15,Full,15 min,as,3:22:55,upstream,64.7,2579,14.87,1,201,,
2025,3/16/2025,3:30,Full,15 min,as,3:37:41,upstream,54.4,2503,14.89,1,201,,
2025,3/16/2025,3:45,Full,15 min,as,No Fish,,,,,,201,,
2025,3/16/2025,4:00,Full,15 min,as,4:09:52,downstream,63.1,3213,13.11,1,201,,
2025,3/16/2025,4:15,Full,15 min,as,No Fish,,,,,,201,,
2025,3/16/2025,4:30,Full,15 min,as,4:39:42,downstream,50.6,3104,8.9,1,201,,
2025,3/16/2025,4:45,Full,15 min,as,4:53:28,downstream,57.9,2754,13.2,1,201,,
2025,3/16/2025,5:00,Full,15 min,as,5:02:52,downstream,66.8,933,14.23,1,201,,
2025,3/16/2025,5:00,Full,15 min,as,5:11:47,upstream,45.3,45.3,15.88,1,201,,
2025,3/16/2025,5:15,Full,15 min,as,No Fish,,,,,,201,,
2025,3/16/2025,5:30,Full,15 min,as,No Fish,,,,,,201,,
2025,3/16/2025,5:45,Full,15 min,as,No Fish,,,,,,201,,
2025,3/16/2025,6:00,Full,15 min,as,No Fish,,,,,,201,,
2025,3/16/2025,6:15,Full,15 min,as,No Fish,,,,,,201,,
2025,3/16/2025,6:30,Full,15 min,as,6:40:12,downstream,54.4,3312,14.04,1,201,,
2025,3/16/2025,6:45,Full,15 min,as,6:56:21,downstream,53.3,3690,14.48,1,201,,
2025,3/16/2025,6:45,Full,15 min,as,6:59:16,downstream,64.7,4640,8.76,1,201,,
2025,3/16/2025,7:00,Full,15 min,as,7:03:47,upstream,63.8,1228,12.28,1,201,,
2025,3/16/2025,7:15,Full,15 min,as,No Fish,,,,,,201,,
2025,3/16/2025,7:30,Full,15 min,as,No Fish,,,,,,201,,
2025,3/16/2025,7:45,Full,15 min,as,No Fish,,,,,,201,,
2025,3/16/2025,8:00,Full,15 min,as,No Fish,,,,,,201,,
2025,3/16/2025,8:15,Full,15 min,as,No Fish,,,,,,201,,
2025,3/16/2025,8:30,Full,15 min,as,No Fish,,,,,,201,,
2025,3/16/2025,8:45,Full,15 min,as,No Fish,,,,,,201,,
2025,3/16/2025,9:00,Full,15 min,as,No Fish,,,,,,201,,
2025,3/16/2025,9:15,Full,15 min,as,No Fish,,,,,,201,,
2025,3/16/2025,9:30,Full,15 min,as,No Fish,,,,,,201,,
2025,3/16/2025,9:45,Full,15 min,as,No Fish,,,,,,201,,
2025,3/16/2025,10:00,Full,15 min,as,No Fish,,,,,,201,,
2025,3/16/2025,10:15,Full,15 min,as,No Fish,,,,,,201,,
2025,3/16/2025,10:30,Full,15 min,as,No Fish,,,,,,201,,
2025,3/16/2025,10:45,Full,15 min,as,No Fish,,,,,,201,,
2025,3/16/2025,11:00,Full,15 min,as,No Fish,,,,,,201,,
2025,3/16/2025,11:15,Full,15 min,as,No Fish,,,,,,201,,
2025,3/16/2025,11:30,Full,15 min,as,No Fish,,,,,,201,,
2025,3/16/2025,11:45,Full,15 min,as,No Fish,,,,,,201,,
2025,3/16/2025,12:00,Full,15 min,as,No Fish,,,,,,201,,
2025,3/16/2025,12:15,Full,15 min,as,No Fish,,,,,,201,,
2025,3/16/2025,12:30,Full,15 min,as,No Fish,,,,,,201,,
2025,3/16/2025,12:45,Full,15 min,as,No Fish,,,,,,201,,
2025,3/16/2025,13:00,Full,15 min,as,No Fish,,,,,,201,,
2025,3/16/2025,13:15,Full,15 min,as,No Fish,,,,,,201,,
2025,3/16/2025,13:30,Full,15 min,as,No Fish,,,,,,201,,
2025,3/16/2025,13:45,Full,15 min,as,No Fish,,,,,,201,,
2025,3/16/2025,14:00,Full,15 min,as,No Fish,,,,,,201,,
2025,3/16/2025,14:15,Full,15 min,as,No Fish,,,,,,201,,
2025,3/16/2025,14:30,Full,15 min,as,No Fish,,,,,,201,,
2025,3/16/2025,14:45,Full,15 min,as,No Fish,,,,,,201,,
2025,3/16/2025,15:00,Full,15 min,as,No Fish,,,,,,201,,
2025,3/16/2025,15:15,Full,15 min,as,No Fish,,,,,,201,,
2025,3/16/2025,15:30,Full,15 min,as,No Fish,,,,,,201,,
2025,3/16/2025,15:45,Full,15 min,as,No Fish,,,,,,201,,
2025,3/16/2025,16:00,Full,15 min,as,No Fish,,,,,,201,,
2025,3/16/2025,16:15,Full,15 min,as,No Fish,,,,,,201,,
2025,3/16/2025,16:30,Full,15 min,as,No Fish,,,,,,201,,
2025,3/16/2025,16:45,Full,15 min,as,No Fish,,,,,,201,,
2025,3/16/2025,17:00,Full,15 min,as,No Fish,,,,,,201,,
2025,3/16/2025,17:15,Full,15 min,as,No Fish,,,,,,201,,
2025,3/16/2025,17:30,Full,15 min,as,No Fish,,,,,,201,,
2025,3/16/2025,17:45,Full,15 min,as,No Fish,,,,,,201,,
2025,3/16/2025,18:00,Full,15 min,as,No Fish,,,,,,201,,
2025,3/16/2025,18:15,Full,15 min,as,No Fish,,,,,,201,,
2025,3/16/2025,18:30,Full,15 min,as,No Fish,,,,,,201,,
2025,3/16/2025,18:45,Full,15 min,as,No Fish,,,,,,201,,
2025,3/16/2025,19:00,Full,15 min,as,No Fish,,,,,,201,,
2025,3/16/2025,19:15,Full,15 min,as,No Fish,,,,,,201,,
2025,3/16/2025,19:30,Full,15 min,as,19:42:03,upstream,67.5,3917,6.65,1,201,,
2025,3/16/2025,19:30,Full,15 min,as,19:42:05,upstream,68.1,3928,6.66,1,201,,
2025,3/16/2025,19:45,Full,15 min,as,19:45:22,upstream,51.2,117,10.15,1,201,,
2025,3/16/2025,19:45,Full,15 min,as,19:58:03,upstream,65.4,4255,13.82,1,201,,
2025,3/16/2025,20:00,Full,15 min,as,20:13:13,upstream,61.6,4295,10.68,1,201,,
2025,3/16/2025,20:00,Full,15 min,as,20:14:49,upstream,50.3,4814,15.48,1,201,,
2025,3/16/2025,20:15,Full,15 min,as,No Fish,,,,,,201,,
2025,3/16/2025,20:30,Full,15 min,as,20:32:11,upstream,62.2,710,6,1,201,,
2025,3/16/2025,20:45,Full,15 min,as,No Fish,,,,,,201,,
2025,3/16/2025,21:00,Full,15 min,as,21:01:36,downstream,62.5,514,10.76,1,201,,
2025,3/16/2025,21:00,Full,15 min,as,21:08:10,downstream,72.2,2653,9.76,1,201,,
2025,3/16/2025,21:15,Full,15 min,as,21:16:49,upstream,72.2,590,16.66,1,201,,
2025,3/16/2025,21:30,Full,15 min,as,No Fish,,,,,,201,,
2025,3/16/2025,21:45,Full,15 min,as,No Fish,,,,,,201,,
2025,3/16/2025,22:00,Full,15 min,as,22:03:59,downstream,71.2,1297,12.62,1,201,,
2025,3/16/2025,22:00,Full,15 min,as,22:10:23,upstream,71.4,3378,12.81,1,201,,
2025,3/16/2025,22:15,Full,15 min,as,22:27:54,downstream,70.6,4195,15.15,1,201,,
2025,3/16/2025,22:30,Full,15 min,as,22:32:43,upstream,71.6,880,8.11,1,201,,
2025,3/16/2025,22:45,Full,15 min,as,No Fish,,,,,,201,,
2025,3/16/2025,23:00,Full,15 min,as,No Fish,,,,,,201,,
2025,3/16/2025,23:15,Full,15 min,as,No Fish,,,,,,201,,
2025,3/16/2025,23:30,Full,15 min,as,No Fish,,,,,,201,,
2025,3/16/2025,23:45,Full,15 min,as,No Fish,,,,,,201,,
2025,3/17/2025,0:00,Full,15 min,as,No Fish,,,,,,190,,
2025,3/17/2025,0:15,Full,15 min,as,No Fish,,,,,,190,,
2025,3/17/2025,0:30,Full,15 min,as,No Fish,,,,,,190,,
2025,3/17/2025,0:45,Full,15 min,as,No Fish,,,,,,190,,
2025,3/17/2025,1:00,Full,15 min,as,1:11:17,downstream,70.8,3667,11.77,1,190,,
2025,3/17/2025,1:15,Full,15 min,as,1:21:56,upstream,71.1,2258,13.94,1,190,,
2025,3/17/2025,1:30,Full,15 min,as,No Fish,,,,,,190,,
2025,3/17/2025,1:45,Full,15 min,as,No Fish,,,,,,190,,
2025,3/17/2025,2:00,Full,15 min,as,No Fish,,,,,,190,,
2025,3/17/2025,2:15,Full,15 min,as,2:29:36,upstream,72.6,4745,8.13,1,190,,
2025,3/17/2025,2:30,Full,15 min,as,No Fish,,,,,,190,,
2025,3/17/2025,2:45,Full,15 min,as,No Fish,,,,,,190,,
2025,3/17/2025,3:00,Full,15 min,as,No Fish,,,,,,190,,
2025,3/17/2025,3:15,Full,15 min,as,No Fish,,,,,,190,,
2025,3/17/2025,3:30,Full,15 min,as,3:43:44,upstream,70.8,4465,13.24,1,190,,
2025,3/17/2025,3:45,Full,15 min,as,No Fish,,,,,,190,,
2025,3/17/2025,4:00,Full,15 min,as,No Fish,,,,,,190,,
2025,3/17/2025,4:15,Full,15 min,as,No Fish,,,,,,190,,
2025,3/17/2025,4:30,Full,15 min,as,4:42:53,downstream,70.2,4193,9.94,1,190,,
2025,3/17/2025,4:45,Full,15 min,as,4:55:33,upstream,71.6,3430,13.24,1,190,,
2025,3/17/2025,5:00,Full,15 min,as,No Fish,,,,,,190,,
2025,3/17/2025,5:15,Full,15 min,as,No Fish,,,,,,190,,
2025,3/17/2025,5:30,Full,15 min,as,No Fish,,,,,,190,,
2025,3/17/2025,5:45,Full,15 min,as,No Fish,,,,,,190,,
2025,3/17/2025,6:00,Full,15 min,as,6:06:56,upstream,63,2256,7.81,1,190,,
2025,3/17/2025,6:15,Full,15 min,as,6:29:24,downstream,61.4,4675,9.09,1,190,,
2025,3/17/2025,6:15,Full,15 min,as,6:29:44,upstream,50,4787,15.05,1,190,,
2025,3/17/2025,6:30,Full,15 min,as,6:37:01,downstream,70.1,2279,10.22,1,190,,
2025,3/17/2025,6:45,Full,15 min,as,No Fish,,,,,,190,,
2025,3/17/2025,7:00,Full,15 min,as,7:02:42,downstream,54.3,873,8.21,1,190,,
2025,3/17/2025,7:15,Full,15 min,as,No Fish,,,,,,190,,
2025,3/17/2025,7:30,Full,15 min,as,No Fish,,,,,,190,,
2025,3/17/2025,7:45,Full,15 min,as,No Fish,,,,,,190,,
2025,3/17/2025,8:00,Full,15 min,as,No Fish,,,,,,190,,
2025,3/17/2025,8:15,Full,15 min,as,No Fish,,,,,,190,,
2025,3/17/2025,8:30,Full,15 min,as,No Fish,,,,,,190,,
2025,3/17/2025,8:45,Full,15 min,as,No Fish,,,,,,190,,
2025,3/17/2025,9:00,Full,15 min,as,No Fish,,,,,,190,,
2025,3/17/2025,9:15,Full,15 min,as,No Fish,,,,,,190,,
2025,3/17/2025,9:30,Full,15 min,as,No Fish,,,,,,190,,
2025,3/17/2025,9:45,Full,15 min,as,No Fish,,,,,,190,,
2025,3/17/2025,10:00,Full,15 min,as,No Fish,,,,,,190,,
2025,3/17/2025,10:15,Full,15 min,as,No Fish,,,,,,190,,
2025,3/17/2025,10:30,Full,15 min,as,No Fish,,,,,,190,,
2025,3/17/2025,10:45,Full,15 min,as,No Fish,,,,,,190,,
2025,3/17/2025,11:00,Full,15 min,as,No Fish,,,,,,190,,
2025,3/17/2025,11:15,Full,15 min,as,No Fish,,,,,,190,,
2025,3/17/2025,11:30,Full,15 min,as,No Fish,,,,,,190,,
2025,3/17/2025,11:45,Full,15 min,as,No Fish,,,,,,190,,
2025,3/17/2025,12:00,Full,15 min,as,No Fish,,,,,,190,,
2025,3/17/2025,12:15,Full,15 min,as,No Fish,,,,,,190,,
2025,3/17/2025,12:30,Full,15 min,as,No Fish,,,,,,190,,
2025,3/17/2025,12:45,Full,15 min,as,No Fish,,,,,,190,,
2025,3/17/2025,13:00,Full,15 min,as,No Fish,,,,,,190,,
2025,3/17/2025,13:15,Full,15 min,as,No Fish,,,,,,190,,
2025,3/17/2025,13:30,Full,15 min,as,No Fish,,,,,,190,,
2025,3/17/2025,13:45,Full,15 min,as,No Fish,,,,,,190,,
2025,3/17/2025,14:00,Full,15 min,as,14:14:24,upstream,72.7,4670,11.06,1,190,,
2025,3/17/2025,14:15,Full,15 min,as,No Fish,,,,,,190,,
2025,3/17/2025,14:30,Full,15 min,as,No Fish,,,,,,190,,
2025,3/17/2025,14:45,Full,15 min,as,No Fish,,,,,,190,,
2025,3/17/2025,15:00,Full,15 min,as,No Fish,,,,,,190,,
2025,3/17/2025,15:15,Full,15 min,as,No Fish,,,,,,190,,
2025,3/17/2025,15:30,Full,15 min,as,No Fish,,,,,,190,,
2025,3/17/2025,15:45,Full,15 min,as,No Fish,,,,,,190,,
2025,3/17/2025,16:00,Full,15 min,as,No Fish,,,,,,190,,
2025,3/17/2025,16:15,Full,15 min,as,16:25:58,upstream,73.2,3555,4.8,1,190,,
2025,3/17/2025,16:15,Full,15 min,as,16:26:01,upstream,53.5,3571,4.27,1,190,,
2025,3/17/2025,16:30,Full,15 min,as,No Fish,,,,,,190,,
2025,3/17/2025,16:45,Full,15 min,as,No Fish,,,,,,190,,
2025,3/17/2025,17:00,Full,15 min,as,No Fish,,,,,,190,,
2025,3/17/2025,17:15,Full,15 min,as,17:22:51,downstream,71.4,2542,9.3,1,190,,
2025,3/17/2025,17:15,Full,15 min,as,17:23:39,upstream,73.7,2804,9.74,1,190,,
2025,3/17/2025,17:30,Full,15 min,as,No Fish,,,,,,190,,
2025,3/17/2025,17:45,Full,15 min,as,No Fish,,,,,,190,,
2025,3/17/2025,18:00,Full,15 min,as,No Fish,,,,,,190,,
2025,3/17/2025,18:15,Full,15 min,as,No Fish,,,,,,190,,
2025,3/17/2025,18:30,Full,15 min,as,No Fish,,,,,,190,,
2025,3/17/2025,18:45,Full,15 min,as,No Fish,,,,,,190,,
2025,3/17/2025,19:00,Full,15 min,as,No Fish,,,,,,190,,
2025,3/17/2025,19:15,Full,15 min,as,No Fish,,,,,,190,,
2025,3/17/2025,19:30,Full,15 min,as,No Fish,,,,,,190,,
2025,3/17/2025,19:45,Full,15 min,as,19:52:09,downstream,74,2327,10.15,1,190,,
2025,3/17/2025,19:45,Full,15 min,as,19:58:57,upstream,72.7,4535,14.36,1,190,,
2025,3/17/2025,20:00,Full,15 min,as,No Fish,,,,,,190,,
2025,3/17/2025,20:15,Full,15 min,as,20:22:31,upstream,50.1,2439,15.36,1,190,,
2025,3/17/2025,20:15,Full,15 min,as,20:26:36,downstream,73.4,3765,14.37,1,190,,
2025,3/17/2025,20:15,Full,15 min,as,20:27:45,downstream,55,4131,9.88,1,190,,
2025,3/17/2025,20:15,Full,15 min,as,20:28:38,upstream,55,4423,4.61,1,190,,
2025,3/17/2025,20:30,Full,15 min,as,20:34:20,upstream,72.4,1403,11.19,1,190,,
2025,3/17/2025,20:30,Full,15 min,as,20:40:19,downstream,59.4,3349,14.93,1,190,,
2025,3/17/2025,20:45,Full,15 min,as,20:47:30,upstream,72.1,808,14.86,1,190,,
2025,3/17/2025,20:45,Full,15 min,as,20:49:01,upstream,54.8,1300,16.89,1,190,,
2025,3/17/2025,20:45,Full,15 min,as,20:50:46,downstream,73.7,1866,6.71,1,190,,
2025,3/17/2025,21:00,Full,15 min,as,21:08:06,upstream,71.7,2628,13.59,1,190,,
2025,3/17/2025,21:15,Full,15 min,as,21:22:13,upstream,53.8,2342,14.71,1,190,,
2025,3/17/2025,21:30,Full,15 min,as,21:40:35,downstream,54.4,3435,16.07,1,190,,
2025,3/17/2025,21:45,Full,15 min,as,No Fish,,,,,,190,,
2025,3/17/2025,22:00,Full,15 min,as,No Fish,,,,,,190,,
2025,3/17/2025,22:15,Full,15 min,as,22:16:52,upstream,71.1,601,10.5,1,190,,
2025,3/17/2025,22:30,Full,15 min,as,22:33:37,downstream,72.9,1174,12.53,1,190,,
2025,3/17/2025,22:30,Full,15 min,as,22:36:01,downstream,72.2,1956,6.86,1,190,,
2025,3/17/2025,22:45,Full,15 min,as,No Fish,,,,,,190,,
2025,3/17/2025,23:00,Full,15 min,as,23:04:43,upstream,72.7,1529,15.12,1,190,,
2025,3/17/2025,23:15,Full,15 min,as,23:15:44,upstream,72.8,231,9.89,1,190,,
2025,3/17/2025,23:30,Full,15 min,as,No Fish,,,,,,190,,
2025,3/17/2025,23:45,Full,15 min,as,No Fish,,,,,,190,,
2025,3/18/2025,0:00,Full,15 min,as,No Fish,,,,,,188,,
2025,3/18/2025,0:15,Full,15 min,as,No Fish,,,,,,188,,
2025,3/18/2025,0:30,Full,15 min,as,No Fish,,,,,,188,,
2025,3/18/2025,0:45,Full,15 min,as,0:49:47,upstream,63.4,1545,10.17,1,188,,
2025,3/18/2025,1:00,Full,15 min,as,1:01:55,downstream,64.2,621,12.45,1,188,,
2025,3/18/2025,1:15,Full,15 min,as,No Fish,,,,,,188,,
2025,3/18/2025,1:30,Full,15 min,as,1:33:01,upstream,63.5,975,14.12,1,188,,
2025,3/18/2025,1:45,Full,15 min,as,1:49:33,downstream,64.7,1474,15.65,1,188,,
2025,3/18/2025,1:45,Full,15 min,as,1:59:28,downstream,65.2,4690,8.73,1,188,,
2025,3/18/2025,1:45,Full,15 min,as,1:59:45,downstream,68.3,4783,11.73,1,188,,
2025,3/18/2025,2:00,Full,15 min,as,2:00:21,downstream,54.2,111,14.19,1,188,,
2025,3/18/2025,2:00,Full,15 min,as,2:06:41,downstream,55.4,2170,14.81,1,188,,
2025,3/18/2025,2:15,Full,15 min,as,2:18:15,downstream,67.1,1052,15.14,1,188,,
2025,3/18/2025,2:15,Full,15 min,as,2:21:50,downstream,55.6,2213,14.16,1,188,,
2025,3/18/2025,2:15,Full,15 min,as,2:22:41,upstream,73.8,2483,11.24,1,188,,
2025,3/18/2025,2:15,Full,15 min,as,2:23:17,downstream,74.7,2685,7.1,1,188,,
2025,3/18/2025,2:30,Full,15 min,as,2:34:15,upstream,65,1371,13.83,1,188,,
2025,3/18/2025,2:30,Full,15 min,as,2:36:44,upstream,62.7,2120,15.47,1,188,,
2025,3/18/2025,2:30,Full,15 min,as,2:44:05,upstream,65.6,4556,14.45,1,188,,
2025,3/18/2025,2:30,Full,15 min,as,2:44:26,upstream,71.3,4667,10.35,1,188,,
2025,3/18/2025,2:45,Full,15 min,as,No Fish,,,,,,188,,
2025,3/18/2025,3:00,Full,15 min,as,No Fish,,,,,,188,,
2025,3/18/2025,3:15,Full,15 min,as,No Fish,,,,,,188,,
2025,3/18/2025,3:30,Full,15 min,as,No Fish,,,,,,188,,
2025,3/18/2025,3:45,Full,15 min,as,No Fish,,,,,,188,,
2025,3/18/2025,4:00,Full,15 min,as,No Fish,,,,,,188,,
2025,3/18/2025,4:15,Full,15 min,as,No Fish,,,,,,188,,
2025,3/18/2025,4:30,Full,15 min,as,4:38:12,downstream,55.5,2662,12.26,1,188,,
2025,3/18/2025,4:45,Full,15 min,as,No Fish,,,,,,188,,
2025,3/18/2025,5:00,Full,15 min,as,No Fish,,,,,,188,,
2025,3/18/2025,5:15,Full,15 min,as,No Fish,,,,,,188,,
2025,3/18/2025,5:30,Full,15 min,as,No Fish,,,,,,188,,
2025,3/18/2025,5:45,Full,15 min,as,No Fish,,,,,,188,,
2025,3/18/2025,6:00,Full,15 min,as,No Fish,,,,,,188,,
2025,3/18/2025,6:15,Full,15 min,as,No Fish,,,,,,188,,
2025,3/18/2025,6:30,Full,15 min,as,6:30:51,upstream,47.5,269,14.59,1,188,,
2025,3/18/2025,6:30,Full,15 min,as,6:44:25,downstream,56.2,4673,12.87,1,188,,
2025,3/18/2025,6:45,Full,15 min,as,6:49:23,downstream,41,1416,9.45,1,188,,
2025,3/18/2025,7:00,Full,15 min,as,No Fish,,,,,,188,,
2025,3/18/2025,7:15,Full,15 min,as,No Fish,,,,,,188,,
2025,3/18/2025,7:30,Full,15 min,as,No Fish,,,,,,188,,
2025,3/18/2025,7:45,Full,15 min,as,No Fish,,,,,,188,,
2025,3/18/2025,8:00,Full,15 min,as,No Fish,,,,,,188,,
2025,3/18/2025,8:15,Full,15 min,as,No Fish,,,,,,188,,
2025,3/18/2025,8:30,Full,15 min,as,No Fish,,,,,,188,,
2025,3/18/2025,8:45,Full,15 min,as,No Fish,,,,,,188,,
2025,3/18/2025,9:00,Full,15 min,as,No Fish,,,,,,188,,
2025,3/18/2025,9:15,Full,15 min,as,No Fish,,,,,,188,otter,
2025,3/18/2025,9:30,Full,15 min,as,No Fish,,,,,,188,,
2025,3/18/2025,9:45,Full,15 min,as,No Fish,,,,,,188,,
2025,3/18/2025,10:00,Full,15 min,as,No Fish,,,,,,188,,
2025,3/18/2025,10:15,Full,15 min,as,No Fish,,,,,,188,,
2025,3/18/2025,10:30,Full,15 min,as,No Fish,,,,,,188,,
2025,3/18/2025,10:45,Full,15 min,as,No Fish,,,,,,188,,
2025,3/18/2025,11:00,Full,15 min,as,No Fish,,,,,,188,,
2025,3/18/2025,11:15,Full,15 min,as,No Fish,,,,,,188,,
2025,3/18/2025,11:30,Full,15 min,as,No Fish,,,,,,188,,
2025,3/18/2025,11:45,Full,15 min,as,No Fish,,,,,,188,,
2025,3/18/2025,12:00,Full,15 min,as,No Fish,,,,,,188,,
2025,3/18/2025,12:15,Full,15 min,as,No Fish,,,,,,188,,
2025,3/18/2025,12:30,Full,15 min,as,No Fish,,,,,,188,,
2025,3/18/2025,12:45,Full,15 min,as,No Fish,,,,,,188,,
2025,3/18/2025,13:00,Full,15 min,as,No Fish,,,,,,188,,
2025,3/18/2025,13:15,Full,15 min,as,No Fish,,,,,,188,,
2025,3/18/2025,13:30,Full,15 min,as,No Fish,,,,,,188,,
2025,3/18/2025,13:45,Full,15 min,as,No Fish,,,,,,188,,
2025,3/18/2025,14:00,Full,15 min,as,No Fish,,,,,,188,,
2025,3/18/2025,14:15,Full,15 min,as,No Fish,,,,,,188,,
2025,3/18/2025,14:30,Full,15 min,as,No Fish,,,,,,188,,
2025,3/18/2025,14:45,Full,15 min,as,No Fish,,,,,,188,,
2025,3/18/2025,15:00,Full,15 min,as,No Fish,,,,,,188,,
2025,3/18/2025,15:15,Full,15 min,as,No Fish,,,,,,188,,
2025,3/18/2025,15:30,Full,15 min,as,No Fish,,,,,,188,,
2025,3/18/2025,15:45,Full,15 min,as,No Fish,,,,,,188,,
2025,3/18/2025,16:00,Full,15 min,as,No Fish,,,,,,188,,
2025,3/18/2025,16:15,Full,15 min,as,No Fish,,,,,,188,,
2025,3/18/2025,16:30,Full,15 min,as,No Fish,,,,,,188,,
2025,3/18/2025,16:45,Full,15 min,as,No Fish,,,,,,188,,
2025,3/18/2025,17:00,Full,15 min,as,No Fish,,,,,,188,,
2025,3/18/2025,17:15,Full,15 min,as,No Fish,,,,,,188,,
2025,3/18/2025,17:30,Full,15 min,as,No Fish,,,,,,188,,
2025,3/18/2025,17:45,Full,15 min,as,No Fish,,,,,,188,,
2025,3/18/2025,18:00,Full,15 min,as,No Fish,,,,,,188,,
2025,3/18/2025,18:15,Full,15 min,as,No Fish,,,,,,188,,
2025,3/18/2025,18:30,Full,15 min,as,No Fish,,,,,,188,,
2025,3/18/2025,18:45,Full,15 min,as,No Fish,,,,,,188,,
2025,3/18/2025,19:00,Full,15 min,as,No Fish,,,,,,188,,
2025,3/18/2025,19:15,Full,15 min,as,No Fish,,,,,,188,,
2025,3/18/2025,19:30,Full,15 min,as,No Fish,,,,,,188,,
2025,3/18/2025,19:45,Full,15 min,as,19:50:35,upstream,51.5,1802,14.73,1,188,,
2025,3/18/2025,19:45,Full,15 min,as,19:59:42,upstream,60.9,4768,9.66,1,188,,
2025,3/18/2025,20:00,Full,15 min,as,20:07:47,downstream,47.1,2520,8.45,1,188,,
2025,3/18/2025,20:00,Full,15 min,as,20:11:43,downstream,71.1,3806,11.81,1,188,,
2025,3/18/2025,20:00,Full,15 min,as,20:12:00,upstream,71.3,3894,11.01,1,188,,
2025,3/18/2025,20:15,Full,15 min,as,20:19:44,downstream,70.7,1536,14.29,1,188,,
2025,3/18/2025,20:15,Full,15 min,as,20:23:41,downstream,73.7,2822,7.36,1,188,,
2025,3/18/2025,20:15,Full,15 min,as,20:27:53,upstream,74.4,4189,5.35,1,188,,
2025,3/18/2025,20:30,Full,15 min,as,20:31:20,downstream,64.2,429,16.28,1,188,,
2025,3/18/2025,20:30,Full,15 min,as,20:32:22,upstream,64.8,769,15.09,1,188,,
2025,3/18/2025,20:30,Full,15 min,as,20:33:34,upstream,65.8,1155,16.17,1,188,,
2025,3/18/2025,20:30,Full,15 min,as,20:39:33,upstream,62.1,3094,14.21,1,188,,
2025,3/18/2025,20:30,Full,15 min,as,20:40:00,downstream,67.1,3235,6.3,1,188,,
2025,3/18/2025,20:45,Full,15 min,as,20:46:29,upstream,76.6,476,13.84,1,188,,
2025,3/18/2025,21:00,Full,15 min,as,21:12:40,upstream,66.1,4104,5.45,1,188,,
2025,3/18/2025,21:00,Full,15 min,as,21:14:18,upstream,66.2,4634,10.9,1,188,,
2025,3/18/2025,21:15,Full,15 min,as,21:25:08,downstream,63.1,3297,15.92,1,188,,
2025,3/18/2025,21:30,Full,15 min,as,21:30:45,downstream,74,241,11.5,1,188,,
2025,3/18/2025,21:30,Full,15 min,as,21:39:31,upstream,78.8,3087,13.31,1,188,,
2025,3/18/2025,21:45,Full,15 min,as,21:45:53,upstream,66,280,8.07,1,188,,
2025,3/18/2025,22:00,Full,15 min,as,No Fish,,,,,,188,,
2025,3/18/2025,22:15,Full,15 min,as,22:24:38,upstream,65.4,3123,13.56,1,188,,
2025,3/18/2025,22:30,Full,15 min,as,22:30:39,downstream,53.5,207,5.31,1,188,,
2025,3/18/2025,22:45,Full,15 min,as,22:52:36,downstream,65.8,2446,10.95,1,188,,
2025,3/18/2025,23:00,Full,15 min,as,23:09:20,downstream,69.6,3024,14.95,1,188,,
2025,3/18/2025,23:15,Full,15 min,as,No Fish,,,,,,188,,
2025,3/18/2025,23:30,Full,15 min,as,23:42:19,downstream,70.6,3985,15.51,1,188,,
2025,3/18/2025,23:45,Full,15 min,as,23:49:15,upstream,64.3,1369,13.71,1,188,,
2025,3/18/2025,23:45,Full,15 min,as,23:57:28,downstream,62.8,4045,5.5,1,188,,
2025,3/19/2025,0:00,Full,15 min,as,0:02:07,downstream,71.8,676,13.35,1,196,,
2025,3/19/2025,0:00,Full,15 min,as,0:06:58,upstream,72.8,2246,9.82,1,196,,
2025,3/19/2025,0:00,Full,15 min,as,0:10:11,upstream,74.2,3296,11.29,1,196,,
2025,3/19/2025,0:15,Full,15 min,as,No Fish,,,,,,196,,
2025,3/19/2025,0:30,Full,15 min,as,No Fish,,,,,,196,,
2025,3/19/2025,0:45,Full,15 min,as,0:58:13,downstream,39.7,4275,10.19,1,196,,
2025,3/19/2025,1:00,Full,15 min,as,1:12:15,upstream,69.4,3966,13.98,1,196,,
2025,3/19/2025,1:15,Full,15 min,as,1:19:44,upstream,72.3,1538,13.06,1,196,,
2025,3/19/2025,1:30,Full,15 min,as,1:38:23,downstream,48.7,2716,15.86,1,196,,
2025,3/19/2025,1:45,Full,15 min,as,No Fish,,,,,,196,,
2025,3/19/2025,2:00,Full,15 min,as,2:03:29,upstream,73.5,1127,13.95,1,196,,
2025,3/19/2025,2:00,Full,15 min,as,2:14:59,downstream,73.5,4853,10.82,1,196,,
2025,3/19/2025,2:15,Full,15 min,as,2:15:30,upstream,74.4,159,13.46,1,196,,
2025,3/19/2025,2:15,Full,15 min,as,2:20:05,downstream,73.3,1638,11.58,1,196,,
2025,3/19/2025,2:15,Full,15 min,as,2:22:28,downstream,72.7,2406,12.68,1,196,,
2025,3/19/2025,2:15,Full,15 min,as,2:23:03,upstream,77.4,2598,11.59,1,196,,
2025,3/19/2025,2:15,Full,15 min,as,2:25:10,downstream,73,3289,13.25,1,196,,
2025,3/19/2025,2:15,Full,15 min,as,2:26:28,upstream,76.8,3710,11.04,1,196,,
2025,3/19/2025,2:30,Full,15 min,as,No Fish,,,,,,196,,
2025,3/19/2025,2:45,Full,15 min,as,2:58:59,upstream,78.1,4531,12.85,1,196,,
2025,3/19/2025,3:00,Full,15 min,as,No Fish,,,,,,196,,
2025,3/19/2025,3:15,Full,15 min,as,No Fish,,,,,,196,,
2025,3/19/2025,3:30,Full,15 min,as,3:36:16,upstream,76.9,2000,12.64,1,196,,
2025,3/19/2025,3:45,Full,15 min,as,No Fish,,,,,,196,,
2025,3/19/2025,4:00,Full,15 min,as,No Fish,,,,,,196,,
2025,3/19/2025,4:15,Full,15 min,as,4:29:54,downstream,59.4,4823,14.94,1,196,,
2025,3/19/2025,4:30,Full,15 min,as,4:32:53,upstream,75.6,937,10.32,1,196,,
2025,3/19/2025,4:30,Full,15 min,as,4:38:17,downstream,75.7,2685,7.22,1,196,,
2025,3/19/2025,4:30,Full,15 min,as,4:39:39,upstream,75.2,3130,14.81,1,196,,
2025,3/19/2025,4:45,Full,15 min,as,No Fish,,,,,,196,,
2025,3/19/2025,5:00,Full,15 min,as,No Fish,,,,,,196,,
2025,3/19/2025,5:15,Full,15 min,as,5:21:02,downstream,75.7,1952,11.45,1,196,,
2025,3/19/2025,5:15,Full,15 min,as,5:22:36,upstream,76,2461,9.09,1,196,,
2025,3/19/2025,5:30,Full,15 min,as,No Fish,,,,,,196,,
2025,3/19/2025,5:45,Full,15 min,as,No Fish,,,,,,196,,
2025,3/19/2025,6:00,Full,15 min,as,No Fish,,,,,,196,,
2025,3/19/2025,6:15,Full,15 min,as,No Fish,,,,,,196,,
2025,3/19/2025,6:30,Full,15 min,as,6:41:22,upstream,56.9,3680,11.57,1,196,,
2025,3/19/2025,6:30,Full,15 min,as,6:42:01,downstream,54.3,3890,14.05,1,196,,
2025,3/19/2025,6:45,Full,15 min,as,6:52:51,downstream,75.1,2550,12.32,1,196,,
2025,3/19/2025,6:45,Full,15 min,as,6:52:51,downstream,65.1,2550,9.77,1,196,,
2025,3/19/2025,6:45,Full,15 min,as,6:52:51,downstream,56.1,2550,9.71,1,196,,
2025,3/19/2025,7:00,Full,15 min,as,No Fish,,,,,,196,,
2025,3/19/2025,7:15,Full,15 min,as,No Fish,,,,,,196,,
2025,3/19/2025,7:30,Full,15 min,as,No Fish,,,,,,196,,
2025,3/19/2025,7:45,Full,15 min,as,No Fish,,,,,,196,,
2025,3/19/2025,8:00,Full,15 min,as,No Fish,,,,,,196,,
2025,3/19/2025,8:15,Full,15 min,as,No Fish,,,,,,196,,
2025,3/19/2025,8:30,Full,15 min,as,No Fish,,,,,,196,,
2025,3/19/2025,8:45,Full,15 min,as,No Fish,,,,,,196,,
2025,3/19/2025,9:00,Full,15 min,as,No Fish,,,,,,196,,
2025,3/19/2025,9:15,Full,15 min,as,No Fish,,,,,,196,,
2025,3/19/2025,9:30,Full,15 min,as,No Fish,,,,,,196,,
2025,3/19/2025,9:45,Full,15 min,as,No Fish,,,,,,196,,
2025,3/19/2025,10:00,Full,15 min,as,No Fish,,,,,,196,,
2025,3/19/2025,10:15,Full,15 min,as,No Fish,,,,,,196,,
2025,3/19/2025,10:30,Full,15 min,as,No Fish,,,,,,196,,
2025,3/19/2025,10:45,Full,15 min,as,10:55:04,upstream,42.9,3272,4.37,1,196,,
2025,3/19/2025,11:00,Full,15 min,as,11:08:06,upstream,69.1,2609,13.11,1,196,,
2025,3/19/2025,11:15,Full,15 min,as,No Fish,,,,,,196,,
2025,3/19/2025,11:30,Full,15 min,as,No Fish,,,,,,196,,
2025,3/19/2025,11:45,Full,15 min,as,11:56:45,downstream,57.9,3815,11.25,1,196,,
2025,3/19/2025,11:45,Full,15 min,as,11:56:45,downstream,63.2,3815,11.45,1,196,,
2025,3/19/2025,12:00,Full,15 min,as,No Fish,,,,,,196,,
2025,3/19/2025,12:15,Full,15 min,as,No Fish,,,,,,196,,
2025,3/19/2025,12:30,Full,15 min,as,No Fish,,,,,,196,,
2025,3/19/2025,12:45,Full,15 min,as,No Fish,,,,,,196,,
2025,3/19/2025,13:00,Full,15 min,as,13:02:29,upstream,65.9,780,10.19,1,196,,
2025,3/19/2025,13:15,Full,15 min,as,No Fish,,,,,,196,,
2025,3/19/2025,13:30,Full,15 min,as,No Fish,,,,,,196,,
2025,3/19/2025,13:45,Full,15 min,as,No Fish,,,,,,196,,
2025,3/19/2025,14:00,Full,15 min,as,No Fish,,,,,,196,,
2025,3/19/2025,14:15,Full,15 min,as,No Fish,,,,,,196,,
2025,3/19/2025,14:30,Full,15 min,as,14:30:31,upstream,77.3,167,10.26,1,196,,
2025,3/19/2025,14:45,Full,15 min,as,No Fish,,,,,,196,,
2025,3/19/2025,15:00,Full,15 min,as,No Fish,,,,,,196,,
2025,3/19/2025,15:15,Full,15 min,as,No Fish,,,,,,196,,
2025,3/19/2025,15:30,Full,15 min,as,No Fish,,,,,,196,,
2025,3/19/2025,15:45,Full,15 min,as,No Fish,,,,,,196,,
2025,3/19/2025,16:00,Full,15 min,as,No Fish,,,,,,196,,
2025,3/19/2025,16:15,Full,15 min,as,No Fish,,,,,,196,,
2025,3/19/2025,16:30,Full,15 min,as,No Fish,,,,,,196,,
2025,3/19/2025,16:45,Full,15 min,as,No Fish,,,,,,196,,
2025,3/19/2025,17:00,Full,15 min,as,No Fish,,,,,,196,,
2025,3/19/2025,17:15,Full,15 min,as,No Fish,,,,,,196,,
2025,3/19/2025,17:30,Full,15 min,as,No Fish,,,,,,196,,
2025,3/19/2025,17:45,Full,15 min,as,No Fish,,,,,,196,,
2025,3/19/2025,18:00,Full,15 min,as,No Fish,,,,,,196,,
2025,3/19/2025,18:15,Full,15 min,as,No Fish,,,,,,196,,
2025,3/19/2025,18:30,Full,15 min,as,No Fish,,,,,,196,,
2025,3/19/2025,18:45,Full,15 min,as,No Fish,,,,,,196,,
2025,3/19/2025,19:00,Full,15 min,as,No Fish,,,,,,196,,
2025,3/19/2025,19:15,Full,15 min,as,No Fish,,,,,,196,,
2025,3/19/2025,19:30,Full,15 min,as,19:34:57,downstream,76.1,1579,10.29,1,196,,
2025,3/19/2025,19:30,Full,15 min,as,19:41:24,downstream,76,3637,10.38,1,196,,
2025,3/19/2025,19:45,Full,15 min,as,19:46:54,downstream,67.9,604,9.75,1,196,,
2025,3/19/2025,19:45,Full,15 min,as,19:51:33,upstream,56.5,2083,13.95,1,196,,
2025,3/19/2025,19:45,Full,15 min,as,19:56:24,downstream,58,3636,14.83,1,196,,
2025,3/19/2025,19:45,Full,15 min,as,19:57:32,downstream,75.6,3998,10.74,1,196,,
2025,3/19/2025,19:45,Full,15 min,as,19:59:57,downstream,75.8,4769,6.97,1,196,,
2025,3/19/2025,20:00,Full,15 min,as,20:00:05,upstream,74.3,26,4.36,1,196,,
2025,3/19/2025,20:00,Full,15 min,as,20:01:40,upstream,68.6,528,9.18,1,196,,
2025,3/19/2025,20:00,Full,15 min,as,20:05:42,upstream,72.5,1814,10.49,1,196,,
2025,3/19/2025,20:00,Full,15 min,as,20:11:29,upstream,74.3,3668,11.58,1,196,,
2025,3/19/2025,20:00,Full,15 min,as,20:13:01,upstream,77.1,4156,14.47,1,196,,
2025,3/19/2025,20:15,Full,15 min,as,20:17:29,upstream,83.5,785,11.31,1,196,,
2025,3/19/2025,20:15,Full,15 min,as,20:20:20,downstream,82.1,1711,13.69,1,196,,
2025,3/19/2025,20:15,Full,15 min,as,20:22:59,upstream,82.5,2553,8.39,1,196,,
2025,3/19/2025,20:30,Full,15 min,as,20:34:25,upstream,55.8,1414,14.33,1,196,,
2025,3/19/2025,20:30,Full,15 min,as,20:37:12,upstream,65.4,2299,9.42,1,196,,
2025,3/19/2025,20:30,Full,15 min,as,20:44:04,downstream,64.5,4490,10.96,1,196,,
2025,3/19/2025,20:45,Full,15 min,as,20:50:33,downstream,77.7,1779,7.62,1,196,,
2025,3/19/2025,21:00,Full,15 min,as,21:10:10,upstream,77.1,3246,13.27,1,196,,
2025,3/19/2025,21:15,Full,15 min,as,21:28:20,upstream,68.7,4272,14.61,1,196,,
2025,3/19/2025,21:30,Full,15 min,as,21:30:30,upstream,42.7,150,11,1,196,,
2025,3/19/2025,21:30,Full,15 min,as,21:31:18,upstream,66.6,413,11.18,1,196,,
2025,3/19/2025,21:30,Full,15 min,as,21:37:05,downstream,75.5,2266,11.92,1,196,,
2025,3/19/2025,21:30,Full,15 min,as,21:38:02,upstream,75.7,2566,14.87,1,196,,
2025,3/19/2025,21:30,Full,15 min,as,21:41:44,upstream,66.5,3757,13.49,1,196,,
2025,3/19/2025,21:45,Full,15 min,as,21:45:47,upstream,75.2,252,10.83,1,196,,
2025,3/19/2025,22:00,Full,15 min,as,No Fish,,,,,,196,,
2025,3/19/2025,22:15,Full,15 min,as,No Fish,,,,,,196,,
2025,3/19/2025,22:30,Full,15 min,as,22:40:06,downstream,47.8,3222,14.12,1,196,,
2025,3/19/2025,22:45,Full,15 min,as,No Fish,,,,,,196,,
2025,3/19/2025,23:00,Full,15 min,as,23:05:54,downstream,62.4,1877,9.99,1,196,,
2025,3/19/2025,23:00,Full,15 min,as,23:07:39,downstream,67.7,2440,9.83,1,196,,
2025,3/19/2025,23:00,Full,15 min,as,23:12:55,upstream,74.6,4128,13.4,1,196,,
2025,3/19/2025,23:15,Full,15 min,as,23:17:03,upstream,91.9,654,14.74,1,196,,
2025,3/19/2025,23:15,Full,15 min,as,23:19:52,downstream,70.7,1556,12.26,1,196,,
2025,3/19/2025,23:15,Full,15 min,as,23:20:09,downstream,75,1646,11.23,1,196,,
2025,3/19/2025,23:15,Full,15 min,as,23:20:25,upstream,69.6,1737,13.85,1,196,,
2025,3/19/2025,23:15,Full,15 min,as,23:28:32,upstream,77.2,4320,11.14,1,196,,
2025,3/19/2025,23:30,Full,15 min,as,23:38:19,downstream,69.5,2654,14.77,1,196,,
2025,3/19/2025,23:30,Full,15 min,as,23:38:38,upstream,68.2,2757,11.71,1,196,,
2025,3/19/2025,23:45,Full,15 min,as,No Fish,,,,,,196,,
2025,3/20/2025,0:00,Full,15 min,as,0:04:09,upstream,42.8,1328,15.58,1,196,,
2025,3/20/2025,0:00,Full,15 min,as,0:11:51,downstream,68,3785,14.38,1,196,,
2025,3/20/2025,0:15,Full,15 min,as,0:15:08,upstream,67.8,38,11.47,1,196,,
2025,3/20/2025,0:15,Full,15 min,as,0:16:25,downstream,68.6,452,8.81,1,196,,
2025,3/20/2025,0:30,Full,15 min,as,0:40:49,downstream,48.5,3463,14.51,1,196,,
2025,3/20/2025,0:45,Full,15 min,as,0:50:31,upstream,67.6,1774,11.68,1,196,,
2025,3/20/2025,1:00,Full,15 min,as,1:06:05,upstream,43.3,1940,14.16,1,196,,
2025,3/20/2025,1:15,Full,15 min,as,No Fish,,,,,,196,,
2025,3/20/2025,1:30,Full,15 min,as,No Fish,,,,,,196,,
2025,3/20/2025,1:45,Full,15 min,as,1:49:08,downstream,68.2,1324,12.09,1,196,,
2025,3/20/2025,2:00,Full,15 min,as,No Fish,,,,,,196,,
2025,3/20/2025,2:15,Full,15 min,as,No Fish,,,,,,196,,
2025,3/20/2025,2:30,Full,15 min,as,2:30:12,downstream,43.6,58,9.31,1,196,,
2025,3/20/2025,2:30,Full,15 min,as,2:32:33,upstream,81.5,818,10.69,1,196,,
2025,3/20/2025,2:30,Full,15 min,as,2:39:56,upstream,44.9,3176,9.29,1,196,,
2025,3/20/2025,2:30,Full,15 min,as,2:42:06,upstream,68.9,3862,13.52,1,196,,
2025,3/20/2025,2:30,Full,15 min,as,2:42:09,downstream,49.9,3875,8.76,1,196,,
2025,3/20/2025,2:45,Full,15 min,as,No Fish,,,,,,196,,
2025,3/20/2025,3:00,Full,15 min,as,No Fish,,,,,,196,,
2025,3/20/2025,3:15,Full,15 min,as,No Fish,,,,,,196,,
2025,3/20/2025,3:30,Full,15 min,as,3:38:41,downstream,66.8,2778,11.04,1,196,,
2025,3/20/2025,3:30,Full,15 min,as,3:43:08,upstream,66,4200,14.83,1,196,,
2025,3/20/2025,3:45,Full,15 min,as,3:48:37,downstream,66.7,1145,15.37,1,196,,
2025,3/20/2025,3:45,Full,15 min,as,3:53:33,downstream,77.4,2727,10.11,1,196,,
2025,3/20/2025,4:00,Full,15 min,as,4:14:37,upstream,76.3,4685,11.34,1,196,,
2025,3/20/2025,4:15,Full,15 min,as,4:17:34,upstream,80.2,816,13.9,1,196,,
2025,3/20/2025,4:15,Full,15 min,as,4:20:05,upstream,78.3,1627,12.52,1,196,,
2025,3/20/2025,4:15,Full,15 min,as,4:23:41,downstream,65.6,2770,6.78,1,196,,
2025,3/20/2025,4:15,Full,15 min,as,4:28:27,downstream,76.5,4294,9.9,1,196,,
2025,3/20/2025,4:30,Full,15 min,as,4:35:06,upstream,66.5,1624,8.9,1,196,,
2025,3/20/2025,4:30,Full,15 min,as,4:38:36,upstream,76,2747,15.89,1,196,,
2025,3/20/2025,4:45,Full,15 min,as,No Fish,,,,,,196,,
2025,3/20/2025,5:00,Full,15 min,as,No Fish,,,,,,196,,
2025,3/20/2025,5:15,Full,15 min,as,No Fish,,,,,,196,,
2025,3/20/2025,5:30,Full,15 min,as,No Fish,,,,,,196,,
2025,3/20/2025,5:45,Full,15 min,as,No Fish,,,,,,196,,
2025,3/20/2025,6:00,Full,15 min,as,No Fish,,,,,,196,,
2025,3/20/2025,6:15,Full,15 min,as,6:24:45,downstream,47.3,3108,14.6,1,196,,
2025,3/20/2025,6:30,Full,15 min,as,6:35:39,downstream,68.4,1819,8.72,1,196,,
2025,3/20/2025,6:45,Full,15 min,as,6:51:35,downstream,68.9,2106,10.77,1,196,,
2025,3/20/2025,6:45,Full,15 min,as,6:51:41,downstream,74.3,2125,9.84,1,196,,
2025,3/20/2025,7:00,Full,15 min,as,7:10:02,upstream,67.7,3186,11.05,1,196,,
2025,3/20/2025,7:00,Full,15 min,as,7:10:03,upstream,69.5,3191,11.33,1,196,,
2025,3/20/2025,7:00,Full,15 min,as,7:10:41,downstream,68.2,3389,9.89,1,196,,
2025,3/20/2025,7:00,Full,15 min,as,7:10:41,downstream,67.4,3391,10,1,196,,
2025,3/20/2025,7:15,Full,15 min,as,7:26:24,upstream,70.2,3645,10.62,1,196,,
2025,3/20/2025,7:15,Full,15 min,as,7:26:24,upstream,66.6,3645,10.52,1,196,,
2025,3/20/2025,7:30,Full,15 min,as,7:30:02,downstream,69.7,7,10.87,1,196,,
2025,3/20/2025,7:30,Full,15 min,as,7:30:04,downstream,68,18,11.09,1,196,,
2025,3/20/2025,7:30,Full,15 min,as,7:34:27,upstream,70.4,1421,11.72,1,196,,
2025,3/20/2025,7:30,Full,15 min,as,7:34:27,upstream,66.8,1421,11.65,1,196,,
2025,3/20/2025,7:30,Full,15 min,as,7:35:15,downstream,68.4,1673,13.46,1,196,,
2025,3/20/2025,7:30,Full,15 min,as,7:35:15,downstream,70.3,1673,13.81,1,196,,
2025,3/20/2025,7:30,Full,15 min,as,7:38:14,upstream,68,2623,14.15,1,196,,
2025,3/20/2025,7:30,Full,15 min,as,7:38:16,upstream,69.9,2634,13.2,1,196,,
2025,3/20/2025,7:30,Full,15 min,as,7:40:52,downstream,77.6,3473,11.55,1,196,,
2025,3/20/2025,7:30,Full,15 min,as,7:40:57,downstream,67.8,3501,11.95,1,196,,
2025,3/20/2025,7:30,Full,15 min,as,7:42:22,upstream,78.3,3950,14.65,1,196,,
2025,3/20/2025,7:30,Full,15 min,as,7:42:23,upstream,69.1,3955,13.96,1,196,,
2025,3/20/2025,7:45,Full,15 min,as,7:46:15,downstream,79.4,386,10.89,1,196,,
2025,3/20/2025,7:45,Full,15 min,as,7:46:15,downstream,70.8,391,11.17,1,196,,
2025,3/20/2025,8:00,Full,15 min,as,No Fish,,,,,,196,,
2025,3/20/2025,8:15,Full,15 min,as,No Fish,,,,,,196,,
2025,3/20/2025,8:30,Full,15 min,as,No Fish,,,,,,196,,
2025,3/20/2025,8:45,Full,15 min,as,No Fish,,,,,,196,,
2025,3/20/2025,9:00,Full,15 min,as,No Fish,,,,,,196,,
2025,3/20/2025,9:15,Full,15 min,as,No Fish,,,,,,196,,
2025,3/20/2025,9:30,Full,15 min,as,No Fish,,,,,,196,,
2025,3/20/2025,9:45,Full,15 min,as,9:51:06,downstream,85.5,1974,10.84,1,196,,
2025,3/20/2025,10:00,Full,15 min,as,No Fish,,,,,,196,,
2025,3/20/2025,10:15,Full,15 min,as,10:20:41,downstream,77,1843,10.48,1,196,,
2025,3/20/2025,10:30,Full,15 min,as,No Fish,,,,,,196,,
2025,3/20/2025,10:45,Full,15 min,as,No Fish,,,,,,196,,
2025,3/20/2025,11:00,Full,15 min,as,No Fish,,,,,,196,,
2025,3/20/2025,11:15,Full,15 min,as,No Fish,,,,,,196,,
2025,3/20/2025,11:30,Full,15 min,as,No Fish,,,,,,196,,
2025,3/20/2025,11:45,Full,15 min,as,No Fish,,,,,,196,,
2025,3/20/2025,12:00,Full,15 min,as,No Fish,,,,,,196,,
2025,3/20/2025,12:15,Full,15 min,as,No Fish,,,,,,196,,
2025,3/20/2025,12:30,Full,15 min,as,No Fish,,,,,,196,,
2025,3/20/2025,12:45,Full,15 min,as,No Fish,,,,,,196,,
2025,3/20/2025,13:00,Full,15 min,as,13:09:00,upstream,79.4,2917,12.4,1,196,,
2025,3/20/2025,13:15,Full,15 min,as,No Fish,,,,,,196,,
2025,3/20/2025,13:30,Full,15 min,as,No Fish,,,,,,196,,
2025,3/20/2025,13:45,Full,15 min,as,No Fish,,,,,,196,,
2025,3/20/2025,14:00,Full,15 min,as,14:05:55,upstream,74.6,1917,14.46,1,196,,
2025,3/20/2025,14:00,Full,15 min,as,14:10:30,upstream,44.7,3402,4.27,1,196,,
2025,3/20/2025,14:15,Full,15 min,as,14:21:00,upstream,86.3,1945,13.81,1,196,,
2025,3/20/2025,14:30,Full,15 min,as,No Fish,,,,,,196,,
2025,3/20/2025,14:45,Full,15 min,as,No Fish,,,,,,196,,
2025,3/20/2025,15:00,Full,15 min,as,No Fish,,,,,,196,,
2025,3/20/2025,15:15,Full,15 min,as,No Fish,,,,,,196,,
2025,3/20/2025,15:30,Full,15 min,as,No Fish,,,,,,196,,
2025,3/20/2025,15:45,Full,15 min,as,No Fish,,,,,,196,,
2025,3/20/2025,16:00,Full,15 min,as,No Fish,,,,,,196,,
2025,3/20/2025,16:15,Full,15 min,as,16:24:30,downstream,72.2,3032,9.86,1,196,,
2025,3/20/2025,16:15,Full,15 min,as,16:26:30,downstream,82.9,3677,11.06,1,196,,
2025,3/20/2025,16:15,Full,15 min,as,16:26:40,upstream,82.6,3734,14.41,1,196,,
2025,3/20/2025,16:30,Full,15 min,as,No Fish,,,,,,196,,
2025,3/20/2025,16:45,Full,15 min,as,No Fish,,,,,,196,,
2025,3/20/2025,17:00,Full,15 min,as,No Fish,,,,,,196,,
2025,3/20/2025,17:15,Full,15 min,as,17:17:04,downstream,41.9,670,12.27,1,196,,
2025,3/20/2025,17:30,Full,15 min,as,No Fish,,,,,,196,,
2025,3/20/2025,17:45,Full,15 min,as,No Fish,,,,,,196,,
2025,3/20/2025,18:00,Full,15 min,as,No Fish,,,,,,196,,
2025,3/20/2025,18:15,Full,15 min,as,No Fish,,,,,,196,,
2025,3/20/2025,18:30,Full,15 min,as,No Fish,,,,,,196,,
2025,3/20/2025,18:45,Full,15 min,as,No Fish,,,,,,196,,
2025,3/20/2025,19:00,Full,15 min,as,No Fish,,,,,,196,,
2025,3/20/2025,19:15,Full,15 min,as,No Fish,,,,,,196,,
2025,3/20/2025,19:30,Full,15 min,as,19:40:11,upstream,42.4,3303,13.12,1,196,,
2025,3/20/2025,19:30,Full,15 min,as,19:41:32,upstream,65,3739,8.18,1,196,,
2025,3/20/2025,19:45,Full,15 min,as,19:47:44,upstream,75.7,886,12.98,1,196,,
2025,3/20/2025,19:45,Full,15 min,as,19:53:39,downstream,74.5,2811,9.65,1,196,,
2025,3/20/2025,19:45,Full,15 min,as,19:53:44,downstream,65,2842,11.86,1,196,,
2025,3/20/2025,19:45,Full,15 min,as,19:58:21,downstream,74.3,4347,10.87,1,196,,
2025,3/20/2025,20:00,Full,15 min,as,20:05:14,upstream,73.4,1694,12.39,1,196,,
2025,3/20/2025,20:00,Full,15 min,as,20:14:30,downstream,60.3,4717,9.12,1,196,,
2025,3/20/2025,20:00,Full,15 min,as,20:14:53,upstream,60.2,4841,4.86,1,196,,
2025,3/20/2025,20:15,Full,15 min,as,20:16:50,upstream,67.4,592,14.34,1,196,,
2025,3/20/2025,20:15,Full,15 min,as,20:17:05,upstream,60.6,675,16,1,196,,
2025,3/20/2025,20:15,Full,15 min,as,20:24:41,upstream,71.4,3152,10.55,1,196,,
2025,3/20/2025,20:15,Full,15 min,as,20:26:48,downstream,61.3,3833,15.07,1,196,,
2025,3/20/2025,20:15,Full,15 min,as,20:26:50,downstream,60.9,3845,14.87,1,196,,
2025,3/20/2025,20:15,Full,15 min,as,20:28:25,upstream,75.6,4357,14.5,1,196,,
2025,3/20/2025,20:15,Full,15 min,as,20:28:31,upstream,74.8,4390,12.98,1,196,,
2025,3/20/2025,20:15,Full,15 min,as,20:29:40,downstream,55.5,4765,6.12,1,196,,
2025,3/20/2025,20:30,Full,15 min,as,20:31:44,upstream,74.9,562,13.71,1,196,,
2025,3/20/2025,20:30,Full,15 min,as,20:33:13,downstream,71.6,1043,8.03,1,196,,
2025,3/20/2025,20:30,Full,15 min,as,20:33:31,downstream,75.7,1141,13.18,1,196,,
2025,3/20/2025,20:30,Full,15 min,as,20:33:32,downstream,70.9,1147,12.85,1,196,,
2025,3/20/2025,20:30,Full,15 min,as,20:39:00,upstream,74.8,2925,8.72,1,196,,
2025,3/20/2025,20:45,Full,15 min,as,20:46:43,upstream,81.6,554,11.79,1,196,,
2025,3/20/2025,20:45,Full,15 min,as,20:48:19,upstream,70.6,1074,9.81,1,196,,
2025,3/20/2025,20:45,Full,15 min,as,20:49:03,downstream,58.6,1313,5.4,1,196,,
2025,3/20/2025,20:45,Full,15 min,as,20:50:35,downstream,51.1,1811,6.72,1,196,,
2025,3/20/2025,20:45,Full,15 min,as,20:54:45,downstream,77.5,3162,12.02,1,196,,
2025,3/20/2025,20:45,Full,15 min,as,20:54:58,upstream,76.9,3231,14.43,1,196,,
2025,3/20/2025,20:45,Full,15 min,as,20:56:17,upstream,60.5,3663,6.39,1,196,,
2025,3/20/2025,20:45,Full,15 min,as,20:59:36,upstream,65.6,4740,7.28,1,196,,
2025,3/20/2025,21:00,Full,15 min,as,21:04:49,upstream,79.3,1560,13.19,1,196,,
2025,3/20/2025,21:00,Full,15 min,as,21:08:30,downstream,82.9,2766,9.86,1,196,,
2025,3/20/2025,21:00,Full,15 min,as,21:09:17,upstream,41.1,3017,2.77,1,196,,
2025,3/20/2025,21:15,Full,15 min,as,21:16:39,upstream,50.5,533,7.83,1,196,,
2025,3/20/2025,21:15,Full,15 min,as,21:20:05,downstream,51.7,1645,15.16,1,196,,
2025,3/20/2025,21:15,Full,15 min,as,21:20:57,downstream,79.6,1922,13.09,1,196,,
2025,3/20/2025,21:15,Full,15 min,as,21:22:07,upstream,82.1,2302,14.63,1,196,,
2025,3/20/2025,21:30,Full,15 min,as,21:43:35,upstream,75.3,4410,10.31,1,196,,
2025,3/20/2025,21:45,Full,15 min,as,21:48:41,upstream,76.9,1190,7.85,1,196,,
2025,3/20/2025,21:45,Full,15 min,as,21:53:50,downstream,77.6,2868,11.89,1,196,,
2025,3/20/2025,21:45,Full,15 min,as,21:54:59,upstream,65.7,3248,7.73,1,196,,
2025,3/20/2025,21:45,Full,15 min,as,21:56:59,downstream,75,3892,5.8,1,196,,
2025,3/20/2025,21:45,Full,15 min,as,21:59:54,upstream,66,4840,13.91,1,196,,
2025,3/20/2025,22:00,Full,15 min,as,No Fish,,,,,,196,,
2025,3/20/2025,22:15,Full,15 min,as,No Fish,,,,,,196,,
2025,3/20/2025,22:30,Full,15 min,as,22:43:32,upstream,73.7,4403,14.66,1,196,,
2025,3/20/2025,22:45,Full,15 min,as,22:53:20,upstream,68.3,2710,13.55,1,196,,
2025,3/20/2025,23:00,Full,15 min,as,No Fish,,,,,,196,,
2025,3/20/2025,23:15,Full,15 min,as,No Fish,,,,,,196,,
2025,3/20/2025,23:30,Full,15 min,as,23:32:29,upstream,38.7,812,13.34,1,196,,
2025,3/20/2025,23:45,Full,15 min,as,23:45:10,downstream,72.8,52,10.44,1,196,,
2025,3/20/2025,23:45,Full,15 min,as,23:48:47,upstream,72.1,1219,8.45,1,196,,
2025,3/20/2025,23:45,Full,15 min,as,23:52:15,downstream,65.2,2353,8.81,1,196,,
2025,3/21/2025,0:00,Full,15 min,as,No Fish,,,,,,205,,
2025,3/21/2025,0:15,Full,15 min,as,No Fish,,,,,,205,,
2025,3/21/2025,0:30,Full,15 min,as,0:39:12,downstream,71.8,2991,10.67,1,205,,
2025,3/21/2025,0:45,Full,15 min,as,0:47:35,upstream,69.1,839,9.32,1,205,,
2025,3/21/2025,0:45,Full,15 min,as,0:53:00,upstream,64.9,2609,13.47,1,205,,
2025,3/21/2025,0:45,Full,15 min,as,0:53:37,upstream,73.4,2814,14.75,1,205,,
2025,3/21/2025,0:45,Full,15 min,as,0:55:18,upstream,79.3,3359,14.19,1,205,,
2025,3/21/2025,0:45,Full,15 min,as,0:58:42,downstream,80,4466,10.42,1,205,,
2025,3/21/2025,1:00,Full,15 min,as,No Fish,,,,,,205,,
2025,3/21/2025,1:15,Full,15 min,as,No Fish,,,,,,205,,
2025,3/21/2025,1:30,Full,15 min,as,1:39:32,downstream,65.3,3095,10.65,1,205,,
2025,3/21/2025,1:45,Full,15 min,as,1:52:39,downstream,49.5,2484,7.27,1,205,,
2025,3/21/2025,2:00,Full,15 min,as,No Fish,,,,,,205,,
2025,3/21/2025,2:15,Full,15 min,as,No Fish,,,,,,205,,
2025,3/21/2025,2:30,Full,15 min,as,No Fish,,,,,,205,,
2025,3/21/2025,2:45,Full,15 min,as,2:47:09,downstream,53.2,696,4.78,1,205,,
2025,3/21/2025,3:00,Full,15 min,as,No Fish,,,,,,205,,
2025,3/21/2025,3:15,Full,15 min,as,No Fish,,,,,,205,,
2025,3/21/2025,3:30,Full,15 min,as,3:39:11,upstream,67.4,2983,10.29,1,205,,
2025,3/21/2025,3:45,Full,15 min,as,3:49:44,upstream,77.9,1546,14.37,1,205,,
2025,3/21/2025,3:45,Full,15 min,as,3:51:22,downstream,78,2074,10.65,1,205,,
2025,3/21/2025,4:00,Full,15 min,as,4:04:16,upstream,77.8,1382,11.24,1,205,,
2025,3/21/2025,4:00,Full,15 min,as,4:08:58,downstream,78.1,2910,7.43,1,205,,
2025,3/21/2025,4:15,Full,15 min,as,4:24:13,downstream,79.1,3000,7.14,1,205,,
2025,3/21/2025,4:30,Full,15 min,as,4:37:54,downstream,60.1,2563,12.78,1,205,,
2025,3/21/2025,4:45,Full,15 min,as,No Fish,,,,,,205,,
2025,3/21/2025,5:00,Full,15 min,as,5:00:07,downstream,47.6,34,6.87,1,205,,
2025,3/21/2025,5:00,Full,15 min,as,5:13:24,upstream,80.7,4357,11.21,1,205,,
2025,3/21/2025,5:15,Full,15 min,as,5:20:23,downstream,77,1761,4.46,1,205,,
2025,3/21/2025,5:15,Full,15 min,as,5:23:58,downstream,78.8,2916,14.4,1,205,,
2025,3/21/2025,5:30,Full,15 min,as,No Fish,,,,,,205,,
2025,3/21/2025,5:45,Full,15 min,as,5:46:17,upstream,43.2,414,3.93,1,205,,
2025,3/21/2025,5:45,Full,15 min,as,5:57:09,upstream,67.9,3949,10.59,1,205,,
2025,3/21/2025,6:00,Full,15 min,as,6:04:40,downstream,65.2,1519,4.92,1,205,,
2025,3/21/2025,6:15,Full,15 min,as,6:16:04,upstream,74.7,345,10.97,1,205,,
2025,3/21/2025,6:30,Full,15 min,as,6:30:28,upstream,65.4,146,12.2,1,205,,
2025,3/21/2025,6:30,Full,15 min,as,6:35:33,downstream,64.2,1804,14.07,1,205,,
2025,3/21/2025,6:30,Full,15 min,as,6:42:40,downstream,77.2,4122,8.67,1,205,,
2025,3/21/2025,6:45,Full,15 min,as,6:50:59,upstream,77.7,1943,12.03,1,205,,
2025,3/21/2025,7:00,Full,15 min,as,7:01:22,upstream,48.2,441,4.09,1,205,,
2025,3/21/2025,7:15,Full,15 min,as,7:15:41,upstream,72.5,217,12.13,1,205,,
2025,3/21/2025,7:30,Full,15 min,as,No Fish,,,,,,205,,
2025,3/21/2025,7:45,Full,15 min,as,No Fish,,,,,,205,,
2025,3/21/2025,8:00,Full,15 min,as,No Fish,,,,,,205,,
2025,3/21/2025,8:15,Full,15 min,as,No Fish,,,,,,205,,
2025,3/21/2025,8:30,Full,15 min,as,No Fish,,,,,,205,,
2025,3/21/2025,8:45,Full,15 min,as,No Fish,,,,,,205,,
2025,3/21/2025,9:00,Full,15 min,as,No Fish,,,,,,205,,
2025,3/21/2025,9:15,Full,15 min,as,No Fish,,,,,,205,,
2025,3/21/2025,9:30,Full,15 min,as,No Fish,,,,,,205,,
2025,3/21/2025,9:45,Full,15 min,as,No Fish,,,,,,205,,
2025,3/21/2025,10:00,Full,15 min,as,No Fish,,,,,,205,,
2025,3/21/2025,10:15,Full,15 min,as,No Fish,,,,,,205,,
2025,3/21/2025,10:30,Full,15 min,as,No Fish,,,,,,205,,
2025,3/21/2025,10:45,Full,15 min,as,No Fish,,,,,,205,,
2025,3/21/2025,11:00,Full,15 min,as,No Fish,,,,,,205,,
2025,3/21/2025,11:15,Full,15 min,as,No Fish,,,,,,205,,
2025,3/21/2025,11:30,Full,15 min,as,No Fish,,,,,,205,,
2025,3/21/2025,11:45,Full,15 min,as,No Fish,,,,,,205,,
2025,3/21/2025,12:00,Full,15 min,as,No Fish,,,,,,205,,
2025,3/21/2025,12:15,Full,15 min,as,No Fish,,,,,,205,,
2025,3/21/2025,12:30,Full,15 min,as,No Fish,,,,,,205,,
2025,3/21/2025,12:45,Full,15 min,as,No Fish,,,,,,205,,
2025,3/21/2025,13:00,Full,15 min,as,No Fish,,,,,,205,,
2025,3/21/2025,13:15,Full,15 min,as,No Fish,,,,,,205,,
2025,3/21/2025,13:30,Full,15 min,as,No Fish,,,,,,205,,
2025,3/21/2025,13:45,Full,15 min,as,No Fish,,,,,,205,,
2025,3/21/2025,14:00,Full,15 min,as,14:13:59,downstream,49.7,4554,12.17,1,205,,
2025,3/21/2025,14:15,Full,15 min,as,No Fish,,,,,,205,,
2025,3/21/2025,14:30,Full,15 min,as,No Fish,,,,,,205,,
2025,3/21/2025,14:45,Full,15 min,as,No Fish,,,,,,205,,
2025,3/21/2025,15:00,Full,15 min,as,No Fish,,,,,,205,,
2025,3/21/2025,15:15,Full,15 min,as,No Fish,,,,,,205,,
2025,3/21/2025,15:30,Full,15 min,as,No Fish,,,,,,205,,
2025,3/21/2025,15:45,Full,15 min,as,No Fish,,,,,,205,,
2025,3/21/2025,16:00,Full,15 min,as,No Fish,,,,,,205,,
2025,3/21/2025,16:15,Full,15 min,as,No Fish,,,,,,205,,
2025,3/21/2025,16:30,Full,15 min,as,No Fish,,,,,,205,,
2025,3/21/2025,16:45,Full,15 min,as,No Fish,,,,,,205,,
2025,3/21/2025,17:00,Full,15 min,as,17:09:08,upstream,78.9,2968,13.29,1,205,,
2025,3/21/2025,17:15,Full,15 min,as,No Fish,,,,,,205,,
2025,3/21/2025,17:30,Full,15 min,as,No Fish,,,,,,205,,
2025,3/21/2025,17:45,Full,15 min,as,No Fish,,,,,,205,,
2025,3/21/2025,18:00,Full,15 min,as,No Fish,,,,,,205,,
2025,3/21/2025,18:15,Full,15 min,as,No Fish,,,,,,205,,
2025,3/21/2025,18:30,Full,15 min,as,No Fish,,,,,,205,,
2025,3/21/2025,18:45,Full,15 min,as,No Fish,,,,,,205,,
2025,3/21/2025,19:00,Full,15 min,as,No Fish,,,,,,205,,
2025,3/21/2025,19:15,Full,15 min,as,No Fish,,,,,,205,,
2025,3/21/2025,19:30,Full,15 min,as,No Fish,,,,,,205,,
2025,3/21/2025,19:45,Full,15 min,as,19:49:27,downstream,64.2,1449,9.28,1,205,,
2025,3/21/2025,19:45,Full,15 min,as,19:51:34,downstream,62,2142,10.27,1,205,,
2025,3/21/2025,19:45,Full,15 min,as,19:55:59,downstream,67.2,3580,7.24,1,205,,
2025,3/21/2025,19:45,Full,15 min,as,19:57:33,upstream,66.7,4095,11.33,1,205,,
2025,3/21/2025,20:00,Full,15 min,as,No Fish,,,,,,205,,
2025,3/21/2025,20:15,Full,15 min,as,20:25:50,downstream,65.9,3530,15.19,1,205,,
2025,3/21/2025,20:15,Full,15 min,as,20:27:08,upstream,70.8,3946,12.26,1,205,,
2025,3/21/2025,20:30,Full,15 min,as,20:33:12,upstream,77.1,1035,10.59,1,205,,
2025,3/21/2025,20:30,Full,15 min,as,20:39:23,upstream,72.5,3049,6.63,1,205,,
2025,3/21/2025,20:30,Full,15 min,as,20:41:24,downstream,3708,3708,14.66,1,205,,
2025,3/21/2025,20:45,Full,15 min,as,20:46:48,upstream,76.9,581,9.94,1,205,,
2025,3/21/2025,20:45,Full,15 min,as,20:52:58,downstream,76.5,2589,12.62,1,205,,
2025,3/21/2025,20:45,Full,15 min,as,20:55:50,upstream,46.8,3526,17.94,1,205,,
2025,3/21/2025,20:45,Full,15 min,as,20:59:04,upstream,57.9,4580,13.28,1,205,,
2025,3/21/2025,20:45,Full,15 min,as,20:59:32,upstream,55.7,4733,17.86,1,205,,
2025,3/21/2025,21:00,Full,15 min,as,No Fish,,,,,,205,,
2025,3/21/2025,21:15,Full,15 min,as,21:19:06,upstream,72.8,1334,9.09,1,205,,
2025,3/21/2025,21:30,Full,15 min,as,No Fish,,,,,,205,,
2025,3/21/2025,21:45,Full,15 min,as,No Fish,,,,,,205,,
2025,3/21/2025,22:00,Full,15 min,as,No Fish,,,,,,205,,
2025,3/21/2025,22:15,Full,15 min,as,No Fish,,,,,,205,,
2025,3/21/2025,22:30,Full,15 min,as,22:37:05,upstream,59.2,2302,12.74,1,205,,
2025,3/21/2025,22:45,Full,15 min,as,22:55:11,downstream,70.4,3315,12.03,1,205,,
2025,3/21/2025,23:00,Full,15 min,as,23:10:37,downstream,71.2,3456,13.07,1,205,,
2025,3/21/2025,23:00,Full,15 min,as,23:10:37,downstream,68.7,3455,11.64,1,205,,
2025,3/21/2025,23:00,Full,15 min,as,23:13:22,downstream,58.3,4347,12.71,1,205,,
2025,3/21/2025,23:15,Full,15 min,as,23:25:04,upstream,45.9,3268,10.34,1,205,,
2025,3/21/2025,23:30,Full,15 min,as,23:35:25,downstream,51.2,1766,4.68,1,205,,
2025,3/21/2025,23:30,Full,15 min,as,23:39:20,upstream,77.5,3040,15.79,1,205,,
2025,3/21/2025,23:45,Full,15 min,as,23:54:23,downstream,35.6,3057,6.09,1,205,,
2025,3/21/2025,23:45,Full,15 min,as,23:59:12,upstream,28.3,4624,4.12,1,205,,
2025,3/22/2025,0:00,Full,15 min,as,No Fish,,,,,,,,
2025,3/22/2025,0:15,Full,15 min,as,No Fish,,,,,,,,
2025,3/22/2025,0:30,Full,15 min,as,No Fish,,,,,,,,
2025,3/22/2025,0:45,Full,15 min,as,0:45:15,upstream,68.7,79,10.64,1,,,
2025,3/22/2025,1:00,Full,15 min,as,1:05:51,upstream,57,1898,6.39,1,,,
2025,3/22/2025,1:15,Full,15 min,as,1:17:58,downstream,70.7,958,8.94,1,,,
2025,3/22/2025,1:15,Full,15 min,as,1:21:28,upstream,72.1,2093,8.16,1,,,
2025,3/22/2025,1:30,Full,15 min,as,1:31:25,downstream,49.9,453,4.41,1,,,
2025,3/22/2025,1:30,Full,15 min,as,1:34:58,upstream,76.5,1614,13.75,1,,,
2025,3/22/2025,1:45,Full,15 min,as,1:51:39,downstream,67.6,2149,3.87,1,,,
2025,3/22/2025,2:00,Full,15 min,as,No Fish,,,,,,,,
2025,3/22/2025,2:15,Full,15 min,as,2:16:03,upstream,74.2,331,13.67,1,,,
2025,3/22/2025,2:15,Full,15 min,as,2:20:49,upstream,75.2,1881,13.1,1,,,
2025,3/22/2025,2:30,Full,15 min,as,No Fish,,,,,,,,
2025,3/22/2025,2:45,Full,15 min,as,2:50:03,upstream,66.2,1637,4.22,1,,,
2025,3/22/2025,2:45,Full,15 min,as,2:52:26,downstream,68.4,2406,8.98,1,,,
2025,3/22/2025,2:45,Full,15 min,as,2:55:54,upstream,58.3,3525,4.65,1,,,
2025,3/22/2025,3:00,Full,15 min,as,3:04:09,upstream,62.5,1344,10.3,1,,,
2025,3/22/2025,3:15,Full,15 min,as,3:20:30,upstream,63.6,1782,8.27,1,,,
2025,3/22/2025,3:30,Full,15 min,as,No Fish,,,,,,,,
2025,3/22/2025,3:45,Full,15 min,as,No Fish,,,,,,,,
2025,3/22/2025,4:00,Full,15 min,as,4:08:04,downstream,75,2620,8.99,1,,,
2025,3/22/2025,4:00,Full,15 min,as,4:12:54,upstream,73.1,4191,11.67,1,,,
2025,3/22/2025,4:15,Full,15 min,as,4:16:10,downstream,68.9,373,6.39,1,,,
2025,3/22/2025,4:30,Full,15 min,as,4:30:06,upstream,74.2,29,10.61,1,,,
2025,3/22/2025,4:30,Full,15 min,as,4:38:05,downstream,77.9,2621,14.23,1,,,
2025,3/22/2025,4:45,Full,15 min,as,4:57:24,upstream,76.3,4033,6.61,1,,,
2025,3/22/2025,5:00,Full,15 min,as,5:06:16,downstream,59.8,2021,14.57,1,,,
2025,3/22/2025,5:15,Full,15 min,as,No Fish,,,,,,,,
2025,3/22/2025,5:30,Full,15 min,as,No Fish,,,,,,,,
2025,3/22/2025,5:45,Full,15 min,as,5:52:55,downstream,75.5,2567,10.57,1,,,
2025,3/22/2025,6:00,Full,15 min,as,No Fish,,,,,,,,
2025,3/22/2025,6:15,Full,15 min,as,No Fish,,,,,,,,
2025,3/22/2025,6:30,Full,15 min,as,6:36:52,upstream,47.5,2214,10.91,1,,,
2025,3/22/2025,6:30,Full,15 min,as,6:44:33,upstream,43.7,4710,9.74,1,,,
2025,3/22/2025,6:45,Full,15 min,as,No Fish,,,,,,,,
2025,3/22/2025,7:00,Full,15 min,as,No Fish,,,,,,,,
2025,3/22/2025,7:15,Full,15 min,as,No Fish,,,,,,,,
2025,3/22/2025,7:30,Full,15 min,as,No Fish,,,,,,,,
2025,3/22/2025,7:45,Full,15 min,as,No Fish,,,,,,,,
2025,3/22/2025,8:00,Full,15 min,as,No Fish,,,,,,,,
2025,3/22/2025,8:15,Full,15 min,as,No Fish,,,,,,,,
2025,3/22/2025,8:30,Full,15 min,as,No Fish,,,,,,,,
2025,3/22/2025,8:45,Full,15 min,as,No Fish,,,,,,,,
2025,3/22/2025,9:00,Full,15 min,as,No Fish,,,,,,,,
2025,3/22/2025,9:15,Full,15 min,as,No Fish,,,,,,,,
2025,3/22/2025,9:30,Full,15 min,as,No Fish,,,,,,,,
2025,3/22/2025,9:45,Full,15 min,as,No Fish,,,,,,,,
2025,3/22/2025,10:00,Full,15 min,as,No Fish,,,,,,,,
2025,3/22/2025,10:15,Full,15 min,as,No Fish,,,,,,,,
2025,3/22/2025,10:30,Full,15 min,as,No Fish,,,,,,,,
2025,3/22/2025,10:45,Full,15 min,as,No Fish,,,,,,,,
2025,3/22/2025,11:00,Full,15 min,as,No Fish,,,,,,,,
2025,3/22/2025,11:15,Full,15 min,as,No Fish,,,,,,,,
2025,3/22/2025,11:30,Full,15 min,as,No Fish,,,,,,,,
2025,3/22/2025,11:45,Full,15 min,as,No Fish,,,,,,,,
2025,3/22/2025,12:00,Full,15 min,as,No Fish,,,,,,,,
2025,3/22/2025,12:15,Full,15 min,as,No Fish,,,,,,,,
2025,3/22/2025,12:30,Full,15 min,as,No Fish,,,,,,,,
2025,3/22/2025,12:45,Full,15 min,as,No Fish,,,,,,,,
2025,3/22/2025,13:00,Full,15 min,as,13:06:57,downstream,44.4,2251,14.24,1,,,
2025,3/22/2025,13:00,Full,15 min,as,13:09:44,upstream,39.2,3147,11,1,,,
2025,3/22/2025,13:15,Full,15 min,as,No Fish,,,,,,,,
2025,3/22/2025,13:30,Full,15 min,as,No Fish,,,,,,,,
2025,3/22/2025,13:45,Full,15 min,as,No Fish,,,,,,,,
2025,3/22/2025,14:00,Full,15 min,as,No Fish,,,,,,,,
2025,3/22/2025,14:15,Full,15 min,as,No Fish,,,,,,,,
2025,3/22/2025,14:30,Full,15 min,as,No Fish,,,,,,,,
2025,3/22/2025,14:45,Full,15 min,as,No Fish,,,,,,,,
2025,3/22/2025,15:00,Full,15 min,as,No Fish,,,,,,,,
2025,3/22/2025,15:15,Full,15 min,as,No Fish,,,,,,,,
2025,3/22/2025,15:30,Full,15 min,as,No Fish,,,,,,,,
2025,3/22/2025,15:45,Full,15 min,as,No Fish,,,,,,,,
2025,3/22/2025,16:00,Full,15 min,as,No Fish,,,,,,,,
2025,3/22/2025,16:15,Full,15 min,as,No Fish,,,,,,,,
2025,3/22/2025,16:30,Full,15 min,as,No Fish,,,,,,,,
2025,3/22/2025,16:45,Full,15 min,as,No Fish,,,,,,,,
2025,3/22/2025,17:00,Full,15 min,as,No Fish,,,,,,,,
2025,3/22/2025,17:15,Full,15 min,as,No Fish,,,,,,,,
2025,3/22/2025,17:30,Full,15 min,as,No Fish,,,,,,,,
2025,3/22/2025,17:45,Full,15 min,as,17:57:59,upstream,77.2,77.2,13.14,1,,,
2025,3/22/2025,18:00,Full,15 min,as,No Fish,,,,,,,,
2025,3/22/2025,18:15,Full,15 min,as,No Fish,,,,,,,,
2025,3/22/2025,18:30,Full,15 min,as,No Fish,,,,,,,,
2025,3/22/2025,18:45,Full,15 min,as,No Fish,,,,,,,,
2025,3/22/2025,19:00,Full,15 min,as,No Fish,,,,,,,,
2025,3/22/2025,19:15,Full,15 min,as,No Fish,,,,,,,,
2025,3/22/2025,19:30,Full,15 min,as,No Fish,,,,,,,,
2025,3/22/2025,19:45,Full,15 min,as,19:49:07,downstream,47.9,1330,11.4,1,,,
2025,3/22/2025,19:45,Full,15 min,as,19:52:23,upstream,37.2,2390,8.76,1,,,
2025,3/22/2025,20:00,Full,15 min,as,20:06:28,downstream,69,2095,10.89,1,,,
2025,3/22/2025,20:00,Full,15 min,as,20:11:39,downstream,63.7,3774,10.79,1,,,
2025,3/22/2025,20:15,Full,15 min,as,20:15:28,upstream,74,146,10.99,1,,,
2025,3/22/2025,20:15,Full,15 min,as,20:20:15,downstream,54.6,1699,11.09,1,,,
2025,3/22/2025,20:15,Full,15 min,as,20:25:21,upstream,74.8,3357,10.37,1,,,
2025,3/22/2025,20:15,Full,15 min,as,20:28:41,downstream,52.2,4445,13.91,1,,,
2025,3/22/2025,20:30,Full,15 min,as,20:36:40,downstream,73.9,2161,14.8,1,,,
2025,3/22/2025,20:30,Full,15 min,as,20:39:25,upstream,64.2,3048,7.93,1,,,
2025,3/22/2025,20:45,Full,15 min,as,20:52:12,upstream,65,2327,13.28,1,,,
2025,3/22/2025,20:45,Full,15 min,as,20:57:36,upstream,66.5,4080,10.74,1,,,
2025,3/22/2025,21:00,Full,15 min,as,No Fish,,,,,,,,
2025,3/22/2025,21:15,Full,15 min,as,21:27:23,upstream,65.6,4010,10.79,1,,,
2025,3/22/2025,21:30,Full,15 min,as,No Fish,,,,,,,,
2025,3/22/2025,21:45,Full,15 min,as,No Fish,,,,,,,,
2025,3/22/2025,22:00,Full,15 min,as,22:04:05,upstream,62.6,1312,11.51,1,,,
2025,3/22/2025,22:15,Full,15 min,as,No Fish,,,,,,,,
2025,3/22/2025,22:30,Full,15 min,as,22:33:45,downstream,76.1,1216,1216,1,,,
2025,3/22/2025,22:30,Full,15 min,as,22:34:06,upstream,76.4,1322,8.54,1,,,
2025,3/22/2025,22:30,Full,15 min,as,22:36:45,downstream,75.6,2185,5.2,1,,,
2025,3/22/2025,22:30,Full,15 min,as,22:38:54,upstream,76.1,2884,7.91,1,,,
2025,3/22/2025,22:30,Full,15 min,as,22:42:45,upstream,68.2,4143,13.15,1,,,
2025,3/22/2025,22:30,Full,15 min,as,22:42:55,upstream,61,4192,10.77,1,,,
2025,3/22/2025,22:45,Full,15 min,as,22:45:45,upstream,75.7,238,10.61,1,,,
2025,3/22/2025,22:45,Full,15 min,as,22:48:43,upstream,66.2,1204,7.9,1,,,
2025,3/22/2025,22:45,Full,15 min,as,22:54:06,downstream,73.9,2959,9.9,1,,,
2025,3/22/2025,22:45,Full,15 min,as,22:55:46,upstream,66.3,3504,11.76,1,,,
2025,3/22/2025,22:45,Full,15 min,as,22:58:38,downstream,62.2,4432,9.13,1,,,
2025,3/22/2025,23:00,Full,15 min,as,23:08:37,upstream,64.7,2783,7.68,1,,beaver(s),
2025,3/22/2025,23:15,Full,15 min,as,No Fish,,,,,,,,
2025,3/22/2025,23:30,Full,15 min,as,23:35:45,upstream,64.4,1858,15.41,1,,,
2025,3/22/2025,23:30,Full,15 min,as,23:37:10,downstream,66.7,2318,10.65,1,,,
2025,3/22/2025,23:30,Full,15 min,as,23:39:16,downstream,71.2,3007,9.17,1,,,
2025,3/22/2025,23:45,Full,15 min,as,23:56:03,downstream,73,3578,9.5,1,,,
2025,3/23/2025,0:00,Full,15 min,as,0:13:05,upstream,77.1,4247,12.64,1,209,,
2025,3/23/2025,0:15,Full,15 min,as,0:19:21,upstream,67.6,1405,9.78,1,209,,
2025,3/23/2025,0:30,Full,15 min,as,0:32:44,upstream,71.3,,,,209,,
2025,3/23/2025,0:45,Full,15 min,as,No Fish,,,,,,209,,
2025,3/23/2025,1:00,Full,15 min,as,1:04:22,upstream,44.6,1421,12.2,1,209,otter,
2025,3/23/2025,1:15,Full,15 min,as,1:19:57,upstream,50.1,1605,15.99,1,209,,
2025,3/23/2025,1:30,Full,15 min,as,No Fish,,,,,,209,,
2025,3/23/2025,1:45,Full,15 min,as,No Fish,,,,,,209,,
2025,3/23/2025,2:00,Full,15 min,as,2:06:08,upstream,69.2,1985,15.02,1,209,,
2025,3/23/2025,2:15,Full,15 min,as,No Fish,,,,,,209,,
2025,3/23/2025,2:30,Full,15 min,as,No Fish,,,,,,209,,
2025,3/23/2025,2:45,Full,15 min,as,No Fish,,,,,,209,,
2025,3/23/2025,3:00,Full,15 min,as,No Fish,,,,,,209,,
2025,3/23/2025,3:15,Full,15 min,as,No Fish,,,,,,209,,
2025,3/23/2025,3:30,Full,15 min,as,No Fish,,,,,,209,,
2025,3/23/2025,3:45,Full,15 min,as,No Fish,,,,,,209,,
2025,3/23/2025,4:00,Full,15 min,as,No Fish,,,,,,209,,
2025,3/23/2025,4:15,Full,15 min,as,No Fish,,,,,,209,,
2025,3/23/2025,4:30,Full,15 min,as,4:40:21,downstream,52.3,3354,14.76,1,209,,
2025,3/23/2025,4:30,Full,15 min,as,4:42:43,upstream,54.8,4121,13.92,1,209,,
2025,3/23/2025,4:45,Full,15 min,as,4:53:25,downstream,54.8,2741,14.23,1,209,,
2025,3/23/2025,4:45,Full,15 min,as,4:53:24,downstream,51,2732,15.35,1,209,,
2025,3/23/2025,5:00,Full,15 min,as,5:03:17,upstream,64.4,1063,7.27,1,209,,
2025,3/23/2025,5:15,Full,15 min,as,5:19:51,downstream,60.7,1569,8.07,1,209,,
2025,3/23/2025,5:30,Full,15 min,as,5:44:28,upstream,61,4703,14.37,1,209,,
2025,3/23/2025,5:45,Full,15 min,as,No Fish,,,,,,209,,
2025,3/23/2025,6:00,Full,15 min,as,No Fish,,,,,,209,,
2025,3/23/2025,6:15,Full,15 min,as,No Fish,,,,,,209,,
2025,3/23/2025,6:30,Full,15 min,as,No Fish,,,,,,209,,
2025,3/23/2025,6:45,Full,15 min,as,No Fish,,,,,,209,,
2025,3/23/2025,7:00,Full,15 min,as,No Fish,,,,,,209,,
2025,3/23/2025,7:15,Full,15 min,as,No Fish,,,,,,209,,
2025,3/23/2025,7:30,Full,15 min,as,No Fish,,,,,,209,,
2025,3/23/2025,7:45,Full,15 min,as,No Fish,,,,,,209,,
2025,3/23/2025,8:00,Full,15 min,as,No Fish,,,,,,209,,
2025,3/23/2025,8:15,Full,15 min,as,No Fish,,,,,,209,,
2025,3/23/2025,8:30,Full,15 min,as,No Fish,,,,,,209,,
2025,3/23/2025,8:45,Full,15 min,as,No Fish,,,,,,209,otters?,
2025,3/23/2025,9:00,Full,15 min,as,No Fish,,,,,,209,,
2025,3/23/2025,9:15,Full,15 min,as,No Fish,,,,,,209,,
2025,3/23/2025,9:30,Full,15 min,as,No Fish,,,,,,209,,
2025,3/23/2025,9:45,Full,15 min,as,No Fish,,,,,,209,,
2025,3/23/2025,10:00,Full,15 min,as,No Fish,,,,,,209,,
2025,3/23/2025,10:15,Full,15 min,as,No Fish,,,,,,209,,
2025,3/23/2025,10:30,Full,15 min,as,No Fish,,,,,,209,,
2025,3/23/2025,10:45,Full,15 min,as,No Fish,,,,,,209,,
2025,3/23/2025,11:00,Full,15 min,as,No Fish,,,,,,209,,
2025,3/23/2025,11:15,Full,15 min,as,No Fish,,,,,,209,,
2025,3/23/2025,11:30,Full,15 min,as,No Fish,,,,,,209,,
2025,3/23/2025,11:45,Full,15 min,as,No Fish,,,,,,209,,
2025,3/23/2025,12:00,Full,15 min,as,No Fish,,,,,,209,,
2025,3/23/2025,12:15,Full,15 min,as,No Fish,,,,,,209,,
2025,3/23/2025,12:30,Full,15 min,as,No Fish,,,,,,209,,
2025,3/23/2025,12:45,Full,15 min,as,No Fish,,,,,,209,,
2025,3/23/2025,13:00,Full,15 min,as,No Fish,,,,,,209,,
2025,3/23/2025,13:15,Full,15 min,as,No Fish,,,,,,209,,
2025,3/23/2025,13:30,Full,15 min,as,No Fish,,,,,,209,,
2025,3/23/2025,13:45,Full,15 min,as,No Fish,,,,,,209,,
2025,3/23/2025,14:00,Full,15 min,as,No Fish,,,,,,209,,
2025,3/23/2025,14:15,Full,15 min,as,No Fish,,,,,,209,,
2025,3/23/2025,14:30,Full,15 min,as,No Fish,,,,,,209,,
2025,3/23/2025,14:45,Full,15 min,as,No Fish,,,,,,209,,
2025,3/23/2025,15:00,Full,15 min,as,No Fish,,,,,,209,,
2025,3/23/2025,15:15,Full,15 min,as,No Fish,,,,,,209,,
2025,3/23/2025,15:30,Full,15 min,as,15:39:35,upstream,66.3,3120,11.28,1,209,,
2025,3/23/2025,15:30,Full,15 min,as,15:39:38,upstream,76,3135,10.9,1,209,,
2025,3/23/2025,15:45,Full,15 min,as,No Fish,,,,,,209,,
2025,3/23/2025,16:00,Full,15 min,as,No Fish,,,,,,209,,
2025,3/23/2025,16:15,Full,15 min,as,No Fish,,,,,,209,,
2025,3/23/2025,16:30,Full,15 min,as,No Fish,,,,,,209,,
2025,3/23/2025,16:45,Full,15 min,as,No Fish,,,,,,209,,
2025,3/23/2025,17:00,Full,15 min,as,No Fish,,,,,,209,,
2025,3/23/2025,17:15,Full,15 min,as,No Fish,,,,,,209,,
2025,3/23/2025,17:30,Full,15 min,as,No Fish,,,,,,209,,
2025,3/23/2025,17:45,Full,15 min,as,No Fish,,,,,,209,,
2025,3/23/2025,18:00,Full,15 min,as,No Fish,,,,,,209,,
2025,3/23/2025,18:15,Full,15 min,as,No Fish,,,,,,209,,
2025,3/23/2025,18:30,Full,15 min,as,18:38:30,downstream,73.8,2767,8.3,1,209,,
2025,3/23/2025,18:45,Full,15 min,as,No Fish,,,,,,209,,
2025,3/23/2025,19:00,Full,15 min,as,No Fish,,,,,,209,,
2025,3/23/2025,19:15,Full,15 min,as,No Fish,,,,,,209,,
2025,3/23/2025,19:30,Full,15 min,as,No Fish,,,,,,209,,
2025,3/23/2025,19:45,Full,15 min,as,19:47:43,downstream,65.5,884,9.32,1,209,,
2025,3/23/2025,19:45,Full,15 min,as,19:47:43,downstream,64,885,9.09,1,209,,
2025,3/23/2025,19:45,Full,15 min,as,19:53:20,upstream,45.7,2714,3.86,1,209,,
2025,3/23/2025,20:00,Full,15 min,as,20:00:09,downstream,66.2,47,7.66,1,209,,
2025,3/23/2025,20:00,Full,15 min,as,20:10:34,upstream,69.3,3438,11.14,1,209,,
2025,3/23/2025,20:00,Full,15 min,as,20:12:53,downstream,64.5,4187,13.75,1,209,,
2025,3/23/2025,20:00,Full,15 min,as,20:14:58,upstream,65.3,4865,5.38,1,209,,
2025,3/23/2025,20:15,Full,15 min,as,20:16:26,upstream,71.9,462,16.7,1,209,,
2025,3/23/2025,20:15,Full,15 min,as,20:20:23,downstream,76.7,1741,13.6,1,209,,
2025,3/23/2025,20:15,Full,15 min,as,20:21:51,upstream,78.8,2219,14.83,1,209,,
2025,3/23/2025,20:15,Full,15 min,as,20:28:20,upstream,79.6,4336,10.45,1,209,,
2025,3/23/2025,20:30,Full,15 min,as,20:32:04,upstream,58.6,670,16.18,1,209,,
2025,3/23/2025,20:45,Full,15 min,as,20:48:15,upstream,67.2,1052,12.49,1,209,,
2025,3/23/2025,20:45,Full,15 min,as,20:50:42,upstream,59.9,1843,11.36,1,209,,
2025,3/23/2025,20:45,Full,15 min,as,20:51:11,downstream,79.9,2004,8.56,1,209,,
2025,3/23/2025,21:00,Full,15 min,as,21:10:07,downstream,59,3280,15.72,1,209,,
2025,3/23/2025,21:15,Full,15 min,as,21:16:23,upstream,65,446,12.57,1,209,,
2025,3/23/2025,21:15,Full,15 min,as,21:18:50,upstream,70.6,1250,14.41,1,209,,
2025,3/23/2025,21:15,Full,15 min,as,21:19:55,downstream,65.8,1596,12.74,1,209,,
2025,3/23/2025,21:15,Full,15 min,as,21:24:04,upstream,77.3,2950,10.34,1,209,,
2025,3/23/2025,21:15,Full,15 min,as,21:25:00,upstream,76.5,3255,6.82,1,209,,
2025,3/23/2025,21:15,Full,15 min,as,21:27:51,downstream,74.5,4176,14.28,1,209,,
2025,3/23/2025,21:15,Full,15 min,as,21:28:32,upstream,50.1,4401,15.23,1,209,,
2025,3/23/2025,21:30,Full,15 min,as,21:38:02,upstream,79,2611,9.52,1,209,,
2025,3/23/2025,21:30,Full,15 min,as,21:40:22,upstream,68.3,3367,14.07,1,209,,
2025,3/23/2025,21:30,Full,15 min,as,21:40:35,downstream,60.4,3437,13.37,1,209,,
2025,3/23/2025,21:45,Full,15 min,as,21:56:36,upstream,69.6,3761,10.81,1,209,,
2025,3/23/2025,22:00,Full,15 min,as,22:06:14,downstream,69.8,2023,9.21,1,209,,
2025,3/23/2025,22:00,Full,15 min,as,22:06:59,upstream,72.2,2265,6.6,1,209,,
2025,3/23/2025,22:00,Full,15 min,as,22:13:56,upstream,64.4,4525,10.74,1,209,,
2025,3/23/2025,22:15,Full,15 min,as,No Fish,,,,,,209,,
2025,3/23/2025,22:30,Full,15 min,as,No Fish,,,,,,209,,
2025,3/23/2025,22:45,Full,15 min,as,22:46:53,downstream,67.6,603,14.27,1,209,,
2025,3/23/2025,23:00,Full,15 min,as,No Fish,,,,,,209,,
2025,3/23/2025,23:15,Full,15 min,as,23:16:05,downstream,71.7,347,8.05,1,209,,
2025,3/23/2025,23:15,Full,15 min,as,23:25:08,upstream,70,3281,6.15,1,209,,
2025,3/23/2025,23:15,Full,15 min,as,23:28:12,downstream,76.8,4270,4.87,1,209,,
2025,3/23/2025,23:30,Full,15 min,as,No Fish,,,,,,209,,
2025,3/23/2025,23:45,Full,15 min,as,No Fish,,,,,,209,,
2025,3/26/2025,0:00,Full,15 min,as,No Fish,,,,,,744,,
2025,3/26/2025,0:15,Full,15 min,as,No Fish,,,,,,744,,
2025,3/26/2025,0:30,Full,15 min,as,0:38:33,downstream,50.9,2727,8.75,1,744,,
2025,3/26/2025,0:45,Full,15 min,as,No Fish,,,,,,744,,
2025,3/26/2025,1:00,Full,15 min,as,No Fish,,,,,,744,,
2025,3/26/2025,1:15,Full,15 min,as,No Fish,,,,,,744,,
2025,3/26/2025,1:30,Full,15 min,as,No Fish,,,,,,744,,
2025,3/26/2025,1:45,Full,15 min,as,No Fish,,,,,,744,,
2025,3/26/2025,2:00,Full,15 min,as,2:03:26,downstream,60.6,1087,10.61,1,744,,
2025,3/26/2025,2:15,Full,15 min,as,No Fish,,,,,,744,,
2025,3/26/2025,2:30,Full,15 min,as,No Fish,,,,,,744,,
2025,3/26/2025,2:45,Full,15 min,as,No Fish,,,,,,744,,
2025,3/26/2025,3:00,Full,15 min,as,No Fish,,,,,,744,,
2025,3/26/2025,3:15,Full,15 min,as,No Fish,,,,,,744,,
2025,3/26/2025,3:30,Full,15 min,as,No Fish,,,,,,744,,
2025,3/26/2025,3:45,Full,15 min,as,3:58:37,downstream,57.8,4319,8.34,1,744,,
2025,3/26/2025,4:00,Full,15 min,as,No Fish,,,,,,744,,
2025,3/26/2025,4:15,Full,15 min,as,No Fish,,,,,,744,,
2025,3/26/2025,4:30,Full,15 min,as,No Fish,,,,,,744,,
2025,3/26/2025,4:45,Full,15 min,as,No Fish,,,,,,744,,
2025,3/26/2025,5:00,Full,15 min,as,No Fish,,,,,,744,,
2025,3/26/2025,5:15,Full,15 min,as,No Fish,,,,,,744,,
2025,3/26/2025,5:30,Full,15 min,as,No Fish,,,,,,744,,
2025,3/26/2025,5:45,Full,15 min,as,5:57:37,downstream,47.5,4013,11.36,1,744,,
2025,3/26/2025,6:00,Full,15 min,as,No Fish,,,,,,744,,
2025,3/26/2025,6:15,Full,15 min,as,No Fish,,,,,,744,,
2025,3/26/2025,6:30,Full,15 min,as,No Fish,,,,,,744,,
2025,3/26/2025,6:45,Full,15 min,as,6:57:04,downstream,43.5,3827,14.54,1,744,,
2025,3/26/2025,7:00,Full,15 min,as,No Fish,,,,,,744,,
2025,3/26/2025,7:15,Full,15 min,as,No Fish,,,,,,744,,
2025,3/26/2025,7:30,Full,15 min,as,No Fish,,,,,,744,,
2025,3/26/2025,7:45,Full,15 min,as,7:46:47,downstream,49.1,568,11.1,1,744,,
2025,3/26/2025,7:45,Full,15 min,as,7:52:22,downstream,57.9,2335,6.51,1,744,,
2025,3/26/2025,8:00,Full,15 min,as,No Fish,,,,,,744,,
2025,3/26/2025,8:15,Full,15 min,as,No Fish,,,,,,744,,
2025,3/26/2025,8:30,Full,15 min,as,No Fish,,,,,,744,,
2025,3/26/2025,8:45,Full,15 min,as,No Fish,,,,,,744,,
2025,3/26/2025,9:00,Full,15 min,as,No Fish,,,,,,744,,
2025,3/26/2025,9:15,Full,15 min,as,No Fish,,,,,,744,,
2025,3/26/2025,9:30,Full,15 min,as,No Fish,,,,,,744,,
2025,3/26/2025,9:45,Full,15 min,as,No Fish,,,,,,744,,
2025,3/26/2025,10:00,Full,15 min,as,No Fish,,,,,,744,,
2025,3/26/2025,10:15,Full,15 min,as,No Fish,,,,,,744,,
2025,3/26/2025,10:30,Full,15 min,as,No Fish,,,,,,744,,
2025,3/26/2025,10:45,Full,15 min,as,No Fish,,,,,,744,,
2025,3/26/2025,11:00,Full,15 min,as,No Fish,,,,,,744,,
2025,3/26/2025,11:15,Full,15 min,as,No Fish,,,,,,744,,
2025,3/26/2025,11:30,Full,15 min,as,No Fish,,,,,,744,,
2025,3/26/2025,11:45,Full,15 min,as,No Fish,,,,,,744,,
2025,3/26/2025,12:00,Full,15 min,as,No Fish,,,,,,744,,
2025,3/26/2025,12:15,Full,15 min,as,No Fish,,,,,,744,,
2025,3/26/2025,12:30,Full,15 min,as,No Fish,,,,,,744,,
2025,3/26/2025,12:45,Full,15 min,as,No Fish,,,,,,744,,
2025,3/26/2025,13:00,Full,15 min,as,No Fish,,,,,,744,,
2025,3/26/2025,13:15,Full,15 min,as,No Fish,,,,,,744,,
2025,3/26/2025,13:30,Full,15 min,as,No Fish,,,,,,744,,
2025,3/26/2025,13:45,Full,15 min,as,No Fish,,,,,,744,,
2025,3/26/2025,14:00,Full,15 min,as,No Fish,,,,,,744,,
2025,3/26/2025,14:15,Full,15 min,as,No Fish,,,,,,744,,
2025,3/26/2025,14:30,Full,15 min,as,No Fish,,,,,,744,,
2025,3/26/2025,14:45,Full,15 min,as,No Fish,,,,,,744,,
2025,3/26/2025,15:00,Full,15 min,as,No Fish,,,,,,744,,
2025,3/26/2025,15:15,Full,15 min,as,No Fish,,,,,,744,,
2025,3/26/2025,15:30,Full,15 min,as,No Fish,,,,,,744,,
2025,3/26/2025,15:45,Full,15 min,as,No Fish,,,,,,744,,
2025,3/26/2025,16:00,Full,15 min,as,No Fish,,,,,,744,,
2025,3/26/2025,16:15,Full,15 min,as,No Fish,,,,,,744,,
2025,3/26/2025,16:30,Full,15 min,as,No Fish,,,,,,744,,
2025,3/26/2025,16:45,Full,15 min,as,No Fish,,,,,,744,,
2025,3/26/2025,17:00,Full,15 min,as,No Fish,,,,,,744,,
2025,3/26/2025,17:15,Full,15 min,as,17:22:06,upstream,77,2314,14.55,1,744,,
2025,3/26/2025,17:15,Full,15 min,as,17:25:39,downstream,76.3,3468,11.95,1,744,,
2025,3/26/2025,17:30,Full,15 min,as,No Fish,,,,,,744,,
2025,3/26/2025,17:45,Full,15 min,as,No Fish,,,,,,744,,
2025,3/26/2025,18:00,Full,15 min,as,No Fish,,,,,,744,,
2025,3/26/2025,18:15,Full,15 min,as,18:28:53,downstream,58.3,4519,7.47,1,744,,
2025,3/26/2025,18:30,Full,15 min,as,No Fish,,,,,,744,,
2025,3/26/2025,18:45,Full,15 min,as,No Fish,,,,,,744,,
2025,3/26/2025,19:00,Full,15 min,as,No Fish,,,,,,744,,
2025,3/26/2025,19:15,Full,15 min,as,No Fish,,,,,,744,,
2025,3/26/2025,19:30,Full,15 min,as,19:30:08,downstream,61.7,38,11.27,1,744,,
2025,3/26/2025,19:45,Full,15 min,as,No Fish,,,,,,744,,
2025,3/26/2025,20:00,Full,15 min,as,No Fish,,,,,,744,,
2025,3/26/2025,20:15,Full,15 min,as,20:17:16,downstream,73.3,737,7.9,1,744,,
2025,3/26/2025,20:30,Full,15 min,as,No Fish,,,,,,744,,
2025,3/26/2025,20:45,Full,15 min,as,No Fish,,,,,,744,,
2025,3/26/2025,21:00,Full,15 min,as,No Fish,,,,,,744,,
2025,3/26/2025,21:15,Full,15 min,as,No Fish,,,,,,744,,
2025,3/26/2025,21:30,Full,15 min,as,No Fish,,,,,,744,,
2025,3/26/2025,21:45,Full,15 min,as,No Fish,,,,,,744,,
2025,3/26/2025,22:00,Full,15 min,as,No Fish,,,,,,744,,
2025,3/26/2025,22:15,Full,15 min,as,No Fish,,,,,,744,,
2025,3/26/2025,22:30,Full,15 min,as,No Fish,,,,,,744,,
2025,3/26/2025,22:45,Full,15 min,as,No Fish,,,,,,744,,
2025,3/26/2025,23:00,Full,15 min,as,No Fish,,,,,,744,,
2025,3/26/2025,23:15,Full,15 min,as,No Fish,,,,,,744,,
2025,3/26/2025,23:30,Full,15 min,as,No Fish,,,,,,744,,
2025,3/26/2025,23:45,Full,15 min,as,No Fish,,,,,,744,,
2025,3/27/2025,0:00,Full,15 min,as,0:03:10,downstream,62.7,1028,16.72,1,900,,
2025,3/27/2025,0:15,Full,15 min,as,No Fish,,,,,,900,,
2025,3/27/2025,0:30,Full,15 min,as,No Fish,,,,,,900,,
2025,3/27/2025,0:45,Full,15 min,as,No Fish,,,,,,900,,
2025,3/27/2025,1:00,Full,15 min,as,No Fish,,,,,,900,,
2025,3/27/2025,1:15,Full,15 min,as,No Fish,,,,,,900,,
2025,3/27/2025,1:30,Full,15 min,as,No Fish,,,,,,900,,
2025,3/27/2025,1:45,Full,15 min,as,No Fish,,,,,,900,,
2025,3/27/2025,2:00,Full,15 min,as,No Fish,,,,,,900,,
2025,3/27/2025,2:15,Full,15 min,as,No Fish,,,,,,900,,
2025,3/27/2025,2:30,Full,15 min,as,2:42:44,upstream,71,4134,14.59,1,900,,
2025,3/27/2025,2:45,Full,15 min,as,No Fish,,,,,,900,,
2025,3/27/2025,3:00,Full,15 min,as,3:12:11,upstream,61.2,3970,16.15,1,900,,
2025,3/27/2025,3:15,Full,15 min,as,No Fish,,,,,,900,,
2025,3/27/2025,3:30,Full,15 min,as,No Fish,,,,,,900,,
2025,3/27/2025,3:45,Full,15 min,as,No Fish,,,,,,900,,
2025,3/27/2025,4:00,Full,15 min,as,No Fish,,,,,,900,,
2025,3/27/2025,4:15,Full,15 min,as,No Fish,,,,,,900,,
2025,3/27/2025,4:30,Full,15 min,as,No Fish,,,,,,900,,
2025,3/27/2025,4:45,Full,15 min,as,No Fish,,,,,,900,,
2025,3/27/2025,5:00,Full,15 min,as,5:05:10,downstream,74.9,1674,7.19,1,900,,
2025,3/27/2025,5:15,Full,15 min,as,5:20:07,downstream,59.3,1659,14.06,1,900,,
2025,3/27/2025,5:30,corrupt file,unable,as,No Review,,,,,,900,unable to create echogram,
2025,3/27/2025,5:45,Full,15 min,as,No Fish,,,,,,900,,
2025,3/27/2025,6:00,Full,15 min,as,No Fish,,,,,,900,,
2025,3/27/2025,6:15,Full,15 min,as,6:26:18,downstream,66.2,3684,8.09,1,900,,
2025,3/27/2025,6:30,Full,15 min,as,No Fish,,,,,,900,,
2025,3/27/2025,6:45,Full,15 min,as,No Fish,,,,,,900,,
2025,3/27/2025,7:00,Full,15 min,as,No Fish,,,,,,900,,
2025,3/27/2025,7:15,Full,15 min,as,No Fish,,,,,,900,,
2025,3/27/2025,7:30,Full,15 min,as,No Fish,,,,,,900,,
2025,3/27/2025,7:45,Full,15 min,as,No Fish,,,,,,900,,
2025,3/27/2025,8:00,Full,15 min,as,No Fish,,,,,,900,,
2025,3/27/2025,8:15,Full,15 min,as,No Fish,,,,,,900,,
2025,3/27/2025,8:30,Full,15 min,as,No Fish,,,,,,900,,
2025,3/27/2025,8:45,Full,15 min,as,No Fish,,,,,,900,,
2025,3/27/2025,9:00,Full,15 min,as,9:12:00,downstream,75.5,3894,11.11,1,900,,
2025,3/27/2025,9:15,Full,15 min,as,No Fish,,,,,,900,,
2025,3/27/2025,9:30,Full,15 min,as,No Fish,,,,,,900,,
2025,3/27/2025,9:45,Full,15 min,as,No Fish,,,,,,900,,
2025,3/27/2025,10:00,Full,15 min,as,No Fish,,,,,,900,,
2025,3/27/2025,10:15,Full,15 min,as,No Fish,,,,,,900,,
2025,3/27/2025,10:30,Full,15 min,as,No Fish,,,,,,900,,
2025,3/27/2025,10:45,Full,15 min,as,No Fish,,,,,,900,,
2025,3/27/2025,11:00,Full,15 min,as,No Fish,,,,,,900,,
2025,3/27/2025,11:15,Full,15 min,as,11:24:07,upstream,65.8,2968,6.3,1,900,,
2025,3/27/2025,11:30,Full,15 min,as,No Fish,,,,,,900,,
2025,3/27/2025,11:45,Full,15 min,as,No Fish,,,,,,900,,
2025,3/27/2025,12:00,Full,15 min,as,No Fish,,,,,,900,,
2025,3/27/2025,12:15,Full,15 min,as,No Fish,,,,,,900,,
2025,3/27/2025,12:30,Full,15 min,as,No Fish,,,,,,900,,
2025,3/27/2025,12:45,Full,15 min,as,12:51:42,downstream,66.3,2168,7.81,1,900,,
2025,3/27/2025,13:00,Full,15 min,as,No Fish,,,,,,900,,
2025,3/27/2025,13:15,Full,15 min,as,No Fish,,,,,,900,,
2025,3/27/2025,13:30,Full,15 min,as,No Fish,,,,,,900,,
2025,3/27/2025,13:45,Full,15 min,as,No Fish,,,,,,900,,
2025,3/27/2025,14:00,Full,15 min,as,No Fish,,,,,,900,,
2025,3/27/2025,14:15,Full,15 min,as,No Fish,,,,,,900,,
2025,3/27/2025,14:30,Full,15 min,as,No Fish,,,,,,900,,
2025,3/27/2025,14:45,Full,15 min,as,No Fish,,,,,,900,,
2025,3/27/2025,15:00,Full,15 min,as,No Fish,,,,,,900,,
2025,3/27/2025,15:15,Full,15 min,as,15:22:36,downstream,37.2,2440,11.24,1,900,,
2025,3/27/2025,15:30,Full,15 min,as,No Fish,,,,,,900,,
2025,3/27/2025,15:45,Full,15 min,as,15:57:29,upstream,76.3,3992,11.57,1,900,,
2025,3/27/2025,16:00,Full,15 min,as,No Fish,,,,,,900,,
2025,3/27/2025,16:15,Full,15 min,as,No Fish,,,,,,900,,
2025,3/27/2025,16:30,Full,15 min,as,No Fish,,,,,,900,,
2025,3/27/2025,16:45,Full,15 min,as,No Fish,,,,,,900,,
2025,3/27/2025,17:00,Full,15 min,as,No Fish,,,,,,900,,
2025,3/27/2025,17:15,Full,15 min,as,No Fish,,,,,,900,,
2025,3/27/2025,17:30,Full,15 min,as,No Fish,,,,,,900,,
2025,3/27/2025,17:45,Full,15 min,as,No Fish,,,,,,900,,
2025,3/27/2025,18:00,Full,15 min,as,No Fish,,,,,,900,,
2025,3/27/2025,18:15,Full,15 min,as,No Fish,,,,,,900,,
2025,3/27/2025,18:30,corrupt file,Not Reviewed,,,,,,,,900,,
2025,3/27/2025,18:45,Full,15 min,as,No Fish,,,,,,900,,
2025,3/27/2025,19:00,Full,15 min,as,No Fish,,,,,,900,,
2025,3/27/2025,19:15,Full,15 min,as,No Fish,,,,,,900,,
2025,3/27/2025,19:30,Full,15 min,as,19:36:36,downstream,44.5,2143,11.78,1,900,,
2025,3/27/2025,19:45,Full,15 min,as,19:52:47,downstream,77.7,2534,11.04,1,900,,
2025,3/27/2025,20:00,Full,15 min,as,No Fish,,,,,,900,,
2025,3/27/2025,20:15,corrupt file,Not Reviewed,,,,,,,,900,,
2025,3/27/2025,20:30,Full,15 min,as,No Fish,,,,,,900,,
2025,3/27/2025,20:45,Full,15 min,as,No Fish,,,,,,900,,
2025,3/27/2025,21:00,Full,15 min,as,No Fish,,,,,,900,,
2025,3/27/2025,21:15,Full,15 min,as,No Fish,,,,,,900,,
2025,3/27/2025,21:30,Full,15 min,as,No Fish,,,,,,900,,
2025,3/27/2025,21:45,Full,15 min,as,No Fish,,,,,,900,,
2025,3/27/2025,22:00,Full,15 min,as,No Fish,,,,,,900,,
2025,3/27/2025,22:15,Full,15 min,as,No Fish,,,,,,900,,
2025,3/27/2025,22:30,Full,15 min,as,No Fish,,,,,,900,,
2025,3/27/2025,22:45,Full,15 min,as,No Fish,,,,,,900,,
2025,3/27/2025,23:00,Full,15 min,as,No Fish,,,,,,900,,
2025,3/27/2025,23:15,Full,15 min,as,No Fish,,,,,,900,,
2025,3/27/2025,23:30,Full,15 min,as,No Fish,,,,,,900,,
2025,3/27/2025,23:45,Full,15 min,as,No Fish,,,,,,900,,
2025,3/28/2025,0:00,Full,15 min,as,No Fish,,,,,,720,,
2025,3/28/2025,0:15,Full,15 min,as,No Fish,,,,,,720,,
2025,3/28/2025,0:30,Full,15 min,as,No Fish,,,,,,720,,
2025,3/28/2025,0:45,Full,15 min,as,0:48:27,downstream,39.5,1122,11.65,1,720,,
2025,3/28/2025,1:00,Full,15 min,as,No Fish,,,,,,720,,
2025,3/28/2025,1:15,Full,15 min,as,No Fish,,,,,,720,,
2025,3/28/2025,1:30,Full,15 min,as,No Fish,,,,,,720,,
2025,3/28/2025,1:45,Full,15 min,as,No Fish,,,,,,720,,
2025,3/28/2025,2:00,Full,15 min,as,No Fish,,,,,,720,,
2025,3/28/2025,2:15,Full,15 min,as,No Fish,,,,,,720,,
2025,3/28/2025,2:30,Full,15 min,as,2:37:17,upstream,72,2367,15.9,1,720,,
2025,3/28/2025,2:45,Full,15 min,as,2:50:16,upstream,67.7,1713,19.69,1,720,,
2025,3/28/2025,3:00,Full,15 min,as,No Fish,,,,,,720,,
2025,3/28/2025,3:15,Full,15 min,as,3:29:16,downstream,43.3,4639,14.54,1,720,,
2025,3/28/2025,3:30,Full,15 min,as,3:30:35,downstream,43.8,184,12.54,1,720,,
2025,3/28/2025,3:45,Full,15 min,as,No Fish,,,,,,720,,
2025,3/28/2025,4:00,Full,15 min,as,No Fish,,,,,,720,,
2025,3/28/2025,4:15,Full,15 min,as,No Fish,,,,,,720,,
2025,3/28/2025,4:30,Full,15 min,as,No Fish,,,,,,720,,
2025,3/28/2025,4:45,Full,15 min,as,No Fish,,,,,,720,,
2025,3/28/2025,5:00,Full,15 min,as,No Fish,,,,,,720,,
2025,3/28/2025,5:15,Full,15 min,as,No Fish,,,,,,720,,
2025,3/28/2025,5:30,Full,15 min,as,No Fish,,,,,,720,,
2025,3/28/2025,5:45,Full,15 min,as,No Fish,,,,,,720,,
2025,3/28/2025,6:00,Full,15 min,as,No Fish,,,,,,720,,
2025,3/28/2025,6:15,Full,15 min,as,No Fish,,,,,,720,,
2025,3/28/2025,6:30,Full,15 min,as,No Fish,,,,,,720,,
2025,3/28/2025,6:45,Full,15 min,as,No Fish,,,,,,720,,
2025,3/28/2025,7:00,Full,15 min,as,No Fish,,,,,,720,,
2025,3/28/2025,7:15,Full,15 min,as,No Fish,,,,,,720,,
2025,3/28/2025,7:30,Full,15 min,as,No Fish,,,,,,720,,
2025,3/28/2025,7:45,Full,15 min,as,No Fish,,,,,,720,,
2025,3/28/2025,8:00,Full,15 min,as,No Fish,,,,,,720,,
2025,3/28/2025,8:15,Full,15 min,as,No Fish,,,,,,720,,
2025,3/28/2025,8:30,Full,15 min,as,No Fish,,,,,,720,,
2025,3/28/2025,8:45,Full,15 min,as,No Fish,,,,,,720,,
2025,3/28/2025,9:00,Full,15 min,as,No Fish,,,,,,720,,
2025,3/28/2025,9:15,Full,15 min,as,No Fish,,,,,,720,,
2025,3/28/2025,9:30,Full,15 min,as,No Fish,,,,,,720,,
2025,3/28/2025,9:45,corrupt file,,,,,,,,,720,,
2025,3/28/2025,10:00,Full,15 min,as,10:05:59,upstream,68,1948,19.78,1,720,,
2025,3/28/2025,10:15,Full,15 min,as,No Fish,,,,,,720,,
2025,3/28/2025,10:30,Full,15 min,as,No Fish,,,,,,720,,
2025,3/28/2025,10:45,Full,15 min,as,No Fish,,,,,,720,,
2025,3/28/2025,11:00,Full,15 min,as,No Fish,,,,,,720,,
2025,3/28/2025,11:15,Full,15 min,as,No Fish,,,,,,720,,
2025,3/28/2025,11:30,Full,15 min,as,11:43:48,downstream,43.5,4493,10.54,1,720,,
2025,3/28/2025,11:30,Full,15 min,as,11:43:48,downstream,42.5,4494,10.77,1,720,,
2025,3/28/2025,11:45,Full,15 min,as,No Fish,,,,,,720,,
2025,3/28/2025,12:00,Full,15 min,as,No Fish,,,,,,720,,
2025,3/28/2025,12:15,Full,15 min,as,No Fish,,,,,,720,,
2025,3/28/2025,12:30,Full,15 min,as,No Fish,,,,,,720,,
2025,3/28/2025,12:45,Full,15 min,as,No Fish,,,,,,720,,
2025,3/28/2025,13:00,Full,15 min,as,No Fish,,,,,,720,,
2025,3/28/2025,13:15,Full,15 min,as,No Fish,,,,,,720,,
2025,3/28/2025,13:30,Full,15 min,as,No Fish,,,,,,720,,
2025,3/28/2025,13:45,Full,15 min,as,No Fish,,,,,,720,,
2025,3/28/2025,14:00,Full,15 min,as,No Fish,,,,,,720,,
2025,3/28/2025,14:15,Full,15 min,as,No Fish,,,,,,720,,
2025,3/28/2025,14:30,Full,15 min,as,No Fish,,,,,,720,,
2025,3/28/2025,14:45,Full,15 min,as,No Fish,,,,,,720,,
2025,3/28/2025,15:00,Full,15 min,as,No Fish,,,,,,720,,
2025,3/28/2025,15:15,Full,15 min,as,No Fish,,,,,,720,,
2025,3/28/2025,15:30,Full,15 min,as,No Fish,,,,,,720,,
2025,3/28/2025,15:45,Full,15 min,as,No Fish,,,,,,720,,
2025,3/28/2025,16:00,Full,15 min,as,No Fish,,,,,,720,,
2025,3/28/2025,16:15,Full,15 min,as,16:16:19,downstream,54.5,425,10.49,1,720,,
2025,3/28/2025,16:30,Full,15 min,as,No Fish,,,,,,720,,
2025,3/28/2025,16:45,Full,15 min,as,16:57:42,downstream,40.1,4126,10.33,1,720,,
2025,3/28/2025,17:00,Full,15 min,as,17:13:58,upstream,69.7,4542,11.1,1,720,,
2025,3/28/2025,17:15,Full,15 min,as,No Fish,,,,,,720,,
2025,3/28/2025,17:30,Full,15 min,as,No Fish,,,,,,720,,
2025,3/28/2025,17:45,Full,15 min,as,No Fish,,,,,,720,,
2025,3/28/2025,18:00,Full,15 min,as,No Fish,,,,,,720,,
2025,3/28/2025,18:15,Full,15 min,as,No Fish,,,,,,720,,
2025,3/28/2025,18:30,Full,15 min,as,No Fish,,,,,,720,,
2025,3/28/2025,18:45,Full,15 min,as,18:47:58,downstream,70.1,956,10.1,1,720,,
2025,3/28/2025,19:00,Full,15 min,as,No Fish,,,,,,720,,
2025,3/28/2025,19:15,Full,15 min,as,No Fish,,,,,,720,,
2025,3/28/2025,19:30,Full,15 min,as,No Fish,,,,,,720,,
2025,3/28/2025,19:45,Full,15 min,as,19:47:19,downstream,55.9,738,9.79,1,720,,
2025,3/28/2025,20:00,Full,15 min,as,No Fish,,,,,,720,,
2025,3/28/2025,20:15,Full,15 min,as,20:20:42,upstream,65.8,1850,6.76,1,720,,
2025,3/28/2025,20:30,Full,15 min,as,No Fish,,,,,,720,,
2025,3/28/2025,20:45,Full,15 min,as,No Fish,,,,,,720,,
2025,3/28/2025,21:00,Full,15 min,as,No Fish,,,,,,720,,
2025,3/28/2025,21:15,Full,15 min,as,No Fish,,,,,,720,,
2025,3/28/2025,21:30,Full,15 min,as,No Fish,,,,,,720,,
2025,3/28/2025,21:45,Full,15 min,as,No Fish,,,,,,720,,
2025,3/28/2025,22:00,Full,15 min,as,No Fish,,,,,,720,,
2025,3/28/2025,22:15,Full,15 min,as,No Fish,,,,,,720,,
2025,3/28/2025,22:30,Full,15 min,as,No Fish,,,,,,720,,
2025,3/28/2025,22:45,Full,15 min,as,No Fish,,,,,,720,,
2025,3/28/2025,23:00,Full,15 min,as,No Fish,,,,,,720,,
2025,3/28/2025,23:15,Full,15 min,as,No Fish,,,,,,720,,
2025,3/28/2025,23:30,Full,15 min,as,No Fish,,,,,,720,,
2025,3/28/2025,23:45,Full,15 min,as,23:57:25,downstream,53.4,4028,5.24,1,720,,
2025,4/1/2025,0:00,Full,15 min,as,No Fish,,,,,,,,
2025,4/1/2025,0:15,Full,15 min,as,0:22:18,downstream,59.1,2372,,,,,
2025,4/1/2025,0:30,Full,15 min,as,No Fish,,,,,,,,
2025,4/1/2025,0:45,Full,15 min,as,No Fish,,,,,,,,
2025,4/1/2025,1:00,Full,15 min,as,No Fish,,,,,,,,
2025,4/1/2025,1:15,Full,15 min,as,No Fish,,,,,,,,
2025,4/1/2025,1:30,Full,15 min,as,No Fish,,,,,,,,
2025,4/1/2025,1:45,Full,15 min,as,No Fish,,,,,,,,
2025,4/1/2025,2:00,Full,15 min,as,2:01:55,upstream,69.7,617,7.45,1,,,
2025,4/1/2025,2:15,Full,15 min,as,No Fish,,,,,,,,
2025,4/1/2025,2:30,Full,15 min,as,No Fish,,,,,,,,
2025,4/1/2025,2:45,Full,15 min,as,No Fish,,,,,,,,
2025,4/1/2025,3:00,Full,15 min,as,No Fish,,,,,,,,
2025,4/1/2025,3:15,Full,15 min,as,No Fish,,,,,,,,
2025,4/1/2025,3:30,Full,15 min,as,No Fish,,,,,,,,
2025,4/1/2025,3:45,Full,15 min,as,No Fish,,,,,,,,
2025,4/1/2025,4:00,Full,15 min,as,No Fish,,,,,,,,
2025,4/1/2025,4:15,Full,15 min,as,No Fish,,,,,,,,
2025,4/1/2025,4:30,Full,15 min,as,No Fish,,,,,,,,
2025,4/1/2025,4:45,Full,15 min,as,No Fish,,,,,,,,
2025,4/1/2025,5:00,Full,15 min,as,No Fish,,,,,,,,
2025,4/1/2025,5:15,Full,15 min,as,No Fish,,,,,,,,
2025,4/1/2025,5:30,Full,15 min,as,No Fish,,,,,,,,
2025,4/1/2025,5:45,Full,15 min,as,No Fish,,,,,,,,
2025,4/1/2025,6:00,Full,15 min,as,No Fish,,,,,,,,
2025,4/1/2025,6:15,Full,15 min,as,6:26:35,upstream,74.9,3756,13.96,1,,,
2025,4/1/2025,6:30,Full,15 min,as,No Fish,,,,,,,,
2025,4/1/2025,6:45,Full,15 min,as,No Fish,,,,,,,,
2025,4/1/2025,7:00,Full,15 min,as,No Fish,,,,,,,,
2025,4/1/2025,7:15,Full,15 min,as,No Fish,,,,,,,,
2025,4/1/2025,7:30,Full,15 min,as,No Fish,,,,,,,,
2025,4/1/2025,7:45,Full,15 min,as,No Fish,,,,,,,,
2025,4/1/2025,8:00,Full,15 min,as,No Fish,,,,,,,,
2025,4/1/2025,8:15,Full,15 min,as,No Fish,,,,,,,,
2025,4/1/2025,8:30,Full,15 min,as,No Fish,,,,,,,,
2025,4/1/2025,8:45,Full,15 min,as,No Fish,,,,,,,,
2025,4/1/2025,9:00,Full,15 min,as,No Fish,,,,,,,,
2025,4/1/2025,9:15,Full,15 min,as,No Fish,,,,,,,,
2025,4/1/2025,9:30,Full,15 min,as,No Fish,,,,,,,,
2025,4/1/2025,9:45,Full,15 min,as,No Fish,,,,,,,,
2025,4/1/2025,10:00,Full,15 min,as,No Fish,,,,,,,,
2025,4/1/2025,10:15,Full,15 min,as,No Fish,,,,,,,,
2025,4/1/2025,10:30,Full,15 min,as,No Fish,,,,,,,,
2025,4/1/2025,10:45,Full,15 min,as,No Fish,,,,,,,,
2025,4/1/2025,11:00,Full,15 min,as,No Fish,,,,,,,,
2025,4/1/2025,11:15,Full,15 min,as,No Fish,,,,,,,,
2025,4/1/2025,11:30,Full,15 min,as,No Fish,,,,,,,,
2025,4/1/2025,11:45,Full,15 min,as,No Fish,,,,,,,,
2025,4/1/2025,12:00,Full,15 min,as,No Fish,,,,,,,,
2025,4/1/2025,12:15,Full,15 min,as,No Fish,,,,,,,,
2025,4/1/2025,12:30,Full,15 min,as,No Fish,,,,,,,,
2025,4/1/2025,12:45,Full,15 min,as,No Fish,,,,,,,,
2025,4/1/2025,13:00,Full,15 min,as,No Fish,,,,,,,,
2025,4/1/2025,13:15,Full,15 min,as,No Fish,,,,,,,,
2025,4/1/2025,13:30,Full,15 min,as,No Fish,,,,,,,,
2025,4/1/2025,13:45,Full,15 min,as,No Fish,,,,,,,,
2025,4/1/2025,14:00,Full,15 min,as,No Fish,,,,,,,,
2025,4/1/2025,14:15,Full,15 min,as,No Fish,,,,,,,,
2025,4/1/2025,14:30,Full,15 min,as,No Fish,,,,,,,,
2025,4/1/2025,14:45,Full,15 min,as,No Fish,,,,,,,,
2025,4/1/2025,15:00,Full,15 min,as,No Fish,,,,,,,,
2025,4/1/2025,15:15,Full,15 min,as,No Fish,,,,,,,,
2025,4/1/2025,15:30,Full,15 min,as,No Fish,,,,,,,,
2025,4/1/2025,15:45,Full,15 min,as,No Fish,,,,,,,,
2025,4/1/2025,16:00,Full,15 min,as,No Fish,,,,,,,,
2025,4/1/2025,16:15,Full,15 min,as,No Fish,,,,,,,,
2025,4/1/2025,16:30,Full,15 min,as,No Fish,,,,,,,,
2025,4/1/2025,16:45,Full,15 min,as,No Fish,,,,,,,,
2025,4/1/2025,17:00,Full,15 min,as,17:14:09,upstream,66,4606,13.42,1,,,
2025,4/1/2025,17:15,Full,15 min,as,No Fish,,,,,,,,
2025,4/1/2025,17:30,Full,15 min,as,No Fish,,,,,,,,
2025,4/1/2025,17:45,Full,15 min,as,No Fish,,,,,,,,
2025,4/1/2025,18:00,Full,15 min,as,18:03:41,upstream,72.5,1198,12.6,1,,,
2025,4/1/2025,18:15,Full,15 min,as,No Fish,,,,,,,,
2025,4/1/2025,18:30,Full,15 min,as,18:32:24,upstream,71.5,778,10.03,1,,,
2025,4/1/2025,18:30,Full,15 min,as,18:32:25,upstream,51.3,782,10.04,1,,,
2025,4/1/2025,18:45,Full,15 min,as,No Fish,,,,,,,,
2025,4/1/2025,19:00,Full,15 min,as,No Fish,,,,,,,,
2025,4/1/2025,19:15,Full,15 min,as,No Fish,,,,,,,,
2025,4/1/2025,19:30,Full,15 min,as,No Fish,,,,,,,,
2025,4/1/2025,19:45,Full,15 min,as,19:50:25,upstream,74.9,1755,6.13,1,,,
2025,4/1/2025,19:45,Full,15 min,as,19:50:26,upstream,63.4,1758,5.63,1,,,
2025,4/1/2025,20:00,Full,15 min,as,No Fish,,,,,,,,
2025,4/1/2025,20:15,Full,15 min,as,No Fish,,,,,,,,
2025,4/1/2025,20:30,Full,15 min,as,No Fish,,,,,,,,
2025,4/1/2025,20:45,Full,15 min,as,20:45:41,upstream,72.1,216,11,1,,,
2025,4/1/2025,20:45,Full,15 min,as,20:56:32,upstream,66.4,3754,7.5,1,,,
2025,4/1/2025,21:00,Full,15 min,as,21:08:49,upstream,71.3,2862,14.67,1,,,
2025,4/1/2025,21:15,Full,15 min,as,21:21:17,upstream,66.3,2036,7.21,1,,,
2025,4/1/2025,21:30,Full,15 min,as,No Fish,,,,,,,,
2025,4/1/2025,21:45,Full,15 min,as,No Fish,,,,,,,,
2025,4/1/2025,22:00,Full,15 min,as,No Fish,,,,,,,,
2025,4/1/2025,22:15,Full,15 min,as,No Fish,,,,,,,,
2025,4/1/2025,22:30,Full,15 min,as,No Fish,,,,,,,seal up,
2025,4/1/2025,22:45,Full,15 min,as,22:54:23,upstream,7.21,3052,16.76,1,,,
2025,4/1/2025,22:45,Full,15 min,as,22:56:00,upstream,69.4,3572,11.11,1,,,
2025,4/1/2025,23:00,Full,15 min,as,No Fish,,,,,,,,
2025,4/1/2025,23:15,Full,15 min,as,No Fish,,,,,,,,
2025,4/1/2025,23:30,Full,15 min,as,No Fish,,,,,,,,
2025,4/1/2025,23:45,Full,15 min,as,No Fish,,,,,,,,
2025,4/2/2025,0:00,Full,15 min,as,No Fish,,,,,,,,
2025,4/2/2025,0:15,Full,15 min,as,0:26:25,upstream,72.9,3708,8.99,1,,,
2025,4/2/2025,0:30,Full,15 min,as,No Fish,,,,,,,,
2025,4/2/2025,0:45,Full,15 min,as,No Fish,,,,,,,,
2025,4/2/2025,1:00,Full,15 min,as,No Fish,,,,,,,,
2025,4/2/2025,1:15,Full,15 min,as,1:20:38,upstream,65,1829,6.7,1,,,
2025,4/2/2025,1:30,Full,15 min,as,No Fish,,,,,,,,
2025,4/2/2025,1:45,Full,15 min,as,1:58:18,upstream,64.5,4303,10.31,1,,,
2025,4/2/2025,2:00,Full,15 min,as,No Fish,,,,,,,,
2025,4/2/2025,2:15,Full,15 min,as,No Fish,,,,,,,,
2025,4/2/2025,2:30,Full,15 min,as,2:35:36,upstream,80.6,1813,10.83,1,,,
2025,4/2/2025,2:45,Full,15 min,as,No Fish,,,,,,,,
2025,4/2/2025,3:00,Full,15 min,as,No Fish,,,,,,,,
2025,4/2/2025,3:15,Full,15 min,as,No Fish,,,,,,,,
2025,4/2/2025,3:30,Full,15 min,as,No Fish,,,,,,,,
2025,4/2/2025,3:45,Full,15 min,as,3:50:32,upstream,71.9,1790,17.27,1,,,
2025,4/2/2025,4:00,Full,15 min,as,No Fish,,,,,,,,
2025,4/2/2025,4:15,Full,15 min,as,No Fish,,,,,,,,
2025,4/2/2025,4:30,Full,15 min,as,No Fish,,,,,,,,
2025,4/2/2025,4:45,Full,15 min,as,No Fish,,,,,,,,
2025,4/2/2025,5:00,Full,15 min,as,5:13:54,upstream,70.2,4519,9.49,1,,,
2025,4/2/2025,5:15,Full,15 min,as,No Fish,,,,,,,,
2025,4/2/2025,5:30,Full,15 min,as,No Fish,,,,,,,,
2025,4/2/2025,5:45,Full,15 min,as,No Fish,,,,,,,,
2025,4/2/2025,6:00,Full,15 min,as,No Fish,,,,,,,,
2025,4/2/2025,6:15,Full,15 min,as,6:18:16,upstream,73.7,1057,10.57,1,,,
2025,4/2/2025,6:15,Full,15 min,as,6:18:16,upstream,76.2,1058,10.9,1,,,
2025,4/2/2025,6:30,Full,15 min,as,No Fish,,,,,,,,
2025,4/2/2025,6:45,Full,15 min,as,No Fish,,,,,,,,
2025,4/2/2025,7:00,Full,15 min,as,No Fish,,,,,,,,
2025,4/2/2025,7:15,Full,15 min,as,No Fish,,,,,,,,
2025,4/2/2025,7:30,Full,15 min,as,No Fish,,,,,,,,
2025,4/2/2025,7:45,Full,15 min,as,No Fish,,,,,,,,
2025,4/2/2025,8:00,Full,15 min,as,No Fish,,,,,,,,
2025,4/2/2025,8:15,Full,15 min,as,No Fish,,,,,,,,
2025,4/2/2025,8:30,Full,15 min,as,No Fish,,,,,,,,
2025,4/2/2025,8:45,Full,15 min,as,No Fish,,,,,,,,
2025,4/2/2025,9:00,Full,15 min,as,No Fish,,,,,,,,
2025,4/2/2025,9:15,Full,15 min,as,No Fish,,,,,,,,
2025,4/2/2025,9:30,Full,15 min,as,9:34:32,downstream,78.3,1469,12.51,1,,,
2025,4/2/2025,9:45,Full,15 min,as,No Fish,,,,,,,,
2025,4/2/2025,10:00,Full,15 min,as,10:14:06,upstream,61.1,4584,7.22,1,,,
2025,4/2/2025,10:15,Full,15 min,as,No Fish,,,,,,,,
2025,4/2/2025,10:30,Full,15 min,as,No Fish,,,,,,,,
2025,4/2/2025,10:45,Full,15 min,as,No Fish,,,,,,,,
2025,4/2/2025,11:00,Full,15 min,as,No Fish,,,,,,,,
2025,4/2/2025,11:15,Full,15 min,as,11:15:22,upstream,77.2,112,10.9,1,,,
2025,4/2/2025,11:15,Full,15 min,as,11:23:10,downstream,76.3,2653,8.64,1,,,
2025,4/2/2025,11:30,Full,15 min,as,11:30:50,upstream,77.3,265,9.15,1,,,
2025,4/2/2025,11:45,Full,15 min,as,No Fish,,,,,,,,
2025,4/2/2025,12:00,Full,15 min,as,No Fish,,,,,,,,
2025,4/2/2025,12:15,Full,15 min,as,No Fish,,,,,,,,
2025,4/2/2025,12:30,Full,15 min,as,No Fish,,,,,,,,
2025,4/2/2025,12:45,Full,15 min,as,No Fish,,,,,,,,
2025,4/2/2025,13:00,Full,15 min,as,No Fish,,,,,,,,
2025,4/2/2025,13:15,Full,15 min,as,No Fish,,,,,,,,
2025,4/2/2025,13:30,Full,15 min,as,No Fish,,,,,,,,
2025,4/2/2025,13:45,Full,15 min,as,No Fish,,,,,,,,
2025,4/2/2025,14:00,Full,15 min,as,No Fish,,,,,,,,
2025,4/2/2025,14:15,Full,15 min,as,No Fish,,,,,,,,
2025,4/2/2025,14:30,Full,15 min,as,No Fish,,,,,,,,
2025,4/2/2025,14:45,Full,15 min,as,No Fish,,,,,,,,
2025,4/2/2025,15:00,Full,15 min,as,No Fish,,,,,,,,
2025,4/2/2025,15:15,Full,15 min,as,No Fish,,,,,,,,
2025,4/2/2025,15:30,Full,15 min,as,No Fish,,,,,,,,
2025,4/2/2025,15:45,Full,15 min,as,No Fish,,,,,,,,
2025,4/2/2025,16:00,Full,15 min,as,No Fish,,,,,,,,
2025,4/2/2025,16:15,Full,15 min,as,No Fish,,,,,,,,
2025,4/2/2025,16:30,Full,15 min,as,No Fish,,,,,,,,
2025,4/2/2025,16:45,Full,15 min,as,No Fish,,,,,,,,
2025,4/2/2025,17:00,Full,15 min,as,No Fish,,,,,,,,
2025,4/2/2025,17:15,Full,15 min,as,17:24:27,upstream,72.7,3067,7.23,1,,,
2025,4/2/2025,17:30,Full,15 min,as,17:44:12,upstream,72.2,4615,11.88,1,,,
2025,4/2/2025,17:45,Full,15 min,as,No Fish,,,,,,,,
2025,4/2/2025,18:00,Full,15 min,as,No Fish,,,,,,,,
2025,4/2/2025,18:15,Full,15 min,as,No Fish,,,,,,,,
2025,4/2/2025,18:30,Full,15 min,as,No Fish,,,,,,,,
2025,4/2/2025,18:45,Full,15 min,as,No Fish,,,,,,,,
2025,4/2/2025,19:00,Full,15 min,as,No Fish,,,,,,,,
2025,4/2/2025,19:15,Full,15 min,as,No Fish,,,,,,,,
2025,4/2/2025,19:30,Full,15 min,as,No Fish,,,,,,,,
2025,4/2/2025,19:45,Full,15 min,as,No Fish,,,,,,,,
2025,4/2/2025,20:00,Full,15 min,as,No Fish,,,,,,,,
2025,4/2/2025,20:15,Full,15 min,as,No Fish,,,,,,,,
2025,4/2/2025,20:30,Full,15 min,as,20:44:04,upstream,67,4566,15.85,1,,,
2025,4/2/2025,20:30,Full,15 min,as,20:44:08,upstream,63.2,4591,15.29,1,,,
2025,4/2/2025,20:45,Full,15 min,as,20:48:30,downstream,71.6,1128,7.55,1,,,
2025,4/2/2025,20:45,Full,15 min,as,20:48:33,downstream,61.7,1146,8.88,1,,,
2025,4/2/2025,20:45,Full,15 min,as,20:48:26,downstream,70.1,1110,13.35,1,,,
2025,4/2/2025,20:45,Full,15 min,as,20:50:37,upstream,70.8,1813,13.6,1,,,
2025,4/2/2025,20:45,Full,15 min,as,20:57:24,upstream,70.7,4019,7.69,1,,,
2025,4/2/2025,20:45,Full,15 min,as,20:57:32,upstream,54.8,4061,8.06,1,,,
2025,4/2/2025,21:00,Full,15 min,as,,,,,,,,,
2025,4/2/2025,21:15,Full,15 min,as,,,,,,,,,
2025,4/2/2025,21:30,Full,15 min,as,,,,,,,,,
2025,4/2/2025,21:45,Full,15 min,as,,,,,,,,,
2025,4/2/2025,22:00,Full,15 min,as,,,,,,,,,
2025,4/2/2025,22:15,Full,15 min,as,,,,,,,,,
2025,4/2/2025,22:30,Full,15 min,as,,,,,,,,,
2025,4/2/2025,22:45,Full,15 min,as,,,,,,,,,
2025,4/2/2025,23:00,Full,15 min,as,,,,,,,,,
2025,4/2/2025,23:15,Full,15 min,as,,,,,,,,,
2025,4/2/2025,23:30,Full,15 min,as,,,,,,,,,
2025,4/2/2025,23:45,Full,15 min,as,,,,,,,,,
2025,4/6/2025,0:00,Full,15 min,as,No Fish,,,,,,320,,
2025,4/6/2025,0:15,Full,15 min,as,No Fish,,,,,,320,,
2025,4/6/2025,0:30,Full,15 min,as,0:38:34,downstream,75.4,2734,9.66,1,320,,
2025,4/6/2025,0:45,Full,15 min,as,No Fish,,,,,,320,,
2025,4/6/2025,1:00,Full,15 min,as,No Fish,,,,,,320,,
2025,4/6/2025,1:15,Full,15 min,as,No Fish,,,,,,320,,
2025,4/6/2025,1:30,Full,15 min,as,No Fish,,,,,,320,,
2025,4/6/2025,1:45,Full,15 min,as,No Fish,,,,,,320,,
2025,4/6/2025,2:00,Full,15 min,as,2:12:23,upstream,67.5,4018,8.43,1,320,,
2025,4/6/2025,2:15,Full,15 min,as,2:28:35,upstream,64.7,4396,16.1,1,320,,
2025,4/6/2025,2:30,Full,15 min,as,2:42:22,downstream,67,4005,8.91,1,320,,
2025,4/6/2025,2:45,Full,15 min,as,2:46:20,upstream,78.3,429,12.48,1,320,,
2025,4/6/2025,3:00,Full,15 min,as,3:10:15,downstream,68,3314,14.67,1,320,,
2025,4/6/2025,3:15,Full,15 min,as,No Fish,,,,,,320,,
2025,4/6/2025,3:30,Full,15 min,as,No Fish,,,,,,320,,
2025,4/6/2025,3:45,Full,15 min,as,3:54:13,upstream,67.4,2977,9.62,1,320,,
2025,4/6/2025,4:00,Full,15 min,as,No Fish,,,,,,320,,
2025,4/6/2025,4:15,Full,15 min,as,4:28:19,downstream,63.2,4313,13.43,1,320,,
2025,4/6/2025,4:30,Full,15 min,as,No Fish,,,,,,320,,
2025,4/6/2025,4:45,Full,15 min,as,4:49:30,upstream,66.3,1457,10.85,1,320,,
2025,4/6/2025,5:00,Full,15 min,as,No Fish,,,,,,320,,
2025,4/6/2025,5:15,Full,15 min,as,No Fish,,,,,,320,,
2025,4/6/2025,5:30,Full,15 min,as,No Fish,,,,,,320,,
2025,4/6/2025,5:45,Full,15 min,as,5:56:04,upstream,66.7,3591,16.41,1,320,,
2025,4/6/2025,6:00,Full,15 min,as,No Fish,,,,,,320,,
2025,4/6/2025,6:15,Full,15 min,as,6:26:22,downstream,35.3,3681,11.63,1,320,,
2025,4/6/2025,6:30,Full,15 min,as,No Fish,,,,,,320,,
2025,4/6/2025,6:45,Full,15 min,as,No Fish,,,,,,320,,
2025,4/6/2025,7:00,Full,15 min,as,No Fish,,,,,,320,,
2025,4/6/2025,7:15,Full,15 min,as,No Fish,,,,,,320,,
2025,4/6/2025,7:30,Full,15 min,as,No Fish,,,,,,320,,
2025,4/6/2025,7:45,Full,15 min,as,No Fish,,,,,,320,,
2025,4/6/2025,8:00,Full,15 min,as,8:03:46,upstream,67.9,1217,10.09,1,320,,
2025,4/6/2025,8:00,Full,15 min,as,8:03:49,upstream,59.4,1236,10.6,1,320,,
2025,4/6/2025,8:00,Full,15 min,as,8:03:50,upstream,73.1,1241,10.47,1,320,,
2025,4/6/2025,8:15,Full,15 min,as,No Fish,,,,,,320,,
2025,4/6/2025,8:30,Full,15 min,as,No Fish,,,,,,320,,
2025,4/6/2025,8:45,Full,15 min,as,No Fish,,,,,,320,,
2025,4/6/2025,9:00,Full,15 min,as,No Fish,,,,,,320,,
2025,4/6/2025,9:15,Full,15 min,as,No Fish,,,,,,320,,
2025,4/6/2025,9:30,corrupt,,,,,,,,,320,,
2025,4/6/2025,9:45,Full,15 min,as,No Fish,,,,,,320,,
2025,4/6/2025,10:00,Full,15 min,as,No Fish,,,,,,320,,
2025,4/6/2025,10:15,Full,15 min,as,No Fish,,,,,,320,,
2025,4/6/2025,10:30,Full,15 min,as,No Fish,,,,,,320,,
2025,4/6/2025,10:45,Full,15 min,as,No Fish,,,,,,320,,
2025,4/6/2025,11:00,Full,15 min,as,No Fish,,,,,,320,,
2025,4/6/2025,11:15,Full,15 min,as,No Fish,,,,,,320,,
2025,4/6/2025,11:30,Full,15 min,as,No Fish,,,,,,320,,
2025,4/6/2025,11:45,Full,15 min,as,No Fish,,,,,,320,,
2025,4/6/2025,12:00,Full,15 min,as,No Fish,,,,,,320,,
2025,4/6/2025,12:15,Full,15 min,as,No Fish,,,,,,320,,
2025,4/6/2025,12:30,Full,15 min,as,No Fish,,,,,,320,,
2025,4/6/2025,12:45,Full,15 min,as,No Fish,,,,,,320,,
2025,4/6/2025,13:00,Full,15 min,as,No Fish,,,,,,320,,
2025,4/6/2025,13:15,Full,15 min,as,No Fish,,,,,,320,,
2025,4/6/2025,13:30,Full,15 min,as,13:41:10,upstream,69.7,3615,12.64,1,320,,
2025,4/6/2025,13:45,Full,15 min,as,No Fish,,,,,,320,,
2025,4/6/2025,14:00,Full,15 min,as,No Fish,,,,,,320,,
2025,4/6/2025,14:15,Full,15 min,as,No Fish,,,,,,320,,
2025,4/6/2025,14:30,Full,15 min,as,No Fish,,,,,,320,,
2025,4/6/2025,14:45,Full,15 min,as,No Fish,,,,,,320,,
2025,4/6/2025,15:00,Full,15 min,as,No Fish,,,,,,320,,
2025,4/6/2025,15:15,Full,15 min,as,No Fish,,,,,,320,,
2025,4/6/2025,15:30,Full,15 min,as,No Fish,,,,,,320,,
2025,4/6/2025,15:45,Full,15 min,as,No Fish,,,,,,320,,
2025,4/6/2025,16:00,Full,15 min,as,No Fish,,,,,,320,,
2025,4/6/2025,16:15,Full,15 min,as,16:28:36,upstream,40.3,4413,12.31,1,320,,
2025,4/6/2025,16:30,Full,15 min,as,No Fish,,,,,,320,,
2025,4/6/2025,16:45,Full,15 min,as,No Fish,,,,,,320,,
2025,4/6/2025,17:00,Full,15 min,as,No Fish,,,,,,320,,
2025,4/6/2025,17:15,Full,15 min,as,No Fish,,,,,,320,,
2025,4/6/2025,17:30,Full,15 min,as,No Fish,,,,,,320,,
2025,4/6/2025,17:45,Full,15 min,as,No Fish,,,,,,320,,
2025,4/6/2025,18:00,corrupt,,,,,,,,,320,,
2025,4/6/2025,18:15,Full,15 min,as,No Fish,,,,,,320,,
2025,4/6/2025,18:30,Full,15 min,as,No Fish,,,,,,320,,
2025,4/6/2025,18:45,Full,15 min,as,No Fish,,,,,,320,,
2025,4/6/2025,19:00,Full,15 min,as,No Fish,,,,,,320,,
2025,4/6/2025,19:15,Full,15 min,as,No Fish,,,,,,320,,
2025,4/6/2025,19:30,Full,15 min,as,No Fish,,,,,,320,,
2025,4/6/2025,19:45,Full,15 min,as,No Fish,,,,,,320,,
2025,4/6/2025,20:00,Full,15 min,as,No Fish,,,,,,320,,
2025,4/6/2025,20:15,Full,15 min,as,No Fish,,,,,,320,,
2025,4/6/2025,20:30,Full,15 min,as,20:31:38,upstream,64.5,525,10.85,1,320,,
2025,4/6/2025,20:30,Full,15 min,as,20:42:22,upstream,63.3,4016,16.83,1,320,,
2025,4/6/2025,20:45,Full,15 min,as,No Fish,,,,,,320,,
2025,4/6/2025,21:00,Full,15 min,as,21:01:26,downstream,71.7,461,19.64,1,320,,
2025,4/6/2025,21:00,Full,15 min,as,21:05:52,downstream,43.3,1904,10.07,1,320,,
2025,4/6/2025,21:00,Full,15 min,as,21:06:29,downstream,67,2099,11.72,1,320,,
2025,4/6/2025,21:15,Full,15 min,as,No Fish,,,,,,320,,
2025,4/6/2025,21:30,Full,15 min,as,No Fish,,,,,,320,,
2025,4/6/2025,21:45,Full,15 min,as,21:46:01,downstream,45.9,326,6.23,1,320,,
2025,4/6/2025,21:45,Full,15 min,as,21:56:54,upstream,62.2,3861,16.04,1,320,,
2025,4/6/2025,22:00,Full,15 min,as,No Fish,,,,,,320,,
2025,4/6/2025,22:15,Full,15 min,as,No Fish,,,,,,320,,
2025,4/6/2025,22:30,Full,15 min,as,No Fish,,,,,,320,,
2025,4/6/2025,22:45,Full,15 min,as,22:49:15,downstream,66.5,1379,10.63,1,320,,
2025,4/6/2025,22:45,Full,15 min,as,22:49:26,upstream,64.8,1437,16.8,1,320,,
2025,4/6/2025,23:00,Full,15 min,as,No Fish,,,,,,320,,
2025,4/6/2025,23:15,Full,15 min,as,No Fish,,,,,,320,,
2025,4/6/2025,23:30,Full,15 min,as,No Fish,,,,,,320,,
2025,4/6/2025,23:45,Full,15 min,as,No Fish,,,,,,320,,
2025,4/7/2025,0:00,Full,15 min,as,0:02:25,upstream,65.6,779,6.51,1,474,,
2025,4/7/2025,0:00,Full,15 min,as,0:03:34,downstream,66,1155,13.17,1,474,,
2025,4/7/2025,0:00,Full,15 min,as,0:04:07,downstream,66.6,1337,15.97,1,474,,
2025,4/7/2025,0:15,Full,15 min,as,No Fish,,,,,,474,,
2025,4/7/2025,0:30,Full,15 min,as,No Fish,,,,,,474,,
2025,4/7/2025,0:45,Full,15 min,as,No Fish,,,,,,474,,
2025,4/7/2025,1:00,Full,15 min,as,1:07:01,upstream,60.9,2271,17.71,1,474,,
2025,4/7/2025,1:15,Full,15 min,as,No Fish,,,,,,474,,
2025,4/7/2025,1:30,Full,15 min,as,No Fish,,,,,,474,,
2025,4/7/2025,1:45,Full,15 min,as,No Fish,,,,,,474,,
2025,4/7/2025,2:00,Full,15 min,as,No Fish,,,,,,474,,
2025,4/7/2025,2:15,Full,15 min,as,2:20:25,upstream,66.6,1754,14.21,1,474,,
2025,4/7/2025,2:30,Full,15 min,as,No Fish,,,,,,474,,
2025,4/7/2025,2:45,Full,15 min,as,2:47:02,downstream,69.9,651,11.62,1,474,,
2025,4/7/2025,3:00,Full,15 min,as,No Fish,,,,,,474,,
2025,4/7/2025,3:15,Full,15 min,as,No Fish,,,,,,474,,
2025,4/7/2025,3:30,Full,15 min,as,No Fish,,,,,,474,,
2025,4/7/2025,3:45,Full,15 min,as,No Fish,,,,,,474,,
2025,4/7/2025,4:00,Full,15 min,as,4:11:09,downstream,68.2,3599,8.99,1,474,,
2025,4/7/2025,4:15,Full,15 min,as,No Fish,,,,,,474,,
2025,4/7/2025,4:30,Full,15 min,as,No Fish,,,,,,474,,
2025,4/7/2025,4:45,Full,15 min,as,No Fish,,,,,,474,,
2025,4/7/2025,5:00,Full,15 min,as,No Fish,,,,,,474,,
2025,4/7/2025,5:15,Full,15 min,as,No Fish,,,,,,474,,
2025,4/7/2025,5:30,Full,15 min,as,No Fish,,,,,,474,,
2025,4/7/2025,5:45,Full,15 min,as,No Fish,,,,,,474,,
2025,4/7/2025,6:00,Full,15 min,as,No Fish,,,,,,474,,
2025,4/7/2025,6:15,Full,15 min,as,No Fish,,,,,,474,,
2025,4/7/2025,6:30,Full,15 min,as,No Fish,,,,,,474,,
2025,4/7/2025,6:45,Full,15 min,as,No Fish,,,,,,474,,
2025,4/7/2025,7:00,Full,15 min,as,No Fish,,,,,,474,,
2025,4/7/2025,7:15,Full,15 min,as,No Fish,,,,,,474,,
2025,4/7/2025,7:30,Full,15 min,as,No Fish,,,,,,474,,
2025,4/7/2025,7:45,Full,15 min,as,No Fish,,,,,,474,,
2025,4/7/2025,8:00,Full,15 min,as,No Fish,,,,,,474,,
2025,4/7/2025,8:15,Full,15 min,as,No Fish,,,,,,474,,
2025,4/7/2025,8:30,Full,15 min,as,No Fish,,,,,,474,,
2025,4/7/2025,8:45,Full,15 min,as,No Fish,,,,,,474,,
2025,4/7/2025,9:00,Full,15 min,as,No Fish,,,,,,474,,
2025,4/7/2025,9:15,Full,15 min,as,No Fish,,,,,,474,,
2025,4/7/2025,9:30,Full,15 min,as,No Fish,,,,,,474,,
2025,4/7/2025,9:45,Full,15 min,as,No Fish,,,,,,474,,
2025,4/7/2025,10:00,Full,15 min,as,No Fish,,,,,,474,,
2025,4/7/2025,10:15,Full,15 min,as,No Fish,,,,,,474,,
2025,4/7/2025,10:30,Full,15 min,as,No Fish,,,,,,474,,
2025,4/7/2025,10:45,Full,15 min,as,No Fish,,,,,,474,,
2025,4/7/2025,11:00,Full,15 min,as,No Fish,,,,,,474,,
2025,4/7/2025,11:15,Full,15 min,as,No Fish,,,,,,474,,
2025,4/7/2025,11:30,Full,15 min,as,No Fish,,,,,,474,,
2025,4/7/2025,11:45,Full,15 min,as,No Fish,,,,,,474,,
2025,4/7/2025,12:00,Full,15 min,as,No Fish,,,,,,474,,
2025,4/7/2025,12:15,Full,15 min,as,No Fish,,,,,,474,,
2025,4/7/2025,12:30,Full,15 min,as,No Fish,,,,,,474,,
2025,4/7/2025,12:45,Full,15 min,as,No Fish,,,,,,474,,
2025,4/7/2025,13:00,Full,15 min,as,No Fish,,,,,,474,,
2025,4/7/2025,13:15,Full,15 min,as,No Fish,,,,,,474,,
2025,4/7/2025,13:30,Full,15 min,as,No Fish,,,,,,474,,
2025,4/7/2025,13:45,Full,15 min,as,No Fish,,,,,,474,,
2025,4/7/2025,14:00,Full,15 min,as,14:13:45,downstream,38.6,4447,6.47,1,474,,
2025,4/7/2025,14:15,Full,15 min,as,No Fish,,,,,,474,,
2025,4/7/2025,14:30,Full,15 min,as,No Fish,,,,,,474,,
2025,4/7/2025,14:45,Full,15 min,as,No Fish,,,,,,474,,
2025,4/7/2025,15:00,Full,15 min,as,No Fish,,,,,,474,,
2025,4/7/2025,15:15,Full,15 min,as,No Fish,,,,,,474,,
2025,4/7/2025,15:30,Full,15 min,as,No Fish,,,,,,474,,
2025,4/7/2025,15:45,Full,15 min,as,No Fish,,,,,,474,,
2025,4/7/2025,16:00,Full,15 min,as,No Fish,,,,,,474,,
2025,4/7/2025,16:15,No Data,No Data,as,No Data,,,,,,474,,
2025,4/7/2025,16:30,No Data,No Data,as,No Data,,,,,,474,,
2025,4/7/2025,16:45,No Data,No Data,as,No Data,,,,,,474,,
2025,4/7/2025,17:00,No Data,No Data,as,No Data,,,,,,474,,
2025,4/7/2025,17:15,No Data,No Data,as,No Data,,,,,,474,,
2025,4/7/2025,17:30,partial,17:33 to 17:45,as,No Fish,,,,,,474,,
2025,4/7/2025,17:45,Full,15 min,as,No Fish,,,,,,474,,
2025,4/7/2025,18:00,Full,15 min,as,No Fish,,,,,,474,,
2025,4/7/2025,18:15,Full,15 min,as,No Fish,,,,,,474,,
2025,4/7/2025,18:30,Full,15 min,as,No Fish,,,,,,474,,
2025,4/7/2025,18:45,Full,15 min,as,No Fish,,,,,,474,,
2025,4/7/2025,19:00,Full,15 min,as,19:13:18,upstream,65,4301,14.06,1,474,,
2025,4/7/2025,19:15,Full,15 min,as,No Fish,,,,,,474,,
2025,4/7/2025,19:30,Full,15 min,as,No Fish,,,,,,474,,
2025,4/7/2025,19:45,Full,15 min,as,No Fish,,,,,,474,,
2025,4/7/2025,20:00,Full,15 min,as,No Fish,,,,,,474,,
2025,4/7/2025,20:15,Full,15 min,as,20:20:27,downstream,67.3,1759,11.44,1,474,,
2025,4/7/2025,20:30,Full,15 min,as,No Fish,,,,,,474,,
2025,4/7/2025,20:45,Full,15 min,as,No Fish,,,,,,474,,
2025,4/7/2025,21:00,Full,15 min,as,No Fish,,,,,,474,,
2025,4/7/2025,21:15,Full,15 min,as,No Fish,,,,,,474,,
2025,4/7/2025,21:30,Full,15 min,as,No Fish,,,,,,474,,
2025,4/7/2025,21:45,Full,15 min,as,No Fish,,,,,,474,,
2025,4/7/2025,22:00,Full,15 min,as,No Fish,,,,,,474,,
2025,4/7/2025,22:15,Full,15 min,as,No Fish,,,,,,474,,
2025,4/7/2025,22:30,Full,15 min,as,No Fish,,,,,,474,,
2025,4/7/2025,22:45,Full,15 min,as,No Fish,,,,,,474,,
2025,4/7/2025,23:00,Full,15 min,as,No Fish,,,,,,474,,
2025,4/7/2025,23:15,Full,15 min,as,No Fish,,,,,,474,,
2025,4/7/2025,23:30,Full,15 min,as,No Fish,,,,,,474,,
2025,4/7/2025,23:45,Full,15 min,as,23:50:13,upstream,51.1,1691,7.17,1,474,,
2025,4/7/2025,23:45,Full,15 min,as,23:56:45,upstream,68.2,3803,10.4,1,474,,
2025,4/8/2025,0:00,Full,15 min,as,No Fish,,,,,,455,,
2025,4/8/2025,0:15,Full,15 min,as,No Fish,,,,,,455,,
2025,4/8/2025,0:30,Full,15 min,as,No Fish,,,,,,455,,
2025,4/8/2025,0:45,Full,15 min,as,No Fish,,,,,,455,,
2025,4/8/2025,1:00,Full,15 min,as,No Fish,,,,,,455,,
2025,4/8/2025,1:15,Full,15 min,as,No Fish,,,,,,455,,
2025,4/8/2025,1:30,Full,15 min,as,No Fish,,,,,,455,,
2025,4/8/2025,1:45,Full,15 min,as,No Fish,,,,,,455,,
2025,4/8/2025,2:00,Full,15 min,as,No Fish,,,,,,455,,
2025,4/8/2025,2:15,Full,15 min,as,No Fish,,,,,,455,,
2025,4/8/2025,2:30,Full,15 min,as,No Fish,,,,,,455,,
2025,4/8/2025,2:45,Full,15 min,as,No Fish,,,,,,455,,
2025,4/8/2025,3:00,Full,15 min,as,No Fish,,,,,,455,,
2025,4/8/2025,3:15,Full,15 min,as,No Fish,,,,,,455,,
2025,4/8/2025,3:30,Full,15 min,as,No Fish,,,,,,455,,
2025,4/8/2025,3:45,Full,15 min,as,No Fish,,,,,,455,,
2025,4/8/2025,4:00,Full,15 min,as,4:14:35,upstream,70.1,4717,14.61,1,455,,
2025,4/8/2025,4:15,Full,15 min,as,No Fish,,,,,,455,,
2025,4/8/2025,4:30,Full,15 min,as,4:38:30,downstream,66.5,2738,19.74,1,455,,
2025,4/8/2025,4:45,Full,15 min,as,No Fish,,,,,,455,,
2025,4/8/2025,5:00,Full,15 min,as,No Fish,,,,,,455,,
2025,4/8/2025,5:15,Full,15 min,as,No Fish,,,,,,455,,
2025,4/8/2025,5:30,Full,15 min,as,No Fish,,,,,,455,,
2025,4/8/2025,5:45,Full,15 min,as,No Fish,,,,,,455,,
2025,4/8/2025,6:00,Full,15 min,as,No Fish,,,,,,455,,
2025,4/8/2025,6:15,Full,15 min,as,No Fish,,,,,,455,,
2025,4/8/2025,6:30,Full,15 min,as,No Fish,,,,,,455,,
2025,4/8/2025,6:45,Full,15 min,as,No Fish,,,,,,455,,
2025,4/8/2025,7:00,Full,15 min,as,No Fish,,,,,,455,,
2025,4/8/2025,7:15,Full,15 min,as,No Fish,,,,,,455,,
2025,4/8/2025,7:30,Full,15 min,as,No Fish,,,,,,455,,
2025,4/8/2025,7:45,Full,15 min,as,No Fish,,,,,,455,,
2025,4/8/2025,8:00,Full,15 min,as,No Fish,,,,,,455,,
2025,4/8/2025,8:15,Full,15 min,as,No Fish,,,,,,455,,
2025,4/8/2025,8:30,Full,15 min,as,No Fish,,,,,,455,,
2025,4/8/2025,8:45,Full,15 min,as,No Fish,,,,,,455,,
2025,4/8/2025,9:00,Full,15 min,as,No Fish,,,,,,455,,
2025,4/8/2025,9:15,Full,15 min,as,No Fish,,,,,,455,,
2025,4/8/2025,9:30,Full,15 min,as,No Fish,,,,,,455,,
2025,4/8/2025,9:45,Full,15 min,as,No Fish,,,,,,455,,
2025,4/8/2025,10:00,Full,15 min,as,10:02:32,downstream,55,792,9.91,1,455,,
2025,4/8/2025,10:15,Full,15 min,as,No Fish,,,,,,455,,
2025,4/8/2025,10:30,Full,15 min,as,No Fish,,,,,,455,,
2025,4/8/2025,10:45,Full,15 min,as,No Fish,,,,,,455,,
2025,4/8/2025,11:00,Full,15 min,as,No Fish,,,,,,455,,
2025,4/8/2025,11:15,Full,15 min,as,No Fish,,,,,,455,,
2025,4/8/2025,11:30,Full,15 min,as,No Fish,,,,,,455,,
2025,4/8/2025,11:45,Full,15 min,as,No Fish,,,,,,455,,
2025,4/8/2025,12:00,Full,15 min,as,No Fish,,,,,,455,,
2025,4/8/2025,12:15,Full,15 min,as,No Fish,,,,,,455,,
2025,4/8/2025,12:30,Full,15 min,as,No Fish,,,,,,455,,
2025,4/8/2025,12:45,Full,15 min,as,No Fish,,,,,,455,,
2025,4/8/2025,13:00,Full,15 min,as,No Fish,,,,,,455,,
2025,4/8/2025,13:15,Full,15 min,as,No Fish,,,,,,455,,
2025,4/8/2025,13:30,Full,15 min,as,No Fish,,,,,,455,,
2025,4/8/2025,13:45,Full,15 min,as,No Fish,,,,,,455,,
2025,4/8/2025,14:00,Full,15 min,as,No Fish,,,,,,455,,
2025,4/8/2025,14:15,Full,15 min,as,No Fish,,,,,,455,,
2025,4/8/2025,14:30,Full,15 min,as,No Fish,,,,,,455,,
2025,4/8/2025,14:45,Full,15 min,as,No Fish,,,,,,455,,
2025,4/8/2025,15:00,Full,15 min,as,No Fish,,,,,,455,,
2025,4/8/2025,15:15,Full,15 min,as,No Fish,,,,,,455,,
2025,4/8/2025,15:30,Full,15 min,as,No Fish,,,,,,455,,
2025,4/8/2025,15:45,Full,15 min,as,No Fish,,,,,,455,,
2025,4/8/2025,16:00,Full,15 min,as,No Fish,,,,,,455,,
2025,4/8/2025,16:15,Full,15 min,as,No Fish,,,,,,455,,
2025,4/8/2025,16:30,Full,15 min,as,No Fish,,,,,,455,,
2025,4/8/2025,16:45,Full,15 min,as,No Fish,,,,,,455,,
2025,4/8/2025,17:00,Full,15 min,as,No Fish,,,,,,455,,
2025,4/8/2025,17:15,Full,15 min,as,17:22:57,upstream,45,2571,10.21,1,455,,
2025,4/8/2025,17:30,Full,15 min,as,17:43:08,downstream,64.2,4232,10.54,1,455,,
2025,4/8/2025,17:45,Full,15 min,as,No Fish,,,,,,455,,
2025,4/8/2025,18:00,Full,15 min,as,No Fish,,,,,,455,,
2025,4/8/2025,18:15,corrupt file,,,,,,,,,455,,
2025,4/8/2025,18:30,Full,15 min,as,No Fish,,,,,,455,,
2025,4/8/2025,18:45,Full,15 min,as,No Fish,,,,,,455,,
2025,4/8/2025,19:00,Full,15 min,as,No Fish,,,,,,455,,
2025,4/8/2025,19:15,Full,15 min,as,No Fish,,,,,,455,,
2025,4/8/2025,19:30,Full,15 min,as,No Fish,,,,,,455,,
2025,4/8/2025,19:45,Full,15 min,as,No Fish,,,,,,455,,
2025,4/8/2025,20:00,Full,15 min,as,No Fish,,,,,,455,,
2025,4/8/2025,20:15,Full,15 min,as,No Fish,,,,,,455,,
2025,4/8/2025,20:30,Full,15 min,as,20:36:32,downstream,74.2,2099,7.31,1,455,,
2025,4/8/2025,20:45,Full,15 min,as,No Fish,,,,,,455,,
2025,4/8/2025,21:00,Full,15 min,as,No Fish,,,,,,455,,
2025,4/8/2025,21:15,Full,15 min,as,21:16:12,downstream,72.7,379,8.3,1,455,,
2025,4/8/2025,21:15,Full,15 min,as,21:16:46,downstream,71,562,18.73,1,455,,
2025,4/8/2025,21:15,Full,15 min,as,21:16:48,downstream,70.5,573,17.78,1,455,,
2025,4/8/2025,21:15,Full,15 min,as,21:22:28,upstream,71.3,2399,8.29,1,455,,
2025,4/8/2025,21:30,Full,15 min,as,No Fish,,,,,,455,,
2025,4/8/2025,21:45,Full,15 min,as,No Fish,,,,,,455,,
2025,4/8/2025,22:00,Full,15 min,as,No Fish,,,,,,455,,
2025,4/8/2025,22:15,Full,15 min,as,No Fish,,,,,,455,,
2025,4/8/2025,22:30,Full,15 min,as,22:32:39,upstream,67.5,853,11.01,1,455,,
2025,4/8/2025,22:45,Full,15 min,as,No Fish,,,,,,455,,
2025,4/8/2025,23:00,Full,15 min,as,No Fish,,,,,,455,,
2025,4/8/2025,23:15,Full,15 min,as,23:22:19,downstream,83.4,2362,10.48,1,455,,
2025,4/8/2025,23:30,Full,15 min,as,No Fish,,,,,,455,,
2025,4/8/2025,23:45,Full,15 min,as,No Fish,,,,,,455,,
,4/11/2025,0:00,Full,15 min,as,No Fish,,,,,,,,
,4/11/2025,0:15,Full,15 min,as,0:25:03,downstream,41.9,3224,6.77,1,,,
,4/11/2025,0:30,Full,15 min,as,No Fish,,,,,,,,
,4/11/2025,0:45,Full,15 min,as,No Fish,,,,,,,,
,4/11/2025,1:00,Full,15 min,as,No Fish,,,,,,,,
,4/11/2025,1:15,Full,15 min,as,No Fish,,,,,,,,
,4/11/2025,1:30,Full,15 min,as,No Fish,,,,,,,,
,4/11/2025,1:45,Full,15 min,as,No Fish,,,,,,,,
,4/11/2025,2:00,Full,15 min,as,2:09:09,upstream,65.6,2931,6,1,,,
,4/11/2025,2:15,Full,15 min,as,No Fish,,,,,,,,
,4/11/2025,2:30,Full,15 min,as,2:40:02,downstream,47.9,3223,16.16,1,,,
,4/11/2025,2:45,Full,15 min,as,No Fish,,,,,,,,
,4/11/2025,3:00,Full,15 min,as,No Fish,,,,,,,,
,4/11/2025,3:15,Full,15 min,as,No Fish,,,,,,,,
,4/11/2025,3:30,Full,15 min,as,No Fish,,,,,,,,
,4/11/2025,3:45,Full,15 min,as,No Fish,,,,,,,,
,4/11/2025,4:00,Full,15 min,as,No Fish,,,,,,,,
,4/11/2025,4:15,Full,15 min,as,No Fish,,,,,,,,
,4/11/2025,4:30,Full,15 min,as,No Fish,,,,,,,,
,4/11/2025,4:45,Full,15 min,as,No Fish,,,,,,,,
,4/11/2025,5:00,Full,15 min,as,No Fish,,,,,,,,
,4/11/2025,5:15,Full,15 min,as,5:23:31,upstream,68.9,2730,14.19,1,,,
,4/11/2025,5:30,Full,15 min,as,No Fish,,,,,,,,
,4/11/2025,5:45,Full,15 min,as,No Fish,,,,,,,,
,4/11/2025,6:00,Full,15 min,as,No Fish,,,,,,,,
,4/11/2025,6:15,Full,15 min,as,No Fish,,,,,,,,
,4/11/2025,6:30,Full,15 min,as,No Fish,,,,,,,,
,4/11/2025,6:45,Full,15 min,as,No Fish,,,,,,,,
,4/11/2025,7:00,Full,15 min,as,7:13:22,upstream,64.2,4277,7.49,1,,,
,4/11/2025,7:15,Full,15 min,as,No Fish,,,,,,,,
,4/11/2025,7:30,Full,15 min,as,No Fish,,,,,,,,
,4/11/2025,7:45,Full,15 min,as,7:57:54,upstream,62,4137,14.58,1,,,
,4/11/2025,8:00,Full,15 min,as,No Fish,,,,,,,,
,4/11/2025,8:15,Full,15 min,as,No Fish,,,,,,,,
,4/11/2025,8:30,Full,15 min,as,No Fish,,,,,,,,
,4/11/2025,8:45,Full,15 min,as,No Fish,,,,,,,,
,4/11/2025,9:00,Full,15 min,as,No Fish,,,,,,,,
,4/11/2025,9:15,Full,15 min,as,No Fish,,,,,,,,
,4/11/2025,9:30,Full,15 min,as,No Fish,,,,,,,,
,4/11/2025,9:45,Full,15 min,as,No Fish,,,,,,,,
,4/11/2025,10:00,Full,15 min,as,No Fish,,,,,,,,
,4/11/2025,10:15,Full,15 min,as,No Fish,,,,,,,,
,4/11/2025,10:30,Full,15 min,as,No Fish,,,,,,,,
,4/11/2025,10:45,Full,15 min,as,No Fish,,,,,,,,
,4/11/2025,11:00,Full,15 min,as,No Fish,,,,,,,,
,4/11/2025,11:15,Full,15 min,as,No Fish,,,,,,,,
,4/11/2025,11:30,Full,15 min,as,No Fish,,,,,,,,
,4/11/2025,11:45,Full,15 min,as,No Fish,,,,,,,,
,4/11/2025,12:00,Full,15 min,as,No Fish,,,,,,,,
,4/11/2025,12:15,Full,15 min,as,No Fish,,,,,,,,
,4/11/2025,12:30,Full,15 min,as,No Fish,,,,,,,,
,4/11/2025,12:45,Full,15 min,as,No Fish,,,,,,,,
,4/11/2025,13:00,Full,15 min,as,No Fish,,,,,,,,
,4/11/2025,13:15,Full,15 min,as,13:18:33,upstream,67.8,1144,8.74,1,,,
,4/11/2025,13:30,Full,15 min,as,No Fish,,,,,,,,
,4/11/2025,13:45,Full,15 min,as,No Fish,,,,,,,,
,4/11/2025,14:00,Full,15 min,as,No Fish,,,,,,,,
,4/11/2025,14:15,Full,15 min,as,No Fish,,,,,,,,
,4/11/2025,14:30,Full,15 min,as,No Fish,,,,,,,,
,4/11/2025,14:45,Full,15 min,as,No Fish,,,,,,,,
,4/11/2025,15:00,Full,15 min,as,15:10:18,upstream,62.6,3235,5.2,1,,,
,4/11/2025,15:15,Full,15 min,as,No Fish,,,,,,,,
,4/11/2025,15:30,Full,15 min,as,15:31:43,upstream,69,519,11.45,1,,,
,4/11/2025,15:30,Full,15 min,as,15:31:43,upstream,71.3,517,11.04,1,,,
,4/11/2025,15:45,Full,15 min,as,No Fish,,,,,,,,
,4/11/2025,16:00,Full,15 min,as,No Fish,,,,,,,,
,4/11/2025,16:15,Full,15 min,as,No Fish,,,,,,,,
,4/11/2025,16:30,Full,15 min,as,No Fish,,,,,,,,
,4/11/2025,16:45,Full,15 min,as,No Fish,,,,,,,,
,4/11/2025,17:00,Full,15 min,as,No Fish,,,,,,,,
,4/11/2025,17:15,Full,15 min,as,No Fish,,,,,,,,
,4/11/2025,17:30,Full,15 min,as,No Fish,,,,,,,,
,4/11/2025,17:45,Full,15 min,as,17:47:28,upstream,37.4,778,9.17,1,,,
,4/11/2025,18:00,Full,15 min,as,No Fish,,,,,,,,
,4/11/2025,18:15,Full,15 min,as,No Fish,,,,,,,,
,4/11/2025,18:30,Full,15 min,as,No Fish,,,,,,,,
,4/11/2025,18:45,Full,15 min,as,No Fish,,,,,,,,
,4/11/2025,19:00,Full,15 min,as,No Fish,,,,,,,,
,4/11/2025,19:15,Full,15 min,as,No Fish,,,,,,,,
,4/11/2025,19:30,Full,15 min,as,No Fish,,,,,,,,
,4/11/2025,19:45,Full,15 min,as,No Fish,,,,,,,,
,4/11/2025,20:00,Full,15 min,as,20:00:11,upstream,51.6,53,6.84,1,,,
,4/11/2025,20:00,Full,15 min,as,20:03:02,upstream,49.9,962,6.42,1,,,
,4/11/2025,20:15,Full,15 min,as,No Fish,,,,,,,,
,4/11/2025,20:30,Full,15 min,as,No Fish,,,,,,,,
,4/11/2025,20:45,Full,15 min,as,20:53:59,upstream,45.4,2837,18.16,1,,,
,4/11/2025,21:00,Full,15 min,as,21:02:30,upstream,58.2,790,7.96,1,,,
,4/11/2025,21:15,Full,15 min,as,No Fish,,,,,,,beavers and otters,
,4/11/2025,21:30,Full,15 min,as,No Fish,,,,,,,,
,4/11/2025,21:45,Full,15 min,as,No Fish,,,,,,,,
,4/11/2025,22:00,Full,15 min,as,No Fish,,,,,,,,
,4/11/2025,22:15,Full,15 min,as,22:21:10,upstream,62.3,1968,3.23,1,,,
,4/11/2025,22:30,Full,15 min,as,No Fish,,,,,,,,
,4/11/2025,22:45,Full,15 min,as,No Fish,,,,,,,,
,4/11/2025,23:00,Full,15 min,as,No Fish,,,,,,,,
,4/11/2025,23:15,Full,15 min,as,No Fish,,,,,,,,
,4/11/2025,23:30,Full,15 min,as,No Fish,,,,,,,,
,4/11/2025,23:45,Full,15 min,as,No Fish,,,,,,,,
,4/12/2025,0:00,Full,15 min,as,No Fish,,,,,,,,
,4/12/2025,0:15,Full,15 min,as,No Fish,,,,,,,,
,4/12/2025,0:30,Full,15 min,as,No Fish,,,,,,,,
,4/12/2025,0:45,Full,15 min,as,0:52:10,upstream,60.1,2294,5.5,1,,,
,4/12/2025,1:00,Full,15 min,as,No Fish,,,,,,,,
,4/12/2025,1:15,Full,15 min,as,No Fish,,,,,,,,
,4/12/2025,1:30,Full,15 min,as,No Fish,,,,,,,,
,4/12/2025,1:45,Full,15 min,as,No Fish,,,,,,,,
,4/12/2025,2:00,Full,15 min,as,No Fish,,,,,,,,
,4/12/2025,2:15,Full,15 min,as,No Fish,,,,,,,,
,4/12/2025,2:30,Full,15 min,as,No Fish,,,,,,,,
,4/12/2025,2:45,Full,15 min,as,No Fish,,,,,,,,
,4/12/2025,3:00,Full,15 min,as,No Fish,,,,,,,,
,4/12/2025,3:15,Full,15 min,as,No Fish,,,,,,,,
,4/12/2025,3:30,Full,15 min,as,No Fish,,,,,,,,
,4/12/2025,3:45,Full,15 min,as,No Fish,,,,,,,,
,4/12/2025,4:00,Full,15 min,as,No Fish,,,,,,,,
,4/12/2025,4:15,Full,15 min,as,4:24:38,downstream,59.7,3076,13.08,1,,,
,4/12/2025,4:30,Full,15 min,as,4:34:00,upstream,70.4,1279,12.64,1,,,
,4/12/2025,4:45,Full,15 min,as,4:45:48,upstream,49.2,247,6.12,1,,,
,4/12/2025,5:00,Full,15 min,as,No Fish,,,,,,,,
,4/12/2025,5:15,Full,15 min,as,No Fish,,,,,,,,
,4/12/2025,5:30,Full,15 min,as,No Fish,,,,,,,,
,4/12/2025,5:45,Full,15 min,as,No Fish,,,,,,,,
,4/12/2025,6:00,Full,15 min,as,6:03:06,downstream,42,,,,,,
,4/12/2025,6:15,Full,15 min,as,No Fish,,,,,,,,
,4/12/2025,6:30,Full,15 min,as,No Fish,,,,,,,,
,4/12/2025,6:45,Full,15 min,as,No Fish,,,,,,,,
,4/12/2025,7:00,Full,15 min,as,No Fish,,,,,,,,
,4/12/2025,7:15,Full,15 min,as,No Fish,,,,,,,,
,4/12/2025,7:30,Full,15 min,as,No Fish,,,,,,,,
,4/12/2025,7:45,Full,15 min,as,No Fish,,,,,,,,
,4/12/2025,8:00,Full,15 min,as,No Fish,,,,,,,,
,4/12/2025,8:15,Full,15 min,as,8:23:04,upstream,68.9,2582,9.55,1,,,
,4/12/2025,8:30,Full,15 min,as,No Fish,,,,,,,,
,4/12/2025,8:45,Full,15 min,as,No Fish,,,,,,,,
,4/12/2025,9:00,Full,15 min,as,No Fish,,,,,,,,
,4/12/2025,9:15,Full,15 min,as,No Fish,,,,,,,,
,4/12/2025,9:30,Full,15 min,as,No Fish,,,,,,,,
,4/12/2025,9:45,Full,15 min,as,No Fish,,,,,,,,
,4/12/2025,10:00,Full,15 min,as,No Fish,,,,,,,,
,4/12/2025,10:15,Full,15 min,as,No Fish,,,,,,,,
,4/12/2025,10:30,Full,15 min,as,No Fish,,,,,,,,
,4/12/2025,10:45,Full,15 min,as,No Fish,,,,,,,,
,4/12/2025,11:00,Full,15 min,as,No Fish,,,,,,,,
,4/12/2025,11:15,Full,15 min,as,No Fish,,,,,,,,
,4/12/2025,11:30,Full,15 min,as,No Fish,,,,,,,,
,4/12/2025,11:45,Full,15 min,as,No Fish,,,,,,,,
,4/12/2025,12:00,Full,15 min,as,No Fish,,,,,,,,
,4/12/2025,12:15,Full,15 min,as,No Fish,,,,,,,,
,4/12/2025,12:30,Full,15 min,as,No Fish,,,,,,,,
,4/12/2025,12:45,Full,15 min,as,No Fish,,,,,,,,
,4/12/2025,13:00,Full,15 min,as,No Fish,,,,,,,,
,4/12/2025,13:15,Full,15 min,as,No Fish,,,,,,,,
,4/12/2025,13:30,Full,15 min,as,No Fish,,,,,,,,
,4/12/2025,13:45,Full,15 min,as,No Fish,,,,,,,,
,4/12/2025,14:00,Full,15 min,as,No Fish,,,,,,,,
,4/12/2025,14:15,Full,15 min,as,No Fish,,,,,,,,
,4/12/2025,14:30,Full,15 min,as,No Fish,,,,,,,,
,4/12/2025,14:45,Full,15 min,as,No Fish,,,,,,,,
,4/12/2025,15:00,Full,15 min,as,No Fish,,,,,,,,
,4/12/2025,15:15,Full,15 min,as,No Fish,,,,,,,,
,4/12/2025,15:30,Full,15 min,as,No Fish,,,,,,,,
,4/12/2025,15:45,Full,15 min,as,No Fish,,,,,,,,
,4/12/2025,16:00,Full,15 min,as,No Fish,,,,,,,,
,4/12/2025,16:15,Full,15 min,as,No Fish,,,,,,,,
,4/12/2025,16:30,Full,15 min,as,No Fish,,,,,,,,
,4/12/2025,16:45,Full,15 min,as,No Fish,,,,,,,,
,4/12/2025,17:00,Full,15 min,as,17:03:36,upstream,37.4,1155,6.6,1,,,
,4/12/2025,17:15,Full,15 min,as,17:22:31,upstream,65.5,2399,13.51,1,,,
,4/12/2025,17:30,Full,15 min,as,No Fish,,,,,,,,
,4/12/2025,17:45,Full,15 min,as,No Fish,,,,,,,,
,4/12/2025,18:00,Full,15 min,as,No Fish,,,,,,,,
,4/12/2025,18:15,Full,15 min,as,No Fish,,,,,,,,
,4/12/2025,18:30,Full,15 min,as,No Fish,,,,,,,,
,4/12/2025,18:45,Full,15 min,as,No Fish,,,,,,,,
,4/12/2025,19:00,Full,15 min,as,No Fish,,,,,,,,
,4/12/2025,19:15,Full,15 min,as,No Fish,,,,,,,,
,4/12/2025,19:30,Full,15 min,as,No Fish,,,,,,,,
,4/12/2025,19:45,Full,15 min,as,19:45:19,upstream,61.5,92,3.39,1,,,
,4/12/2025,20:00,Full,15 min,as,No Fish,,,,,,,,
,4/12/2025,20:15,Full,15 min,as,20:21:16,downstream,57,2008,8.78,1,,,
,4/12/2025,20:30,Full,15 min,as,20:38:52,upstream,45.5,2828,14.53,1,,,
,4/12/2025,20:45,Full,15 min,as,No Fish,,,,,,,,
,4/12/2025,21:00,Full,15 min,as,No Fish,,,,,,,,
,4/12/2025,21:15,Full,15 min,as,No Fish,,,,,,,,
,4/12/2025,21:30,Full,15 min,as,No Fish,,,,,,,,
,4/12/2025,21:45,Full,15 min,as,No Fish,,,,,,,,
,4/12/2025,22:00,Full,15 min,as,22:00:02,upstream,83.3,10,14.12,1,,,
,4/12/2025,22:15,Full,15 min,as,No Fish,,,,,,,,
,4/12/2025,22:30,Full,15 min,as,No Fish,,,,,,,,
,4/12/2025,22:45,Full,15 min,as,No Fish,,,,,,,,
,4/12/2025,23:00,Full,15 min,as,No Fish,,,,,,,,
,4/12/2025,23:15,Full,15 min,as,No Fish,,,,,,,,
,4/12/2025,23:30,Full,15 min,as,No Fish,,,,,,,,
,4/12/2025,23:45,Full,15 min,as,No Fish,,,,,,,,
2025,4/16/2025,0:00,Full,15 min,as,No Fish,,,,,,386,,
2025,4/16/2025,0:15,Full,15 min,as,No Fish,,,,,,386,,
2025,4/16/2025,0:30,Full,15 min,as,0:43:18,upstream,67,4186,4.06,1,386,,
2025,4/16/2025,0:45,Full,15 min,as,No Fish,,,,,,386,,
2025,4/16/2025,1:00,Full,15 min,as,No Fish,,,,,,386,,
2025,4/16/2025,1:15,Full,15 min,as,1:22:27,upstream,66.6,2325,7.61,1,386,,
2025,4/16/2025,1:30,Full,15 min,as,No Fish,,,,,,386,,
2025,4/16/2025,1:45,Full,15 min,as,No Fish,,,,,,386,,
2025,4/16/2025,2:00,Full,15 min,as,No Fish,,,,,,386,,
2025,4/16/2025,2:15,Full,15 min,as,No Fish,,,,,,386,,
2025,4/16/2025,2:30,Full,15 min,as,No Fish,,,,,,386,,
2025,4/16/2025,2:45,Full,15 min,as,No Fish,,,,,,386,,
2025,4/16/2025,3:00,Full,15 min,as,No Fish,,,,,,386,,
2025,4/16/2025,3:15,Full,15 min,as,No Fish,,,,,,386,,
2025,4/16/2025,3:30,Full,15 min,as,3:37:47,upstream,48.7,2436,17.89,1,386,,
2025,4/16/2025,3:45,Full,15 min,as,No Fish,,,,,,386,,
2025,4/16/2025,4:00,Full,15 min,as,No Fish,,,,,,386,,
2025,4/16/2025,4:15,Full,15 min,as,No Fish,,,,,,386,,
2025,4/16/2025,4:30,Full,15 min,as,4:36:59,downstream,70.3,2179,11.3,1,386,,
2025,4/16/2025,4:45,Full,15 min,as,No Fish,,,,,,386,,
2025,4/16/2025,5:00,Full,15 min,as,No Fish,,,,,,386,,
2025,4/16/2025,5:15,Full,15 min,as,No Fish,,,,,,386,,
2025,4/16/2025,5:30,Full,15 min,as,No Fish,,,,,,386,,
2025,4/16/2025,5:45,Full,15 min,as,No Fish,,,,,,386,,
2025,4/16/2025,6:00,Full,15 min,as,No Fish,,,,,,386,,
2025,4/16/2025,6:15,Full,15 min,as,No Fish,,,,,,386,,
2025,4/16/2025,6:30,Full,15 min,as,No Fish,,,,,,386,,
2025,4/16/2025,6:45,Full,15 min,as,No Fish,,,,,,386,,
2025,4/16/2025,7:00,Full,15 min,as,No Fish,,,,,,386,,
2025,4/16/2025,7:15,Full,15 min,as,No Fish,,,,,,386,,
2025,4/16/2025,7:30,Full,15 min,as,No Fish,,,,,,386,,
2025,4/16/2025,7:45,Full,15 min,as,No Fish,,,,,,386,,
2025,4/16/2025,8:00,Full,15 min,as,No Fish,,,,,,386,,
2025,4/16/2025,8:15,Full,15 min,as,No Fish,,,,,,386,,
2025,4/16/2025,8:30,Full,15 min,as,No Fish,,,,,,386,,
2025,4/16/2025,8:45,Full,15 min,as,No Fish,,,,,,386,,
2025,4/16/2025,9:00,Full,15 min,as,No Fish,,,,,,386,,
2025,4/16/2025,9:15,Full,15 min,as,No Fish,,,,,,386,,
2025,4/16/2025,9:30,Full,15 min,as,No Fish,,,,,,386,,
2025,4/16/2025,9:45,Full,15 min,as,No Fish,,,,,,386,,
2025,4/16/2025,10:00,Full,15 min,as,No Fish,,,,,,386,,
2025,4/16/2025,10:15,Full,15 min,as,No Fish,,,,,,386,,
2025,4/16/2025,10:30,Full,15 min,as,No Fish,,,,,,386,,
2025,4/16/2025,10:45,Full,15 min,as,No Fish,,,,,,386,,
2025,4/16/2025,11:00,Full,15 min,as,No Fish,,,,,,386,,
2025,4/16/2025,11:15,Full,15 min,as,No Fish,,,,,,386,,
2025,4/16/2025,11:30,Full,15 min,as,No Fish,,,,,,386,,
2025,4/16/2025,11:45,Full,15 min,as,No Fish,,,,,,386,,
2025,4/16/2025,12:00,Full,15 min,as,No Fish,,,,,,386,,
2025,4/16/2025,12:15,Full,15 min,as,No Fish,,,,,,386,,
2025,4/16/2025,12:30,Full,15 min,as,No Fish,,,,,,386,,
2025,4/16/2025,12:45,Full,15 min,as,No Fish,,,,,,386,,
2025,4/16/2025,13:00,Full,15 min,as,No Fish,,,,,,386,,
2025,4/16/2025,13:15,Full,15 min,as,No Fish,,,,,,386,,
2025,4/16/2025,13:30,Full,15 min,as,No Fish,,,,,,386,,
2025,4/16/2025,13:45,Full,15 min,as,No Fish,,,,,,386,,
2025,4/16/2025,14:00,Full,15 min,as,No Fish,,,,,,386,,
2025,4/16/2025,14:15,Full,15 min,as,No Fish,,,,,,386,,
2025,4/16/2025,14:30,Full,15 min,as,No Fish,,,,,,386,,
2025,4/16/2025,14:45,Full,15 min,as,No Fish,,,,,,386,,
2025,4/16/2025,15:00,Full,15 min,as,No Fish,,,,,,386,,
2025,4/16/2025,15:15,Full,15 min,as,No Fish,,,,,,386,,
2025,4/16/2025,15:30,Full,15 min,as,No Fish,,,,,,386,,
2025,4/16/2025,15:45,Full,15 min,as,No Fish,,,,,,386,,
2025,4/16/2025,16:00,Full,15 min,as,No Fish,,,,,,386,,
2025,4/16/2025,16:15,Full,15 min,as,No Fish,,,,,,386,,
2025,4/16/2025,16:30,Full,15 min,as,No Fish,,,,,,386,,
2025,4/16/2025,16:45,Full,15 min,as,No Fish,,,,,,386,,
2025,4/16/2025,17:00,Full,15 min,as,No Fish,,,,,,386,,
2025,4/16/2025,17:15,Full,15 min,as,No Fish,,,,,,386,,
2025,4/16/2025,17:30,Full,15 min,as,No Fish,,,,,,386,,
2025,4/16/2025,17:45,Full,15 min,as,No Fish,,,,,,386,,
2025,4/16/2025,18:00,Full,15 min,as,18:05:40,downstream,73.5,1745,14.39,1,386,,
2025,4/16/2025,18:00,Full,15 min,as,18:05:39,downstream,75.7,1743,14.55,1,386,,
2025,4/16/2025,18:15,Full,15 min,as,No Fish,,,,,,386,,
2025,4/16/2025,18:30,Full,15 min,as,No Fish,,,,,,386,,
2025,4/16/2025,18:45,Full,15 min,as,No Fish,,,,,,386,,
2025,4/16/2025,19:00,Full,15 min,as,No Fish,,,,,,386,,
2025,4/16/2025,19:15,Full,15 min,as,No Fish,,,,,,386,,
2025,4/16/2025,19:30,Full,15 min,as,No Fish,,,,,,386,,
2025,4/16/2025,19:45,Full,15 min,as,No Fish,,,,,,386,,
2025,4/16/2025,20:00,Full,15 min,as,No Fish,,,,,,386,,
2025,4/16/2025,20:15,Full,15 min,as,20:23:55,downstream,44,2765,7.74,1,386,,
2025,4/16/2025,20:30,Full,15 min,as,20:44:56,upstream,75.4,4682,7.07,1,386,,
2025,4/16/2025,20:30,Full,15 min,as,20:44:56,upstream,72.4,4685,7.52,1,386,,
2025,4/16/2025,20:45,Full,15 min,as,20:51:01,upstream,75.4,1867,10.8,1,386,,
2025,4/16/2025,20:45,Full,15 min,as,20:51:02,upstream,66.5,1874,11.08,1,386,,
2025,4/16/2025,20:45,Full,15 min,as,20:51:03,upstream,74.8,1881,9.47,1,386,,
2025,4/16/2025,20:45,Full,15 min,as,20:51:04,upstream,69.4,1884,11.15,1,386,,
2025,4/16/2025,21:00,Full,15 min,as,No Fish,,,,,,386,,
2025,4/16/2025,21:15,Full,15 min,as,No Fish,,,,,,386,,
2025,4/16/2025,21:30,Full,15 min,as,No Fish,,,,,,386,,
2025,4/16/2025,21:45,Full,15 min,as,No Fish,,,,,,386,,
2025,4/16/2025,22:00,Full,15 min,as,No Fish,,,,,,386,,
2025,4/16/2025,22:15,Full,15 min,as,No Fish,,,,,,386,,
2025,4/16/2025,22:30,Full,15 min,as,No Fish,,,,,,386,,
2025,4/16/2025,22:45,Full,15 min,as,No Fish,,,,,,386,,
2025,4/16/2025,23:00,Full,15 min,as,No Fish,,,,,,386,,
2025,4/16/2025,23:15,Full,15 min,as,23:28:09,upstream,70.7,4096,10.45,1,386,,
2025,4/16/2025,23:30,Full,15 min,as,No Fish,,,,,,386,,
2025,4/16/2025,23:45,Full,15 min,as,No Fish,,,,,,386,,
2025,4/17/2025,0:00,Full,15 min,as,No Fish,,,,,,386,,
2025,4/17/2025,0:15,Full,15 min,as,No Fish,,,,,,386,,
2025,4/17/2025,0:30,Full,15 min,as,No Fish,,,,,,386,,
2025,4/17/2025,0:45,Full,15 min,as,No Fish,,,,,,386,,
2025,4/17/2025,1:00,Full,15 min,as,No Fish,,,,,,386,,
2025,4/17/2025,1:15,Full,15 min,as,No Fish,,,,,,386,,
2025,4/17/2025,1:30,Full,15 min,as,No Fish,,,,,,386,,
2025,4/17/2025,1:45,Full,15 min,as,1:56:30,upstream,72.3,3582,7.98,1,386,,
2025,4/17/2025,2:00,Full,15 min,as,No Fish,,,,,,386,,
2025,4/17/2025,2:15,Full,15 min,as,No Fish,,,,,,386,,
2025,4/17/2025,2:30,Full,15 min,as,No Fish,,,,,,386,,
2025,4/17/2025,2:45,Full,15 min,as,No Fish,,,,,,386,,
2025,4/17/2025,3:00,Full,15 min,as,No Fish,,,,,,386,,
2025,4/17/2025,3:15,Full,15 min,as,No Fish,,,,,,386,,
2025,4/17/2025,3:30,Full,15 min,as,No Fish,,,,,,386,,
2025,4/17/2025,3:45,Full,15 min,as,No Fish,,,,,,386,,
2025,4/17/2025,4:00,Full,15 min,as,4:14:38,upstream,74,4555,12.24,1,386,,
2025,4/17/2025,4:15,Full,15 min,as,No Fish,,,,,,386,,
2025,4/17/2025,4:30,Full,15 min,as,No Fish,,,,,,386,,
2025,4/17/2025,4:45,Full,15 min,as,No Fish,,,,,,386,,
2025,4/17/2025,5:00,Full,15 min,as,No Fish,,,,,,386,,
2025,4/17/2025,5:15,Full,15 min,as,No Fish,,,,,,386,,
2025,4/17/2025,5:30,Full,15 min,as,No Fish,,,,,,386,,
2025,4/17/2025,5:45,Full,15 min,as,No Fish,,,,,,386,,
2025,4/17/2025,6:00,Full,15 min,as,No Fish,,,,,,386,,
2025,4/17/2025,6:15,Full,15 min,as,No Fish,,,,,,386,,
2025,4/17/2025,6:30,Full,15 min,as,No Fish,,,,,,386,,
2025,4/17/2025,6:45,Full,15 min,as,No Fish,,,,,,386,,
2025,4/17/2025,7:00,Full,15 min,as,No Fish,,,,,,386,,
2025,4/17/2025,7:15,Full,15 min,as,No Fish,,,,,,386,,
2025,4/17/2025,7:30,Full,15 min,as,No Fish,,,,,,386,,
2025,4/17/2025,7:45,Full,15 min,as,No Fish,,,,,,386,,
2025,4/17/2025,8:00,Full,15 min,as,No Fish,,,,,,386,,
2025,4/17/2025,8:15,Full,15 min,as,No Fish,,,,,,386,,
2025,4/17/2025,8:30,Full,15 min,as,No Fish,,,,,,386,,
2025,4/17/2025,8:45,Full,15 min,as,No Fish,,,,,,386,,
2025,4/17/2025,9:00,Full,15 min,as,No Fish,,,,,,386,,
2025,4/17/2025,9:15,Full,15 min,as,No Fish,,,,,,386,,
2025,4/17/2025,9:30,Full,15 min,as,No Fish,,,,,,386,,
2025,4/17/2025,9:45,Full,15 min,as,No Fish,,,,,,386,,
2025,4/17/2025,10:00,Full,15 min,as,No Fish,,,,,,386,,
2025,4/17/2025,10:15,Full,15 min,as,No Fish,,,,,,386,,
2025,4/17/2025,10:30,Full,15 min,as,No Fish,,,,,,386,,
2025,4/17/2025,10:45,Full,15 min,as,No Fish,,,,,,386,,
2025,4/17/2025,11:00,Full,15 min,as,No Fish,,,,,,386,,
2025,4/17/2025,11:15,Full,15 min,as,No Fish,,,,,,386,,
2025,4/17/2025,11:30,Full,15 min,as,No Fish,,,,,,386,,
2025,4/17/2025,11:45,Full,15 min,as,No Fish,,,,,,386,,
2025,4/17/2025,12:00,Full,15 min,as,No Fish,,,,,,386,,
2025,4/17/2025,12:15,Full,15 min,as,No Fish,,,,,,386,,
2025,4/17/2025,12:30,Full,15 min,as,12:35:52,upstream,70.7,1833,3.82,1,386,,
2025,4/17/2025,12:45,Full,15 min,as,No Fish,,,,,,386,,
2025,4/17/2025,13:00,Full,15 min,as,No Fish,,,,,,386,,
2025,4/17/2025,13:15,Full,15 min,as,No Fish,,,,,,386,,
2025,4/17/2025,13:30,Full,15 min,as,No Fish,,,,,,386,,
2025,4/17/2025,13:45,Full,15 min,as,No Fish,,,,,,386,,
2025,4/17/2025,14:00,Full,15 min,as,No Fish,,,,,,386,,
2025,4/17/2025,14:15,Full,15 min,as,No Fish,,,,,,386,,
2025,4/17/2025,14:30,Full,15 min,as,No Fish,,,,,,386,,
2025,4/17/2025,14:45,Full,15 min,as,No Fish,,,,,,386,,
2025,4/17/2025,15:00,Full,15 min,as,No Fish,,,,,,386,,
2025,4/17/2025,15:15,Full,15 min,as,No Fish,,,,,,386,,
2025,4/17/2025,15:30,Full,15 min,as,No Fish,,,,,,386,,
2025,4/17/2025,15:45,Full,15 min,as,No Fish,,,,,,386,,
2025,4/17/2025,16:00,Full,15 min,as,No Fish,,,,,,386,,
2025,4/17/2025,16:15,Full,15 min,as,No Fish,,,,,,386,,
2025,4/17/2025,16:30,Full,15 min,as,No Fish,,,,,,386,,
2025,4/17/2025,16:45,Full,15 min,as,No Fish,,,,,,386,,
2025,4/17/2025,17:00,Full,15 min,as,No Fish,,,,,,386,,
2025,4/17/2025,17:15,Full,15 min,as,No Fish,,,,,,386,,
2025,4/17/2025,17:30,Full,15 min,as,No Fish,,,,,,386,,
2025,4/17/2025,17:45,Full,15 min,as,No Fish,,,,,,386,,
2025,4/17/2025,18:00,Full,15 min,as,No Fish,,,,,,386,,
2025,4/17/2025,18:15,Full,15 min,as,No Fish,,,,,,386,,
2025,4/17/2025,18:30,Full,15 min,as,No Fish,,,,,,386,,
2025,4/17/2025,18:45,Full,15 min,as,No Fish,,,,,,386,,
2025,4/17/2025,19:00,Full,15 min,as,No Fish,,,,,,386,,
2025,4/17/2025,19:15,Full,15 min,as,No Fish,,,,,,386,,
2025,4/17/2025,19:30,Full,15 min,as,No Fish,,,,,,386,,
2025,4/17/2025,19:45,Full,15 min,as,No Fish,,,,,,386,,
2025,4/17/2025,20:00,Full,15 min,as,No Fish,,,,,,386,,
2025,4/17/2025,20:15,Full,15 min,as,No Fish,,,,,,386,,
2025,4/17/2025,20:30,Full,15 min,as,No Fish,,,,,,386,,
2025,4/17/2025,20:45,Full,15 min,as,No Fish,,,,,,386,,
2025,4/17/2025,21:00,Full,15 min,as,No Fish,,,,,,386,,
2025,4/17/2025,21:15,Full,15 min,as,No Fish,,,,,,386,,
2025,4/17/2025,21:30,Full,15 min,as,No Fish,,,,,,386,,
2025,4/17/2025,21:45,Full,15 min,as,No Fish,,,,,,386,,
2025,4/17/2025,22:00,Full,15 min,as,No Fish,,,,,,386,,
2025,4/17/2025,22:15,Full,15 min,as,No Fish,,,,,,386,,
2025,4/17/2025,22:30,Full,15 min,as,No Fish,,,,,,386,,
2025,4/17/2025,22:45,Full,15 min,as,No Fish,,,,,,386,,
2025,4/17/2025,23:00,Full,15 min,as,23:03:26,downstream,72.2,1079,10.15,1,386,,
2025,4/17/2025,23:15,Full,15 min,as,No Fish,,,,,,386,,
2025,4/17/2025,23:30,Full,15 min,as,No Fish,,,,,,386,,
2025,4/17/2025,23:45,Full,15 min,as,No Fish,,,,,,386,,
2025,4/18/2025,0:00,Full,15 min,as,No Fish,,,,,,382,,
2025,4/18/2025,0:15,Full,15 min,as,No Fish,,,,,,382,,
2025,4/18/2025,0:30,Full,15 min,as,0:31:47,downstream,64.9,560,15.36,1,382,,
2025,4/18/2025,0:45,Full,15 min,as,No Fish,,,,,,382,,
2025,4/18/2025,1:00,Full,15 min,as,No Fish,,,,,,382,,
2025,4/18/2025,1:15,Full,15 min,as,No Fish,,,,,,382,,
2025,4/18/2025,1:30,Full,15 min,as,No Fish,,,,,,382,,
2025,4/18/2025,1:45,Full,15 min,as,No Fish,,,,,,382,,
2025,4/18/2025,2:00,Full,15 min,as,No Fish,,,,,,382,,
2025,4/18/2025,2:15,Full,15 min,as,No Fish,,,,,,382,,
2025,4/18/2025,2:30,Full,15 min,as,No Fish,,,,,,382,,
2025,4/18/2025,2:45,Full,15 min,as,No Fish,,,,,,382,,
2025,4/18/2025,3:00,Full,15 min,as,3:11:07,upstream,38,3378,17.95,1,382,,
2025,4/18/2025,3:15,Full,15 min,as,No Fish,,,,,,382,,
2025,4/18/2025,3:30,Full,15 min,as,3:34:41,upstream,70.2,1463,14.71,1,382,,
2025,4/18/2025,3:45,Full,15 min,as,No Fish,,,,,,382,,
2025,4/18/2025,4:00,Full,15 min,as,No Fish,,,,,,382,,
2025,4/18/2025,4:15,Full,15 min,as,No Fish,,,,,,382,,
2025,4/18/2025,4:30,Full,15 min,as,No Fish,,,,,,382,,
2025,4/18/2025,4:45,Full,15 min,as,4:46:40,downstream,73,500,7.09,1,382,,
2025,4/18/2025,5:00,Full,15 min,as,5:06:36,upstream,71,1999,13.63,1,382,,
2025,4/18/2025,5:15,Full,15 min,as,No Fish,,,,,,382,,
2025,4/18/2025,5:30,Full,15 min,as,No Fish,,,,,,382,,
2025,4/18/2025,5:45,Full,15 min,as,No Fish,,,,,,382,,
2025,4/18/2025,6:00,Full,15 min,as,No Fish,,,,,,382,,
2025,4/18/2025,6:15,Full,15 min,as,No Fish,,,,,,382,,
2025,4/18/2025,6:30,Full,15 min,as,No Fish,,,,,,382,,
2025,4/18/2025,6:45,Full,15 min,as,No Fish,,,,,,382,,
2025,4/18/2025,7:00,Full,15 min,as,No Fish,,,,,,382,,
2025,4/18/2025,7:15,Full,15 min,as,No Fish,,,,,,382,,
2025,4/18/2025,7:30,Full,15 min,as,No Fish,,,,,,382,,
2025,4/18/2025,7:45,Full,15 min,as,No Fish,,,,,,382,,
2025,4/18/2025,8:00,Full,15 min,as,No Fish,,,,,,382,,
2025,4/18/2025,8:15,Full,15 min,as,No Fish,,,,,,382,,
2025,4/18/2025,8:30,Full,15 min,as,No Fish,,,,,,382,,
2025,4/18/2025,8:45,Full,15 min,as,No Fish,,,,,,382,,
2025,4/18/2025,9:00,Full,15 min,as,No Fish,,,,,,382,,
2025,4/18/2025,9:15,Full,15 min,as,No Fish,,,,,,382,,
2025,4/18/2025,9:30,Full,15 min,as,9:31:35,downstream,44.8,451,11.63,1,382,,
2025,4/18/2025,9:45,Full,15 min,as,No Fish,,,,,,382,,
2025,4/18/2025,10:00,Full,15 min,as,No Fish,,,,,,382,,
2025,4/18/2025,10:15,Full,15 min,as,No Fish,,,,,,382,,
2025,4/18/2025,10:30,Full,15 min,as,No Fish,,,,,,382,,
2025,4/18/2025,10:45,Full,15 min,as,No Fish,,,,,,382,,
2025,4/18/2025,11:00,Full,15 min,as,No Fish,,,,,,382,,
2025,4/18/2025,11:15,Full,15 min,as,No Fish,,,,,,382,,
2025,4/18/2025,11:30,Full,15 min,as,No Fish,,,,,,382,,
2025,4/18/2025,11:45,Full,15 min,as,No Fish,,,,,,382,,
2025,4/18/2025,12:00,Full,15 min,as,No Fish,,,,,,382,,
2025,4/18/2025,12:15,Full,15 min,as,No Fish,,,,,,382,,
2025,4/18/2025,12:30,Full,15 min,as,No Fish,,,,,,382,,
2025,4/18/2025,12:45,Full,15 min,as,No Fish,,,,,,382,,
2025,4/18/2025,13:00,Full,15 min,as,No Fish,,,,,,382,,
2025,4/18/2025,13:15,Full,15 min,as,No Fish,,,,,,382,,
2025,4/18/2025,13:30,Full,15 min,as,No Fish,,,,,,382,,
2025,4/18/2025,13:45,Full,15 min,as,No Fish,,,,,,382,,
2025,4/18/2025,14:00,Full,15 min,as,No Fish,,,,,,382,,
2025,4/18/2025,14:15,Full,15 min,as,No Fish,,,,,,382,,
2025,4/18/2025,14:30,Full,15 min,as,No Fish,,,,,,382,,
2025,4/18/2025,14:45,Full,15 min,as,No Fish,,,,,,382,,
2025,4/18/2025,15:00,Full,15 min,as,No Fish,,,,,,382,,
2025,4/18/2025,15:15,Full,15 min,as,No Fish,,,,,,382,,
2025,4/18/2025,15:30,Full,15 min,as,No Fish,,,,,,382,,
2025,4/18/2025,15:45,Full,15 min,as,No Fish,,,,,,382,,
2025,4/18/2025,16:00,Full,15 min,as,No Fish,,,,,,382,,
2025,4/18/2025,16:15,Full,15 min,as,No Fish,,,,,,382,,
2025,4/18/2025,16:30,Full,15 min,as,No Fish,,,,,,382,,
2025,4/18/2025,16:45,Full,15 min,as,No Fish,,,,,,382,,
2025,4/18/2025,17:00,Full,15 min,as,No Fish,,,,,,382,,
2025,4/18/2025,17:15,Full,15 min,as,17:20:23,upstream,73.8,1618,10.58,1,382,,
2025,4/18/2025,17:30,Full,15 min,as,17:38:42,downstream,74.7,2593,14,1,382,,
2025,4/18/2025,17:30,Full,15 min,as,17:38:42,downstream,64.9,2594,14.29,1,382,,
2025,4/18/2025,17:45,Full,15 min,as,No Fish,,,,,,382,,
2025,4/18/2025,18:00,Full,15 min,as,No Fish,,,,,,382,,
2025,4/18/2025,18:15,Full,15 min,as,No Fish,,,,,,382,,
2025,4/18/2025,18:30,Full,15 min,as,No Fish,,,,,,382,,
2025,4/18/2025,18:45,Full,15 min,as,No Fish,,,,,,382,,
2025,4/18/2025,19:00,Full,15 min,as,No Fish,,,,,,382,,
2025,4/18/2025,19:15,Full,15 min,as,No Fish,,,,,,382,,
2025,4/18/2025,19:30,Full,15 min,as,No Fish,,,,,,382,,
2025,4/18/2025,19:45,Full,15 min,as,No Fish,,,,,,382,,
2025,4/18/2025,20:00,Full,15 min,as,No Fish,,,,,,382,,
2025,4/18/2025,20:15,Full,15 min,as,No Fish,,,,,,382,,
2025,4/18/2025,20:30,Full,15 min,as,20:37:06,upstream,65.3,2090,16.28,1,382,,
2025,4/18/2025,20:30,Full,15 min,as,20:37:12,upstream,72.8,2112,15.52,1,382,,
2025,4/18/2025,20:45,Full,15 min,as,No Fish,,,,,,382,,
2025,4/18/2025,21:00,Full,15 min,as,21:01:45,upstream,77.5,518,11.34,1,382,,
2025,4/18/2025,21:00,Full,15 min,as,21:13:43,upstream,58.2,4087,7.48,1,382,,
2025,4/18/2025,21:15,Full,15 min,as,No Fish,,,,,,382,,
2025,4/18/2025,21:30,Full,15 min,as,No Fish,,,,,,382,,
2025,4/18/2025,21:45,Full,15 min,as,No Fish,,,,,,382,,
2025,4/18/2025,22:00,Full,15 min,as,No Fish,,,,,,382,,
2025,4/18/2025,22:15,Full,15 min,as,22:29:08,upstream,63.8,4214,16.9,1,382,,
2025,4/18/2025,22:30,Full,15 min,as,No Fish,,,,,,382,,
2025,4/18/2025,22:45,Full,15 min,as,No Fish,,,,,,382,,
2025,4/18/2025,23:00,Full,15 min,as,No Fish,,,,,,382,,
2025,4/18/2025,23:15,Full,15 min,as,23:25:45,upstream,55.9,3214,18.05,1,382,,
2025,4/18/2025,23:30,Full,15 min,as,No Fish,,,,,,382,,
2025,4/18/2025,23:45,Full,15 min,as,23:56:03,upstream,67.1,3256,5.89,1,382,,
2025,4/19/2025,0:00,Full,15 min,as,0:04:40,upstream,66.4,1401,13.81,1,394,,
2025,4/19/2025,0:15,Full,15 min,as,0:15:16,upstream,65.2,67,19.11,1,394,,
2025,4/19/2025,0:30,Full,15 min,as,No Fish,,,,,,394,,
2025,4/19/2025,0:45,Full,15 min,as,No Fish,,,,,,394,,
2025,4/19/2025,1:00,Full,15 min,as,No Fish,,,,,,394,,
2025,4/19/2025,1:15,Full,15 min,as,1:27:35,upstream,48.4,3712,10.73,1,394,,
2025,4/19/2025,1:30,Full,15 min,as,1:44:17,downstream,64.6,4238,6.67,1,394,,
2025,4/19/2025,1:45,Full,15 min,as,No Fish,,,,,,394,,
2025,4/19/2025,2:00,Full,15 min,as,2:13:59,upstream,70,4111,10.51,1,394,,
2025,4/19/2025,2:15,Full,15 min,as,2:22:06,upstream,69.5,2107,16.07,1,394,,
2025,4/19/2025,2:30,Full,15 min,as,No Fish,,,,,,394,,
2025,4/19/2025,2:45,Full,15 min,as,2:57:08,upstream,52.2,3630,18.74,1,394,,
2025,4/19/2025,3:00,Full,15 min,as,No Fish,,,,,,394,,
2025,4/19/2025,3:15,Full,15 min,as,No Fish,,,,,,394,,
2025,4/19/2025,3:30,Full,15 min,as,No Fish,,,,,,394,,
2025,4/19/2025,3:45,Full,15 min,as,No Fish,,,,,,394,,
2025,4/19/2025,4:00,Full,15 min,as,No Fish,,,,,,394,,
2025,4/19/2025,4:15,Full,15 min,as,No Fish,,,,,,394,,
2025,4/19/2025,4:30,Full,15 min,as,No Fish,,,,,,394,,
2025,4/19/2025,4:45,Full,15 min,as,No Fish,,,,,,394,,
2025,4/19/2025,5:00,Full,15 min,as,No Fish,,,,,,394,,
2025,4/19/2025,5:15,Full,15 min,as,No Fish,,,,,,394,,
2025,4/19/2025,5:30,Full,15 min,as,No Fish,,,,,,394,,
2025,4/19/2025,5:45,Full,15 min,as,5:51:44,upstream,66.1,1976,13.43,1,394,,
2025,4/19/2025,6:00,Full,15 min,as,6:08:54,upstream,65.9,2613,3.86,1,394,,
2025,4/19/2025,6:15,Full,15 min,as,No Fish,,,,,,394,,
2025,4/19/2025,6:30,Full,15 min,as,No Fish,,,,,,394,,
2025,4/19/2025,6:45,Full,15 min,as,No Fish,,,,,,394,,
2025,4/19/2025,7:00,Full,15 min,as,No Fish,,,,,,394,,
2025,4/19/2025,7:15,Full,15 min,as,No Fish,,,,,,394,,
2025,4/19/2025,7:30,Full,15 min,as,No Fish,,,,,,394,,
2025,4/19/2025,7:45,Full,15 min,as,No Fish,,,,,,394,,
2025,4/19/2025,8:00,Full,15 min,as,No Fish,,,,,,394,,
2025,4/19/2025,8:15,Full,15 min,as,8:15:47,upstream,82,233,6.31,1,394,,
2025,4/19/2025,8:30,Full,15 min,as,No Fish,,,,,,394,,
2025,4/19/2025,8:45,Full,15 min,as,No Fish,,,,,,394,,
2025,4/19/2025,9:00,Full,15 min,as,9:01:22,downstream,35.2,388,9.61,1,394,,
2025,4/19/2025,9:15,Full,15 min,as,No Fish,,,,,,394,,
2025,4/19/2025,9:30,Full,15 min,as,No Fish,,,,,,394,,
2025,4/19/2025,9:45,Full,15 min,as,No Fish,,,,,,394,,
2025,4/19/2025,10:00,Full,15 min,as,No Fish,,,,,,394,,
2025,4/19/2025,10:15,Full,15 min,as,No Fish,,,,,,394,,
2025,4/19/2025,10:30,Full,15 min,as,No Fish,,,,,,394,,
2025,4/19/2025,10:45,Full,15 min,as,No Fish,,,,,,394,,
2025,4/19/2025,11:00,Full,15 min,as,No Fish,,,,,,394,,
2025,4/19/2025,11:15,Full,15 min,as,No Fish,,,,,,394,,
2025,4/19/2025,11:30,Full,15 min,as,No Fish,,,,,,394,,
2025,4/19/2025,11:45,Full,15 min,as,11:58:01,upstream,68.1,3782,14.9,1,394,,
2025,4/19/2025,12:00,Full,15 min,as,No Fish,,,,,,394,,
2025,4/19/2025,12:15,Full,15 min,as,No Fish,,,,,,394,,
2025,4/19/2025,12:30,Full,15 min,as,No Fish,,,,,,394,,
2025,4/19/2025,12:45,Full,15 min,as,No Fish,,,,,,394,,
2025,4/19/2025,13:00,Full,15 min,as,No Fish,,,,,,394,,
2025,4/19/2025,13:15,Full,15 min,as,No Fish,,,,,,394,,
2025,4/19/2025,13:30,Full,15 min,as,No Fish,,,,,,394,,
2025,4/19/2025,13:45,Full,15 min,as,No Fish,,,,,,394,,
2025,4/19/2025,14:00,Full,15 min,as,No Fish,,,,,,394,,
2025,4/19/2025,14:15,Full,15 min,as,No Fish,,,,,,394,,
2025,4/19/2025,14:30,Full,15 min,as,No Fish,,,,,,394,,
2025,4/19/2025,14:45,Full,15 min,as,No Fish,,,,,,394,,
2025,4/19/2025,15:00,Full,15 min,as,No Fish,,,,,,394,,
2025,4/19/2025,15:15,Full,15 min,as,No Fish,,,,,,394,,
2025,4/19/2025,15:30,Full,15 min,as,15:35:01,downstream,82.4,1484,13.02,1,394,,
2025,4/19/2025,15:45,Full,15 min,as,No Fish,,,,,,394,,
2025,4/19/2025,16:00,Full,15 min,as,No Fish,,,,,,394,,
2025,4/19/2025,16:15,Full,15 min,as,No Fish,,,,,,394,,
2025,4/19/2025,16:30,Full,15 min,as,No Fish,,,,,,394,,
2025,4/19/2025,16:45,Full,15 min,as,16:49:02,upstream,74.3,1187,11.78,1,394,,
2025,4/19/2025,17:00,Full,15 min,as,No Fish,,,,,,394,,
2025,4/19/2025,17:15,Full,15 min,as,No Fish,,,,,,394,,
2025,4/19/2025,17:30,Full,15 min,as,No Fish,,,,,,394,,
2025,4/19/2025,17:45,Full,15 min,as,No Fish,,,,,,394,,
2025,4/19/2025,18:00,Full,15 min,as,No Fish,,,,,,394,,
2025,4/19/2025,18:15,Full,15 min,as,No Fish,,,,,,394,,
2025,4/19/2025,18:30,Full,15 min,as,No Fish,,,,,,394,,
2025,4/19/2025,18:45,Full,15 min,as,No Fish,,,,,,394,,
2025,4/19/2025,19:00,Full,15 min,as,No Fish,,,,,,394,,
2025,4/19/2025,19:15,Full,15 min,as,No Fish,,,,,,394,,
2025,4/19/2025,19:30,Full,15 min,as,No Fish,,,,,,394,,
2025,4/19/2025,19:45,Full,15 min,as,No Fish,,,,,,394,,
2025,4/19/2025,20:00,Full,15 min,as,No Fish,,,,,,394,,
2025,4/19/2025,20:15,Full,15 min,as,No Fish,,,,,,394,,
2025,4/19/2025,20:30,Full,15 min,as,20:37:33,upstream,63.3,2164,3.45,1,394,,
2025,4/19/2025,20:30,Full,15 min,as,20:37:37,upstream,67.1,2178,3.76,1,394,,
2025,4/19/2025,20:45,Full,15 min,as,20:51:52,upstream,68.8,2026,13.27,1,394,,
2025,4/19/2025,20:45,Full,15 min,as,20:52:02,upstream,70,2074,13.9,1,394,,
2025,4/19/2025,21:00,Full,15 min,as,No Fish,,,,,,394,,
2025,4/19/2025,21:15,Full,15 min,as,21:22:29,upstream,65.6,2223,15.35,1,394,,
2025,4/19/2025,21:30,Full,15 min,as,21:42:05,upstream,156.5,3524,8.9,3,394,"moves like a fish, but it's massive",
2025,4/19/2025,21:45,Full,15 min,as,No Fish,,,,,,394,,
2025,4/19/2025,22:00,Full,15 min,as,No Fish,,,,,,394,,
2025,4/19/2025,22:15,Full,15 min,as,No Fish,,,,,,394,,
2025,4/19/2025,22:30,Full,15 min,as,No Fish,,,,,,394,,
2025,4/19/2025,22:45,Full,15 min,as,No Fish,,,,,,394,,
2025,4/19/2025,23:00,Full,15 min,as,No Fish,,,,,,394,,
2025,4/19/2025,23:15,Full,15 min,as,23:15:48,upstream,69.1,225,13.68,1,394,,
2025,4/19/2025,23:30,Full,15 min,as,No Fish,,,,,,394,,
2025,4/19/2025,23:45,Full,15 min,as,No Fish,,,,,,394,,
,4/22/2025,0:00,Full,15 min,as,No Fish,,,,,,,,
,4/22/2025,0:15,Full,15 min,as,No Fish,,,,,,,,
,4/22/2025,0:30,Full,15 min,as,No Fish,,,,,,,,
,4/22/2025,0:45,Full,15 min,as,No Fish,,,,,,,,
,4/22/2025,1:00,Full,15 min,as,No Fish,,,,,,,,
,4/22/2025,1:15,Full,15 min,as,No Fish,,,,,,,,
,4/22/2025,1:30,Full,15 min,as,1:31:22,upstream,71.2,387,15.07,1,,,
,,,,,,1:33:33,downstream,72,980,5.74,1,,,
,,,,,,1:33:48,upstream,66.4,1039,3.74,1,,,
,4/22/2025,1:45,Full,15 min,as,No Fish,,,,,,,,
,4/22/2025,2:00,Full,15 min,as,No Fish,,,,,,,,
,4/22/2025,2:15,Full,15 min,as,No Fish,,,,,,,,
,4/22/2025,2:30,Full,15 min,as,2:35:01,downstream,66.3,1360,16.34,1,,,
,,,,,,2:38:01,upstream,61.9,2174,19.34,1,,,
,4/22/2025,2:45,Full,15 min,as,2:45:06,downstream,61.9,30,16.25,1,,,
,4/22/2025,3:00,Full,15 min,as,No Fish,,,,,,,,
,4/22/2025,3:15,Full,15 min,as,No Fish,,,,,,,,
,4/22/2025,3:30,Full,15 min,as,No Fish,,,,,,,,
,4/22/2025,3:45,Full,15 min,as,No Fish,,,,,,,,
,4/22/2025,4:00,Full,15 min,as,No Fish,,,,,,,,
,4/22/2025,4:15,Full,15 min,as,No Fish,,,,,,,,
,4/22/2025,4:30,Full,15 min,as,No Fish,,,,,,,,
,4/22/2025,4:45,Full,15 min,as,No Fish,,,,,,,,
,4/22/2025,5:00,Full,15 min,as,No Fish,,,,,,,,
,4/22/2025,5:15,Full,15 min,as,No Fish,,,,,,,,
,4/22/2025,5:30,Full,15 min,as,No Fish,,,,,,,,
,4/22/2025,5:45,Full,15 min,as,5:52:43,upstream,82.5,2047,10.36,1,,,
,4/22/2025,6:00,Full,15 min,as,No Fish,,,,,,,,
,4/22/2025,6:15,Full,15 min,as,No Fish,,,,,,,,
,4/22/2025,6:30,Full,15 min,as,No Fish,,,,,,,,
,4/22/2025,6:45,Full,15 min,as,No Fish,,,,,,,,
,4/22/2025,7:00,Full,15 min,as,No Fish,,,,,,,,
,4/22/2025,7:15,Full,15 min,as,No Fish,,,,,,,,
,4/22/2025,7:30,Full,15 min,as,No Fish,,,,,,,,
,4/22/2025,7:45,Full,15 min,as,No Fish,,,,,,,,
,4/22/2025,8:00,Full,15 min,as,No Fish,,,,,,,,
,4/22/2025,8:15,Full,15 min,as,8:19:23,upstream,74.6,1155,14.25,1,,,
,4/22/2025,8:30,Full,15 min,as,No Fish,,,,,,,,
,4/22/2025,8:45,Full,15 min,as,No Fish,,,,,,,,
,4/22/2025,9:00,Full,15 min,as,No Fish,,,,,,,,
,4/22/2025,9:15,Full,15 min,as,No Fish,,,,,,,,
,4/22/2025,9:30,Full,15 min,as,No Fish,,,,,,,,
,4/22/2025,9:45,Full,15 min,as,No Fish,,,,,,,,
,4/22/2025,10:00,Full,15 min,as,No Fish,,,,,,,,
,4/22/2025,10:15,Full,15 min,as,No Fish,,,,,,,,
,4/22/2025,10:30,Full,15 min,as,No Fish,,,,,,,,
,4/22/2025,10:45,Full,15 min,as,No Fish,,,,,,,,
,4/22/2025,11:00,Full,15 min,as,No Fish,,,,,,,,
,4/22/2025,11:15,Full,15 min,as,No Fish,,,,,,,,
,4/22/2025,11:30,Full,15 min,as,No Fish,,,,,,,,
,4/22/2025,11:45,Full,15 min,as,No Fish,,,,,,,,
,4/22/2025,12:00,Full,15 min,as,No Fish,,,,,,,,
,4/22/2025,12:15,Full,15 min,as,No Fish,,,,,,,,
,4/22/2025,12:30,Full,15 min,as,No Fish,,,,,,,,
,4/22/2025,12:45,Full,15 min,as,No Fish,,,,,,,,
,4/22/2025,13:00,Full,15 min,as,No Fish,,,,,,,,
,4/22/2025,13:15,Full,15 min,as,No Fish,,,,,,,,
,4/22/2025,13:30,Full,15 min,as,No Fish,,,,,,,,
,4/22/2025,13:45,Full,15 min,as,No Fish,,,,,,,,
,4/22/2025,14:00,Full,15 min,as,No Fish,,,,,,,,
,4/22/2025,14:15,Full,15 min,as,14:20:32,upstream,36.4,1518,14.9,1,,,
,4/22/2025,14:30,Full,15 min,as,No Fish,,,,,,,,
,4/22/2025,14:45,Full,15 min,as,No Fish,,,,,,,,
,4/22/2025,15:00,Full,15 min,as,No Fish,,,,,,,,
,4/22/2025,15:15,Full,15 min,as,No Fish,,,,,,,,
,4/22/2025,15:30,Full,15 min,as,No Fish,,,,,,,,
,4/22/2025,15:45,Full,15 min,as,No Fish,,,,,,,,
,4/22/2025,16:00,Full,15 min,as,No Fish,,,,,,,,
,4/22/2025,16:15,Full,15 min,as,No Fish,,,,,,,,
,4/22/2025,16:30,Full,15 min,as,No Fish,,,,,,,,
,4/22/2025,16:45,Full,15 min,as,No Fish,,,,,,,,
,4/22/2025,17:00,Full,15 min,as,No Fish,,,,,,,,
,4/22/2025,17:15,Full,15 min,as,No Fish,,,,,,,,
,4/22/2025,17:30,Full,15 min,as,No Fish,,,,,,,,
,4/22/2025,17:45,Full,15 min,as,No Fish,,,,,,,,
,4/22/2025,18:00,Full,15 min,as,No Fish,,,,,,,,
,4/22/2025,18:15,Full,15 min,as,No Fish,,,,,,,,
,4/22/2025,18:30,Full,15 min,as,No Fish,,,,,,,,
,4/22/2025,18:45,Full,15 min,as,No Fish,,,,,,,,
,4/22/2025,19:00,Full,15 min,as,No Fish,,,,,,,,
,4/22/2025,19:15,Full,15 min,as,No Fish,,,,,,,,
,4/22/2025,19:30,Full,15 min,as,No Fish,,,,,,,,
,4/22/2025,19:45,Full,15 min,as,No Fish,,,,,,,,
,4/22/2025,20:00,Full,15 min,as,No Fish,,,,,,,,
,4/22/2025,20:15,Full,15 min,as,No Fish,,,,,,,,
,4/22/2025,20:30,Full,15 min,as,No Fish,,,,,,,,
,4/22/2025,20:45,Full,15 min,as,No Fish,,,,,,,,
,4/22/2025,21:00,Full,15 min,as,No Fish,,,,,,,,
,4/22/2025,21:15,Full,15 min,as,No Fish,,,,,,,,
,4/22/2025,21:30,Full,15 min,as,21:44:05,upstream,60.6,3038,10.96,1,,,
,4/22/2025,21:45,Full,15 min,as,21:47:41,upstream,47.6,658,9.13,1,,,
,4/22/2025,22:00,Full,15 min,as,No Fish,,,,,,,,
,4/22/2025,22:15,Full,15 min,as,No Fish,,,,,,,,
,4/22/2025,22:30,Full,15 min,as,22:40:06,upstream,65.1,2516,12.87,1,,,
,4/22/2025,22:45,Full,15 min,as,No Fish,,,,,,,,
,4/22/2025,23:00,Full,15 min,as,23:05:56,upstream,67.4,1562,10.61,1,,,
,4/22/2025,23:15,Full,15 min,as,23:21:34,upstream,58.2,1727,15.06,1,,,
,4/22/2025,23:30,Full,15 min,as,23:42:56,downstream,47.6,3560,15.15,1,,,
,4/22/2025,23:45,Full,15 min,as,No Fish,,,,,,,,
2025,4/26/2025,0:00,Full,15 min,as,No Fish,,,,,,382,,
2025,4/26/2025,0:15,Full,15 min,as,0:16:50,downstream,65.9,515,12.52,1,382,,
2025,4/26/2025,0:30,Full,15 min,as,No Fish,,,,,,382,,
2025,4/26/2025,0:45,Full,15 min,as,0:52:31,downstream,86.6,1007,10.16,1,382,,
2025,4/26/2025,0:45,Full,15 min,as,0:55:02,downstream,67,1672,9.53,1,382,,
2025,4/26/2025,1:00,Full,15 min,as,No Fish,,,,,,382,,
2025,4/26/2025,1:15,Full,15 min,as,1:15:49,downstream,70.7,237,13.79,1,382,,
2025,4/26/2025,1:30,Full,15 min,as,1:37:25,downstream,46.2,814,11.45,1,382,,
2025,4/26/2025,1:30,Full,15 min,as,1:40:05,upstream,66,1349,13.96,1,382,,
2025,4/26/2025,1:45,Full,15 min,as,1:50:54,upstream,60.7,1109,15.44,1,382,,
2025,4/26/2025,2:00,Full,15 min,as,2:01:06,downstream,71.6,214,10.66,1,382,,
2025,4/26/2025,2:00,Full,15 min,as,2:01:10,downstream,73.8,223,11.74,1,382,,
2025,4/26/2025,2:15,Full,15 min,as,No Fish,,,,,,382,,
2025,4/26/2025,2:30,Full,15 min,as,No Fish,,,,,,382,,
2025,4/26/2025,2:45,Full,15 min,as,No Fish,,,,,,382,,
2025,4/26/2025,3:00,Full,15 min,as,3:07:33,downstream,44,1740,8.8,1,382,,
2025,4/26/2025,3:15,Full,15 min,as,No Fish,,,,,,382,,
2025,4/26/2025,3:30,Full,15 min,as,No Fish,,,,,,382,,
2025,4/26/2025,3:45,Full,15 min,as,3:59:44,downstream,63.4,3549,14.82,1,382,,
2025,4/26/2025,4:00,Full,15 min,as,4:06:01,upstream,64.2,1332,14.69,1,382,,
2025,4/26/2025,4:15,Full,15 min,as,No Fish,,,,,,382,,
2025,4/26/2025,4:30,Full,15 min,as,No Fish,,,,,,382,,
2025,4/26/2025,4:45,Full,15 min,as,No Fish,,,,,,382,,
2025,4/26/2025,5:00,Full,15 min,as,No Fish,,,,,,382,,
2025,4/26/2025,5:15,Full,15 min,as,No Fish,,,,,,382,,
2025,4/26/2025,5:30,Full,15 min,as,5:32:35,upstream,66.2,561,15.14,1,382,,
2025,4/26/2025,5:30,Full,15 min,as,5:34:24,downstream,48.5,989,7.96,1,382,,
2025,4/26/2025,5:45,Full,15 min,as,5:53:28,upstream,72.4,1916,11.15,1,382,,
2025,4/26/2025,6:00,Full,15 min,as,No Fish,,,,,,382,,
2025,4/26/2025,6:15,Full,15 min,as,No Fish,,,,,,382,,
2025,4/26/2025,6:30,Full,15 min,as,No Fish,,,,,,382,,
2025,4/26/2025,6:45,Full,15 min,as,6:52:45,upstream,74.2,1252,9.98,1,382,,
2025,4/26/2025,7:00,Full,15 min,as,No Fish,,,,,,382,,
2025,4/26/2025,7:15,Full,15 min,as,No Fish,,,,,,382,,
2025,4/26/2025,7:30,Full,15 min,as,No Fish,,,,,,382,,
2025,4/26/2025,7:45,Full,15 min,as,No Fish,,,,,,382,,
2025,4/26/2025,8:00,Full,15 min,as,No Fish,,,,,,382,,
2025,4/26/2025,8:15,Full,15 min,as,No Fish,,,,,,382,,
2025,4/26/2025,8:30,Full,15 min,as,8:31:29,downstream,59.8,432,8.69,1,382,,
2025,4/26/2025,8:45,Full,15 min,as,No Fish,,,,,,382,,
2025,4/26/2025,9:00,Full,15 min,as,9:12:26,downstream,58.1,3207,12.75,1,382,,
2025,4/26/2025,9:15,Full,15 min,as,No Fish,,,,,,382,,
2025,4/26/2025,9:30,Full,15 min,as,No Fish,,,,,,382,,
2025,4/26/2025,9:45,Full,15 min,as,No Fish,,,,,,382,,
2025,4/26/2025,10:00,Full,15 min,as,No Fish,,,,,,382,,
2025,4/26/2025,10:15,Full,15 min,as,No Fish,,,,,,382,,
2025,4/26/2025,10:30,Full,15 min,as,No Fish,,,,,,382,,
2025,4/26/2025,10:45,Full,15 min,as,No Fish,,,,,,382,,
2025,4/26/2025,11:00,Full,15 min,as,No Fish,,,,,,382,,
2025,4/26/2025,11:15,Full,15 min,as,No Fish,,,,,,382,,
2025,4/26/2025,11:30,Full,15 min,as,No Fish,,,,,,382,,
2025,4/26/2025,11:45,Full,15 min,as,No Fish,,,,,,382,,
2025,4/26/2025,12:00,Full,15 min,as,No Fish,,,,,,382,,
2025,4/26/2025,12:15,Full,15 min,as,No Fish,,,,,,382,,
2025,4/26/2025,12:30,Full,15 min,as,No Fish,,,,,,382,,
2025,4/26/2025,12:45,Full,15 min,as,No Fish,,,,,,382,,
2025,4/26/2025,13:00,Full,15 min,as,No Fish,,,,,,382,,
2025,4/26/2025,13:15,Full,15 min,as,No Fish,,,,,,382,,
2025,4/26/2025,13:30,Full,15 min,as,No Fish,,,,,,382,,
2025,4/26/2025,13:45,Full,15 min,as,No Fish,,,,,,382,,
2025,4/26/2025,14:00,Full,15 min,as,No Fish,,,,,,382,,
2025,4/26/2025,14:15,Full,15 min,as,No Fish,,,,,,382,,
2025,4/26/2025,14:30,Full,15 min,as,No Fish,,,,,,382,,
2025,4/26/2025,14:45,Full,15 min,as,No Fish,,,,,,382,,
2025,4/26/2025,15:00,Full,15 min,as,No Fish,,,,,,382,,
2025,4/26/2025,15:15,Full,15 min,as,No Fish,,,,,,382,,
2025,4/26/2025,15:30,Full,15 min,as,No Fish,,,,,,382,,
2025,4/26/2025,15:45,Full,15 min,as,No Fish,,,,,,382,,
2025,4/26/2025,16:00,Full,15 min,as,No Fish,,,,,,382,,
2025,4/26/2025,16:15,Full,15 min,as,No Fish,,,,,,382,,
2025,4/26/2025,16:30,Full,15 min,as,No Fish,,,,,,382,,
2025,4/26/2025,16:45,Full,15 min,as,No Fish,,,,,,382,,
2025,4/26/2025,17:00,Full,15 min,as,No Fish,,,,,,382,,
2025,4/26/2025,17:15,Full,15 min,as,No Fish,,,,,,382,,
2025,4/26/2025,17:30,Full,15 min,as,No Fish,,,,,,382,,
2025,4/26/2025,17:45,Full,15 min,as,No Fish,,,,,,382,,
2025,4/26/2025,18:00,Full,15 min,as,No Fish,,,,,,382,,
2025,4/26/2025,18:15,Full,15 min,as,No Fish,,,,,,382,,
2025,4/26/2025,18:30,Full,15 min,as,No Fish,,,,,,382,,
2025,4/26/2025,18:45,Full,15 min,as,No Fish,,,,,,382,,
2025,4/26/2025,19:00,Full,15 min,as,No Fish,,,,,,382,,
2025,4/26/2025,19:15,Full,15 min,as,No Fish,,,,,,382,,
2025,4/26/2025,19:30,Full,15 min,as,No Fish,,,,,,382,,
2025,4/26/2025,19:45,Full,15 min,as,No Fish,,,,,,382,,
2025,4/26/2025,20:00,Full,15 min,as,No Fish,,,,,,382,,
2025,4/26/2025,20:15,Full,15 min,as,20:17:19,downstream,41.7,254,6.57,1,382,,
2025,4/26/2025,20:30,Full,15 min,as,20:35:32,downstream,42.9,885,6.4,1,382,,
2025,4/26/2025,20:30,Full,15 min,as,20:44:31,downstream,39.9,3099,9.72,1,382,,
2025,4/26/2025,20:45,Full,15 min,as,20:54:15,downstream,61.4,2154,14.65,1,382,,
2025,4/26/2025,21:00,Full,15 min,as,No Fish,,,,,,382,,
2025,4/26/2025,21:15,Full,15 min,as,21:23:28,downstream,80.4,1912,7.04,1,382,,
2025,4/26/2025,21:15,Full,15 min,as,21:23:28,downstream,63.4,1916,7.33,1,382,,
2025,4/26/2025,21:15,Full,15 min,as,21:25:56,upstream,64.7,2479,11.17,1,382,,
2025,4/26/2025,21:30,Full,15 min,as,No Fish,,,,,,382,,
2025,4/26/2025,21:45,Full,15 min,as,21:53:15,upstream,61.1,1710,17.42,1,382,,
2025,4/26/2025,21:45,Full,15 min,as,21:55:35,downstream,57.7,2213,15.93,1,382,,
2025,4/26/2025,22:00,Full,15 min,as,No Fish,,,,,,382,,
2025,4/26/2025,22:15,Full,15 min,as,No Fish,,,,,,382,,
2025,4/26/2025,22:30,Full,15 min,as,22:36:55,upstream,69,1355,18.26,1,382,,
2025,4/26/2025,22:30,Full,15 min,as,22:44:45,upstream,48.1,2920,17.59,1,382,,
2025,4/26/2025,22:45,Full,15 min,as,22:57:22,upstream,77.1,2663,10.08,1,382,,
2025,4/26/2025,23:00,Full,15 min,as,23:04:10,downstream,76.3,981,6.96,1,382,,
2025,4/26/2025,23:15,Full,15 min,as,23:16:07,upstream,69.8,285,15.45,1,382,,
2025,4/26/2025,23:30,Full,15 min,as,23:40:46,downstream,77.9,2606,15.7,1,382,,
2025,4/26/2025,23:45,Full,15 min,as,No Fish,,,,,,382,,
2025,4/27/2025,0:00,Full,15 min,as,No Fish,,,,,,407,,
2025,4/27/2025,0:15,Full,15 min,as,No Fish,,,,,,407,,
2025,4/27/2025,0:30,Full,15 min,as,No Fish,,,,,,407,,
2025,4/27/2025,0:45,Full,15 min,as,No Fish,,,,,,407,,
2025,4/27/2025,1:00,Full,15 min,as,1:14:27,downstream,65.2,1633,15.57,1,407,,
2025,4/27/2025,1:15,Full,15 min,as,No Fish,,,,,,407,,
2025,4/27/2025,1:30,Full,15 min,as,1:38:44,upstream,64.8,549,18.34,1,407,,
2025,4/27/2025,1:45,Full,15 min,as,No Fish,,,,,,407,,
2025,4/27/2025,2:00,Full,15 min,as,No Fish,,,,,,407,,
2025,4/27/2025,2:15,Full,15 min,as,No Fish,,,,,,407,,
2025,4/27/2025,2:30,Full,15 min,as,No Fish,,,,,,407,,
2025,4/27/2025,2:45,Full,15 min,as,2:49:06,upstream,73.4,872,15.49,1,407,,
2025,4/27/2025,3:00,Full,15 min,as,No Fish,,,,,,407,,
2025,4/27/2025,3:15,Full,15 min,as,No Fish,,,,,,407,,
2025,4/27/2025,3:30,Full,15 min,as,No Fish,,,,,,407,,
2025,4/27/2025,3:45,Full,15 min,as,No Fish,,,,,,407,,
2025,4/27/2025,4:00,Full,15 min,as,No Fish,,,,,,407,,
2025,4/27/2025,4:15,Full,15 min,as,No Fish,,,,,,407,,
2025,4/27/2025,4:30,Full,15 min,as,No Fish,,,,,,407,,
2025,4/27/2025,4:45,Full,15 min,as,No Fish,,,,,,407,,
2025,4/27/2025,5:00,Full,15 min,as,No Fish,,,,,,407,,
2025,4/27/2025,5:15,Full,15 min,as,No Fish,,,,,,407,,
2025,4/27/2025,5:30,Full,15 min,as,5:41:40,upstream,56,2212,11.48,1,407,,
2025,4/27/2025,5:45,Full,15 min,as,5:47:38,upstream,80.3,481,14.17,1,407,,
2025,4/27/2025,6:00,Full,15 min,as,No Fish,,,,,,407,,
2025,4/27/2025,6:15,Full,15 min,as,6:19:30,downstream,49.8,672,11.31,1,407,,
2025,4/27/2025,6:30,Full,15 min,as,No Fish,,,,,,407,,
2025,4/27/2025,6:45,Full,15 min,as,No Fish,,,,,,407,,
2025,4/27/2025,7:00,Full,15 min,as,No Fish,,,,,,407,,
2025,4/27/2025,7:15,Full,15 min,as,No Fish,,,,,,407,,
2025,4/27/2025,7:30,Full,15 min,as,No Fish,,,,,,407,,
2025,4/27/2025,7:45,Full,15 min,as,No Fish,,,,,,407,,
2025,4/27/2025,8:00,Full,15 min,as,No Fish,,,,,,407,,
2025,4/27/2025,8:15,Full,15 min,as,No Fish,,,,,,407,,
2025,4/27/2025,8:30,Full,15 min,as,No Fish,,,,,,407,,
2025,4/27/2025,8:45,Full,15 min,as,No Fish,,,,,,407,,
2025,4/27/2025,9:00,Full,15 min,as,No Fish,,,,,,407,,
2025,4/27/2025,9:15,Full,15 min,as,No Fish,,,,,,407,,
2025,4/27/2025,9:30,Full,15 min,as,No Fish,,,,,,407,,
2025,4/27/2025,9:45,Full,15 min,as,No Fish,,,,,,407,,
2025,4/27/2025,10:00,Full,15 min,as,No Fish,,,,,,407,,
2025,4/27/2025,10:15,Full,15 min,as,No Fish,,,,,,407,,
2025,4/27/2025,10:30,Full,15 min,as,No Fish,,,,,,407,,
2025,4/27/2025,10:45,Full,15 min,as,No Fish,,,,,,407,,
2025,4/27/2025,11:00,Full,15 min,as,No Fish,,,,,,407,,
2025,4/27/2025,11:15,Full,15 min,as,No Fish,,,,,,407,,
2025,4/27/2025,11:30,Full,15 min,as,No Fish,,,,,,407,,
2025,4/27/2025,11:45,Full,15 min,as,No Fish,,,,,,407,,
2025,4/27/2025,12:00,Full,15 min,as,No Fish,,,,,,407,,
2025,4/27/2025,12:15,Full,15 min,as,No Fish,,,,,,407,,
2025,4/27/2025,12:30,Full,15 min,as,No Fish,,,,,,407,,
2025,4/27/2025,12:45,Full,15 min,as,No Fish,,,,,,407,,
2025,4/27/2025,13:00,Full,15 min,as,No Fish,,,,,,407,,
2025,4/27/2025,13:15,Full,15 min,as,No Fish,,,,,,407,,
2025,4/27/2025,13:30,Full,15 min,as,No Fish,,,,,,407,,
2025,4/27/2025,13:45,Full,15 min,as,No Fish,,,,,,407,,
2025,4/27/2025,14:00,Full,15 min,as,No Fish,,,,,,407,,
2025,4/27/2025,14:15,Full,15 min,as,No Fish,,,,,,407,,
2025,4/27/2025,14:30,Full,15 min,as,No Fish,,,,,,407,,
2025,4/27/2025,14:45,Full,15 min,as,No Fish,,,,,,407,,
2025,4/27/2025,15:00,Full,15 min,as,No Fish,,,,,,407,,
2025,4/27/2025,15:15,Full,15 min,as,No Fish,,,,,,407,,
2025,4/27/2025,15:30,Full,15 min,as,No Fish,,,,,,407,,
2025,4/27/2025,15:45,Full,15 min,as,No Fish,,,,,,407,,
2025,4/27/2025,16:00,Full,15 min,as,No Fish,,,,,,407,,
2025,4/27/2025,16:15,Full,15 min,as,No Fish,,,,,,407,,
2025,4/27/2025,16:30,Full,15 min,as,No Fish,,,,,,407,,
2025,4/27/2025,16:45,Full,15 min,as,No Fish,,,,,,407,,
2025,4/27/2025,17:00,Full,15 min,as,No Fish,,,,,,407,,
2025,4/27/2025,17:15,Full,15 min,as,No Fish,,,,,,407,,
2025,4/27/2025,17:30,Full,15 min,as,No Fish,,,,,,407,,
2025,4/27/2025,17:45,Full,15 min,as,No Fish,,,,,,407,,
2025,4/27/2025,18:00,Full,15 min,as,No Fish,,,,,,407,,
2025,4/27/2025,18:15,Full,15 min,as,No Fish,,,,,,407,,
2025,4/27/2025,18:30,Full,15 min,as,No Fish,,,,,,407,,
2025,4/27/2025,18:45,Full,15 min,as,No Fish,,,,,,407,,
2025,4/27/2025,19:00,Full,15 min,as,No Fish,,,,,,407,,
2025,4/27/2025,19:15,Full,15 min,as,No Fish,,,,,,407,,
2025,4/27/2025,19:30,Full,15 min,as,No Fish,,,,,,407,,
2025,4/27/2025,19:45,Full,15 min,as,No Fish,,,,,,407,,
2025,4/27/2025,20:00,Full,15 min,as,No Fish,,,,,,407,,
2025,4/27/2025,20:15,Full,15 min,as,No Fish,,,,,,407,,
2025,4/27/2025,20:30,Full,15 min,as,No Fish,,,,,,407,,
2025,4/27/2025,20:45,Full,15 min,as,No Fish,,,,,,407,,
2025,4/27/2025,21:00,Full,15 min,as,No Fish,,,,,,407,,
2025,4/27/2025,21:15,Full,15 min,as,No Fish,,,,,,407,,
2025,4/27/2025,21:30,Full,15 min,as,No Fish,,,,,,407,,
2025,4/27/2025,21:45,Full,15 min,as,21:52:23,upstream,66.6,1576,10.94,1,407,,
2025,4/27/2025,22:00,Full,15 min,as,No Fish,,,,,,407,,
2025,4/27/2025,22:15,Full,15 min,as,No Fish,,,,,,407,,
2025,4/27/2025,22:30,Full,15 min,as,No Fish,,,,,,407,,
2025,4/27/2025,22:45,Full,15 min,as,No Fish,,,,,,407,,
2025,4/27/2025,23:00,Full,15 min,as,No Fish,,,,,,407,,
2025,4/27/2025,23:15,Full,15 min,as,No Fish,,,,,,407,,
2025,4/27/2025,23:30,Full,15 min,as,No Fish,,,,,,407,,
2025,4/27/2025,23:45,Full,15 min,as,No Fish,,,,,,407,,
2025,4/28/2025,0:00,Full,15 min,as,No Fish,,,,,,423,,
2025,4/28/2025,0:15,Full,15 min,as,No Fish,,,,,,423,,
2025,4/28/2025,0:30,Full,15 min,as,No Fish,,,,,,423,,
2025,4/28/2025,0:45,Full,15 min,as,No Fish,,,,,,423,,
2025,4/28/2025,1:00,Full,15 min,as,No Fish,,,,,,423,,
2025,4/28/2025,1:15,Full,15 min,as,1:23:28,upstream,69.8,1154,16.09,1,423,,
2025,4/28/2025,1:30,Full,15 min,as,No Fish,,,,,,423,,
2025,4/28/2025,1:45,Full,15 min,as,No Fish,,,,,,423,,
2025,4/28/2025,2:00,Full,15 min,as,No Fish,,,,,,423,,
2025,4/28/2025,2:15,Full,15 min,as,No Fish,,,,,,423,,
2025,4/28/2025,2:30,Full,15 min,as,No Fish,,,,,,423,,
2025,4/28/2025,2:45,Full,15 min,as,No Fish,,,,,,423,,
2025,4/28/2025,3:00,Full,15 min,as,No Fish,,,,,,423,,
2025,4/28/2025,3:15,Full,15 min,as,No Fish,,,,,,423,,
2025,4/28/2025,3:30,Full,15 min,as,No Fish,,,,,,423,,
2025,4/28/2025,3:45,Full,15 min,as,No Fish,,,,,,423,,
2025,4/28/2025,4:00,Full,15 min,as,No Fish,,,,,,423,,
2025,4/28/2025,4:15,Full,15 min,as,No Fish,,,,,,423,,
2025,4/28/2025,4:30,Full,15 min,as,No Fish,,,,,,423,,
2025,4/28/2025,4:45,Full,15 min,as,No Fish,,,,,,423,,
2025,4/28/2025,5:00,Full,15 min,as,No Fish,,,,,,423,,
2025,4/28/2025,5:15,Full,15 min,as,No Fish,,,,,,423,,
2025,4/28/2025,5:30,Full,15 min,as,No Fish,,,,,,423,,
2025,4/28/2025,5:45,Full,15 min,as,No Fish,,,,,,423,,
2025,4/28/2025,6:00,Full,15 min,as,No Fish,,,,,,423,,
2025,4/28/2025,6:15,Full,15 min,as,No Fish,,,,,,423,,
2025,4/28/2025,6:30,Full,15 min,as,No Fish,,,,,,423,,
2025,4/28/2025,6:45,Full,15 min,as,No Fish,,,,,,423,,
2025,4/28/2025,7:00,Full,15 min,as,No Fish,,,,,,423,,
2025,4/28/2025,7:15,Full,15 min,as,No Fish,,,,,,423,,
2025,4/28/2025,7:30,Full,15 min,as,No Fish,,,,,,423,,
2025,4/28/2025,7:45,Full,15 min,as,No Fish,,,,,,423,,
2025,4/28/2025,8:00,Full,15 min,as,No Fish,,,,,,423,,
2025,4/28/2025,8:15,Full,15 min,as,No Fish,,,,,,423,,
2025,4/28/2025,8:30,Full,15 min,as,No Fish,,,,,,423,,
2025,4/28/2025,8:45,Full,15 min,as,No Fish,,,,,,423,,
2025,4/28/2025,9:00,Full,15 min,as,No Fish,,,,,,423,,
2025,4/28/2025,9:15,Full,15 min,as,9:29:00,upstream,72.9,2399,12.6,1,423,,
2025,4/28/2025,9:30,Full,15 min,as,No Fish,,,,,,423,,
2025,4/28/2025,9:45,Full,15 min,as,No Fish,,,,,,423,,
2025,4/28/2025,10:00,Full,15 min,as,No Fish,,,,,,423,,
2025,4/28/2025,10:15,Full,15 min,as,No Fish,,,,,,423,,
2025,4/28/2025,10:30,Full,15 min,as,No Fish,,,,,,423,,
2025,4/28/2025,10:45,Full,15 min,as,No Fish,,,,,,423,,
2025,4/28/2025,11:00,Full,15 min,as,No Fish,,,,,,423,,
2025,4/28/2025,11:15,Full,15 min,as,11:15:02,downstream,39.1,3,9.18,1,423,,
2025,4/28/2025,11:15,Full,15 min,as,11:15:02,downstream,47.5,5,9.58,1,423,,
2025,4/28/2025,11:15,Full,15 min,as,11:15:05,downstream,51.7,16,8.63,1,423,,
2025,4/28/2025,11:30,Full,15 min,as,No Fish,,,,,,423,,
2025,4/28/2025,11:45,Full,15 min,as,No Fish,,,,,,423,,
2025,4/28/2025,12:00,Full,15 min,as,No Fish,,,,,,423,,
2025,4/28/2025,12:15,Full,15 min,as,12:23:36,downstream,70.4,1540,3.7,1,423,,
2025,4/28/2025,12:30,Full,15 min,as,No Fish,,,,,,423,,
2025,4/28/2025,12:45,Full,15 min,as,No Fish,,,,,,423,,
2025,4/28/2025,13:00,Full,15 min,as,No Fish,,,,,,423,,
2025,4/28/2025,13:15,Full,15 min,as,13:24:54,upstream,70.9,991,10.25,1,423,,
2025,4/28/2025,13:30,Full,15 min,as,No Fish,,,,,,423,,
2025,4/28/2025,13:45,Full,15 min,as,No Fish,,,,,,423,,
2025,4/28/2025,14:00,Partial,14:00 to 14:05,as,No Fish,,,,,,423,,
2025,4/28/2025,14:15,No Data,No Data,as,,,,,,,423,,
2025,4/28/2025,14:30,No Data,No Data,as,,,,,,,423,,
2025,4/28/2025,14:45,No Data,No Data,as,,,,,,,423,,
2025,4/28/2025,15:00,No Data,No Data,as,,,,,,,423,,
2025,4/28/2025,15:15,No Data,No Data,as,,,,,,,423,,
2025,4/28/2025,15:30,No Data,No Data,as,,,,,,,423,,
2025,4/28/2025,15:45,Partial,15:15 to 16:00,as,No Fish,,,,,,423,,
2025,4/28/2025,16:00,Full,15 min,as,No Fish,,,,,,423,,
2025,4/28/2025,16:15,Full,15 min,as,No Fish,,,,,,423,,
2025,4/28/2025,16:30,Full,15 min,as,No Fish,,,,,,423,,
2025,4/28/2025,16:45,Full,15 min,as,No Fish,,,,,,423,,
2025,4/28/2025,17:00,Full,15 min,as,No Fish,,,,,,423,,
2025,4/28/2025,17:15,Full,15 min,as,No Fish,,,,,,423,,
2025,4/28/2025,17:30,Full,15 min,as,No Fish,,,,,,423,,
2025,4/28/2025,17:45,Full,15 min,as,No Fish,,,,,,423,,
2025,4/28/2025,18:00,Full,15 min,as,No Fish,,,,,,423,,
2025,4/28/2025,18:15,Full,15 min,as,18:28:39,upstream,75.4,4352,13.41,1,423,,
2025,4/28/2025,18:30,Full,15 min,as,No Fish,,,,,,423,,
2025,4/28/2025,18:45,Full,15 min,as,No Fish,,,,,,423,,
2025,4/28/2025,19:00,Full,15 min,as,No Fish,,,,,,423,,
2025,4/28/2025,19:15,Full,15 min,as,No Fish,,,,,,423,,
2025,4/28/2025,19:30,Full,15 min,as,No Fish,,,,,,423,,
2025,4/28/2025,19:45,Full,15 min,as,No Fish,,,,,,423,,
2025,4/28/2025,20:00,Full,15 min,as,No Fish,,,,,,423,,
2025,4/28/2025,20:15,Full,15 min,as,No Fish,,,,,,423,,
2025,4/28/2025,20:30,Full,15 min,as,No Fish,,,,,,423,,
2025,4/28/2025,20:45,Full,15 min,as,No Fish,,,,,,423,,
2025,4/28/2025,21:00,Full,15 min,as,No Fish,,,,,,423,,
2025,4/28/2025,21:15,Full,15 min,as,No Fish,,,,,,423,,
2025,4/28/2025,21:30,Full,15 min,as,21:32:12,upstream,149.4,695,9.4,3,423,seal,
2025,4/28/2025,21:45,Full,15 min,as,No Fish,,,,,,423,,
2025,4/28/2025,22:00,Full,15 min,as,22:11:56,upstream,75.3,3792,10.41,1,423,,
2025,4/28/2025,22:15,Full,15 min,as,No Fish,,,,,,423,,
2025,4/28/2025,22:30,Full,15 min,as,22:43:45,upstream,62.4,4372,14.05,1,423,,
2025,4/28/2025,22:45,Full,15 min,as,No Fish,,,,,,423,,
2025,4/28/2025,23:00,Full,15 min,as,No Fish,,,,,,423,,
2025,4/28/2025,23:15,Full,15 min,as,No Fish,,,,,,423,,
2025,4/28/2025,23:30,Full,15 min,as,No Fish,,,,,,423,,
2025,4/28/2025,23:45,Full,15 min,as,No Fish,,,,,,423,,
,5/1/2025,0:00,Full,15 min,as,No Fish,,,,,,,,
,5/1/2025,0:15,Full,15 min,as,No Fish,,,,,,,,
,5/1/2025,0:30,Full,15 min,as,No Fish,,,,,,,,
,5/1/2025,0:45,Full,15 min,as,No Fish,,,,,,,,
,5/1/2025,1:00,Full,15 min,as,No Fish,,,,,,,,
,5/1/2025,1:15,Full,15 min,as,No Fish,,,,,,,,
,5/1/2025,1:30,Full,15 min,as,No Fish,,,,,,,,
,5/1/2025,1:45,Full,15 min,as,No Fish,,,,,,,,
,5/1/2025,2:00,Full,15 min,as,No Fish,,,,,,,,
,5/1/2025,2:15,Full,15 min,as,No Fish,,,,,,,,
,5/1/2025,2:30,Full,15 min,as,No Fish,,,,,,,,
,5/1/2025,2:45,Full,15 min,as,No Fish,,,,,,,,
,5/1/2025,3:00,Full,15 min,as,No Fish,,,,,,,,
,5/1/2025,3:15,Full,15 min,as,No Fish,,,,,,,,
,5/1/2025,3:30,Full,15 min,as,No Fish,,,,,,,,
,5/1/2025,3:45,Full,15 min,as,No Fish,,,,,,,,
,5/1/2025,4:00,Full,15 min,as,4:08:35,upstream,60.6,2781,11.72,1,,,
,5/1/2025,4:15,Full,15 min,as,No Fish,,,,,,,,
,5/1/2025,4:30,Full,15 min,as,No Fish,,,,,,,,
,5/1/2025,4:45,Full,15 min,as,No Fish,,,,,,,,
,5/1/2025,5:00,Full,15 min,as,No Fish,,,,,,,,
,5/1/2025,5:15,Full,15 min,as,No Fish,,,,,,,,
,5/1/2025,5:30,Full,15 min,as,No Fish,,,,,,,,
,5/1/2025,5:45,Full,15 min,as,No Fish,,,,,,,,
,5/1/2025,6:00,Full,15 min,as,No Fish,,,,,,,,
,5/1/2025,6:15,Full,15 min,as,No Fish,,,,,,,,
,5/1/2025,6:30,Full,15 min,as,No Fish,,,,,,,,
,5/1/2025,6:45,Full,15 min,as,No Fish,,,,,,,,
,5/1/2025,7:00,Full,15 min,as,No Fish,,,,,,,,
,5/1/2025,7:15,Full,15 min,as,No Fish,,,,,,,,
,5/1/2025,7:30,Full,15 min,as,No Fish,,,,,,,,
,5/1/2025,7:45,Full,15 min,as,No Fish,,,,,,,,
,5/1/2025,8:00,Full,15 min,as,No Fish,,,,,,,,
,5/1/2025,8:15,Full,15 min,as,No Fish,,,,,,,,
,5/1/2025,8:30,Full,15 min,as,No Fish,,,,,,,,
,5/1/2025,8:45,Full,15 min,as,No Fish,,,,,,,,
,5/1/2025,9:00,Full,15 min,as,No Fish,,,,,,,,
,5/1/2025,9:15,Full,15 min,as,No Fish,,,,,,,,
,5/1/2025,9:30,Full,15 min,as,No Fish,,,,,,,,
,5/1/2025,9:45,partial,,as,No Fish,,,,,,,,
,5/1/2025,10:00,partial,,as,No Fish,,,,,,,,
,5/1/2025,10:15,Full,15 min,as,10:19:35,upstream,67.3,1381,14.35,1,,,
,5/1/2025,10:30,Full,15 min,as,No Fish,,,,,,,,
,5/1/2025,10:45,Full,15 min,as,No Fish,,,,,,,,
,5/1/2025,11:00,Full,15 min,as,No Fish,,,,,,,,
,5/1/2025,11:15,Full,15 min,as,No Fish,,,,,,,,
,5/1/2025,11:30,Full,15 min,as,No Fish,,,,,,,,
,5/1/2025,11:45,Full,15 min,as,No Fish,,,,,,,,
,5/1/2025,12:00,Full,15 min,as,No Fish,,,,,,,,
,5/1/2025,12:15,Full,15 min,as,No Fish,,,,,,,,
,5/1/2025,12:30,Full,15 min,as,No Fish,,,,,,,,
,5/1/2025,12:45,Full,15 min,as,No Fish,,,,,,,,
,5/1/2025,13:00,Full,15 min,as,No Fish,,,,,,,,
,5/1/2025,13:15,Full,15 min,as,No Fish,,,,,,,,
,5/1/2025,13:30,Full,15 min,as,No Fish,,,,,,,,
,5/1/2025,13:45,Full,15 min,as,No Fish,,,,,,,,
,5/1/2025,14:00,Full,15 min,as,No Fish,,,,,,,,
,5/1/2025,14:15,Full,15 min,as,No Fish,,,,,,,,
,5/1/2025,14:30,Full,15 min,as,No Fish,,,,,,,,
,5/1/2025,14:45,Full,15 min,as,No Fish,,,,,,,,
,5/1/2025,15:00,Full,15 min,as,No Fish,,,,,,,,
,5/1/2025,15:15,Full,15 min,as,No Fish,,,,,,,,
,5/1/2025,15:30,Full,15 min,as,No Fish,,,,,,,,
,5/1/2025,15:45,Full,15 min,as,No Fish,,,,,,,,
,5/1/2025,16:00,Full,15 min,as,No Fish,,,,,,,,
,5/1/2025,16:15,Full,15 min,as,No Fish,,,,,,,,
,5/1/2025,16:30,Full,15 min,as,No Fish,,,,,,,,
,5/1/2025,16:45,Full,15 min,as,No Fish,,,,,,,,
,5/1/2025,17:00,Full,15 min,as,No Fish,,,,,,,,
,5/1/2025,17:15,Full,15 min,as,No Fish,,,,,,,,
,5/1/2025,17:30,Full,15 min,as,No Fish,,,,,,,,
,5/1/2025,17:45,Full,15 min,as,No Fish,,,,,,,,
,5/1/2025,18:00,Full,15 min,as,No Fish,,,,,,,,
,5/1/2025,18:15,Full,15 min,as,No Fish,,,,,,,,
,5/1/2025,18:30,Full,15 min,as,No Fish,,,,,,,,
,5/1/2025,18:45,Full,15 min,as,No Fish,,,,,,,,
,5/1/2025,19:00,Full,15 min,as,No Fish,,,,,,,,
,5/1/2025,19:15,Full,15 min,as,No Fish,,,,,,,,
,5/1/2025,19:30,Full,15 min,as,No Fish,,,,,,,,
,5/1/2025,19:45,Full,15 min,as,No Fish,,,,,,,,
,5/1/2025,20:00,Full,15 min,as,No Fish,,,,,,,,
,5/1/2025,20:15,Full,15 min,as,No Fish,,,,,,,,
,5/1/2025,20:30,Full,15 min,as,20:30:55,downstream,54.1,277,15.19,1,,,
,5/1/2025,20:30,Full,15 min,as,20:35:54,downstream,67.5,1877,9.7,1,,,
,5/1/2025,20:30,Full,15 min,as,20:39:05,upstream,65.8,2889,15.19,1,,,
,5/1/2025,20:45,Full,15 min,as,20:52:25,upstream,70.5,2370,9.68,1,,,
,5/1/2025,21:00,Full,15 min,as,No Fish,,,,,,,,
,5/1/2025,21:15,Full,15 min,as,21:26:48,upstream,57.9,3764,13.87,1,,,
,5/1/2025,21:30,Full,15 min,as,No Fish,,,,,,,,
,5/1/2025,21:45,Full,15 min,as,No Fish,,,,,,,,
,5/1/2025,22:00,Full,15 min,as,22:00:23,upstream,73.3,121,12.33,1,,,
,5/1/2025,22:00,Full,15 min,as,22:07:23,upstream,60.8,2345,13.17,1,,,
,5/1/2025,22:15,Full,15 min,as,No Fish,,,,,,,,
,5/1/2025,22:30,Full,15 min,as,No Fish,,,,,,,,
,5/1/2025,22:45,Full,15 min,as,22:50:58,upstream,55.4,1913,10.87,1,,,
,5/1/2025,22:45,Full,15 min,as,22:51:26,upstream,60.7,2062,11.83,1,,,
,5/1/2025,23:00,Full,15 min,as,No Fish,,,,,,,,
,5/1/2025,23:15,Full,15 min,as,No Fish,,,,,,,,
,5/1/2025,23:30,Full,15 min,as,No Fish,,,,,,,,
,5/1/2025,23:45,Full,15 min,as,No Fish,,,,,,,,
,5/2/2025,0:00,Full,15 min,as,No Fish,,,,,,,,
,5/2/2025,0:15,Full,15 min,as,No Fish,,,,,,,,
,5/2/2025,0:30,Full,15 min,as,No Fish,,,,,,,,
,5/2/2025,0:45,Full,15 min,as,No Fish,,,,,,,,
,5/2/2025,1:00,Full,15 min,as,No Fish,,,,,,,,
,5/2/2025,1:15,Full,15 min,as,No Fish,,,,,,,,
,5/2/2025,1:30,Full,15 min,as,No Fish,,,,,,,,
,5/2/2025,1:45,Full,15 min,as,No Fish,,,,,,,,
,5/2/2025,2:00,Full,15 min,as,No Fish,,,,,,,,
,5/2/2025,2:15,Full,15 min,as,No Fish,,,,,,,,
,5/2/2025,2:30,Full,15 min,as,No Fish,,,,,,,,
,5/2/2025,2:45,Full,15 min,as,No Fish,,,,,,,,
,5/2/2025,3:00,Full,15 min,as,No Fish,,,,,,,,
,5/2/2025,3:15,Full,15 min,as,No Fish,,,,,,,,
,5/2/2025,3:30,Full,15 min,as,No Fish,,,,,,,,
,5/2/2025,3:45,Full,15 min,as,No Fish,,,,,,,,
,5/2/2025,4:00,Full,15 min,as,No Fish,,,,,,,,
,5/2/2025,4:15,Full,15 min,as,No Fish,,,,,,,,
,5/2/2025,4:30,Full,15 min,as,No Fish,,,,,,,,
,5/2/2025,4:45,Full,15 min,as,No Fish,,,,,,,,
,5/2/2025,5:00,Full,15 min,as,No Fish,,,,,,,,
,5/2/2025,5:15,Full,15 min,as,5:21:08,upstream,75,1957,14.08,1,,,
,5/2/2025,5:30,Full,15 min,as,No Fish,,,,,,,,
,5/2/2025,5:45,Full,15 min,as,5:48:02,downstream,74.1,965,11.25,1,,,
,5/2/2025,6:00,Full,15 min,as,No Fish,,,,,,,,
,5/2/2025,6:15,Full,15 min,as,6:26:32,downstream,11.25,3679,5.81,1,,,
,5/2/2025,6:30,Full,15 min,as,No Fish,,,,,,,,
,5/2/2025,6:45,Full,15 min,as,No Fish,,,,,,,,
,5/2/2025,7:00,Full,15 min,as,7:05:36,upstream,73.4,1784,7.22,1,,,
,5/2/2025,7:15,Full,15 min,as,No Fish,,,,,,,,
,5/2/2025,7:30,Full,15 min,as,No Fish,,,,,,,,
,5/2/2025,7:45,Full,15 min,as,No Fish,,,,,,,,
,5/2/2025,8:00,Full,15 min,as,No Fish,,,,,,,,
,5/2/2025,8:15,Full,15 min,as,No Fish,,,,,,,,
,5/2/2025,8:30,Full,15 min,as,No Fish,,,,,,,,
,5/2/2025,8:45,Full,15 min,as,No Fish,,,,,,,,
,5/2/2025,9:00,Full,15 min,as,No Fish,,,,,,,,
,5/2/2025,9:15,Full,15 min,as,No Fish,,,,,,,,
,5/2/2025,9:30,Full,15 min,as,No Fish,,,,,,,,
,5/2/2025,9:45,Full,15 min,as,No Fish,,,,,,,,
,5/2/2025,10:00,Full,15 min,as,No Fish,,,,,,,,
,5/2/2025,10:15,Full,15 min,as,No Fish,,,,,,,,
,5/2/2025,10:30,Full,15 min,as,No Fish,,,,,,,,
,5/2/2025,10:45,Full,15 min,as,No Fish,,,,,,,,
,5/2/2025,11:00,Full,15 min,as,No Fish,,,,,,,,
,5/2/2025,11:15,Full,15 min,as,No Fish,,,,,,,,
,5/2/2025,11:30,Full,15 min,as,No Fish,,,,,,,,
,5/2/2025,11:45,Full,15 min,as,No Fish,,,,,,,,
,5/2/2025,12:00,Full,15 min,as,No Fish,,,,,,,,
,5/2/2025,12:15,Full,15 min,as,No Fish,,,,,,,,
,5/2/2025,12:30,Full,15 min,as,No Fish,,,,,,,,
,5/2/2025,12:45,Full,15 min,as,No Fish,,,,,,,,
,5/2/2025,13:00,Full,15 min,as,No Fish,,,,,,,,
,5/2/2025,13:15,Full,15 min,as,No Fish,,,,,,,,
,5/2/2025,13:30,Full,15 min,as,No Fish,,,,,,,,
,5/2/2025,13:45,Full,15 min,as,No Fish,,,,,,,,
,5/2/2025,14:00,Full,15 min,as,No Fish,,,,,,,,
,5/2/2025,14:15,Full,15 min,as,No Fish,,,,,,,,
,5/2/2025,14:30,Full,15 min,as,No Fish,,,,,,,,
,5/2/2025,14:45,Full,15 min,as,No Fish,,,,,,,,
,5/2/2025,15:00,Full,15 min,as,No Fish,,,,,,,,
,5/2/2025,15:15,Full,15 min,as,No Fish,,,,,,,,
,5/2/2025,15:30,Full,15 min,as,No Fish,,,,,,,,
,5/2/2025,15:45,Full,15 min,as,No Fish,,,,,,,,
,5/2/2025,16:00,Full,15 min,as,No Fish,,,,,,,,
,5/2/2025,16:15,Full,15 min,as,16:18:49,upstream,66.4,1234,7.24,1,,,
,5/2/2025,16:30,Full,15 min,as,No Fish,,,,,,,,
,5/2/2025,16:45,Full,15 min,as,No Fish,,,,,,,,
,5/2/2025,17:00,Full,15 min,as,No Fish,,,,,,,,
,5/2/2025,17:15,Full,15 min,as,No Fish,,,,,,,,
,5/2/2025,17:30,Full,15 min,as,No Fish,,,,,,,,
,5/2/2025,17:45,Full,15 min,as,No Fish,,,,,,,,
,5/2/2025,18:00,Full,15 min,as,No Fish,,,,,,,,
,5/2/2025,18:15,Full,15 min,as,18:28:59,upstream,61.2,4564,15.94,1,,,
,5/2/2025,18:30,Full,15 min,as,No Fish,,,,,,,,
,5/2/2025,18:45,Full,15 min,as,No Fish,,,,,,,,
,5/2/2025,19:00,Full,15 min,as,No Fish,,,,,,,,
,5/2/2025,19:15,Full,15 min,as,No Fish,,,,,,,,
,5/2/2025,19:30,Full,15 min,as,No Fish,,,,,,,,
,5/2/2025,19:45,Full,15 min,as,No Fish,,,,,,,,
,5/2/2025,20:00,Full,15 min,as,No Fish,,,,,,,,
,5/2/2025,20:15,Full,15 min,as,No Fish,,,,,,,,
,5/2/2025,20:30,Full,15 min,as,No Fish,,,,,,,,
,5/2/2025,20:45,Full,15 min,as,No Fish,,,,,,,,
,5/2/2025,21:00,Full,15 min,as,No Fish,,,,,,,,
,5/2/2025,21:15,Full,15 min,as,21:26:00,upstream,65.9,3591,12.75,1,,,
,5/2/2025,21:30,Full,15 min,as,No Fish,,,,,,,,
,5/2/2025,21:45,Full,15 min,as,21:46:21,upstream,67.5,435,10.05,1,,,
,5/2/2025,22:00,Full,15 min,as,No Fish,,,,,,,,
,5/2/2025,22:15,Full,15 min,as,No Fish,,,,,,,,
,5/2/2025,22:30,Full,15 min,as,No Fish,,,,,,,,
,5/2/2025,22:45,Full,15 min,as,No Fish,,,,,,,,
,5/2/2025,23:00,Full,15 min,as,No Fish,,,,,,,,
,5/2/2025,23:15,Full,15 min,as,No Fish,,,,,,,,
,5/2/2025,23:30,Full,15 min,as,No Fish,,,,,,,,
,5/2/2025,23:45,Full,15 min,as,No Fish,,,,,,,,
2025,5/6/2025,0:00,Full,15 min,as,No Fish,,,,,,,,
2025,5/6/2025,0:15,Full,15 min,as,No Fish,,,,,,,,
2025,5/6/2025,0:30,Full,15 min,as,No Fish,,,,,,,,
2025,5/6/2025,0:45,Full,15 min,as,No Fish,,,,,,,,
2025,5/6/2025,1:00,Full,15 min,as,1:03:18,downstream,54.5,1068,14.46,1,,,
2025,5/6/2025,1:15,Full,15 min,as,No Fish,,,,,,,,
2025,5/6/2025,1:30,Full,15 min,as,No Fish,,,,,,,,
2025,5/6/2025,1:45,Full,15 min,as,No Fish,,,,,,,,
2025,5/6/2025,2:00,Full,15 min,as,2:00:06,downstream,78.8,30,10.74,3,,otter,
2025,5/6/2025,2:15,Full,15 min,as,No Fish,,,,,,,,
2025,5/6/2025,2:30,Full,15 min,as,2:37:49,downstream,94.9,2544,3.5,3,,otter or beaver,
2025,5/6/2025,2:45,Full,15 min,as,No Fish,,,,,,,,
2025,5/6/2025,3:00,Full,15 min,as,No Fish,,,,,,,,
2025,5/6/2025,3:15,Full,15 min,as,No Fish,,,,,,,,
2025,5/6/2025,3:30,Full,15 min,as,3:40:18,downstream,128.3,3350,9.32,3,,otter,
2025,5/6/2025,3:45,Full,15 min,as,No Fish,,,,,,,,
2025,5/6/2025,4:00,Full,15 min,as,No Fish,,,,,,,,
2025,5/6/2025,4:15,Full,15 min,as,No Fish,,,,,,,,
2025,5/6/2025,4:30,Full,15 min,as,4:38:49,downstream,115.8,2867,8.24,3,,otter,
2025,5/6/2025,4:45,Full,15 min,as,No Fish,,,,,,,,
2025,5/6/2025,5:00,Full,15 min,as,5:01:32,upstream,22.1,492,6.31,3,,small fish,
2025,5/6/2025,5:15,Full,15 min,as,No Fish,,,,,,,,
2025,5/6/2025,5:30,Full,15 min,as,No Fish,,,,,,,,
2025,5/6/2025,5:45,Full,15 min,as,No Fish,,,,,,,,
2025,5/6/2025,6:00,Full,15 min,as,No Fish,,,,,,,,
2025,5/6/2025,6:15,Full,15 min,as,No Fish,,,,,,,,
2025,5/6/2025,6:30,Full,15 min,as,No Fish,,,,,,,,
2025,5/6/2025,6:45,Full,15 min,as,No Fish,,,,,,,,
2025,5/6/2025,7:00,Full,15 min,as,No Fish,,,,,,,,
2025,5/6/2025,7:15,Full,15 min,as,No Fish,,,,,,,,
2025,5/6/2025,7:30,Full,15 min,as,7:31:43,upstream,73.3,544,13.38,1,,,
2025,5/6/2025,7:30,Full,15 min,as,7:43:33,upstream,44.3,4344,14.24,1,,,
2025,5/6/2025,7:45,Full,15 min,as,No Fish,,,,,,,,
2025,5/6/2025,8:00,Full,15 min,as,No Fish,,,,,,,,
2025,5/6/2025,8:15,Full,15 min,as,No Fish,,,,,,,,
2025,5/6/2025,8:30,Full,15 min,as,8:43:37,lingering,31.5,4009,14.7,3,,small fish lingering,
2025,5/6/2025,8:45,Full,15 min,as,No Fish,,,,,,,,
2025,5/6/2025,9:00,Full,15 min,as,No Fish,,,,,,,,
2025,5/6/2025,9:15,Full,15 min,as,No Fish,,,,,,,,
2025,5/6/2025,9:30,Full,15 min,as,No Fish,,,,,,,,
2025,5/6/2025,9:45,Full,15 min,as,No Fish,,,,,,,,
2025,5/6/2025,10:00,Full,15 min,as,No Fish,,,,,,,,
2025,5/6/2025,10:15,Full,15 min,as,No Fish,,,,,,,,
2025,5/6/2025,10:30,Full,15 min,as,No Fish,,,,,,,,
2025,5/6/2025,10:45,Full,15 min,as,No Fish,,,,,,,,
2025,5/6/2025,11:00,Full,15 min,as,No Fish,,,,,,,,
2025,5/6/2025,11:15,Full,15 min,as,No Fish,,,,,,,,
2025,5/6/2025,11:30,Full,15 min,as,No Fish,,,,,,,,
2025,5/6/2025,11:45,Full,15 min,as,No Fish,,,,,,,,
2025,5/6/2025,12:00,Full,15 min,as,No Fish,,,,,,,,
2025,5/6/2025,12:15,Full,15 min,as,No Fish,,,,,,,,
2025,5/6/2025,12:30,Full,15 min,as,No Fish,,,,,,,,
2025,5/6/2025,12:45,Full,15 min,as,No Fish,,,,,,,,
2025,5/6/2025,13:00,Full,15 min,as,No Fish,,,,,,,,
2025,5/6/2025,13:15,Full,15 min,as,No Fish,,,,,,,,
2025,5/6/2025,13:30,Full,15 min,as,No Fish,,,,,,,,
2025,5/6/2025,13:45,Full,15 min,as,No Fish,,,,,,,,
2025,5/6/2025,14:00,Full,15 min,as,No Fish,,,,,,,,
2025,5/6/2025,14:15,Full,15 min,as,No Fish,,,,,,,,
2025,5/6/2025,14:30,Full,15 min,as,No Fish,,,,,,,,
2025,5/6/2025,14:45,Full,15 min,as,No Fish,,,,,,,,
2025,5/6/2025,15:00,Full,15 min,as,No Fish,,,,,,,,
2025,5/6/2025,15:15,Full,15 min,as,No Fish,,,,,,,,
2025,5/6/2025,15:30,Full,15 min,as,No Fish,,,,,,,,
2025,5/6/2025,15:45,Full,15 min,as,No Fish,,,,,,,,
2025,5/6/2025,16:00,Full,15 min,as,No Fish,,,,,,,,
2025,5/6/2025,16:15,Full,15 min,as,No Fish,,,,,,,,
2025,5/6/2025,16:30,Full,15 min,as,No Fish,,,,,,,,
2025,5/6/2025,16:45,Full,15 min,as,16:55:58,downstream,52.2,3568,12.91,1,,,
2025,5/6/2025,17:00,Full,15 min,as,No Fish,,,,,,,,
2025,5/6/2025,17:15,Full,15 min,as,17:18:34,downstream,33.4,1116,8.52,3,,fish less than 35cm,
2025,5/6/2025,17:15,Full,15 min,as,17:18:34,downstream,25.3,1116,8.74,3,,fish less than 35cm,
2025,5/6/2025,17:30,Full,15 min,as,No Fish,,,,,,,,
2025,5/6/2025,17:45,Full,15 min,as,No Fish,,,,,,,,
2025,5/6/2025,18:00,Full,15 min,as,No Fish,,,,,,,,
2025,5/6/2025,18:15,Full,15 min,as,No Fish,,,,,,,,
2025,5/6/2025,18:30,Full,15 min,as,No Fish,,,,,,,,
2025,5/6/2025,18:45,Full,15 min,as,No Fish,,,,,,,,
2025,5/6/2025,19:00,Full,15 min,as,No Fish,,,,,,,,
2025,5/6/2025,19:15,Full,15 min,as,No Fish,,,,,,,,
2025,5/6/2025,19:30,Full,15 min,as,No Fish,,,,,,,,
2025,5/6/2025,19:45,Full,15 min,as,19:49:59,downstream,36.6,1617,1617,1,,,
2025,5/6/2025,20:00,Full,15 min,as,No Fish,,,,,,,,
2025,5/6/2025,20:15,Full,15 min,as,No Fish,,,,,,,,
2025,5/6/2025,20:30,Full,15 min,as,20:42:05,downstream,99.1,3930,5.48,3,,five otters move downstream together,
2025,5/6/2025,20:45,Full,15 min,as,No Fish,,,,,,,,
2025,5/6/2025,21:00,Full,15 min,as,No Fish,,,,,,,,
2025,5/6/2025,21:15,Full,15 min,as,No Fish,,,,,,,,
2025,5/6/2025,21:30,Full,15 min,as,No Fish,,,,,,,,
2025,5/6/2025,21:45,Full,15 min,as,No Fish,,,,,,,,
2025,5/6/2025,22:00,Full,15 min,as,No Fish,,,,,,,,
2025,5/6/2025,22:15,Full,15 min,as,No Fish,,,,,,,,
2025,5/6/2025,22:30,Full,15 min,as,No Fish,,,,,,,,
2025,5/6/2025,22:45,Full,15 min,as,22:53:32,downstream,37,2772,6.51,1,,,
2025,5/6/2025,23:00,Full,15 min,as,No Fish,,,,,,,,
2025,5/6/2025,23:15,Full,15 min,as,No Fish,,,,,,,,
2025,5/6/2025,23:30,Full,15 min,as,23:42:32,upstream,155.6,4074,14.74,3,,otter,
2025,5/6/2025,23:45,Full,15 min,as,No Fish,,,,,,,,
2025,5/7/2025,0:00,Full,15 min,as,No Fish,,,,,,,,
2025,5/7/2025,0:15,Full,15 min,as,No Fish,,,,,,,,
2025,5/7/2025,0:30,Full,15 min,as,No Fish,,,,,,,,
2025,5/7/2025,0:45,Full,15 min,as,No Fish,,,,,,,,
2025,5/7/2025,1:00,Full,15 min,as,1:04:59,downstream,45,1613,10.54,1,,,
2025,5/7/2025,1:15,Full,15 min,as,No Fish,,,,,,,,
2025,5/7/2025,1:30,Full,15 min,as,No Fish,,,,,,,,
2025,5/7/2025,1:45,Full,15 min,as,No Fish,,,,,,,,
2025,5/7/2025,2:00,Full,15 min,as,No Fish,,,,,,,,
2025,5/7/2025,2:15,Full,15 min,as,No Fish,,,,,,,,
2025,5/7/2025,2:30,Full,15 min,as,No Fish,,,,,,,,
2025,5/7/2025,2:45,Full,15 min,as,No Fish,,,,,,,,
2025,5/7/2025,3:00,Full,15 min,as,No Fish,,,,,,,,
2025,5/7/2025,3:15,Full,15 min,as,3:22:52,downstream,47.8,2553,2553,1,,,
2025,5/7/2025,3:30,Full,15 min,as,No Fish,,,,,,,,
2025,5/7/2025,3:45,Full,15 min,as,No Fish,,,,,,,,
2025,5/7/2025,4:00,Full,15 min,as,4:14:41,downstream,114.8,4772,12.85,3,,two otters move downstream,
2025,5/7/2025,4:15,Full,15 min,as,No Fish,,,,,,,,
2025,5/7/2025,4:30,Full,15 min,as,No Fish,,,,,,,,
2025,5/7/2025,4:45,Full,15 min,as,4:55:40,downstream,43.3,3468,13.12,1,,,
2025,5/7/2025,5:00,Full,15 min,as,5:08:19,upstream,61.7,2701,10.36,1,,,
2025,5/7/2025,5:15,Full,15 min,as,5:26:25,upstream,59.9,3714,4.83,1,,,
2025,5/7/2025,5:30,Full,15 min,as,No Fish,,,,,,,,
2025,5/7/2025,5:45,Full,15 min,as,No Fish,,,,,,,,
2025,5/7/2025,6:00,Full,15 min,as,No Fish,,,,,,,,
2025,5/7/2025,6:15,Full,15 min,as,No Fish,,,,,,,,
2025,5/7/2025,6:30,Full,15 min,as,6:30:23,downstream,41,122,10.08,1,,,
2025,5/7/2025,6:45,Full,15 min,as,No Fish,,,,,,,,
2025,5/7/2025,7:00,Full,15 min,as,No Fish,,,,,,,,
2025,5/7/2025,7:15,Full,15 min,as,No Fish,,,,,,,,
2025,5/7/2025,7:30,Full,15 min,as,No Fish,,,,,,,,
2025,5/7/2025,7:45,Full,15 min,as,No Fish,,,,,,,,
2025,5/7/2025,8:00,Full,15 min,as,No Fish,,,,,,,,
2025,5/7/2025,8:15,Full,15 min,as,8:29:32,downstream,65.8,4717,9.56,1,,,
2025,5/7/2025,8:30,Full,15 min,as,8:31:07,downstream,60.9,358,12.56,1,,,
2025,5/7/2025,8:30,Full,15 min,as,8:31:33,downstream,61.8,496,14.24,1,,,
2025,5/7/2025,8:45,Full,15 min,as,No Fish,,,,,,,,
2025,5/7/2025,9:00,Full,15 min,as,No Fish,,,,,,,,
2025,5/7/2025,9:15,Full,15 min,as,No Fish,,,,,,,,
2025,5/7/2025,9:30,Full,15 min,as,No Fish,,,,,,,,
2025,5/7/2025,9:45,Full,15 min,as,No Fish,,,,,,,,
2025,5/7/2025,10:00,Full,15 min,as,No Fish,,,,,,,,
2025,5/7/2025,10:15,Full,15 min,as,No Fish,,,,,,,,
2025,5/7/2025,10:30,Full,15 min,as,No Fish,,,,,,,,
2025,5/7/2025,10:45,Full,15 min,as,No Fish,,,,,,,,
2025,5/7/2025,11:00,Full,15 min,as,No Fish,,,,,,,,
2025,5/7/2025,11:15,Full,15 min,as,No Fish,,,,,,,,
2025,5/7/2025,11:30,Full,15 min,as,No Fish,,,,,,,,
2025,5/7/2025,11:45,Full,15 min,as,No Fish,,,,,,,,
2025,5/7/2025,12:00,Full,15 min,as,No Fish,,,,,,,,
2025,5/7/2025,12:15,Full,15 min,as,No Fish,,,,,,,,
2025,5/7/2025,12:30,Full,15 min,as,No Fish,,,,,,,,
2025,5/7/2025,12:45,Full,15 min,as,No Fish,,,,,,,,
2025,5/7/2025,13:00,Full,15 min,as,No Fish,,,,,,,,
2025,5/7/2025,13:15,Full,15 min,as,No Fish,,,,,,,,
2025,5/7/2025,13:30,Full,15 min,as,No Fish,,,,,,,,
2025,5/7/2025,13:45,Full,15 min,as,13:50:15,downstream,62.4,1707,5.86,1,,,
2025,5/7/2025,14:00,Full,15 min,as,No Fish,,,,,,,,
2025,5/7/2025,14:15,Full,15 min,as,No Fish,,,,,,,,
2025,5/7/2025,14:30,Full,15 min,as,No Fish,,,,,,,,
2025,5/7/2025,14:45,Full,15 min,as,No Fish,,,,,,,,
2025,5/7/2025,15:00,Full,15 min,as,No Fish,,,,,,,,
2025,5/7/2025,15:15,Full,15 min,as,No Fish,,,,,,,,
2025,5/7/2025,15:30,Full,15 min,as,No Fish,,,,,,,,
2025,5/7/2025,15:45,Full,15 min,as,No Fish,,,,,,,,
2025,5/7/2025,16:00,Full,15 min,as,No Fish,,,,,,,,
2025,5/7/2025,16:15,Full,15 min,as,16:17:03,downstream,37.3,665,13.23,1,,,
2025,5/7/2025,16:30,Full,15 min,as,No Fish,,,,,,,,
2025,5/7/2025,16:45,Full,15 min,as,No Fish,,,,,,,,
2025,5/7/2025,17:00,Full,15 min,as,No Fish,,,,,,,,
2025,5/7/2025,17:15,Full,15 min,as,17:18:19,downstream,56.6,1069,10.02,1,,,
2025,5/7/2025,17:30,Full,15 min,as,No Fish,,,,,,,,
2025,5/7/2025,17:45,Full,15 min,as,No Fish,,,,,,,,
2025,5/7/2025,18:00,Full,15 min,as,18:02:57,downstream,40,950,5.71,1,,,
2025,5/7/2025,18:15,Full,15 min,as,No Fish,,,,,,,,
2025,5/7/2025,18:30,Full,15 min,as,No Fish,,,,,,,,
2025,5/7/2025,18:45,Full,15 min,as,18:52:42,downstream,40.2,2498,10.71,1,,,
2025,5/7/2025,19:00,Full,15 min,as,No Fish,,,,,,,,
2025,5/7/2025,19:15,Full,15 min,as,No Fish,,,,,,,,
2025,5/7/2025,19:30,Full,15 min,as,19:37:23,downstream,35.5,2393,9.34,1,,,
2025,5/7/2025,19:45,Full,15 min,as,No Fish,,,,,,,,
2025,5/7/2025,20:00,Full,15 min,as,No Fish,,,,,,,,
2025,5/7/2025,20:15,Full,15 min,as,No Fish,,,,,,,,
2025,5/7/2025,20:30,Full,15 min,as,No Fish,,,,,,,,
2025,5/7/2025,20:45,Full,15 min,as,No Fish,,,,,,,,
2025,5/7/2025,21:00,Full,15 min,as,No Fish,,,,,,,,
2025,5/7/2025,21:15,Full,15 min,as,No Fish,,,,,,,,
2025,5/7/2025,21:30,Full,15 min,as,No Fish,,,,,,,,
2025,5/7/2025,21:45,Full,15 min,as,No Fish,,,,,,,,
2025,5/7/2025,22:00,Full,15 min,as,No Fish,,,,,,,,
2025,5/7/2025,22:15,Full,15 min,as,22:28:39,downstream,76.5,4439,11.76,1,,,
2025,5/7/2025,22:30,Full,15 min,as,No Fish,,,,,,,,
2025,5/7/2025,22:45,Full,15 min,as,No Fish,,,,,,,,
2025,5/7/2025,23:00,Full,15 min,as,No Fish,,,,,,,,
2025,5/7/2025,23:15,Full,15 min,as,No Fish,,,,,,,,
2025,5/7/2025,23:30,Full,15 min,as,No Fish,,,,,,,,
2025,5/7/2025,23:45,Full,15 min,as,No Fish,,,,,,,,
2025,5/8/2025,0:00,Full,15 min,as,No Fish,,,,,,539,,
2025,5/8/2025,0:15,Full,15 min,as,No Fish,,,,,,539,,
2025,5/8/2025,0:30,Full,15 min,as,No Fish,,,,,,539,,
2025,5/8/2025,0:45,Full,15 min,as,No Fish,,,,,,539,,
2025,5/8/2025,1:00,Full,15 min,as,No Fish,,,,,,539,,
2025,5/8/2025,1:15,Full,15 min,as,No Fish,,,,,,539,,
2025,5/8/2025,1:30,Full,15 min,as,No Fish,,,,,,539,,
2025,5/8/2025,1:45,Full,15 min,as,No Fish,,,,,,539,,
2025,5/8/2025,2:00,Full,15 min,as,No Fish,,,,,,539,,
2025,5/8/2025,2:15,Full,15 min,as,2:23:25,downstream,40.2,2739,11.02,1,539,,
2025,5/8/2025,2:30,Full,15 min,as,No Fish,,,,,,539,,
2025,5/8/2025,2:45,Full,15 min,as,No Fish,,,,,,539,,
2025,5/8/2025,3:00,Full,15 min,as,No Fish,,,,,,539,,
2025,5/8/2025,3:15,Full,15 min,as,No Fish,,,,,,539,,
2025,5/8/2025,3:30,Full,15 min,as,3:43:55,upstream,70.2,4520,7.61,1,539,,
2025,5/8/2025,3:45,Full,15 min,as,3:51:35,downstream,70.8,2138,9.18,1,539,,
2025,5/8/2025,4:00,Full,15 min,as,No Fish,,,,,,539,,
2025,5/8/2025,4:15,Full,15 min,as,No Fish,,,,,,539,,
2025,5/8/2025,4:30,Full,15 min,as,No Fish,,,,,,539,,
2025,5/8/2025,4:45,Full,15 min,as,No Fish,,,,,,539,,
2025,5/8/2025,5:00,Full,15 min,as,No Fish,,,,,,539,,
2025,5/8/2025,5:15,Full,15 min,as,No Fish,,,,,,539,,
2025,5/8/2025,5:30,Full,15 min,as,No Fish,,,,,,539,,
2025,5/8/2025,5:45,Full,15 min,as,No Fish,,,,,,539,,
2025,5/8/2025,6:00,Full,15 min,as,No Fish,,,,,,539,,
2025,5/8/2025,6:15,Full,15 min,as,No Fish,,,,,,539,,
2025,5/8/2025,6:30,Full,15 min,as,No Fish,,,,,,539,,
2025,5/8/2025,6:45,Full,15 min,as,No Fish,,,,,,539,,
2025,5/8/2025,7:00,Full,15 min,as,No Fish,,,,,,539,,
2025,5/8/2025,7:15,Full,15 min,as,No Fish,,,,,,539,,
2025,5/8/2025,7:30,Full,15 min,as,No Fish,,,,,,539,,
2025,5/8/2025,7:45,Full,15 min,as,No Fish,,,,,,539,,
2025,5/8/2025,8:00,Full,15 min,as,No Fish,,,,,,539,,
2025,5/8/2025,8:15,Full,15 min,as,No Fish,,,,,,539,,
2025,5/8/2025,8:30,Full,15 min,as,No Fish,,,,,,539,,
2025,5/8/2025,8:45,Full,15 min,as,No Fish,,,,,,539,,
2025,5/8/2025,9:00,Full,15 min,as,No Fish,,,,,,539,,
2025,5/8/2025,9:15,Full,15 min,as,No Fish,,,,,,539,,
2025,5/8/2025,9:30,Full,15 min,as,No Fish,,,,,,539,,
2025,5/8/2025,9:45,Full,15 min,as,No Fish,,,,,,539,,
2025,5/8/2025,10:00,Full,15 min,as,No Fish,,,,,,539,,
2025,5/8/2025,10:15,Full,15 min,as,No Fish,,,,,,539,,
2025,5/8/2025,10:30,Full,15 min,as,No Fish,,,,,,539,,
2025,5/8/2025,10:45,Full,15 min,as,No Fish,,,,,,539,,
2025,5/8/2025,11:00,Full,15 min,as,11:13:37,upstream,80.4,4409,9.72,2,539,likely Chinook,
2025,5/8/2025,11:15,Full,15 min,as,No Fish,,,,,,539,,
2025,5/8/2025,11:30,Full,15 min,as,No Fish,,,,,,539,,
2025,5/8/2025,11:45,Full,15 min,as,No Fish,,,,,,539,,
2025,5/8/2025,12:00,Full,15 min,as,No Fish,,,,,,539,,
2025,5/8/2025,12:15,Full,15 min,as,12:20:22,upstream,78.2,1745,5.69,2,539,likely Chinook,
2025,5/8/2025,12:30,Full,15 min,as,12:40:12,upstream,67.6,3308,14.61,1,539,,
2025,5/8/2025,12:45,Full,15 min,as,No Fish,,,,,,539,,
2025,5/8/2025,13:00,Full,15 min,as,No Fish,,,,,,539,,
2025,5/8/2025,13:15,Full,15 min,as,No Fish,,,,,,539,,
2025,5/8/2025,13:30,Full,15 min,as,No Fish,,,,,,539,,
2025,5/8/2025,13:45,Full,15 min,as,No Fish,,,,,,539,,
2025,5/8/2025,14:00,Full,15 min,as,No Fish,,,,,,539,,
2025,5/8/2025,14:15,Full,15 min,as,No Fish,,,,,,539,,
2025,5/8/2025,14:30,Full,15 min,as,14:43:14,downstream,68,4288,11.35,1,539,,
2025,5/8/2025,14:45,Full,15 min,as,No Fish,,,,,,539,,
2025,5/8/2025,15:00,Full,15 min,as,No Fish,,,,,,539,,
2025,5/8/2025,15:15,Full,15 min,as,No Fish,,,,,,539,,
2025,5/8/2025,15:30,Full,15 min,as,No Fish,,,,,,539,,
2025,5/8/2025,15:45,Full,15 min,as,No Fish,,,,,,539,,
2025,5/8/2025,16:00,Full,15 min,as,No Fish,,,,,,539,,
2025,5/8/2025,16:15,Full,15 min,as,No Fish,,,,,,539,,
2025,5/8/2025,16:30,Full,15 min,as,No Fish,,,,,,539,,
2025,5/8/2025,16:45,Full,15 min,as,No Fish,,,,,,539,,
2025,5/8/2025,17:00,Full,15 min,as,No Fish,,,,,,539,,
2025,5/8/2025,17:15,Full,15 min,as,No Fish,,,,,,539,,
2025,5/8/2025,17:30,Full,15 min,as,No Fish,,,,,,539,,
2025,5/8/2025,17:45,Full,15 min,as,No Fish,,,,,,539,,
2025,5/8/2025,18:00,Full,15 min,as,No Fish,,,,,,539,,
2025,5/8/2025,18:15,Full,15 min,as,No Fish,,,,,,539,,
2025,5/8/2025,18:30,Full,15 min,as,No Fish,,,,,,539,,
2025,5/8/2025,18:45,Full,15 min,as,No Fish,,,,,,539,,
2025,5/8/2025,19:00,Full,15 min,as,No Fish,,,,,,539,,
2025,5/8/2025,19:15,Full,15 min,as,No Fish,,,,,,539,,
2025,5/8/2025,19:30,Full,15 min,as,No Fish,,,,,,539,,
2025,5/8/2025,19:45,Full,15 min,as,No Fish,,,,,,539,,
2025,5/8/2025,20:00,Full,15 min,as,No Fish,,,,,,539,,
2025,5/8/2025,20:15,Full,15 min,as,No Fish,,,,,,539,,
2025,5/8/2025,20:30,Full,15 min,as,No Fish,,,,,,539,,
2025,5/8/2025,20:45,Full,15 min,as,No Fish,,,,,,539,,
2025,5/8/2025,21:00,Full,15 min,as,No Fish,,,,,,539,,
2025,5/8/2025,21:15,Full,15 min,as,No Fish,,,,,,539,,
2025,5/8/2025,21:30,Full,15 min,as,No Fish,,,,,,539,,
2025,5/8/2025,21:45,Full,15 min,as,21:58:38,upstream,163,4427,6.94,3,539,seal,
2025,5/8/2025,22:00,Full,15 min,as,22:09:51,downstream,123.3,3200,10.24,3,539,two otters move downstream,
2025,5/8/2025,22:15,Full,15 min,as,22:23:00,upstream,69.8,2588,7.87,1,539,,
2025,5/8/2025,22:30,Full,15 min,as,No Fish,,,,,,539,,
2025,5/8/2025,22:45,Full,15 min,as,No Fish,,,,,,539,,
2025,5/8/2025,23:00,Full,15 min,as,No Fish,,,,,,539,,
2025,5/8/2025,23:15,Full,15 min,as,23:15:43,downstream,41.7,224,6.75,1,539,,
2025,5/8/2025,23:15,Full,15 min,as,23:28:43,upstream,80.5,4450,8.3,2,539,likely Chinook,
2025,5/8/2025,23:30,Full,15 min,as,No Fish,,,,,,539,,
2025,5/8/2025,23:45,Full,15 min,as,No Fish,,,,,,539,,
2025,5/10/2025,0:00,Full,15 min,as,0:06:05,downstream,37,1840,10.31,1,450,,
2025,5/10/2025,0:00,Full,15 min,as,0:06:09,downstream,34.8,1863,10.47,1,450,,
2025,5/10/2025,0:15,Full,15 min,as,No Fish,,,,,,450,,
2025,5/10/2025,0:30,Full,15 min,as,No Fish,,,,,,450,,
2025,5/10/2025,0:45,Full,15 min,as,No Fish,,,,,,450,,
2025,5/10/2025,1:00,Full,15 min,as,No Fish,,,,,,450,,
2025,5/10/2025,1:15,Full,15 min,as,No Fish,,,,,,450,,
2025,5/10/2025,1:30,Full,15 min,as,No Fish,,,,,,450,,
2025,5/10/2025,1:45,Full,15 min,as,No Fish,,,,,,450,,
2025,5/10/2025,2:00,Full,15 min,as,No Fish,,,,,,450,,
2025,5/10/2025,2:15,Full,15 min,as,No Fish,,,,,,450,,
2025,5/10/2025,2:30,Full,15 min,as,No Fish,,,,,,450,,
2025,5/10/2025,2:45,Full,15 min,as,No Fish,,,,,,450,,
2025,5/10/2025,3:00,Full,15 min,as,No Fish,,,,,,450,,
2025,5/10/2025,3:15,Full,15 min,as,No Fish,,,,,,450,,
2025,5/10/2025,3:30,Full,15 min,as,No Fish,,,,,,450,,
2025,5/10/2025,3:45,Full,15 min,as,No Fish,,,,,,450,,
2025,5/10/2025,4:00,Full,15 min,as,No Fish,,,,,,450,,
2025,5/10/2025,4:15,Full,15 min,as,No Fish,,,,,,450,,
2025,5/10/2025,4:30,Full,15 min,as,No Fish,,,,,,450,,
2025,5/10/2025,4:45,Full,15 min,as,No Fish,,,,,,450,,
2025,5/10/2025,5:00,Full,15 min,as,No Fish,,,,,,450,,
2025,5/10/2025,5:15,Full,15 min,as,No Fish,,,,,,450,,
2025,5/10/2025,5:30,Full,15 min,as,No Fish,,,,,,450,,
2025,5/10/2025,5:45,Full,15 min,as,No Fish,,,,,,450,,
2025,5/10/2025,6:00,Full,15 min,as,No Fish,,,,,,450,,
2025,5/10/2025,6:15,Full,15 min,as,No Fish,,,,,,450,,
2025,5/10/2025,6:30,Full,15 min,as,No Fish,,,,,,450,,
2025,5/10/2025,6:45,Full,15 min,as,No Fish,,,,,,450,,
2025,5/10/2025,7:00,Full,15 min,as,No Fish,,,,,,450,,
2025,5/10/2025,7:15,Full,15 min,as,No Fish,,,,,,450,,
2025,5/10/2025,7:30,Full,15 min,as,No Fish,,,,,,450,,
2025,5/10/2025,7:45,Full,15 min,as,No Fish,,,,,,450,,
2025,5/10/2025,8:00,Full,15 min,as,No Fish,,,,,,450,,
2025,5/10/2025,8:15,Full,15 min,as,No Fish,,,,,,450,,
2025,5/10/2025,8:30,Full,15 min,as,No Fish,,,,,,450,,
2025,5/10/2025,8:45,Full,15 min,as,No Fish,,,,,,450,,
2025,5/10/2025,9:00,Full,15 min,as,No Fish,,,,,,450,,
2025,5/10/2025,9:15,Full,15 min,as,No Fish,,,,,,450,,
2025,5/10/2025,9:30,Full,15 min,as,No Fish,,,,,,450,,
2025,5/10/2025,9:45,Full,15 min,as,9:55:00,downstream,69.1,3043,14.06,1,450,,
2025,5/10/2025,10:00,Full,15 min,as,10:14:17,upstream,69.7,4343,15.03,1,450,,
2025,5/10/2025,10:15,Full,15 min,as,No Fish,,,,,,450,,
2025,5/10/2025,10:30,Full,15 min,as,No Fish,,,,,,450,,
2025,5/10/2025,10:45,Full,15 min,as,No Fish,,,,,,450,,
2025,5/10/2025,11:00,Full,15 min,as,No Fish,,,,,,450,,
2025,5/10/2025,11:15,Full,15 min,as,No Fish,,,,,,450,,
2025,5/10/2025,11:30,Full,15 min,as,No Fish,,,,,,450,,
2025,5/10/2025,11:45,Full,15 min,as,No Fish,,,,,,450,,
2025,5/10/2025,12:00,Full,15 min,as,No Fish,,,,,,450,,
2025,5/10/2025,12:15,Full,15 min,as,No Fish,,,,,,450,,
2025,5/10/2025,12:30,Full,15 min,as,No Fish,,,,,,450,,
2025,5/10/2025,12:45,Full,15 min,as,No Fish,,,,,,450,,
2025,5/10/2025,13:00,Full,15 min,as,No Fish,,,,,,450,,
2025,5/10/2025,13:15,Full,15 min,as,No Fish,,,,,,450,,
2025,5/10/2025,13:30,Full,15 min,as,No Fish,,,,,,450,,
2025,5/10/2025,13:45,Full,15 min,as,No Fish,,,,,,450,,
2025,5/10/2025,14:00,Full,15 min,as,No Fish,,,,,,450,,
2025,5/10/2025,14:15,Full,15 min,as,No Fish,,,,,,450,,
2025,5/10/2025,14:30,Full,15 min,as,No Fish,,,,,,450,,
2025,5/10/2025,14:45,Full,15 min,as,No Fish,,,,,,450,,
2025,5/10/2025,15:00,Full,15 min,as,No Fish,,,,,,450,,
2025,5/10/2025,15:15,Full,15 min,as,No Fish,,,,,,450,,
2025,5/10/2025,15:30,Full,15 min,as,No Fish,,,,,,450,,
2025,5/10/2025,15:45,Full,15 min,as,15:53:13,downstream,67.8,2493,9.59,1,450,,
2025,5/10/2025,15:45,Full,15 min,as,15:53:13,downstream,73,2493,10.17,1,450,,
2025,5/10/2025,15:45,Full,15 min,as,15:54:48,upstream,68.3,2981,10.87,1,450,,
2025,5/10/2025,15:45,Full,15 min,as,15:54:54,upstream,69.3,3010,10.98,1,450,,
2025,5/10/2025,16:00,Full,15 min,as,16:04:12,downstream,80.7,1279,7.4,2,450,likely Chinook,
2025,5/10/2025,16:15,Full,15 min,as,No Fish,,,,,,450,,
2025,5/10/2025,16:30,Full,15 min,as,16:41:43,upstream,80.4,3560,15.39,2,450,likely Chinook,
2025,5/10/2025,16:45,Full,15 min,as,No Fish,,,,,,450,,
2025,5/10/2025,17:00,Full,15 min,as,No Fish,,,,,,450,,
2025,5/10/2025,17:15,Full,15 min,as,No Fish,,,,,,450,,
2025,5/10/2025,17:30,Full,15 min,as,No Fish,,,,,,450,,
2025,5/10/2025,17:45,Full,15 min,as,No Fish,,,,,,450,,
2025,5/10/2025,18:00,Full,15 min,as,No Fish,,,,,,450,,
2025,5/10/2025,18:15,Full,15 min,as,No Fish,,,,,,450,,
2025,5/10/2025,18:30,Full,15 min,as,No Fish,,,,,,450,,
2025,5/10/2025,18:45,Full,15 min,as,No Fish,,,,,,450,,
2025,5/10/2025,19:00,Full,15 min,as,No Fish,,,,,,450,,
2025,5/10/2025,19:15,Full,15 min,as,No Fish,,,,,,450,,
2025,5/10/2025,19:30,Full,15 min,as,No Fish,,,,,,450,,
2025,5/10/2025,19:45,Full,15 min,as,No Fish,,,,,,450,,
2025,5/10/2025,20:00,Full,15 min,as,No Fish,,,,,,450,,
2025,5/10/2025,20:15,Full,15 min,as,No Fish,,,,,,450,,
2025,5/10/2025,20:30,Full,15 min,as,No Fish,,,,,,450,,
2025,5/10/2025,20:45,Full,15 min,as,No Fish,,,,,,450,,
2025,5/10/2025,21:00,Full,15 min,as,No Fish,,,,,,450,,
2025,5/10/2025,21:15,Full,15 min,as,No Fish,,,,,,450,,
2025,5/10/2025,21:30,Full,15 min,as,No Fish,,,,,,450,,
2025,5/10/2025,21:45,Full,15 min,as,No Fish,,,,,,450,,
2025,5/10/2025,22:00,Full,15 min,as,No Fish,,,,,,450,,
2025,5/10/2025,22:15,Full,15 min,as,22:29:47,upstream,149.9,4495,6.74,3,450,seal,
2025,5/10/2025,22:30,Full,15 min,as,No Fish,,,,,,450,,
2025,5/10/2025,22:45,Full,15 min,as,No Fish,,,,,,450,,
2025,5/10/2025,23:00,Full,15 min,as,No Fish,,,,,,450,,
2025,5/10/2025,23:15,Full,15 min,as,No Fish,,,,,,450,,
2025,5/10/2025,23:30,Full,15 min,as,No Fish,,,,,,450,,
2025,5/10/2025,23:45,Full,15 min,as,No Fish,,,,,,450,,
2025,5/15/2025,0:00,Full,15 min,as,No Fish,,,,,,430,,
2025,5/15/2025,0:15,Full,15 min,as,No Fish,,,,,,430,,
2025,5/15/2025,0:30,Full,15 min,as,No Fish,,,,,,430,seal,
2025,5/15/2025,0:45,Full,15 min,as,No Fish,,,,,,430,,
2025,5/15/2025,1:00,Full,15 min,as,No Fish,,,,,,430,,
2025,5/15/2025,1:15,Full,15 min,as,No Fish,,,,,,430,,
2025,5/15/2025,1:30,Full,15 min,as,No Fish,,,,,,430,,
2025,5/15/2025,1:45,Full,15 min,as,No Fish,,,,,,430,,
2025,5/15/2025,2:00,Full,15 min,as,No Fish,,,,,,430,,
2025,5/15/2025,2:15,Full,15 min,as,No Fish,,,,,,430,,
2025,5/15/2025,2:30,Full,15 min,as,No Fish,,,,,,430,,
2025,5/15/2025,2:45,Full,15 min,as,No Fish,,,,,,430,,
2025,5/15/2025,3:00,Full,15 min,as,3:06:51,downstream,148.5,2081,8.35,3,430,seal moves downstream,
2025,5/15/2025,3:15,Full,15 min,as,No Fish,,,,,,430,,
2025,5/15/2025,3:30,Full,15 min,as,No Fish,,,,,,430,,
2025,5/15/2025,3:45,Full,15 min,as,3:48:51,downstream,74.6,1167,7.3,1,430,,
2025,5/15/2025,4:00,Full,15 min,as,No Fish,,,,,,430,,
2025,5/15/2025,4:15,Full,15 min,as,No Fish,,,,,,430,,
2025,5/15/2025,4:30,Full,15 min,as,No Fish,,,,,,430,,
2025,5/15/2025,4:45,Full,15 min,as,No Fish,,,,,,430,,
2025,5/15/2025,5:00,Full,15 min,as,5:08:35,downstream,76,2605,14.48,1,430,,
2025,5/15/2025,5:15,Full,15 min,as,5:17:08,upstream,77.4,645,10.98,1,430,,
2025,5/15/2025,5:30,Full,15 min,as,No Fish,,,,,,430,,
2025,5/15/2025,5:45,Full,15 min,as,No Fish,,,,,,430,,
2025,5/15/2025,6:00,Full,15 min,as,No Fish,,,,,,430,,
2025,5/15/2025,6:15,Full,15 min,as,No Fish,,,,,,430,,
2025,5/15/2025,6:30,Full,15 min,as,No Fish,,,,,,430,,
2025,5/15/2025,6:45,Full,15 min,as,No Fish,,,,,,430,,
2025,5/15/2025,7:00,Full,15 min,as,No Fish,,,,,,430,,
2025,5/15/2025,7:15,Full,15 min,as,No Fish,,,,,,430,,
2025,5/15/2025,7:30,Full,15 min,as,No Fish,,,,,,430,,
2025,5/15/2025,7:45,Full,15 min,as,No Fish,,,,,,430,,
2025,5/15/2025,8:00,Full,15 min,as,No Fish,,,,,,430,,
2025,5/15/2025,8:15,Full,15 min,as,No Fish,,,,,,430,,
2025,5/15/2025,8:30,Full,15 min,as,No Fish,,,,,,430,,
2025,5/15/2025,8:45,Full,15 min,as,No Fish,,,,,,430,,
2025,5/15/2025,9:00,Full,15 min,as,No Fish,,,,,,430,,
2025,5/15/2025,9:15,Full,15 min,as,No Fish,,,,,,430,,
2025,5/15/2025,9:30,Full,15 min,as,No Fish,,,,,,430,,
2025,5/15/2025,9:45,Full,15 min,as,No Fish,,,,,,430,,
2025,5/15/2025,10:00,Full,15 min,as,No Fish,,,,,,430,,
2025,5/15/2025,10:15,Full,15 min,as,No Fish,,,,,,430,,
2025,5/15/2025,10:30,Full,15 min,as,No Fish,,,,,,430,,
2025,5/15/2025,10:45,Full,15 min,as,No Fish,,,,,,430,,
2025,5/15/2025,11:00,Full,15 min,as,No Fish,,,,,,430,,
2025,5/15/2025,11:15,Full,15 min,as,No Fish,,,,,,430,,
2025,5/15/2025,11:30,Full,15 min,as,No Fish,,,,,,430,,
2025,5/15/2025,11:45,Full,15 min,as,No Fish,,,,,,430,,
2025,5/15/2025,12:00,Full,15 min,as,No Fish,,,,,,430,,
2025,5/15/2025,12:15,Full,15 min,as,No Fish,,,,,,430,,
2025,5/15/2025,12:30,Full,15 min,as,12:40:27,upstream,62.2,3182,7.65,1,430,,
2025,5/15/2025,12:45,Full,15 min,as,No Fish,,,,,,430,,
2025,5/15/2025,13:00,Full,15 min,as,No Fish,,,,,,430,,
2025,5/15/2025,13:15,Full,15 min,as,No Fish,,,,,,430,,
2025,5/15/2025,13:30,Full,15 min,as,No Fish,,,,,,430,,
2025,5/15/2025,13:45,Full,15 min,as,No Fish,,,,,,430,,
2025,5/15/2025,14:00,Full,15 min,as,No Fish,,,,,,430,,
2025,5/15/2025,14:15,Full,15 min,as,No Fish,,,,,,430,,
2025,5/15/2025,14:30,Full,15 min,as,No Fish,,,,,,430,,
2025,5/15/2025,14:45,Full,15 min,as,No Fish,,,,,,430,,
2025,5/15/2025,15:00,Full,15 min,as,No Fish,,,,,,430,,
2025,5/15/2025,15:15,Full,15 min,as,No Fish,,,,,,430,,
2025,5/15/2025,15:30,Full,15 min,as,No Fish,,,,,,430,,
2025,5/15/2025,15:45,Full,15 min,as,No Fish,,,,,,430,,
2025,5/15/2025,16:00,Full,15 min,as,No Fish,,,,,,430,,
2025,5/15/2025,16:15,Full,15 min,as,No Fish,,,,,,430,,
2025,5/15/2025,16:30,Full,15 min,as,No Fish,,,,,,430,,
2025,5/15/2025,16:45,Full,15 min,as,No Fish,,,,,,430,,
2025,5/15/2025,17:00,Full,15 min,as,No Fish,,,,,,430,,
2025,5/15/2025,17:15,Full,15 min,as,No Fish,,,,,,430,,
2025,5/15/2025,17:30,Full,15 min,as,No Fish,,,,,,430,,
2025,5/15/2025,17:45,Full,15 min,as,No Fish,,,,,,430,,
2025,5/15/2025,18:00,Full,15 min,as,No Fish,,,,,,430,,
2025,5/15/2025,18:15,Full,15 min,as,No Fish,,,,,,430,,
2025,5/15/2025,18:30,Full,15 min,as,No Fish,,,,,,430,,
2025,5/15/2025,18:45,Full,15 min,as,No Fish,,,,,,430,,
2025,5/15/2025,19:00,Full,15 min,as,No Fish,,,,,,430,,
2025,5/15/2025,19:15,Full,15 min,as,No Fish,,,,,,430,,
2025,5/15/2025,19:30,Full,15 min,as,No Fish,,,,,,430,,
2025,5/15/2025,19:45,Full,15 min,as,No Fish,,,,,,430,,
2025,5/15/2025,20:00,Full,15 min,as,No Fish,,,,,,430,,
2025,5/15/2025,20:15,Full,15 min,as,No Fish,,,,,,430,,
2025,5/15/2025,20:30,Full,15 min,as,No Fish,,,,,,430,,
2025,5/15/2025,20:45,Full,15 min,as,No Fish,,,,,,430,,
2025,5/15/2025,21:00,Full,15 min,as,No Fish,,,,,,430,,
2025,5/15/2025,21:15,Full,15 min,as,No Fish,,,,,,430,,
2025,5/15/2025,21:30,Full,15 min,as,21:30:56,downstream,54.6,276,18.4,1,430,,
2025,5/15/2025,21:30,Full,15 min,as,21:41:18,downstream,53.4,3439,18.4,1,430,,
2025,5/15/2025,21:45,Full,15 min,as,21:52:16,upstream,52.7,2211,9.2,1,430,,
2025,5/15/2025,22:00,Full,15 min,as,No Fish,,,,,,430,,
2025,5/15/2025,22:15,Full,15 min,as,No Fish,,,,,,430,,
2025,5/15/2025,22:30,Full,15 min,as,No Fish,,,,,,430,,
2025,5/15/2025,22:45,Full,15 min,as,No Fish,,,,,,430,,
2025,5/15/2025,23:00,Full,15 min,as,23:05:21,downstream,38.2,1629,9.87,1,430,,
2025,5/15/2025,23:00,Full,15 min,as,23:11:07,upstream,153.4,3388,7.53,3,430,seal,
2025,5/15/2025,23:15,Full,15 min,as,No Fish,,,,,,430,,
2025,5/15/2025,23:30,Full,15 min,as,No Fish,,,,,,430,,
2025,5/15/2025,23:45,Full,15 min,as,23:57:46,upstream,154.7,3887,11.73,3,430,seal,
2025,5/16/2025,0:00,Full,15 min,as,No Fish,,,,,,,,
2025,5/16/2025,0:15,Full,15 min,as,0:16:37,upstream,64.3,488,16.73,1,,,
2025,5/16/2025,0:15,Full,15 min,as,0:17:54,downstream,59,880,17.86,1,,,
2025,5/16/2025,0:30,Full,15 min,as,No Fish,,,,,,,,
2025,5/16/2025,0:45,Full,15 min,as,No Fish,,,,,,,,
2025,5/16/2025,1:00,Full,15 min,as,No Fish,,,,,,,,
2025,5/16/2025,1:15,Full,15 min,as,1:15:08,downstream,65.1,39,15.46,1,,,
2025,5/16/2025,1:30,Full,15 min,as,No Fish,,,,,,,,
2025,5/16/2025,1:45,Full,15 min,as,1:50:40,downstream,80,1724,11.78,1,,,
2025,5/16/2025,1:45,Full,15 min,as,1:57:20,downstream,70.1,3750,6.47,1,,,
2025,5/16/2025,2:00,Full,15 min,as,No Fish,,,,,,,,
2025,5/16/2025,2:15,Full,15 min,as,2:17:44,downstream,37.2,831,9.88,1,,,
2025,5/16/2025,2:30,Full,15 min,as,No Fish,,,,,,,,
2025,5/16/2025,2:45,Full,15 min,as,No Fish,,,,,,,,
2025,5/16/2025,3:00,Full,15 min,as,No Fish,,,,,,,,
2025,5/16/2025,3:15,Full,15 min,as,No Fish,,,,,,,,
2025,5/16/2025,3:30,Full,15 min,as,No Fish,,,,,,,,
2025,5/16/2025,3:45,Full,15 min,as,No Fish,,,,,,,,
2025,5/16/2025,4:00,Full,15 min,as,No Fish,,,,,,,,
2025,5/16/2025,4:15,Full,15 min,as,No Fish,,,,,,,,
2025,5/16/2025,4:30,Full,15 min,as,4:44:02,upstream,74.1,4257,11.13,1,,,
2025,5/16/2025,4:45,Full,15 min,as,No Fish,,,,,,,,
2025,5/16/2025,5:00,Full,15 min,as,5:11:32,downstream,73.1,3511,12.73,1,,,
2025,5/16/2025,5:00,Full,15 min,as,5:11:33,downstream,68.4,3516,13.11,1,,,
2025,5/16/2025,5:15,Full,15 min,as,5:18:10,downstream,56.3,956,14.07,1,,,
2025,5/16/2025,5:30,Full,15 min,as,No Fish,,,,,,,,
2025,5/16/2025,5:45,Full,15 min,as,No Fish,,,,,,,,
2025,5/16/2025,6:00,Full,15 min,as,No Fish,,,,,,,,
2025,5/16/2025,6:15,Full,15 min,as,No Fish,,,,,,,,
2025,5/16/2025,6:30,Full,15 min,as,No Fish,,,,,,,,
2025,5/16/2025,6:45,Full,15 min,as,No Fish,,,,,,,,
2025,5/16/2025,7:00,Full,15 min,as,No Fish,,,,,,,,
2025,5/16/2025,7:15,Full,15 min,as,No Fish,,,,,,,,
2025,5/16/2025,7:30,Full,15 min,as,No Fish,,,,,,,,
2025,5/16/2025,7:45,Full,15 min,as,No Fish,,,,,,,,
2025,5/16/2025,8:00,Full,15 min,as,No Fish,,,,,,,,
2025,5/16/2025,8:15,Full,15 min,as,No Fish,,,,,,,,
2025,5/16/2025,8:30,Full,15 min,as,No Fish,,,,,,,,
2025,5/16/2025,8:45,Full,15 min,as,No Fish,,,,,,,,
2025,5/16/2025,9:00,Full,15 min,as,No Fish,,,,,,,,
2025,5/16/2025,9:15,Full,15 min,as,No Fish,,,,,,,,
2025,5/16/2025,9:30,Full,15 min,as,No Fish,,,,,,,,
2025,5/16/2025,9:45,Full,15 min,as,No Fish,,,,,,,,
2025,5/16/2025,10:00,Full,15 min,as,No Fish,,,,,,,,
2025,5/16/2025,10:15,Full,15 min,as,No Fish,,,,,,,,
2025,5/16/2025,10:30,Full,15 min,as,No Fish,,,,,,,,
2025,5/16/2025,10:45,Full,15 min,as,10:48:05,downstream,71.5,920,14.14,1,,,
2025,5/16/2025,10:45,Full,15 min,as,10:48:05,downstream,71.1,922,13.99,1,,,
2025,5/16/2025,11:00,Full,15 min,as,No Fish,,,,,,,,
2025,5/16/2025,11:15,Full,15 min,as,No Fish,,,,,,,,
2025,5/16/2025,11:30,Full,15 min,as,No Fish,,,,,,,,
2025,5/16/2025,11:45,Full,15 min,as,No Fish,,,,,,,,
2025,5/16/2025,12:00,Full,15 min,as,No Fish,,,,,,,,
2025,5/16/2025,12:15,Full,15 min,as,No Fish,,,,,,,,
2025,5/16/2025,12:30,Full,15 min,as,No Fish,,,,,,,,
2025,5/16/2025,12:45,Full,15 min,as,No Fish,,,,,,,,
2025,5/16/2025,13:00,Full,15 min,as,No Fish,,,,,,,,
2025,5/16/2025,13:15,Full,15 min,as,No Fish,,,,,,,,
2025,5/16/2025,13:30,Full,15 min,as,No Fish,,,,,,,,
2025,5/16/2025,13:45,Full,15 min,as,No Fish,,,,,,,,
2025,5/16/2025,14:00,Full,15 min,as,No Fish,,,,,,,,
2025,5/16/2025,14:15,Full,15 min,as,No Fish,,,,,,,,
2025,5/16/2025,14:30,Full,15 min,as,No Fish,,,,,,,,
2025,5/16/2025,14:45,Full,15 min,as,No Fish,,,,,,,,
2025,5/16/2025,15:00,Full,15 min,as,No Fish,,,,,,,,
2025,5/16/2025,15:15,Full,15 min,as,No Fish,,,,,,,,
2025,5/16/2025,15:30,Full,15 min,as,No Fish,,,,,,,,
2025,5/16/2025,15:45,Full,15 min,as,No Fish,,,,,,,,
2025,5/16/2025,16:00,Full,15 min,as,No Fish,,,,,,,,
2025,5/16/2025,16:15,Full,15 min,as,No Fish,,,,,,,,
2025,5/16/2025,16:30,Full,15 min,as,No Fish,,,,,,,,
2025,5/16/2025,16:45,Full,15 min,as,No Fish,,,,,,,,
2025,5/16/2025,17:00,Full,15 min,as,No Fish,,,,,,,,
2025,5/16/2025,17:15,Full,15 min,as,No Fish,,,,,,,,
2025,5/16/2025,17:30,Full,15 min,as,No Fish,,,,,,,,
2025,5/16/2025,17:45,Full,15 min,as,No Fish,,,,,,,,
2025,5/16/2025,18:00,Full,15 min,as,No Fish,,,,,,,,
2025,5/16/2025,18:15,Full,15 min,as,No Fish,,,,,,,,
2025,5/16/2025,18:30,Full,15 min,as,No Fish,,,,,,,,
2025,5/16/2025,18:45,Full,15 min,as,No Fish,,,,,,,,
2025,5/16/2025,19:00,Full,15 min,as,No Fish,,,,,,,,
2025,5/16/2025,19:15,Full,15 min,as,No Fish,,,,,,,,
2025,5/16/2025,19:30,Full,15 min,as,No Fish,,,,,,,,
2025,5/16/2025,19:45,Full,15 min,as,No Fish,,,,,,,,
2025,5/16/2025,20:00,Full,15 min,as,No Fish,,,,,,,,
2025,5/16/2025,20:15,Full,15 min,as,No Fish,,,,,,,,
2025,5/16/2025,20:30,Full,15 min,as,No Fish,,,,,,,,
2025,5/16/2025,20:45,Full,15 min,as,No Fish,,,,,,,,
2025,5/16/2025,21:00,Full,15 min,as,21:03:17,downstream,72.8,988,6.13,1,,,
2025,5/16/2025,21:15,Full,15 min,as,No Fish,,,,,,,,
2025,5/16/2025,21:30,Full,15 min,as,No Fish,,,,,,,,
2025,5/16/2025,21:45,Full,15 min,as,21:58:47,downstream,41.3,4202,10.64,1,,,
2025,5/16/2025,22:00,Full,15 min,as,No Fish,,,,,,,,
2025,5/16/2025,22:15,Full,15 min,as,No Fish,,,,,,,,
2025,5/16/2025,22:30,Full,15 min,as,No Fish,,,,,,,,
2025,5/16/2025,22:45,Full,15 min,as,No Fish,,,,,,,,
2025,5/16/2025,23:00,Full,15 min,as,23:13:31,downstream,70.8,4113,9.34,1,,,
2025,5/16/2025,23:15,Full,15 min,as,No Fish,,,,,,,,
2025,5/16/2025,23:30,Full,15 min,as,No Fish,,,,,,,,
2025,5/16/2025,23:45,Full,15 min,as,No Fish,,,,,,,,
2025,5/17/2025,0:00,Full,15 min,as,No Fish,,,,,,427,,
2025,5/17/2025,0:15,Full,15 min,as,No Fish,,,,,,427,,
2025,5/17/2025,0:30,Full,15 min,as,No Fish,,,,,,427,,
2025,5/17/2025,0:45,Full,15 min,as,No Fish,,,,,,427,,
2025,5/17/2025,1:00,Full,15 min,as,No Fish,,,,,,427,,
2025,5/17/2025,1:15,Full,15 min,as,No Fish,,,,,,427,,
2025,5/17/2025,1:30,Full,15 min,as,No Fish,,,,,,427,,
2025,5/17/2025,1:45,Full,15 min,as,1:57:28,downstream,72,3789,15.23,1,427,,
2025,5/17/2025,2:00,Full,15 min,as,No Fish,,,,,,427,,
2025,5/17/2025,2:15,Full,15 min,as,No Fish,,,,,,427,,
2025,5/17/2025,2:30,Full,15 min,as,No Fish,,,,,,427,,
2025,5/17/2025,2:45,Full,15 min,as,2:49:38,downstream,53.9,1408,13.57,3,427,"Not sure what this ""blob"" is",
2025,5/17/2025,3:00,Full,15 min,as,No Fish,,,,,,427,,
2025,5/17/2025,3:15,Full,15 min,as,No Fish,,,,,,427,,
2025,5/17/2025,3:30,Full,15 min,as,No Fish,,,,,,427,,
2025,5/17/2025,3:45,Full,15 min,as,No Fish,,,,,,427,,
2025,5/17/2025,4:00,Full,15 min,as,4:05:17,downstream,82.2,1607,12.09,1,427,,
2025,5/17/2025,4:15,Full,15 min,as,No Fish,,,,,,427,,
2025,5/17/2025,4:30,Full,15 min,as,No Fish,,,,,,427,,
2025,5/17/2025,4:45,Full,15 min,as,No Fish,,,,,,427,hatchery coho 1+ moving out,
2025,5/17/2025,5:00,Full,15 min,as,No Fish,,,,,,427,hatchery coho 1+ moving out,
2025,5/17/2025,5:15,Full,15 min,as,No Fish,,,,,,427,hatchery coho 1+ moving out,
2025,5/17/2025,5:30,Full,15 min,as,No Fish,,,,,,427,hatchery coho 1+ moving out,
2025,5/17/2025,5:45,Full,15 min,as,No Fish,,,,,,427,hatchery coho 1+ moving out,
2025,5/17/2025,6:00,Full,15 min,as,No Fish,,,,,,427,hatchery coho 1+ moving out,
2025,5/17/2025,6:15,Full,15 min,as,No Fish,,,,,,427,,
2025,5/17/2025,6:30,Full,15 min,as,No Fish,,,,,,427,,
2025,5/17/2025,6:45,Full,15 min,as,No Fish,,,,,,427,,
2025,5/17/2025,7:00,Full,15 min,as,No Fish,,,,,,427,,
2025,5/17/2025,7:15,Full,15 min,as,No Fish,,,,,,427,,
2025,5/17/2025,7:30,Full,15 min,as,No Fish,,,,,,427,,
2025,5/17/2025,7:45,Full,15 min,as,No Fish,,,,,,427,,
2025,5/17/2025,8:00,Full,15 min,as,No Fish,,,,,,427,,
2025,5/17/2025,8:15,Full,15 min,as,No Fish,,,,,,427,,
2025,5/17/2025,8:30,Full,15 min,as,No Fish,,,,,,427,,
2025,5/17/2025,8:45,Full,15 min,as,No Fish,,,,,,427,,
2025,5/17/2025,9:00,Full,15 min,as,No Fish,,,,,,427,,
2025,5/17/2025,9:15,Full,15 min,as,No Fish,,,,,,427,,
2025,5/17/2025,9:30,Full,15 min,as,No Fish,,,,,,427,,
2025,5/17/2025,9:45,Full,15 min,as,No Fish,,,,,,427,,
2025,5/17/2025,10:00,Full,15 min,as,No Fish,,,,,,427,,
2025,5/17/2025,10:15,Full,15 min,as,No Fish,,,,,,427,,
2025,5/17/2025,10:30,Full,15 min,as,No Fish,,,,,,427,,
2025,5/17/2025,10:45,Full,15 min,as,No Fish,,,,,,427,,
2025,5/17/2025,11:00,Full,15 min,as,No Fish,,,,,,427,,
2025,5/17/2025,11:15,Full,15 min,as,No Fish,,,,,,427,hatchery coho 1+ moving out,
2025,5/17/2025,11:30,Full,15 min,as,No Fish,,,,,,427,,
2025,5/17/2025,11:45,Full,15 min,as,No Fish,,,,,,427,,
2025,5/17/2025,12:00,Full,15 min,as,No Fish,,,,,,427,,
2025,5/17/2025,12:15,Full,15 min,as,No Fish,,,,,,427,,
2025,5/17/2025,12:30,Full,15 min,as,No Fish,,,,,,427,,
2025,5/17/2025,12:45,Full,15 min,as,No Fish,,,,,,427,,
2025,5/17/2025,13:00,Full,15 min,as,No Fish,,,,,,427,,
2025,5/17/2025,13:15,Full,15 min,as,No Fish,,,,,,427,,
2025,5/17/2025,13:30,Full,15 min,as,No Fish,,,,,,427,,
2025,5/17/2025,13:45,Full,15 min,as,No Fish,,,,,,427,,
2025,5/17/2025,14:00,Full,15 min,as,No Fish,,,,,,427,,
2025,5/17/2025,14:15,Full,15 min,as,No Fish,,,,,,427,,
2025,5/17/2025,14:30,Full,15 min,as,No Fish,,,,,,427,,
2025,5/17/2025,14:45,Full,15 min,as,No Fish,,,,,,427,,
2025,5/17/2025,15:00,Full,15 min,as,No Fish,,,,,,427,,
2025,5/17/2025,15:15,Full,15 min,as,No Fish,,,,,,427,,
2025,5/17/2025,15:30,Full,15 min,as,No Fish,,,,,,427,,
2025,5/17/2025,15:45,Full,15 min,as,No Fish,,,,,,427,,
2025,5/17/2025,16:00,Full,15 min,as,No Fish,,,,,,427,,
2025,5/17/2025,16:15,Full,15 min,as,No Fish,,,,,,427,,
2025,5/17/2025,16:30,Full,15 min,as,No Fish,,,,,,427,,
2025,5/17/2025,16:45,Full,15 min,as,No Fish,,,,,,427,,
2025,5/17/2025,17:00,Full,15 min,as,No Fish,,,,,,427,,
2025,5/17/2025,17:15,Full,15 min,as,No Fish,,,,,,427,,
2025,5/17/2025,17:30,Full,15 min,as,No Fish,,,,,,427,,
2025,5/17/2025,17:45,Full,15 min,as,No Fish,,,,,,427,,
2025,5/17/2025,18:00,Full,15 min,as,No Fish,,,,,,427,,
2025,5/17/2025,18:15,Full,15 min,as,No Fish,,,,,,427,,
2025,5/17/2025,18:30,Full,15 min,as,No Fish,,,,,,427,,
2025,5/17/2025,18:45,Full,15 min,as,No Fish,,,,,,427,,
2025,5/17/2025,19:00,Full,15 min,as,No Fish,,,,,,427,,
2025,5/17/2025,19:15,Full,15 min,as,No Fish,,,,,,427,,
2025,5/17/2025,19:30,Full,15 min,as,No Fish,,,,,,427,,
2025,5/17/2025,19:45,Full,15 min,as,No Fish,,,,,,427,,
2025,5/17/2025,20:00,Full,15 min,as,No Fish,,,,,,427,,
2025,5/17/2025,20:15,Full,15 min,as,No Fish,,,,,,427,,
2025,5/17/2025,20:30,Full,15 min,as,No Fish,,,,,,427,,
2025,5/17/2025,20:45,Full,15 min,as,No Fish,,,,,,427,hatchery coho 1+ moving out,
2025,5/17/2025,21:00,Full,15 min,as,No Fish,,,,,,427,hatchery coho 1+ moving out,
2025,5/17/2025,21:15,Full,15 min,as,No Fish,,,,,,427,hatchery coho 1+ moving out,
2025,5/17/2025,21:30,Full,15 min,as,No Fish,,,,,,427,,
2025,5/17/2025,21:45,Full,15 min,as,No Fish,,,,,,427,,
2025,5/17/2025,22:00,Full,15 min,as,22:05:29,downstream,72.4,1662,13.67,1,427,,
2025,5/17/2025,22:15,Full,15 min,as,No Fish,,,,,,427,,
2025,5/17/2025,22:30,Full,15 min,as,No Fish,,,,,,427,,
2025,5/17/2025,22:45,Full,15 min,as,No Fish,,,,,,427,,
2025,5/17/2025,23:00,Full,15 min,as,No Fish,,,,,,427,,
2025,5/17/2025,23:15,Full,15 min,as,No Fish,,,,,,427,,
2025,5/17/2025,23:30,Full,15 min,as,No Fish,,,,,,427,,
2025,5/17/2025,23:45,Full,15 min,as,23:52:42,downstream,77.3,2339,9.56,1,427,,
2025,5/21/2025,0:00,Full,15 min,as,No Fish,,,,,,411,,
2025,5/21/2025,0:15,Full,15 min,as,No Fish,,,,,,411,,
2025,5/21/2025,0:30,Full,15 min,as,No Fish,,,,,,411,,
2025,5/21/2025,0:45,Full,15 min,as,No Fish,,,,,,411,,
2025,5/21/2025,1:00,Full,15 min,as,1:04:00,downstream,75.7,1212,9.01,1,411,,
2025,5/21/2025,1:15,Full,15 min,as,1:19:42,downstream,73.4,1423,14.17,1,411,,
2025,5/21/2025,1:30,Full,15 min,as,No Fish,,,,,,411,,
2025,5/21/2025,1:45,Full,15 min,as,No Fish,,,,,,411,,
2025,5/21/2025,2:00,Full,15 min,as,No Fish,,,,,,411,,
2025,5/21/2025,2:15,Full,15 min,as,2:24:06,downstream,63.2,2756,9,1,411,,
2025,5/21/2025,2:30,Full,15 min,as,2:42:06,upstream,85.7,3664,10.8,2,411,likely Chinook,
2025,5/21/2025,2:45,Full,15 min,as,No Fish,,,,,,411,,
2025,5/21/2025,3:00,Full,15 min,as,No Fish,,,,,,411,,
2025,5/21/2025,3:15,Full,15 min,as,No Fish,,,,,,411,,
2025,5/21/2025,3:30,Full,15 min,as,No Fish,,,,,,411,,
2025,5/21/2025,3:45,Full,15 min,as,No Fish,,,,,,411,,
2025,5/21/2025,4:00,Full,15 min,as,No Fish,,,,,,411,,
2025,5/21/2025,4:15,Full,15 min,as,No Fish,,,,,,411,otters,
2025,5/21/2025,4:30,Full,15 min,as,No Fish,,,,,,411,,
2025,5/21/2025,4:45,Full,15 min,as,No Fish,,,,,,411,clusters of small fish,
2025,5/21/2025,5:00,Full,15 min,as,No Fish,,,,,,411,clusters of small fish,
2025,5/21/2025,5:15,Full,15 min,as,5:27:46,upstream,60.3,3873,13.15,1,411,,
2025,5/21/2025,5:30,Full,15 min,as,No Fish,,,,,,411,,
2025,5/21/2025,5:45,Full,15 min,as,No Fish,,,,,,411,,
2025,5/21/2025,6:00,Full,15 min,as,6:09:35,upstream,69,2906,15.57,1,411,,
2025,5/21/2025,6:00,Full,15 min,as,6:09:42,upstream,71.5,2940,14.74,1,411,,
2025,5/21/2025,6:15,Full,15 min,as,No Fish,,,,,,411,,
2025,5/21/2025,6:30,Full,15 min,as,No Fish,,,,,,411,,
2025,5/21/2025,6:45,Full,15 min,as,No Fish,,,,,,411,,
2025,5/21/2025,7:00,Full,15 min,as,No Fish,,,,,,411,,
2025,5/21/2025,7:15,Full,15 min,as,No Fish,,,,,,411,,
2025,5/21/2025,7:30,Full,15 min,as,No Fish,,,,,,411,,
2025,5/21/2025,7:45,Full,15 min,as,No Fish,,,,,,411,,
2025,5/21/2025,8:00,Full,15 min,as,No Fish,,,,,,411,clusters of small fish,
2025,5/21/2025,8:15,Full,15 min,as,No Fish,,,,,,411,clusters of small fish,
2025,5/21/2025,8:30,Full,15 min,as,No Fish,,,,,,411,,
2025,5/21/2025,8:45,Full,15 min,as,No Fish,,,,,,411,,
2025,5/21/2025,9:00,Full,15 min,as,No Fish,,,,,,411,cluster of small fish,
2025,5/21/2025,9:15,Full,15 min,as,No Fish,,,,,,411,,
2025,5/21/2025,9:30,Full,15 min,as,No Fish,,,,,,411,,
2025,5/21/2025,9:45,Full,15 min,as,No Fish,,,,,,411,,
2025,5/21/2025,10:00,Full,15 min,as,10:10:29,downstream,47.4,3179,10.41,1,411,,
2025,5/21/2025,10:15,Full,15 min,as,No Fish,,,,,,411,,
2025,5/21/2025,10:30,Full,15 min,as,10:38:56,downstream,63.7,2705,9,1,411,,
2025,5/21/2025,10:45,Full,15 min,as,No Fish,,,,,,411,,
2025,5/21/2025,11:00,Full,15 min,as,No Fish,,,,,,411,,
2025,5/21/2025,11:15,Full,15 min,as,No Fish,,,,,,411,,
2025,5/21/2025,11:30,Full,15 min,as,No Fish,,,,,,411,,
2025,5/21/2025,11:45,Full,15 min,as,No Fish,,,,,,411,,
2025,5/21/2025,12:00,Full,15 min,as,No Fish,,,,,,411,,
2025,5/21/2025,12:15,Full,15 min,as,No Fish,,,,,,411,,
2025,5/21/2025,12:30,Full,15 min,as,No Fish,,,,,,411,,
2025,5/21/2025,12:45,Full,15 min,as,No Fish,,,,,,411,,
2025,5/21/2025,13:00,Full,15 min,as,No Fish,,,,,,411,,
2025,5/21/2025,13:15,Full,15 min,as,No Fish,,,,,,411,,
2025,5/21/2025,13:30,Full,15 min,as,No Fish,,,,,,411,,
2025,5/21/2025,13:45,Full,15 min,as,No Fish,,,,,,411,,
2025,5/21/2025,14:00,Full,15 min,as,No Fish,,,,,,411,,
2025,5/21/2025,14:15,Full,15 min,as,No Fish,,,,,,411,,
2025,5/21/2025,14:30,Full,15 min,as,No Fish,,,,,,411,cluster of small fish,
2025,5/21/2025,14:45,Full,15 min,as,No Fish,,,,,,411,,
2025,5/21/2025,15:00,Full,15 min,as,No Fish,,,,,,411,,
2025,5/21/2025,15:15,Full,15 min,as,No Fish,,,,,,411,,
2025,5/21/2025,15:30,Full,15 min,as,No Fish,,,,,,411,,
2025,5/21/2025,15:45,Full,15 min,as,No Fish,,,,,,411,,
2025,5/21/2025,16:00,Full,15 min,as,No Fish,,,,,,411,,
2025,5/21/2025,16:15,Full,15 min,as,No Fish,,,,,,411,,
2025,5/21/2025,16:30,Full,15 min,as,No Fish,,,,,,411,,
2025,5/21/2025,16:45,Full,15 min,as,No Fish,,,,,,411,,
2025,5/21/2025,17:00,Full,15 min,as,No Fish,,,,,,411,,
2025,5/21/2025,17:15,Full,15 min,as,No Fish,,,,,,411,,
2025,5/21/2025,17:30,Full,15 min,as,No Fish,,,,,,411,small cluster of small fish,
2025,5/21/2025,17:45,Full,15 min,as,No Fish,,,,,,411,,
2025,5/21/2025,18:00,Full,15 min,as,No Fish,,,,,,411,,
2025,5/21/2025,18:15,Full,15 min,as,No Fish,,,,,,411,,
2025,5/21/2025,18:30,Full,15 min,as,No Fish,,,,,,411,,
2025,5/21/2025,18:45,Full,15 min,as,No Fish,,,,,,411,,
2025,5/21/2025,19:00,Full,15 min,as,No Fish,,,,,,411,,
2025,5/21/2025,19:15,Full,15 min,as,No Fish,,,,,,411,,
2025,5/21/2025,19:30,Full,15 min,as,No Fish,,,,,,411,,
2025,5/21/2025,19:45,Full,15 min,as,No Fish,,,,,,411,,
2025,5/21/2025,20:00,Full,15 min,as,No Fish,,,,,,411,,
2025,5/21/2025,20:15,Full,15 min,as,No Fish,,,,,,411,,
2025,5/21/2025,20:30,Full,15 min,as,No Fish,,,,,,411,small clusters of small fish,
2025,5/21/2025,20:45,Full,15 min,as,No Fish,,,,,,411,clusters of small fish,
2025,5/21/2025,21:00,Full,15 min,as,No Fish,,,,,,411,many clustes of small fish,
2025,5/21/2025,21:15,Full,15 min,as,No Fish,,,,,,411,small fish,
2025,5/21/2025,21:30,Full,15 min,as,No Fish,,,,,,411,,
2025,5/21/2025,21:45,Full,15 min,as,21:58:05,downstream,42.6,3970,14.47,1,411,,
2025,5/21/2025,22:00,Full,15 min,as,No Fish,,,,,,411,,
2025,5/21/2025,22:15,Full,15 min,as,No Fish,,,,,,411,otters,
2025,5/21/2025,22:30,Full,15 min,as,No Fish,,,,,,411,,
2025,5/21/2025,22:45,Full,15 min,as,No Fish,,,,,,411,,
2025,5/21/2025,23:00,Full,15 min,as,No Fish,,,,,,411,,
2025,5/21/2025,23:15,Full,15 min,as,No Fish,,,,,,411,,
2025,5/21/2025,23:30,Full,15 min,as,No Fish,,,,,,411,,
2025,5/21/2025,23:45,Full,15 min,as,23:47:31,downstream,64.5,763,11.19,1,411,,
2025,5/22/2025,0:00,Full,15 min,as,No Fish,,,,,,390,,
2025,5/22/2025,0:15,Full,15 min,as,0:29:41,downstream,62.5,4448,11.17,1,390,,
2025,5/22/2025,0:30,Full,15 min,as,No Fish,,,,,,390,,
2025,5/22/2025,0:45,Full,15 min,as,No Fish,,,,,,390,,
2025,5/22/2025,1:00,Full,15 min,as,No Fish,,,,,,390,,
2025,5/22/2025,1:15,Full,15 min,as,No Fish,,,,,,390,,
2025,5/22/2025,1:30,Full,15 min,as,No Fish,,,,,,390,,
2025,5/22/2025,1:45,Full,15 min,as,No Fish,,,,,,390,,
2025,5/22/2025,2:00,Full,15 min,as,No Fish,,,,,,390,,
2025,5/22/2025,2:15,Full,15 min,as,No Fish,,,,,,390,,
2025,5/22/2025,2:30,Full,15 min,as,No Fish,,,,,,390,,
2025,5/22/2025,2:45,Full,15 min,as,2:46:32,downstream,63.7,463,15.21,1,390,,
2025,5/22/2025,3:00,Full,15 min,as,No Fish,,,,,,390,,
2025,5/22/2025,3:15,Full,15 min,as,No Fish,,,,,,390,,
2025,5/22/2025,3:30,Full,15 min,as,No Fish,,,,,,390,,
2025,5/22/2025,3:45,Full,15 min,as,No Fish,,,,,,390,,
2025,5/22/2025,4:00,Full,15 min,as,No Fish,,,,,,390,,
2025,5/22/2025,4:15,Full,15 min,as,No Fish,,,,,,390,,
2025,5/22/2025,4:30,Full,15 min,as,No Fish,,,,,,390,,
2025,5/22/2025,4:45,Full,15 min,as,No Fish,,,,,,390,,
2025,5/22/2025,5:00,Full,15 min,as,No Fish,,,,,,390,clusters of small fish,
2025,5/22/2025,5:15,Full,15 min,as,5:18:17,upstream,72.8,991,12.55,2,390,likely Chinook,
2025,5/22/2025,5:30,Full,15 min,as,No Fish,,,,,,390,,
2025,5/22/2025,5:45,Full,15 min,as,No Fish,,,,,,390,,
2025,5/22/2025,6:00,Full,15 min,as,No Fish,,,,,,390,,
2025,5/22/2025,6:15,Full,15 min,as,No Fish,,,,,,390,,
2025,5/22/2025,6:30,Full,15 min,as,No Fish,,,,,,390,,
2025,5/22/2025,6:45,Full,15 min,as,No Fish,,,,,,390,,
2025,5/22/2025,7:00,Full,15 min,as,No Fish,,,,,,390,,
2025,5/22/2025,7:15,Full,15 min,as,No Fish,,,,,,390,,
2025,5/22/2025,7:30,Full,15 min,as,No Fish,,,,,,390,,
2025,5/22/2025,7:45,Full,15 min,as,No Fish,,,,,,390,,
2025,5/22/2025,8:00,Full,15 min,as,No Fish,,,,,,390,,
2025,5/22/2025,8:15,Full,15 min,as,No Fish,,,,,,390,,
2025,5/22/2025,8:30,Full,15 min,as,No Fish,,,,,,390,,
2025,5/22/2025,8:45,Full,15 min,as,No Fish,,,,,,390,,
2025,5/22/2025,9:00,Full,15 min,as,No Fish,,,,,,390,,
2025,5/22/2025,9:15,Full,15 min,as,No Fish,,,,,,390,,
2025,5/22/2025,9:30,Full,15 min,as,No Fish,,,,,,390,,
2025,5/22/2025,9:45,Full,15 min,as,No Fish,,,,,,390,,
2025,5/22/2025,10:00,Full,15 min,as,No Fish,,,,,,390,,
2025,5/22/2025,10:15,Full,15 min,as,No Fish,,,,,,390,,
2025,5/22/2025,10:30,Full,15 min,as,No Fish,,,,,,390,,
2025,5/22/2025,10:45,Full,15 min,as,No Fish,,,,,,390,,
2025,5/22/2025,11:00,Full,15 min,as,No Fish,,,,,,390,,
2025,5/22/2025,11:15,Full,15 min,as,No Fish,,,,,,390,,
2025,5/22/2025,11:30,Full,15 min,as,No Fish,,,,,,390,,
2025,5/22/2025,11:45,Full,15 min,as,No Fish,,,,,,390,,
2025,5/22/2025,12:00,Full,15 min,as,No Fish,,,,,,390,,
2025,5/22/2025,12:15,Full,15 min,as,No Fish,,,,,,390,,
2025,5/22/2025,12:30,Full,15 min,as,No Fish,,,,,,390,,
2025,5/22/2025,12:45,Full,15 min,as,No Fish,,,,,,390,,
2025,5/22/2025,13:00,Full,15 min,as,No Fish,,,,,,390,,
2025,5/22/2025,13:15,Full,15 min,as,No Fish,,,,,,390,,
2025,5/22/2025,13:30,Full,15 min,as,No Fish,,,,,,390,,
2025,5/22/2025,13:45,Full,15 min,as,No Fish,,,,,,390,,
2025,5/22/2025,14:00,Full,15 min,as,No Fish,,,,,,390,,
2025,5/22/2025,14:15,Full,15 min,as,No Fish,,,,,,390,,
2025,5/22/2025,14:30,Full,15 min,as,No Fish,,,,,,390,,
2025,5/22/2025,14:45,Full,15 min,as,No Fish,,,,,,390,,
2025,5/22/2025,15:00,Full,15 min,as,No Fish,,,,,,390,,
2025,5/22/2025,15:15,Full,15 min,as,No Fish,,,,,,390,,
2025,5/22/2025,15:30,Full,15 min,as,No Fish,,,,,,390,,
2025,5/22/2025,15:45,Full,15 min,as,No Fish,,,,,,390,,
2025,5/22/2025,16:00,Full,15 min,as,No Fish,,,,,,390,,
2025,5/22/2025,16:15,Full,15 min,as,No Fish,,,,,,390,,
2025,5/22/2025,16:30,Full,15 min,as,No Fish,,,,,,390,,
2025,5/22/2025,16:45,Full,15 min,as,No Fish,,,,,,390,,
2025,5/22/2025,17:00,Full,15 min,as,No Fish,,,,,,390,,
2025,5/22/2025,17:15,Full,15 min,as,No Fish,,,,,,390,,
2025,5/22/2025,17:30,Full,15 min,as,No Fish,,,,,,390,,
2025,5/22/2025,17:45,Full,15 min,as,No Fish,,,,,,390,,
2025,5/22/2025,18:00,Full,15 min,as,No Fish,,,,,,390,,
2025,5/22/2025,18:15,Full,15 min,as,No Fish,,,,,,390,,
2025,5/22/2025,18:30,Full,15 min,as,No Fish,,,,,,390,,
2025,5/22/2025,18:45,Full,15 min,as,No Fish,,,,,,390,,
2025,5/22/2025,19:00,Full,15 min,as,No Fish,,,,,,390,,
2025,5/22/2025,19:15,Full,15 min,as,No Fish,,,,,,390,,
2025,5/22/2025,19:30,Full,15 min,as,No Fish,,,,,,390,,
2025,5/22/2025,19:45,Full,15 min,as,No Fish,,,,,,390,,
2025,5/22/2025,20:00,Full,15 min,as,No Fish,,,,,,390,,
2025,5/22/2025,20:15,Full,15 min,as,No Fish,,,,,,390,,
2025,5/22/2025,20:30,Full,15 min,as,No Fish,,,,,,390,,
2025,5/22/2025,20:45,Full,15 min,as,No Fish,,,,,,390,clusters of small fish,
2025,5/22/2025,21:00,Full,15 min,as,No Fish,,,,,,390,clusters of small fish,
2025,5/22/2025,21:15,Full,15 min,as,No Fish,,,,,,390,,
2025,5/22/2025,21:30,Full,15 min,as,No Fish,,,,,,390,,
2025,5/22/2025,21:45,Full,15 min,as,No Fish,,,,,,390,,
2025,5/22/2025,22:00,Full,15 min,as,No Fish,,,,,,390,seal upstream bound,
2025,5/22/2025,22:15,Full,15 min,as,No Fish,,,,,,390,,
2025,5/22/2025,22:30,Full,15 min,as,No Fish,,,,,,390,pack of otters,
2025,5/22/2025,22:45,Full,15 min,as,22:46:37,downstream,73.2,486,14.35,2,390,likely Chinook,
2025,5/22/2025,23:00,Full,15 min,as,23:12:09,downstream,50.6,3694,16.58,1,390,,
2025,5/22/2025,23:15,Full,15 min,as,No Fish,,,,,,390,,
2025,5/22/2025,23:30,Full,15 min,as,23:41:38,downstream,72.2,3518,13.04,1,390,,
2025,5/22/2025,23:45,Full,15 min,as,No Fish,,,,,,390,,
2025,5/23/2025,0:00,Full,15 min,as,No Fish,,,,,,382,,
2025,5/23/2025,0:15,Full,15 min,as,No Fish,,,,,,382,,
2025,5/23/2025,0:30,Full,15 min,as,No Fish,,,,,,382,,
2025,5/23/2025,0:45,Full,15 min,as,0:55:03,downstream,71.4,3053,12.86,1,382,,
2025,5/23/2025,1:00,Full,15 min,as,No Fish,,,,,,382,,
2025,5/23/2025,1:15,Full,15 min,as,No Fish,,,,,,382,,
2025,5/23/2025,1:30,Full,15 min,as,No Fish,,,,,,382,,
2025,5/23/2025,1:45,Full,15 min,as,No Fish,,,,,,382,,
2025,5/23/2025,2:00,Full,15 min,as,2:10:11,downstream,66.9,3096,13.79,1,382,,
2025,5/23/2025,2:15,Full,15 min,as,No Fish,,,,,,382,,
2025,5/23/2025,2:30,Full,15 min,as,No Fish,,,,,,382,,
2025,5/23/2025,2:45,Full,15 min,as,No Fish,,,,,,382,,
2025,5/23/2025,3:00,Full,15 min,as,No Fish,,,,,,382,,
2025,5/23/2025,3:15,Full,15 min,as,No Fish,,,,,,382,,
2025,5/23/2025,3:30,Full,15 min,as,3:41:53,downstream,79.6,3603,14.31,1,382,,
2025,5/23/2025,3:45,Full,15 min,as,No Fish,,,,,,382,,
2025,5/23/2025,4:00,Full,15 min,as,No Fish,,,,,,382,,
2025,5/23/2025,4:15,Full,15 min,as,No Fish,,,,,,382,,
2025,5/23/2025,4:30,Full,15 min,as,No Fish,,,,,,382,pack of otters,
2025,5/23/2025,4:45,Full,15 min,as,No Fish,,,,,,382,,
2025,5/23/2025,5:00,Full,15 min,as,No Fish,,,,,,382,,
2025,5/23/2025,5:15,Full,15 min,as,No Fish,,,,,,382,,
2025,5/23/2025,5:30,Full,15 min,as,No Fish,,,,,,382,,
2025,5/23/2025,5:45,Full,15 min,as,No Fish,,,,,,382,,
2025,5/23/2025,6:00,Full,15 min,as,No Fish,,,,,,382,,
2025,5/23/2025,6:15,Full,15 min,as,No Fish,,,,,,382,,
2025,5/23/2025,6:30,Full,15 min,as,No Fish,,,,,,382,,
2025,5/23/2025,6:45,Full,15 min,as,No Fish,,,,,,382,,
2025,5/23/2025,7:00,Full,15 min,as,No Fish,,,,,,382,,
2025,5/23/2025,7:15,Full,15 min,as,No Fish,,,,,,382,,
2025,5/23/2025,7:30,Full,15 min,as,No Fish,,,,,,382,,
2025,5/23/2025,7:45,Full,15 min,as,No Fish,,,,,,382,,
2025,5/23/2025,8:00,Full,15 min,as,No Fish,,,,,,382,,
2025,5/23/2025,8:15,Full,15 min,as,No Fish,,,,,,382,,
2025,5/23/2025,8:30,Full,15 min,as,No Fish,,,,,,382,,
2025,5/23/2025,8:45,Full,15 min,as,No Fish,,,,,,382,,
2025,5/23/2025,9:00,Full,15 min,as,No Fish,,,,,,382,,
2025,5/23/2025,9:15,Full,15 min,as,No Fish,,,,,,382,,
2025,5/23/2025,9:30,Full,15 min,as,No Fish,,,,,,382,,
2025,5/23/2025,9:45,Full,15 min,as,No Fish,,,,,,382,,
2025,5/23/2025,10:00,Full,15 min,as,No Fish,,,,,,382,,
2025,5/23/2025,10:15,Full,15 min,as,No Fish,,,,,,382,cluster of small fish,
2025,5/23/2025,10:30,Full,15 min,as,No Fish,,,,,,382,,
2025,5/23/2025,10:45,Full,15 min,as,No Fish,,,,,,382,,
2025,5/23/2025,11:00,Full,15 min,as,No Fish,,,,,,382,,
2025,5/23/2025,11:15,Full,15 min,as,No Fish,,,,,,382,,
2025,5/23/2025,11:30,Full,15 min,as,No Fish,,,,,,382,,
2025,5/23/2025,11:45,Full,15 min,as,No Fish,,,,,,382,,
2025,5/23/2025,12:00,Full,15 min,as,No Fish,,,,,,382,,
2025,5/23/2025,12:15,Full,15 min,as,No Fish,,,,,,382,,
2025,5/23/2025,12:30,Full,15 min,as,No Fish,,,,,,382,,
2025,5/23/2025,12:45,Full,15 min,as,No Fish,,,,,,382,,
2025,5/23/2025,13:00,Full,15 min,as,No Fish,,,,,,382,,
2025,5/23/2025,13:15,Full,15 min,as,No Fish,,,,,,382,,
2025,5/23/2025,13:30,Full,15 min,as,No Fish,,,,,,382,,
2025,5/23/2025,13:45,Full,15 min,as,No Fish,,,,,,382,,
2025,5/23/2025,14:00,Full,15 min,as,No Fish,,,,,,382,,
2025,5/23/2025,14:15,Full,15 min,as,No Fish,,,,,,382,,
2025,5/23/2025,14:30,Full,15 min,as,No Fish,,,,,,382,,
2025,5/23/2025,14:45,Full,15 min,as,No Fish,,,,,,382,,
2025,5/23/2025,15:00,Full,15 min,as,No Fish,,,,,,382,,
2025,5/23/2025,15:15,Full,15 min,as,No Fish,,,,,,382,,
2025,5/23/2025,15:30,Full,15 min,as,No Fish,,,,,,382,,
2025,5/23/2025,15:45,Full,15 min,as,No Fish,,,,,,382,,
2025,5/23/2025,16:00,Full,15 min,as,No Fish,,,,,,382,,
2025,5/23/2025,16:15,Full,15 min,as,No Fish,,,,,,382,,
2025,5/23/2025,16:30,Full,15 min,as,No Fish,,,,,,382,,
2025,5/23/2025,16:45,Full,15 min,as,No Fish,,,,,,382,,
2025,5/23/2025,17:00,Full,15 min,as,No Fish,,,,,,382,,
2025,5/23/2025,17:15,Full,15 min,as,No Fish,,,,,,382,,
2025,5/23/2025,17:30,Full,15 min,as,No Fish,,,,,,382,,
2025,5/23/2025,17:45,Full,15 min,as,No Fish,,,,,,382,,
2025,5/23/2025,18:00,Full,15 min,as,No Fish,,,,,,382,,
2025,5/23/2025,18:15,Full,15 min,as,No Fish,,,,,,382,,
2025,5/23/2025,18:30,Full,15 min,as,No Fish,,,,,,382,,
2025,5/23/2025,18:45,Full,15 min,as,No Fish,,,,,,382,,
2025,5/23/2025,19:00,Full,15 min,as,No Fish,,,,,,382,,
2025,5/23/2025,19:15,Full,15 min,as,No Fish,,,,,,382,,
2025,5/23/2025,19:30,Full,15 min,as,No Fish,,,,,,382,,
2025,5/23/2025,19:45,Full,15 min,as,No Fish,,,,,,382,,
2025,5/23/2025,20:00,Full,15 min,as,No Fish,,,,,,382,,
2025,5/23/2025,20:15,Full,15 min,as,No Fish,,,,,,382,,
2025,5/23/2025,20:30,Full,15 min,as,No Fish,,,,,,382,,
2025,5/23/2025,20:45,Full,15 min,as,No Fish,,,,,,382,cluster of small fish,
2025,5/23/2025,21:00,Full,15 min,as,No Fish,,,,,,382,,
2025,5/23/2025,21:15,Full,15 min,as,No Fish,,,,,,382,,
2025,5/23/2025,21:30,Full,15 min,as,21:35:53,upstream,60.2,1782,15.36,1,382,,
2025,5/23/2025,21:45,Full,15 min,as,No Fish,,,,,,382,,
2025,5/23/2025,22:00,Full,15 min,as,22:00:59,downstream,59.9,292,13.4,1,382,,
2025,5/23/2025,22:15,Full,15 min,as,No Fish,,,,,,382,,
2025,5/23/2025,22:30,Full,15 min,as,22:36:17,downstream,60.5,1897,14.56,1,382,,
2025,5/23/2025,22:45,Full,15 min,as,No Fish,,,,,,382,,
2025,5/23/2025,23:00,Full,15 min,as,No Fish,,,,,,382,,
2025,5/23/2025,23:15,Full,15 min,as,No Fish,,,,,,382,,
2025,5/23/2025,23:30,Full,15 min,as,No Fish,,,,,,382,,
2025,5/23/2025,23:45,Full,15 min,as,No Fish,,,,,,382,,
2025,5/24/2025,0:00,Full,15 min,as,0:12:18,downstream,54,3707,14.15,1,390,,
2025,5/24/2025,0:15,Full,15 min,as,No Fish,,,,,,390,,
2025,5/24/2025,0:30,Full,15 min,as,0:42:44,downstream,38.3,3851,11.9,1,390,,
2025,5/24/2025,0:45,Full,15 min,as,No Fish,,,,,,390,,
2025,5/24/2025,1:00,Full,15 min,as,No Fish,,,,,,390,,
2025,5/24/2025,1:15,Full,15 min,as,No Fish,,,,,,390,,
2025,5/24/2025,1:30,Full,15 min,as,No Fish,,,,,,390,,
2025,5/24/2025,1:45,Full,15 min,as,No Fish,,,,,,390,,
2025,5/24/2025,2:00,Full,15 min,as,No Fish,,,,,,390,,
2025,5/24/2025,2:15,Full,15 min,as,No Fish,,,,,,390,,
2025,5/24/2025,2:30,Full,15 min,as,No Fish,,,,,,390,,
2025,5/24/2025,2:45,Full,15 min,as,No Fish,,,,,,390,,
2025,5/24/2025,3:00,Full,15 min,as,No Fish,,,,,,390,,
2025,5/24/2025,3:15,Full,15 min,as,No Fish,,,,,,390,,
2025,5/24/2025,3:30,Full,15 min,as,No Fish,,,,,,390,,
2025,5/24/2025,3:45,Full,15 min,as,No Fish,,,,,,390,,
2025,5/24/2025,4:00,Full,15 min,as,No Fish,,,,,,390,,
2025,5/24/2025,4:15,Full,15 min,as,No Fish,,,,,,390,,
2025,5/24/2025,4:30,Full,15 min,as,No Fish,,,,,,390,,
2025,5/24/2025,4:45,Full,15 min,as,No Fish,,,,,,390,,
2025,5/24/2025,5:00,Full,15 min,as,No Fish,,,,,,390,hatchery coho 1+ moving out,
2025,5/24/2025,5:15,Full,15 min,as,No Fish,,,,,,390,,
2025,5/24/2025,5:30,Full,15 min,as,No Fish,,,,,,390,,
2025,5/24/2025,5:45,Full,15 min,as,No Fish,,,,,,390,,
2025,5/24/2025,6:00,Full,15 min,as,No Fish,,,,,,390,,
2025,5/24/2025,6:15,Full,15 min,as,No Fish,,,,,,390,,
2025,5/24/2025,6:30,Full,15 min,as,No Fish,,,,,,390,,
2025,5/24/2025,6:45,Full,15 min,as,No Fish,,,,,,390,,
2025,5/24/2025,7:00,Full,15 min,as,No Fish,,,,,,390,,
2025,5/24/2025,7:15,Full,15 min,as,No Fish,,,,,,390,,
2025,5/24/2025,7:30,Full,15 min,as,No Fish,,,,,,390,,
2025,5/24/2025,7:45,Full,15 min,as,No Fish,,,,,,390,,
2025,5/24/2025,8:00,Full,15 min,as,No Fish,,,,,,390,,
2025,5/24/2025,8:15,Full,15 min,as,No Fish,,,,,,390,,
2025,5/24/2025,8:30,Full,15 min,as,No Fish,,,,,,390,,
2025,5/24/2025,8:45,Full,15 min,as,No Fish,,,,,,390,,
2025,5/24/2025,9:00,Full,15 min,as,No Fish,,,,,,390,,
2025,5/24/2025,9:15,Full,15 min,as,No Fish,,,,,,390,,
2025,5/24/2025,9:30,Full,15 min,as,No Fish,,,,,,390,,
2025,5/24/2025,9:45,Full,15 min,as,No Fish,,,,,,390,,
2025,5/24/2025,10:00,Full,15 min,as,No Fish,,,,,,390,,
2025,5/24/2025,10:15,Full,15 min,as,No Fish,,,,,,390,,
2025,5/24/2025,10:30,Full,15 min,as,10:44:15,upstream,82,4303,13.18,2,390,likely Chinook,
2025,5/24/2025,10:45,Full,15 min,as,No Fish,,,,,,390,,
2025,5/24/2025,11:00,Full,15 min,as,No Fish,,,,,,390,,
2025,5/24/2025,11:15,Full,15 min,as,No Fish,,,,,,390,,
2025,5/24/2025,11:30,Full,15 min,as,No Fish,,,,,,390,,
2025,5/24/2025,11:45,Full,15 min,as,No Fish,,,,,,390,,
2025,5/24/2025,12:00,Full,15 min,as,No Fish,,,,,,390,,
2025,5/24/2025,12:15,Full,15 min,as,No Fish,,,,,,390,,
2025,5/24/2025,12:30,Full,15 min,as,No Fish,,,,,,390,,
2025,5/24/2025,12:45,Full,15 min,as,No Fish,,,,,,390,,
2025,5/24/2025,13:00,Full,15 min,as,No Fish,,,,,,390,,
2025,5/24/2025,13:15,Full,15 min,as,No Fish,,,,,,390,,
2025,5/24/2025,13:30,Full,15 min,as,No Fish,,,,,,390,,
2025,5/24/2025,13:45,Full,15 min,as,No Fish,,,,,,390,,
2025,5/24/2025,14:00,Full,15 min,as,No Fish,,,,,,390,,
2025,5/24/2025,14:15,Full,15 min,as,No Fish,,,,,,390,,
2025,5/24/2025,14:30,Full,15 min,as,No Fish,,,,,,390,,
2025,5/24/2025,14:45,Full,15 min,as,No Fish,,,,,,390,,
2025,5/24/2025,15:00,Full,15 min,as,No Fish,,,,,,390,,
2025,5/24/2025,15:15,Full,15 min,as,No Fish,,,,,,390,,
2025,5/24/2025,15:30,Full,15 min,as,No Fish,,,,,,390,,
2025,5/24/2025,15:45,Full,15 min,as,No Fish,,,,,,390,human walking downstream right bank?,
2025,5/24/2025,16:00,Full,15 min,as,16:06:44,downstream,76.2,2034,9.92,2,390,likely Chinook,
2025,5/24/2025,16:15,Full,15 min,as,No Fish,,,,,,390,,
2025,5/24/2025,16:30,Full,15 min,as,No Fish,,,,,,390,,
2025,5/24/2025,16:45,Full,15 min,as,No Fish,,,,,,390,,
2025,5/24/2025,17:00,Full,15 min,as,No Fish,,,,,,390,,
2025,5/24/2025,17:15,Full,15 min,as,No Fish,,,,,,390,,
2025,5/24/2025,17:30,Full,15 min,as,No Fish,,,,,,390,,
2025,5/24/2025,17:45,Full,15 min,as,No Fish,,,,,,390,,
2025,5/24/2025,18:00,Full,15 min,as,No Fish,,,,,,390,,
2025,5/24/2025,18:15,Full,15 min,as,No Fish,,,,,,390,,
2025,5/24/2025,18:30,Full,15 min,as,No Fish,,,,,,390,,
2025,5/24/2025,18:45,Full,15 min,as,No Fish,,,,,,390,,
2025,5/24/2025,19:00,Full,15 min,as,No Fish,,,,,,390,,
2025,5/24/2025,19:15,Full,15 min,as,No Fish,,,,,,390,,
2025,5/24/2025,19:30,Full,15 min,as,No Fish,,,,,,390,,
2025,5/24/2025,19:45,Full,15 min,as,No Fish,,,,,,390,,
2025,5/24/2025,20:00,Full,15 min,as,No Fish,,,,,,390,,
2025,5/24/2025,20:15,Full,15 min,as,No Fish,,,,,,390,,
2025,5/24/2025,20:30,Full,15 min,as,No Fish,,,,,,390,,
2025,5/24/2025,20:45,Full,15 min,as,No Fish,,,,,,390,,
2025,5/24/2025,21:00,Full,15 min,as,No Fish,,,,,,390,,
2025,5/24/2025,21:15,Full,15 min,as,21:19:43,downstream,108.8,1437,4.77,3,390,otters,
2025,5/24/2025,21:30,Full,15 min,as,21:33:41,upstream,75.8,1113,3.48,3,390,beaver(s),
2025,5/24/2025,21:30,Full,15 min,as,21:42:06,upstream,140.6,3660,11.05,3,390,seal,
2025,5/24/2025,21:45,Full,15 min,as,No Fish,,,,,,390,,
2025,5/24/2025,22:00,Full,15 min,as,No Fish,,,,,,390,,
2025,5/24/2025,22:15,Full,15 min,as,No Fish,,,,,,390,,
2025,5/24/2025,22:30,Full,15 min,as,No Fish,,,,,,390,,
2025,5/24/2025,22:45,Full,15 min,as,No Fish,,,,,,390,,
2025,5/24/2025,23:00,Full,15 min,as,23:00:39,downstream,74,195,13.31,1,390,,
2025,5/24/2025,23:00,Full,15 min,as,23:09:25,downstream,66.6,2850,10.42,1,390,,
2025,5/24/2025,23:15,Full,15 min,as,23:23:13,downstream,71.3,2477,10.82,1,390,,
2025,5/24/2025,23:30,Full,15 min,as,23:35:23,downstream,67.5,1629,14.48,1,390,,
2025,5/24/2025,23:45,Full,15 min,as,No Fish,,,,,,390,,
2025,5/25/2025,0:00,Full,15 min,as,No Fish,,,,,,450,,
2025,5/25/2025,0:15,Full,15 min,as,No Fish,,,,,,450,,
2025,5/25/2025,0:30,Full,15 min,as,0:36:37,downstream,60.6,1999,12.75,1,450,,
2025,5/25/2025,0:30,Full,15 min,as,0:40:26,downstream,75.6,3156,10.3,1,450,,
2025,5/25/2025,0:45,Full,15 min,as,No Fish,,,,,,450,,
2025,5/25/2025,1:00,Full,15 min,as,1:06:41,upstream,65.6,2023,20.21,1,450,,
2025,5/25/2025,1:00,Full,15 min,as,1:14:30,upstream,63.9,4399,20.11,1,450,,
2025,5/25/2025,1:15,Full,15 min,as,1:15:26,downstream,63.4,125,10.01,1,450,,
2025,5/25/2025,1:15,Full,15 min,as,1:17:52,downstream,63.3,864,14.65,1,450,,
2025,5/25/2025,1:15,Full,15 min,as,1:20:37,downstream,68.5,1692,11.44,1,450,,
2025,5/25/2025,1:30,Full,15 min,as,No Fish,,,,,,450,,
2025,5/25/2025,1:45,Full,15 min,as,No Fish,,,,,,450,,
2025,5/25/2025,2:00,Full,15 min,as,No Fish,,,,,,450,,
2025,5/25/2025,2:15,Full,15 min,as,2:16:11,downstream,76.6,356,8.29,1,450,,
2025,5/25/2025,2:15,Full,15 min,as,2:17:04,downstream,47.1,621,9.63,1,450,,
2025,5/25/2025,2:15,Full,15 min,as,2:24:14,downstream,42.7,2794,10.44,1,450,,
2025,5/25/2025,2:30,Full,15 min,as,No Fish,,,,,,450,,
2025,5/25/2025,2:45,Full,15 min,as,No Fish,,,,,,450,,
2025,5/25/2025,3:00,Full,15 min,as,No Fish,,,,,,450,,
2025,5/25/2025,3:15,Full,15 min,as,3:28:36,downstream,72.4,4107,8.67,1,450,,
2025,5/25/2025,3:30,Full,15 min,as,No Fish,,,,,,450,,
2025,5/25/2025,3:45,Full,15 min,as,3:51:14,downstream,43.7,1878,12.52,1,450,,
2025,5/25/2025,4:00,Full,15 min,as,No Fish,,,,,,450,,
2025,5/25/2025,4:15,Full,15 min,as,No Fish,,,,,,450,,
2025,5/25/2025,4:30,Full,15 min,as,No Fish,,,,,,450,,
2025,5/25/2025,4:45,Full,15 min,as,No Fish,,,,,,450,,
2025,5/25/2025,5:00,Full,15 min,as,No Fish,,,,,,450,,
2025,5/25/2025,5:15,Full,15 min,as,No Fish,,,,,,450,,
2025,5/25/2025,5:30,Full,15 min,as,No Fish,,,,,,450,,
2025,5/25/2025,5:45,Full,15 min,as,No Fish,,,,,,450,,
2025,5/25/2025,6:00,Full,15 min,as,No Fish,,,,,,450,,
2025,5/25/2025,6:15,Full,15 min,as,No Fish,,,,,,450,,
2025,5/25/2025,6:30,Full,15 min,as,No Fish,,,,,,450,,
2025,5/25/2025,6:45,Full,15 min,as,No Fish,,,,,,450,,
2025,5/25/2025,7:00,Full,15 min,as,No Fish,,,,,,450,,
2025,5/25/2025,7:15,Full,15 min,as,No Fish,,,,,,450,,
2025,5/25/2025,7:30,Full,15 min,as,No Fish,,,,,,450,,
2025,5/25/2025,7:45,Full,15 min,as,No Fish,,,,,,450,,
2025,5/25/2025,8:00,Full,15 min,as,No Fish,,,,,,450,,
2025,5/25/2025,8:15,Full,15 min,as,No Fish,,,,,,450,,
2025,5/25/2025,8:30,Full,15 min,as,No Fish,,,,,,450,,
2025,5/25/2025,8:45,Full,15 min,as,No Fish,,,,,,450,,
2025,5/25/2025,9:00,Full,15 min,as,9:00:54,downstream,36.5,263,9.87,1,450,,
2025,5/25/2025,9:15,Full,15 min,as,No Fish,,,,,,450,,
2025,5/25/2025,9:30,Full,15 min,as,No Fish,,,,,,450,,
2025,5/25/2025,9:45,Full,15 min,as,No Fish,,,,,,450,,
2025,5/25/2025,10:00,Full,15 min,as,No Fish,,,,,,450,,
2025,5/25/2025,10:15,Full,15 min,as,No Fish,,,,,,450,,
2025,5/25/2025,10:30,Full,15 min,as,No Fish,,,,,,450,,
2025,5/25/2025,10:45,Full,15 min,as,No Fish,,,,,,450,,
2025,5/25/2025,11:00,Full,15 min,as,No Fish,,,,,,450,,
2025,5/25/2025,11:15,Full,15 min,as,No Fish,,,,,,450,,
2025,5/25/2025,11:30,Full,15 min,as,No Fish,,,,,,450,,
2025,5/25/2025,11:45,Full,15 min,as,No Fish,,,,,,450,,
2025,5/25/2025,12:00,Full,15 min,as,No Fish,,,,,,450,,
2025,5/25/2025,12:15,Full,15 min,as,No Fish,,,,,,450,,
2025,5/25/2025,12:30,Full,15 min,as,No Fish,,,,,,450,,
2025,5/25/2025,12:45,Full,15 min,as,No Fish,,,,,,450,,
2025,5/25/2025,13:00,Full,15 min,as,No Fish,,,,,,450,,
2025,5/25/2025,13:15,Full,15 min,as,No Fish,,,,,,450,,
2025,5/25/2025,13:30,Full,15 min,as,No Fish,,,,,,450,,
2025,5/25/2025,13:45,Full,15 min,as,No Fish,,,,,,450,,
2025,5/25/2025,14:00,Full,15 min,as,No Fish,,,,,,450,,
2025,5/25/2025,14:15,Full,15 min,as,No Fish,,,,,,450,,
2025,5/25/2025,14:30,Full,15 min,as,No Fish,,,,,,450,,
2025,5/25/2025,14:45,Full,15 min,as,No Fish,,,,,,450,,
2025,5/25/2025,15:00,Full,15 min,as,No Fish,,,,,,450,,
2025,5/25/2025,15:15,Full,15 min,as,No Fish,,,,,,450,,
2025,5/25/2025,15:30,Full,15 min,as,No Fish,,,,,,450,,
2025,5/25/2025,15:45,Full,15 min,as,No Fish,,,,,,450,,
2025,5/25/2025,16:00,Full,15 min,as,No Fish,,,,,,450,,
2025,5/25/2025,16:15,Full,15 min,as,No Fish,,,,,,450,,
2025,5/25/2025,16:30,Full,15 min,as,No Fish,,,,,,450,,
2025,5/25/2025,16:45,Full,15 min,as,No Fish,,,,,,450,,
2025,5/25/2025,17:00,Full,15 min,as,No Fish,,,,,,450,,
2025,5/25/2025,17:15,Full,15 min,as,No Fish,,,,,,450,,
2025,5/25/2025,17:30,Full,15 min,as,No Fish,,,,,,450,,
2025,5/25/2025,17:45,Full,15 min,as,No Fish,,,,,,450,,
2025,5/25/2025,18:00,Full,15 min,as,No Fish,,,,,,450,,
2025,5/25/2025,18:15,Full,15 min,as,No Fish,,,,,,450,,
2025,5/25/2025,18:30,Full,15 min,as,No Fish,,,,,,450,,
2025,5/25/2025,18:45,Full,15 min,as,No Fish,,,,,,450,,
2025,5/25/2025,19:00,Full,15 min,as,No Fish,,,,,,450,,
2025,5/25/2025,19:15,Full,15 min,as,No Fish,,,,,,450,,
2025,5/25/2025,19:30,Full,15 min,as,No Fish,,,,,,450,,
2025,5/25/2025,19:45,Full,15 min,as,No Fish,,,,,,450,,
2025,5/25/2025,20:00,Full,15 min,as,No Fish,,,,,,450,,
2025,5/25/2025,20:15,Full,15 min,as,20:19:07,upstream,63.5,1245,13.57,1,450,,
2025,5/25/2025,20:30,Full,15 min,as,No Fish,,,,,,450,,
2025,5/25/2025,20:45,Full,15 min,as,No Fish,,,,,,450,,
2025,5/25/2025,21:00,Full,15 min,as,No Fish,,,,,,450,,
2025,5/25/2025,21:15,Full,15 min,as,No Fish,,,,,,450,,
2025,5/25/2025,21:30,Full,15 min,as,No Fish,,,,,,450,,
2025,5/25/2025,21:45,Full,15 min,as,No Fish,,,,,,450,,
2025,5/25/2025,22:00,Full,15 min,as,No Fish,,,,,,450,,
2025,5/25/2025,22:15,Full,15 min,as,No Fish,,,,,,450,,
2025,5/25/2025,22:30,Full,15 min,as,22:36:39,downstream,58.1,2006,16.04,1,450,,
2025,5/25/2025,22:45,Full,15 min,as,No Fish,,,,,,450,,
2025,5/25/2025,23:00,Full,15 min,as,23:10:45,downstream,57.3,3231,12.27,2,450,not certain this is a fish,
2025,5/25/2025,23:15,Full,15 min,as,23:15:19,downstream,69.4,69.4,12.06,1,450,,
2025,5/25/2025,23:30,Full,15 min,as,No Fish,,,,,,450,,
2025,5/25/2025,23:45,Full,15 min,as,No Fish,,,,,,450,,
2025,5/26/2025,0:00,Full,15 min,as,No Fish,,,,,,534,,
2025,5/26/2025,0:15,Full,15 min,as,No Fish,,,,,,534,,
2025,5/26/2025,0:30,Full,15 min,as,No Fish,,,,,,534,,
2025,5/26/2025,0:45,Full,15 min,as,No Fish,,,,,,534,,
2025,5/26/2025,1:00,Full,15 min,as,1:13:29,downstream,73.5,4070,9.66,1,534,,
2025,5/26/2025,1:15,Full,15 min,as,No Fish,,,,,,534,,
2025,5/26/2025,1:30,Full,15 min,as,1:38:58,downstream,71.8,2709,6.65,1,534,,
2025,5/26/2025,1:45,Full,15 min,as,1:59:54,downstream,39.5,4498,12.2,1,534,,
2025,5/26/2025,2:00,Full,15 min,as,No Fish,,,,,,534,,
2025,5/26/2025,2:15,Full,15 min,as,No Fish,,,,,,534,,
2025,5/26/2025,2:30,Full,15 min,as,No Fish,,,,,,534,,
2025,5/26/2025,2:45,Full,15 min,as,No Fish,,,,,,534,,
2025,5/26/2025,3:00,Full,15 min,as,No Fish,,,,,,534,,
2025,5/26/2025,3:15,Full,15 min,as,No Fish,,,,,,534,,
2025,5/26/2025,3:30,Full,15 min,as,No Fish,,,,,,534,,
2025,5/26/2025,3:45,Full,15 min,as,3:46:51,downstream,42.2,556,6.52,1,534,,
2025,5/26/2025,3:45,Full,15 min,as,3:47:14,downstream,70,669,9.45,1,534,,
2025,5/26/2025,4:00,Full,15 min,as,No Fish,,,,,,534,,
2025,5/26/2025,4:15,Full,15 min,as,No Fish,,,,,,534,,
2025,5/26/2025,4:30,Full,15 min,as,No Fish,,,,,,534,,
2025,5/26/2025,4:45,Full,15 min,as,No Fish,,,,,,534,,
2025,5/26/2025,5:00,Full,15 min,as,No Fish,,,,,,534,,
2025,5/26/2025,5:15,Full,15 min,as,No Fish,,,,,,534,,
2025,5/26/2025,5:30,Full,15 min,as,No Fish,,,,,,534,,
2025,5/26/2025,5:45,Full,15 min,as,5:54:33,downstream,44.1,2868,13.74,1,534,,
2025,5/26/2025,6:00,Full,15 min,as,No Fish,,,,,,534,,
2025,5/26/2025,6:15,Full,15 min,as,No Fish,,,,,,534,,
2025,5/26/2025,6:30,Full,15 min,as,No Fish,,,,,,534,,
2025,5/26/2025,6:45,Full,15 min,as,No Fish,,,,,,534,,
2025,5/26/2025,7:00,Full,15 min,as,No Fish,,,,,,534,,
2025,5/26/2025,7:15,Full,15 min,as,No Fish,,,,,,534,,
2025,5/26/2025,7:30,Full,15 min,as,No Fish,,,,,,534,,
2025,5/26/2025,7:45,Full,15 min,as,No Fish,,,,,,534,,
2025,5/26/2025,8:00,Full,15 min,as,No Fish,,,,,,534,,
2025,5/26/2025,8:15,Full,15 min,as,No Fish,,,,,,534,,
2025,5/26/2025,8:30,Full,15 min,as,No Fish,,,,,,534,,
2025,5/26/2025,8:45,Full,15 min,as,8:54:13,upstream,51.1,2776,19.12,,534,,
2025,5/26/2025,9:00,Full,15 min,as,No Fish,,,,,,534,,
2025,5/26/2025,9:15,Full,15 min,as,No Fish,,,,,,534,,
2025,5/26/2025,9:30,Full,15 min,as,No Fish,,,,,,534,,
2025,5/26/2025,9:45,Full,15 min,as,No Fish,,,,,,534,,
2025,5/26/2025,10:00,Full,15 min,as,No Fish,,,,,,534,,
2025,5/26/2025,10:15,Full,15 min,as,No Fish,,,,,,534,,
2025,5/26/2025,10:30,Full,15 min,as,No Fish,,,,,,534,,
2025,5/26/2025,10:45,Full,15 min,as,No Fish,,,,,,534,,
2025,5/26/2025,11:00,Full,15 min,as,No Fish,,,,,,534,,
2025,5/26/2025,11:15,Full,15 min,as,No Fish,,,,,,534,,
2025,5/26/2025,11:30,Full,15 min,as,No Fish,,,,,,534,,
2025,5/26/2025,11:45,Full,15 min,as,No Fish,,,,,,534,,
2025,5/26/2025,12:00,Full,15 min,as,No Fish,,,,,,534,,
2025,5/26/2025,12:15,Full,15 min,as,No Fish,,,,,,534,,
2025,5/26/2025,12:30,Full,15 min,as,No Fish,,,,,,534,,
2025,5/26/2025,12:45,Full,15 min,as,No Fish,,,,,,534,,
2025,5/26/2025,13:00,Full,15 min,as,No Fish,,,,,,534,,
2025,5/26/2025,13:15,Full,15 min,as,No Fish,,,,,,534,,
2025,5/26/2025,13:30,Full,15 min,as,No Fish,,,,,,534,,
2025,5/26/2025,13:45,Full,15 min,as,No Fish,,,,,,534,,
2025,5/26/2025,14:00,Full,15 min,as,No Fish,,,,,,534,,
2025,5/26/2025,14:15,Full,15 min,as,14:28:14,downstream,76.2,3987,10.3,1,534,,
2025,5/26/2025,14:30,Full,15 min,as,No Fish,,,,,,534,,
2025,5/26/2025,14:45,Full,15 min,as,No Fish,,,,,,534,,
2025,5/26/2025,15:00,Full,15 min,as,No Fish,,,,,,534,,
2025,5/26/2025,15:15,Full,15 min,as,No Fish,,,,,,534,,
2025,5/26/2025,15:30,Full,15 min,as,No Fish,,,,,,534,,
2025,5/26/2025,15:45,Full,15 min,as,No Fish,,,,,,534,,
2025,5/26/2025,16:00,Full,15 min,as,No Fish,,,,,,534,,
2025,5/26/2025,16:15,Full,15 min,as,No Fish,,,,,,534,,
2025,5/26/2025,16:30,Full,15 min,as,No Fish,,,,,,534,,
2025,5/26/2025,16:45,Full,15 min,as,No Fish,,,,,,534,,
2025,5/26/2025,17:00,Full,15 min,as,No Fish,,,,,,534,,
2025,5/26/2025,17:15,Full,15 min,as,No Fish,,,,,,534,,
2025,5/26/2025,17:30,Full,15 min,as,No Fish,,,,,,534,,
2025,5/26/2025,17:45,Full,15 min,as,No Fish,,,,,,534,,
2025,5/26/2025,18:00,Full,15 min,as,No Fish,,,,,,534,,
2025,5/26/2025,18:15,Full,15 min,as,No Fish,,,,,,534,,
2025,5/26/2025,18:30,Full,15 min,as,No Fish,,,,,,534,,
2025,5/26/2025,18:45,Full,15 min,as,No Fish,,,,,,534,,
2025,5/26/2025,19:00,Full,15 min,as,No Fish,,,,,,534,,
2025,5/26/2025,19:15,Full,15 min,as,No Fish,,,,,,534,,
2025,5/26/2025,19:30,Full,15 min,as,No Fish,,,,,,534,,
2025,5/26/2025,19:45,Full,15 min,as,No Fish,,,,,,534,,
2025,5/26/2025,20:00,Full,15 min,as,No Fish,,,,,,534,,
2025,5/26/2025,20:15,Full,15 min,as,No Fish,,,,,,534,,
2025,5/26/2025,20:30,Full,15 min,as,No Fish,,,,,,534,,
2025,5/26/2025,20:45,Full,15 min,as,20:49:18,upstream,146.4,1298,11.2,3,534,seal,
2025,5/26/2025,21:00,Full,15 min,as,No Fish,,,,,,534,,
2025,5/26/2025,21:15,Full,15 min,as,No Fish,,,,,,534,,
2025,5/26/2025,21:30,Full,15 min,as,No Fish,,,,,,534,,
2025,5/26/2025,21:45,Full,15 min,as,No Fish,,,,,,534,,
2025,5/26/2025,22:00,Full,15 min,as,No Fish,,,,,,534,,
2025,5/26/2025,22:15,Full,15 min,as,No Fish,,,,,,534,,
2025,5/26/2025,22:30,Full,15 min,as,No Fish,,,,,,534,pack of otters,
2025,5/26/2025,22:45,Full,15 min,as,No Fish,,,,,,534,,
2025,5/26/2025,23:00,Full,15 min,as,No Fish,,,,,,534,,
2025,5/26/2025,23:15,Full,15 min,as,No Fish,,,,,,534,,
2025,5/26/2025,23:30,Full,15 min,as,No Fish,,,,,,534,,
2025,5/26/2025,23:45,Full,15 min,as,No Fish,,,,,,534,,
2025,5/27/2025,0:00,Full,15 min,as,No Fish,,,,,,550,,
2025,5/27/2025,0:15,Full,15 min,as,No Fish,,,,,,550,,
2025,5/27/2025,0:30,Full,15 min,as,No Fish,,,,,,550,,
2025,5/27/2025,0:45,Full,15 min,as,No Fish,,,,,,550,,
2025,5/27/2025,1:00,Full,15 min,as,No Fish,,,,,,550,,
2025,5/27/2025,1:15,Full,15 min,as,No Fish,,,,,,550,,
2025,5/27/2025,1:30,Full,15 min,as,No Fish,,,,,,550,,
2025,5/27/2025,1:45,Full,15 min,as,No Fish,,,,,,550,,
2025,5/27/2025,2:00,Full,15 min,as,No Fish,,,,,,550,,
2025,5/27/2025,2:15,Full,15 min,as,No Fish,,,,,,550,,
2025,5/27/2025,2:30,Full,15 min,as,No Fish,,,,,,550,,
2025,5/27/2025,2:45,Full,15 min,as,No Fish,,,,,,550,,
2025,5/27/2025,3:00,Full,15 min,as,No Fish,,,,,,550,,
2025,5/27/2025,3:15,Full,15 min,as,No Fish,,,,,,550,,
2025,5/27/2025,3:30,Full,15 min,as,No Fish,,,,,,550,,
2025,5/27/2025,3:45,Full,15 min,as,No Fish,,,,,,550,,
2025,5/27/2025,4:00,Full,15 min,as,No Fish,,,,,,550,,
2025,5/27/2025,4:15,Full,15 min,as,No Fish,,,,,,550,,
2025,5/27/2025,4:30,Full,15 min,as,No Fish,,,,,,550,,
2025,5/27/2025,4:45,Full,15 min,as,No Fish,,,,,,550,,
2025,5/27/2025,5:00,Full,15 min,as,No Fish,,,,,,550,,
2025,5/27/2025,5:15,Full,15 min,as,No Fish,,,,,,550,,
2025,5/27/2025,5:30,Full,15 min,as,No Fish,,,,,,550,,
2025,5/27/2025,5:45,Full,15 min,as,No Fish,,,,,,550,,
2025,5/27/2025,6:00,Full,15 min,as,No Fish,,,,,,550,,
2025,5/27/2025,6:15,Full,15 min,as,No Fish,,,,,,550,,
2025,5/27/2025,6:30,Full,15 min,as,No Fish,,,,,,550,,
2025,5/27/2025,6:45,Full,15 min,as,No Fish,,,,,,550,,
2025,5/27/2025,7:00,Full,15 min,as,No Fish,,,,,,550,,
2025,5/27/2025,7:15,Full,15 min,as,No Fish,,,,,,550,,
2025,5/27/2025,7:30,Full,15 min,as,No Fish,,,,,,550,,
2025,5/27/2025,7:45,Full,15 min,as,No Fish,,,,,,550,,
2025,5/27/2025,8:00,Full,15 min,as,No Fish,,,,,,550,,
2025,5/27/2025,8:15,Full,15 min,as,No Fish,,,,,,550,,
2025,5/27/2025,8:30,Full,15 min,as,No Fish,,,,,,550,,
2025,5/27/2025,8:45,Full,15 min,as,No Fish,,,,,,550,,
2025,5/27/2025,9:00,Full,15 min,as,No Fish,,,,,,550,,
2025,5/27/2025,9:15,Full,15 min,as,No Fish,,,,,,550,,
2025,5/27/2025,9:30,Full,15 min,as,No Fish,,,,,,550,,
2025,5/27/2025,9:45,Full,15 min,as,No Fish,,,,,,550,,
2025,5/27/2025,10:00,Full,15 min,as,No Fish,,,,,,550,,
2025,5/27/2025,10:15,Full,15 min,as,No Fish,,,,,,550,,
2025,5/27/2025,10:30,Full,15 min,as,No Fish,,,,,,550,,
2025,5/27/2025,10:45,Full,15 min,as,No Fish,,,,,,550,,
2025,5/27/2025,11:00,Full,15 min,as,No Fish,,,,,,550,,
2025,5/27/2025,11:15,Full,15 min,as,No Fish,,,,,,550,,
2025,5/27/2025,11:30,Full,15 min,as,No Fish,,,,,,550,,
2025,5/27/2025,11:45,Full,15 min,as,No Fish,,,,,,550,,
2025,5/27/2025,12:00,Full,15 min,as,No Fish,,,,,,550,,
2025,5/27/2025,12:15,Full,15 min,as,No Fish,,,,,,550,,
2025,5/27/2025,12:30,Full,15 min,as,No Fish,,,,,,550,,
2025,5/27/2025,12:45,Full,15 min,as,No Fish,,,,,,550,,
2025,5/27/2025,13:00,Full,15 min,as,No Fish,,,,,,550,,
2025,5/27/2025,13:15,Full,15 min,as,No Fish,,,,,,550,,
2025,5/27/2025,13:30,Full,15 min,as,No Fish,,,,,,550,,
2025,5/27/2025,13:45,Full,15 min,as,No Fish,,,,,,550,,
2025,5/27/2025,14:00,Full,15 min,as,No Fish,,,,,,550,,
2025,5/27/2025,14:15,Full,15 min,as,No Fish,,,,,,550,,
2025,5/27/2025,14:30,Full,15 min,as,No Fish,,,,,,550,,
2025,5/27/2025,14:45,Full,15 min,as,No Fish,,,,,,550,,
2025,5/27/2025,15:00,Full,15 min,as,No Fish,,,,,,550,,
2025,5/27/2025,15:15,Full,15 min,as,No Fish,,,,,,550,,
2025,5/27/2025,15:30,Full,15 min,as,No Fish,,,,,,550,,
2025,5/27/2025,15:45,Full,15 min,as,No Fish,,,,,,550,,
2025,5/27/2025,16:00,Full,15 min,as,No Fish,,,,,,550,,
2025,5/27/2025,16:15,Full,15 min,as,No Fish,,,,,,550,,
2025,5/27/2025,16:30,Full,15 min,as,No Fish,,,,,,550,,
2025,5/27/2025,16:45,Full,15 min,as,No Fish,,,,,,550,,
2025,5/27/2025,17:00,Full,15 min,as,No Fish,,,,,,550,cluster of small fish,
2025,5/27/2025,17:15,Full,15 min,as,No Fish,,,,,,550,,
2025,5/27/2025,17:30,Full,15 min,as,No Fish,,,,,,550,,
2025,5/27/2025,17:45,Full,15 min,as,No Fish,,,,,,550,,
2025,5/27/2025,18:00,Full,15 min,as,No Fish,,,,,,550,,
2025,5/27/2025,18:15,Full,15 min,as,No Fish,,,,,,550,,
2025,5/27/2025,18:30,Full,15 min,as,No Fish,,,,,,550,,
2025,5/27/2025,18:45,Full,15 min,as,No Fish,,,,,,550,,
2025,5/27/2025,19:00,Full,15 min,as,No Fish,,,,,,550,,
2025,5/27/2025,19:15,Full,15 min,as,No Fish,,,,,,550,,
2025,5/27/2025,19:30,Full,15 min,as,No Fish,,,,,,550,,
2025,5/27/2025,19:45,Full,15 min,as,No Fish,,,,,,550,,
2025,5/27/2025,20:00,Full,15 min,as,No Fish,,,,,,550,,
2025,5/27/2025,20:15,Full,15 min,as,No Fish,,,,,,550,seal,
2025,5/27/2025,20:30,Full,15 min,as,No Fish,,,,,,550,,
2025,5/27/2025,20:45,Full,15 min,as,No Fish,,,,,,550,,
2025,5/27/2025,21:00,Full,15 min,as,No Fish,,,,,,550,,
2025,5/27/2025,21:15,Full,15 min,as,No Fish,,,,,,550,,
2025,5/27/2025,21:30,Full,15 min,as,No Fish,,,,,,550,,
2025,5/27/2025,21:45,Full,15 min,as,No Fish,,,,,,550,,
2025,5/27/2025,22:00,Full,15 min,as,No Fish,,,,,,550,,
2025,5/27/2025,22:15,Full,15 min,as,No Fish,,,,,,550,,
2025,5/27/2025,22:30,Full,15 min,as,22:40:55,upstream,69.3,3294,8.31,1,550,,
2025,5/27/2025,22:45,Full,15 min,as,No Fish,,,,,,550,,
2025,5/27/2025,23:00,Full,15 min,as,No Fish,,,,,,550,,
2025,5/27/2025,23:15,Full,15 min,as,No Fish,,,,,,550,seal/otter?,
2025,5/27/2025,23:30,Full,15 min,as,No Fish,,,,,,550,,
2025,5/27/2025,23:45,Full,15 min,as,No Fish,,,,,,550,seal upstream,
2025,5/28/2025,0:00,Full,15 min,as,No Fish,,,,,,726,,
2025,5/28/2025,0:15,Full,15 min,as,No Fish,,,,,,726,,
2025,5/28/2025,0:30,Full,15 min,as,No Fish,,,,,,726,,
2025,5/28/2025,0:45,Full,15 min,as,No Fish,,,,,,726,,
2025,5/28/2025,1:00,Full,15 min,as,No Fish,,,,,,726,,
2025,5/28/2025,1:15,Full,15 min,as,No Fish,,,,,,726,,
2025,5/28/2025,1:30,Full,15 min,as,1:31:08,downstream,38.4,337,9.91,1,726,,
2025,5/28/2025,1:45,Full,15 min,as,No Fish,,,,,,726,,
2025,5/28/2025,2:00,Full,15 min,as,No Fish,,,,,,726,,
2025,5/28/2025,2:15,Full,15 min,as,No Fish,,,,,,726,cluster of small fish? Beaver,
2025,5/28/2025,2:30,Full,15 min,as,No Fish,,,,,,726,,
2025,5/28/2025,2:45,Full,15 min,as,No Fish,,,,,,726,cluster of small fish?,
2025,5/28/2025,3:00,Full,15 min,as,No Fish,,,,,,726,,
2025,5/28/2025,3:15,Full,15 min,as,No Fish,,,,,,726,,
2025,5/28/2025,3:30,Full,15 min,as,No Fish,,,,,,726,,
2025,5/28/2025,3:45,Full,15 min,as,No Fish,,,,,,726,,
2025,5/28/2025,4:00,Full,15 min,as,No Fish,,,,,,726,,
2025,5/28/2025,4:15,Full,15 min,as,No Fish,,,,,,726,,
2025,5/28/2025,4:30,Full,15 min,as,No Fish,,,,,,726,"animal, seal?",
2025,5/28/2025,4:45,Full,15 min,as,No Fish,,,,,,726,,
2025,5/28/2025,5:00,Full,15 min,as,No Fish,,,,,,726,,
2025,5/28/2025,5:15,Full,15 min,as,No Fish,,,,,,726,,
2025,5/28/2025,5:30,Full,15 min,as,No Fish,,,,,,726,,
2025,5/28/2025,5:45,Full,15 min,as,No Fish,,,,,,726,,
2025,5/28/2025,6:00,Full,15 min,as,No Fish,,,,,,726,,
2025,5/28/2025,6:15,Full,15 min,as,No Fish,,,,,,726,,
2025,5/28/2025,6:30,Full,15 min,as,No Fish,,,,,,726,,
2025,5/28/2025,6:45,Full,15 min,as,No Fish,,,,,,726,,
2025,5/28/2025,7:00,Full,15 min,as,No Fish,,,,,,726,,
2025,5/28/2025,7:15,Full,15 min,as,No Fish,,,,,,726,,
2025,5/28/2025,7:30,Full,15 min,as,No Fish,,,,,,726,,
2025,5/28/2025,7:45,Full,15 min,as,No Fish,,,,,,726,,
2025,5/28/2025,8:00,Full,15 min,as,No Fish,,,,,,726,,
2025,5/28/2025,8:15,Full,15 min,as,No Fish,,,,,,726,,
2025,5/28/2025,8:30,Full,15 min,as,No Fish,,,,,,726,,
2025,5/28/2025,8:45,Full,15 min,as,No Fish,,,,,,726,,
2025,5/28/2025,9:00,Full,15 min,as,No Fish,,,,,,726,,
2025,5/28/2025,9:15,Full,15 min,as,No Fish,,,,,,726,,
2025,5/28/2025,9:30,Full,15 min,as,No Fish,,,,,,726,,
2025,5/28/2025,9:45,Full,15 min,as,No Fish,,,,,,726,clusters of small fish?,
2025,5/28/2025,10:00,Full,15 min,as,No Fish,,,,,,726,,
2025,5/28/2025,10:15,Full,15 min,as,No Fish,,,,,,726,,
2025,5/28/2025,10:30,Full,15 min,as,No Fish,,,,,,726,,
2025,5/28/2025,10:45,Full,15 min,as,No Fish,,,,,,726,,
2025,5/28/2025,11:00,Full,15 min,as,No Fish,,,,,,726,,
2025,5/28/2025,11:15,Full,15 min,as,No Fish,,,,,,726,,
2025,5/28/2025,11:30,Full,15 min,as,No Fish,,,,,,726,,
2025,5/28/2025,11:45,Full,15 min,as,No Fish,,,,,,726,,
2025,5/28/2025,12:00,Full,15 min,as,No Fish,,,,,,726,image quality begins degrading through midnight,
2025,5/28/2025,12:15,Full,15 min,as,No Fish,,,,,,726,,
2025,5/28/2025,12:30,Full,15 min,as,No Fish,,,,,,726,,
2025,5/28/2025,12:45,Full,15 min,as,No Fish,,,,,,726,,
2025,5/28/2025,13:00,Full,15 min,as,No Fish,,,,,,726,,
2025,5/28/2025,13:15,Full,15 min,as,No Fish,,,,,,726,,
2025,5/28/2025,13:30,Full,15 min,as,No Fish,,,,,,726,,
2025,5/28/2025,13:45,Full,15 min,as,No Fish,,,,,,726,,
2025,5/28/2025,14:00,Full,15 min,as,No Fish,,,,,,726,,
2025,5/28/2025,14:15,Full,15 min,as,No Fish,,,,,,726,,
2025,5/28/2025,14:30,Full,15 min,as,No Fish,,,,,,726,,
2025,5/28/2025,14:45,Full,15 min,as,No Fish,,,,,,726,,
2025,5/28/2025,15:00,Full,15 min,as,No Fish,,,,,,726,,
2025,5/28/2025,15:15,Full,15 min,as,No Fish,,,,,,726,,
2025,5/28/2025,15:30,Full,15 min,as,No Fish,,,,,,726,,
2025,5/28/2025,15:45,Full,15 min,as,No Fish,,,,,,726,,
2025,5/28/2025,16:00,Full,15 min,as,No Fish,,,,,,726,,
2025,5/28/2025,16:15,Full,15 min,as,No Fish,,,,,,726,,
2025,5/28/2025,16:30,Full,15 min,as,No Fish,,,,,,726,,
2025,5/28/2025,16:45,Full,15 min,as,No Fish,,,,,,726,,
2025,5/28/2025,17:00,Full,15 min,as,No Fish,,,,,,726,,
2025,5/28/2025,17:15,Full,15 min,as,No Fish,,,,,,726,,
2025,5/28/2025,17:30,Full,15 min,as,17:30:11,downstream,61.3,51,9.48,1,726,,
2025,5/28/2025,17:45,Full,15 min,as,17:56:17,downstream,36.2,3377,9.38,1,726,,
2025,5/28/2025,18:00,Full,15 min,as,No Fish,,,,,,726,,
2025,5/28/2025,18:15,Full,15 min,as,No Fish,,,,,,726,,
2025,5/28/2025,18:30,Full,15 min,as,No Fish,,,,,,726,,
2025,5/28/2025,18:45,Full,15 min,as,No Fish,,,,,,726,,
2025,5/28/2025,19:00,Full,15 min,as,No Fish,,,,,,726,,
2025,5/28/2025,19:15,Full,15 min,as,No Fish,,,,,,726,,
2025,5/28/2025,19:30,Full,15 min,as,No Fish,,,,,,726,,
2025,5/28/2025,19:45,Full,15 min,as,No Fish,,,,,,726,,
2025,5/28/2025,20:00,Full,15 min,as,No Fish,,,,,,726,,
2025,5/28/2025,20:15,Full,15 min,as,No Fish,,,,,,726,,
2025,5/28/2025,20:30,Full,15 min,as,No Fish,,,,,,726,,
2025,5/28/2025,20:45,Full,15 min,as,No Fish,,,,,,726,,
2025,5/28/2025,21:00,Full,15 min,as,No Fish,,,,,,726,,
2025,5/28/2025,21:15,Full,15 min,as,No Fish,,,,,,726,,
2025,5/28/2025,21:30,Full,15 min,as,No Fish,,,,,,726,seal,
2025,5/28/2025,21:45,Full,15 min,as,No Fish,,,,,,726,,
2025,5/28/2025,22:00,Full,15 min,as,No Fish,,,,,,726,,
2025,5/28/2025,22:15,Full,15 min,as,No Fish,,,,,,726,,
2025,5/28/2025,22:30,Full,15 min,as,22:38:39,downstream,43.5,2576,8.76,1,726,,
2025,5/28/2025,22:45,Full,15 min,as,No Fish,,,,,,726,,
2025,5/28/2025,23:00,Full,15 min,as,No Fish,,,,,,726,,
2025,5/28/2025,23:15,Full,15 min,as,No Fish,,,,,,726,,
2025,5/28/2025,23:30,Full,15 min,as,No Fish,,,,,,726,,
2025,5/28/2025,23:45,Full,15 min,as,No Fish,,,,,,726,animals,
2025,5/29/2025,0:00,Full,15 min,as,No Fish,,,,,,846,,
2025,5/29/2025,0:15,Full,15 min,as,No Fish,,,,,,846,seal,
2025,5/29/2025,0:30,Full,15 min,as,No Fish,,,,,,846,,
2025,5/29/2025,0:45,Full,15 min,as,No Fish,,,,,,846,seal,
2025,5/29/2025,1:00,Full,15 min,as,No Fish,,,,,,846,,
2025,5/29/2025,1:15,Full,15 min,as,No Fish,,,,,,846,,
2025,5/29/2025,1:30,Full,15 min,as,1:43:41,downstream,44.4,4076,10.6,1,846,,
2025,5/29/2025,1:45,Full,15 min,as,No Fish,,,,,,846,,
2025,5/29/2025,2:00,Full,15 min,as,No Fish,,,,,,846,,
2025,5/29/2025,2:15,Full,15 min,as,No Fish,,,,,,846,,
2025,5/29/2025,2:30,Full,15 min,as,No Fish,,,,,,846,,
2025,5/29/2025,2:45,Full,15 min,as,No Fish,,,,,,846,,
2025,5/29/2025,3:00,Full,15 min,as,3:13:48,downstream,43.4,4126,8.25,1,846,,
2025,5/29/2025,3:15,Full,15 min,as,No Fish,,,,,,846,,
2025,5/29/2025,3:30,Full,15 min,as,No Fish,,,,,,846,,
2025,5/29/2025,3:45,Full,15 min,as,No Fish,,,,,,846,,
2025,5/29/2025,4:00,Full,15 min,as,No Fish,,,,,,846,,
2025,5/29/2025,4:15,Full,15 min,as,No Fish,,,,,,846,,
2025,5/29/2025,4:30,Full,15 min,as,No Fish,,,,,,846,,
2025,5/29/2025,4:45,Full,15 min,as,No Fish,,,,,,846,,
2025,5/29/2025,5:00,Full,15 min,as,No Fish,,,,,,846,,
2025,5/29/2025,5:15,Full,15 min,as,No Fish,,,,,,846,,
2025,5/29/2025,5:30,Full,15 min,as,No Fish,,,,,,846,,
2025,5/29/2025,5:45,Full,15 min,as,No Fish,,,,,,846,,
2025,5/29/2025,6:00,Full,15 min,as,No Fish,,,,,,846,,
2025,5/29/2025,6:15,Full,15 min,as,No Fish,,,,,,846,,
2025,5/29/2025,6:30,Full,15 min,as,No Fish,,,,,,846,,
2025,5/29/2025,6:45,Full,15 min,as,No Fish,,,,,,846,,
2025,5/29/2025,7:00,Full,15 min,as,No Fish,,,,,,846,,
2025,5/29/2025,7:15,Full,15 min,as,No Fish,,,,,,846,,
2025,5/29/2025,7:30,Full,15 min,as,No Fish,,,,,,846,,
2025,5/29/2025,7:45,Full,15 min,as,No Fish,,,,,,846,,
2025,5/29/2025,8:00,Full,15 min,as,No Fish,,,,,,846,,
2025,5/29/2025,8:15,Full,15 min,as,No Fish,,,,,,846,,
2025,5/29/2025,8:30,Full,15 min,as,No Fish,,,,,,846,,
2025,5/29/2025,8:45,Full,15 min,as,No Fish,,,,,,846,,
2025,5/29/2025,9:00,Full,15 min,as,No Fish,,,,,,846,,
2025,5/29/2025,9:15,Full,15 min,as,No Fish,,,,,,846,,
2025,5/29/2025,9:30,Full,15 min,as,No Fish,,,,,,846,,
2025,5/29/2025,9:45,Full,15 min,as,No Fish,,,,,,846,,
2025,5/29/2025,10:00,Full,15 min,as,No Fish,,,,,,846,,
2025,5/29/2025,10:15,Full,15 min,as,No Fish,,,,,,846,,
2025,5/29/2025,10:30,Full,15 min,as,10:39:36,downstream,42.6,2856,11.26,1,846,ducks,
2025,5/29/2025,10:45,Full,15 min,as,No Fish,,,,,,846,,
2025,5/29/2025,11:00,Full,15 min,as,No Fish,,,,,,846,,
2025,5/29/2025,11:15,Full,15 min,as,No Fish,,,,,,846,,
2025,5/29/2025,11:30,Full,15 min,as,No Fish,,,,,,846,,
2025,5/29/2025,11:45,Full,15 min,as,No Fish,,,,,,846,,
2025,5/29/2025,12:00,Full,15 min,as,No Fish,,,,,,846,,
2025,5/29/2025,12:15,Full,15 min,as,No Fish,,,,,,846,,
2025,5/29/2025,12:30,Full,15 min,as,No Fish,,,,,,846,,
2025,5/29/2025,12:45,Full,15 min,as,No Fish,,,,,,846,,
2025,5/29/2025,13:00,Full,15 min,as,No Fish,,,,,,846,,
2025,5/29/2025,13:15,Full,15 min,as,No Fish,,,,,,846,,
2025,5/29/2025,13:30,Full,15 min,as,No Fish,,,,,,846,,
2025,5/29/2025,13:45,Full,15 min,as,No Fish,,,,,,846,,
2025,5/29/2025,14:00,Full,15 min,as,No Fish,,,,,,846,,
2025,5/29/2025,14:15,Full,15 min,as,No Fish,,,,,,846,,
2025,5/29/2025,14:30,Full,15 min,as,No Fish,,,,,,846,,
2025,5/29/2025,14:45,Full,15 min,as,No Fish,,,,,,846,,
2025,5/29/2025,15:00,Full,15 min,as,No Fish,,,,,,846,otters,
2025,5/29/2025,15:15,Full,15 min,as,No Fish,,,,,,846,,
2025,5/29/2025,15:30,Full,15 min,as,No Fish,,,,,,846,,
2025,5/29/2025,15:45,Full,15 min,as,No Fish,,,,,,846,,
2025,5/29/2025,16:00,Full,15 min,as,No Fish,,,,,,846,,
2025,5/29/2025,16:15,Full,15 min,as,No Fish,,,,,,846,,
2025,5/29/2025,16:30,Full,15 min,as,No Fish,,,,,,846,,
2025,5/29/2025,16:45,Full,15 min,as,No Fish,,,,,,846,,
2025,5/29/2025,17:00,Full,15 min,as,No Fish,,,,,,846,,
2025,5/29/2025,17:15,Full,15 min,as,No Fish,,,,,,846,,
2025,5/29/2025,17:30,Full,15 min,as,No Fish,,,,,,846,,
2025,5/29/2025,17:45,Full,15 min,as,No Fish,,,,,,846,,
2025,5/29/2025,18:00,Full,15 min,as,No Fish,,,,,,846,,
2025,5/29/2025,18:15,Full,15 min,as,No Fish,,,,,,846,,
2025,5/29/2025,18:30,Full,15 min,as,No Fish,,,,,,846,,
2025,5/29/2025,18:45,Full,15 min,as,No Fish,,,,,,846,,
2025,5/29/2025,19:00,Full,15 min,as,No Fish,,,,,,846,,
2025,5/29/2025,19:15,Full,15 min,as,No Fish,,,,,,846,,
2025,5/29/2025,19:30,Full,15 min,as,No Fish,,,,,,846,,
2025,5/29/2025,19:45,Full,15 min,as,No Fish,,,,,,846,,
2025,5/29/2025,20:00,Full,15 min,as,No Fish,,,,,,846,,
2025,5/29/2025,20:15,Full,15 min,as,No Fish,,,,,,846,,
2025,5/29/2025,20:30,Full,15 min,as,No Fish,,,,,,846,,
2025,5/29/2025,20:45,Full,15 min,as,No Fish,,,,,,846,,
2025,5/29/2025,21:00,Full,15 min,as,No Fish,,,,,,846,,
2025,5/29/2025,21:15,Full,15 min,as,No Fish,,,,,,846,,
2025,5/29/2025,21:30,Full,15 min,as,No Fish,,,,,,846,,
2025,5/29/2025,21:45,Full,15 min,as,No Fish,,,,,,846,seal,
2025,5/29/2025,22:00,Full,15 min,as,No Fish,,,,,,846,,
2025,5/29/2025,22:15,Full,15 min,as,No Fish,,,,,,846,,
2025,5/29/2025,22:30,Full,15 min,as,No Fish,,,,,,846,,
2025,5/29/2025,22:45,Full,15 min,as,No Fish,,,,,,846,,
2025,5/29/2025,23:00,Full,15 min,as,No Fish,,,,,,846,,
2025,5/29/2025,23:15,Full,15 min,as,No Fish,,,,,,846,,
2025,5/29/2025,23:30,Full,15 min,as,No Fish,,,,,,846,,
2025,5/29/2025,23:45,Full,15 min,as,No Fish,,,,,,846,,
2025,5/30/2025,0:00,Full,15 min,as,No Fish,,,,,,827,,
2025,5/30/2025,0:15,Full,15 min,as,No Fish,,,,,,827,,
2025,5/30/2025,0:30,Full,15 min,as,No Fish,,,,,,827,,
2025,5/30/2025,0:45,Full,15 min,as,No Fish,,,,,,827,,
2025,5/30/2025,1:00,Full,15 min,as,No Fish,,,,,,827,,
2025,5/30/2025,1:15,Full,15 min,as,No Fish,,,,,,827,,
2025,5/30/2025,1:30,Full,15 min,as,No Fish,,,,,,827,,
2025,5/30/2025,1:45,Full,15 min,as,No Fish,,,,,,827,,
2025,5/30/2025,2:00,Full,15 min,as,No Fish,,,,,,827,,
2025,5/30/2025,2:15,Full,15 min,as,No Fish,,,,,,827,,
2025,5/30/2025,2:30,Full,15 min,as,No Fish,,,,,,827,,
2025,5/30/2025,2:45,Full,15 min,as,No Fish,,,,,,827,,
2025,5/30/2025,3:00,Full,15 min,as,No Fish,,,,,,827,,
2025,5/30/2025,3:15,Full,15 min,as,No Fish,,,,,,827,,
2025,5/30/2025,3:30,Full,15 min,as,No Fish,,,,,,827,,
2025,5/30/2025,3:45,Full,15 min,as,No Fish,,,,,,827,,
2025,5/30/2025,4:00,Full,15 min,as,No Fish,,,,,,827,,
2025,5/30/2025,4:15,Full,15 min,as,No Fish,,,,,,827,,
2025,5/30/2025,4:30,Full,15 min,as,No Fish,,,,,,827,,
2025,5/30/2025,4:45,Full,15 min,as,No Fish,,,,,,827,,
2025,5/30/2025,5:00,Full,15 min,as,No Fish,,,,,,827,,
2025,5/30/2025,5:15,Full,15 min,as,No Fish,,,,,,827,,
2025,5/30/2025,5:30,Full,15 min,as,No Fish,,,,,,827,,
2025,5/30/2025,5:45,Full,15 min,as,No Fish,,,,,,827,,
2025,5/30/2025,6:00,Full,15 min,as,No Fish,,,,,,827,,
2025,5/30/2025,6:15,Full,15 min,as,No Fish,,,,,,827,,
2025,5/30/2025,6:30,Full,15 min,as,No Fish,,,,,,827,,
2025,5/30/2025,6:45,Full,15 min,as,No Fish,,,,,,827,,
2025,5/30/2025,7:00,Full,15 min,as,No Fish,,,,,,827,,
2025,5/30/2025,7:15,Full,15 min,as,No Fish,,,,,,827,,
2025,5/30/2025,7:30,Full,15 min,as,No Fish,,,,,,827,,
2025,5/30/2025,7:45,Full,15 min,as,No Fish,,,,,,827,,
2025,5/30/2025,8:00,Full,15 min,as,No Fish,,,,,,827,,
2025,5/30/2025,8:15,Full,15 min,as,No Fish,,,,,,827,,
2025,5/30/2025,8:30,Full,15 min,as,No Fish,,,,,,827,,
2025,5/30/2025,8:45,Full,15 min,as,No Fish,,,,,,827,,
2025,5/30/2025,9:00,Full,15 min,as,No Fish,,,,,,827,,
2025,5/30/2025,9:15,Full,15 min,as,No Fish,,,,,,827,,
2025,5/30/2025,9:30,Full,15 min,as,No Fish,,,,,,827,,
2025,5/30/2025,9:45,Full,15 min,as,No Fish,,,,,,827,,
2025,5/30/2025,10:00,Full,15 min,as,No Fish,,,,,,827,,
2025,5/30/2025,10:15,Full,15 min,as,No Fish,,,,,,827,,
2025,5/30/2025,10:30,Full,15 min,as,No Fish,,,,,,827,,
2025,5/30/2025,10:45,Full,15 min,as,No Fish,,,,,,827,,
2025,5/30/2025,11:00,Full,15 min,as,No Fish,,,,,,827,,
2025,5/30/2025,11:15,Full,15 min,as,No Fish,,,,,,827,,
2025,5/30/2025,11:30,Full,15 min,as,No Fish,,,,,,827,,
2025,5/30/2025,11:45,Full,15 min,as,No Fish,,,,,,827,,
2025,5/30/2025,12:00,Full,15 min,as,No Fish,,,,,,827,,
2025,5/30/2025,12:15,Full,15 min,as,No Fish,,,,,,827,,
2025,5/30/2025,12:30,Full,15 min,as,No Fish,,,,,,827,,
2025,5/30/2025,12:45,Full,15 min,as,No Fish,,,,,,827,,
2025,5/30/2025,13:00,Full,15 min,as,No Fish,,,,,,827,,
2025,5/30/2025,13:15,Full,15 min,as,No Fish,,,,,,827,,
2025,5/30/2025,13:30,Full,15 min,as,No Fish,,,,,,827,,
2025,5/30/2025,13:45,Full,15 min,as,No Fish,,,,,,827,,
2025,5/30/2025,14:00,Full,15 min,as,No Fish,,,,,,827,,
2025,5/30/2025,14:15,Full,15 min,as,No Fish,,,,,,827,,
2025,5/30/2025,14:30,Full,15 min,as,No Fish,,,,,,827,,
2025,5/30/2025,14:45,Full,15 min,as,No Fish,,,,,,827,,
2025,5/30/2025,15:00,Full,15 min,as,No Fish,,,,,,827,,
2025,5/30/2025,15:15,Full,15 min,as,No Fish,,,,,,827,,
2025,5/30/2025,15:30,Full,15 min,as,No Fish,,,,,,827,,
2025,5/30/2025,15:45,Full,15 min,as,No Fish,,,,,,827,,
2025,5/30/2025,16:00,Full,15 min,as,No Fish,,,,,,827,,
2025,5/30/2025,16:15,Full,15 min,as,No Fish,,,,,,827,,
2025,5/30/2025,16:30,Full,15 min,as,No Fish,,,,,,827,,
2025,5/30/2025,16:45,Full,15 min,as,No Fish,,,,,,827,,
2025,5/30/2025,17:00,Full,15 min,as,No Fish,,,,,,827,,
2025,5/30/2025,17:15,Full,15 min,as,No Fish,,,,,,827,,
2025,5/30/2025,17:30,Full,15 min,as,No Fish,,,,,,827,,
2025,5/30/2025,17:45,Full,15 min,as,No Fish,,,,,,827,,
2025,5/30/2025,18:00,Full,15 min,as,No Fish,,,,,,827,,
2025,5/30/2025,18:15,Full,15 min,as,No Fish,,,,,,827,,
2025,5/30/2025,18:30,Full,15 min,as,No Fish,,,,,,827,,
2025,5/30/2025,18:45,Full,15 min,as,No Fish,,,,,,827,,
2025,5/30/2025,19:00,Full,15 min,as,No Fish,,,,,,827,,
2025,5/30/2025,19:15,Full,15 min,as,19:25:57,upstream,75.7,3343,11.53,1,827,,
2025,5/30/2025,19:30,Full,15 min,as,No Fish,,,,,,827,,
2025,5/30/2025,19:45,Full,15 min,as,No Fish,,,,,,827,,
2025,5/30/2025,20:00,Full,15 min,as,No Fish,,,,,,827,,
2025,5/30/2025,20:15,Full,15 min,as,No Fish,,,,,,827,,
2025,5/30/2025,20:30,Full,15 min,as,No Fish,,,,,,827,,
2025,5/30/2025,20:45,Full,15 min,as,No Fish,,,,,,827,,
2025,5/30/2025,21:00,Full,15 min,as,No Fish,,,,,,827,,
2025,5/30/2025,21:15,Full,15 min,as,No Fish,,,,,,827,,
2025,5/30/2025,21:30,Full,15 min,as,No Fish,,,,,,827,,
2025,5/30/2025,21:45,Full,15 min,as,No Fish,,,,,,827,,
2025,5/30/2025,22:00,Full,15 min,as,No Fish,,,,,,827,,
2025,5/30/2025,22:15,Full,15 min,as,No Fish,,,,,,827,,
2025,5/30/2025,22:30,Full,15 min,as,No Fish,,,,,,827,,
2025,5/30/2025,22:45,Full,15 min,as,No Fish,,,,,,827,,
2025,5/30/2025,23:00,Full,15 min,as,No Fish,,,,,,827,,
2025,5/30/2025,23:15,Full,15 min,as,No Fish,,,,,,827,,
2025,5/30/2025,23:30,Full,15 min,as,No Fish,,,,,,827,,
2025,5/30/2025,23:45,Full,15 min,as,No Fish,,,,,,827,,
2025,5/31/2025,0:00,Full,15 min,as,No Fish,,,,,,750,,
2025,5/31/2025,0:15,Full,15 min,as,No Fish,,,,,,750,,
2025,5/31/2025,0:30,Full,15 min,as,No Fish,,,,,,750,,
2025,5/31/2025,0:45,Full,15 min,as,0:54:08,downstream,53.3,2773,15.23,1,750,,
2025,5/31/2025,1:00,Full,15 min,as,No Fish,,,,,,750,seal,
2025,5/31/2025,1:15,Full,15 min,as,No Fish,,,,,,750,,
2025,5/31/2025,1:30,Full,15 min,as,No Fish,,,,,,750,,
2025,5/31/2025,1:45,Full,15 min,as,No Fish,,,,,,750,,
2025,5/31/2025,2:00,Full,15 min,as,No Fish,,,,,,750,,
2025,5/31/2025,2:15,Full,15 min,as,No Fish,,,,,,750,,
2025,5/31/2025,2:30,Full,15 min,as,No Fish,,,,,,750,,
2025,5/31/2025,2:45,Full,15 min,as,No Fish,,,,,,750,,
2025,5/31/2025,3:00,Full,15 min,as,No Fish,,,,,,750,,
2025,5/31/2025,3:15,Full,15 min,as,No Fish,,,,,,750,,
2025,5/31/2025,3:30,Full,15 min,as,No Fish,,,,,,750,,
2025,5/31/2025,3:45,Full,15 min,as,No Fish,,,,,,750,,
2025,5/31/2025,4:00,Full,15 min,as,No Fish,,,,,,750,,
2025,5/31/2025,4:15,Full,15 min,as,No Fish,,,,,,750,,
2025,5/31/2025,4:30,Full,15 min,as,No Fish,,,,,,750,,
2025,5/31/2025,4:45,Full,15 min,as,No Fish,,,,,,750,,
2025,5/31/2025,5:00,Full,15 min,as,No Fish,,,,,,750,,
2025,5/31/2025,5:15,Full,15 min,as,No Fish,,,,,,750,,
2025,5/31/2025,5:30,Full,15 min,as,No Fish,,,,,,750,,
2025,5/31/2025,5:45,Full,15 min,as,No Fish,,,,,,750,,
2025,5/31/2025,6:00,Full,15 min,as,No Fish,,,,,,750,,
2025,5/31/2025,6:15,Full,15 min,as,No Fish,,,,,,750,,
2025,5/31/2025,6:30,Full,15 min,as,No Fish,,,,,,750,,
2025,5/31/2025,6:45,Full,15 min,as,No Fish,,,,,,750,,
2025,5/31/2025,7:00,Full,15 min,as,No Fish,,,,,,750,,
2025,5/31/2025,7:15,Full,15 min,as,No Fish,,,,,,750,,
2025,5/31/2025,7:30,Full,15 min,as,No Fish,,,,,,750,,
2025,5/31/2025,7:45,Full,15 min,as,No Fish,,,,,,750,,
2025,5/31/2025,8:00,Full,15 min,as,No Fish,,,,,,750,,
2025,5/31/2025,8:15,Full,15 min,as,No Fish,,,,,,750,,
2025,5/31/2025,8:30,Full,15 min,as,No Fish,,,,,,750,,
2025,5/31/2025,8:45,Full,15 min,as,No Fish,,,,,,750,,
2025,5/31/2025,9:00,Full,15 min,as,No Fish,,,,,,750,,
2025,5/31/2025,9:15,Full,15 min,as,No Fish,,,,,,750,,
2025,5/31/2025,9:30,Full,15 min,as,No Fish,,,,,,750,,
2025,5/31/2025,9:45,Full,15 min,as,No Fish,,,,,,750,,
2025,5/31/2025,10:00,Full,15 min,as,No Fish,,,,,,750,,
2025,5/31/2025,10:15,Full,15 min,as,No Fish,,,,,,750,,
2025,5/31/2025,10:30,Full,15 min,as,No Fish,,,,,,750,,
2025,5/31/2025,10:45,Full,15 min,as,No Fish,,,,,,750,,
2025,5/31/2025,11:00,Full,15 min,as,No Fish,,,,,,750,,
2025,5/31/2025,11:15,Full,15 min,as,No Fish,,,,,,750,,
2025,5/31/2025,11:30,Full,15 min,as,No Fish,,,,,,750,,
2025,5/31/2025,11:45,Full,15 min,as,No Fish,,,,,,750,,
2025,5/31/2025,12:00,Full,15 min,as,No Fish,,,,,,750,,
2025,5/31/2025,12:15,Full,15 min,as,No Fish,,,,,,750,,
2025,5/31/2025,12:30,Full,15 min,as,No Fish,,,,,,750,,
2025,5/31/2025,12:45,Full,15 min,as,No Fish,,,,,,750,,
2025,5/31/2025,13:00,Full,15 min,as,No Fish,,,,,,750,,
2025,5/31/2025,13:15,Full,15 min,as,No Fish,,,,,,750,,
2025,5/31/2025,13:30,Full,15 min,as,No Fish,,,,,,750,,
2025,5/31/2025,13:45,Full,15 min,as,No Fish,,,,,,750,,
2025,5/31/2025,14:00,Full,15 min,as,No Fish,,,,,,750,,
2025,5/31/2025,14:15,Full,15 min,as,No Fish,,,,,,750,,
2025,5/31/2025,14:30,Full,15 min,as,No Fish,,,,,,750,,
2025,5/31/2025,14:45,Full,15 min,as,No Fish,,,,,,750,,
2025,5/31/2025,15:00,Full,15 min,as,No Fish,,,,,,750,,
2025,5/31/2025,15:15,Full,15 min,as,No Fish,,,,,,750,,
2025,5/31/2025,15:30,Full,15 min,as,No Fish,,,,,,750,,
2025,5/31/2025,15:45,Full,15 min,as,No Fish,,,,,,750,,
2025,5/31/2025,16:00,Full,15 min,as,No Fish,,,,,,750,,
2025,5/31/2025,16:15,Full,15 min,as,No Fish,,,,,,750,,
2025,5/31/2025,16:30,Full,15 min,as,No Fish,,,,,,750,otter,
2025,5/31/2025,16:45,Full,15 min,as,No Fish,,,,,,750,,
2025,5/31/2025,17:00,Full,15 min,as,No Fish,,,,,,750,,
2025,5/31/2025,17:15,Full,15 min,as,17:15:13,d,65.8,59,8.72,1,750,,
2025,5/31/2025,17:30,Full,15 min,as,No Fish,,,,,,750,,
2025,5/31/2025,17:45,Full,15 min,as,No Fish,,,,,,750,,
2025,5/31/2025,18:00,Full,15 min,as,No Fish,,,,,,750,,
2025,5/31/2025,18:15,Full,15 min,as,No Fish,,,,,,750,,
2025,5/31/2025,18:30,Full,15 min,as,No Fish,,,,,,750,,
2025,5/31/2025,18:45,Full,15 min,as,No Fish,,,,,,750,,
2025,5/31/2025,19:00,Full,15 min,as,No Fish,,,,,,750,,
2025,5/31/2025,19:15,Full,15 min,as,No Fish,,,,,,750,,
2025,5/31/2025,19:30,Full,15 min,as,No Fish,,,,,,750,,
2025,5/31/2025,19:45,Full,15 min,as,No Fish,,,,,,750,,
2025,5/31/2025,20:00,Full,15 min,as,No Fish,,,,,,750,,
2025,5/31/2025,20:15,Full,15 min,as,No Fish,,,,,,750,,
2025,5/31/2025,20:30,Full,15 min,as,No Fish,,,,,,750,,
2025,5/31/2025,20:45,Full,15 min,as,No Fish,,,,,,750,,
2025,5/31/2025,21:00,Full,15 min,as,No Fish,,,,,,750,,
2025,5/31/2025,21:15,Full,15 min,as,No Fish,,,,,,750,,
2025,5/31/2025,21:30,Full,15 min,as,No Fish,,,,,,750,,
2025,5/31/2025,21:45,Full,15 min,as,No Fish,,,,,,750,seal,
2025,5/31/2025,22:00,Full,15 min,as,No Fish,,,,,,750,,
2025,5/31/2025,22:15,Full,15 min,as,No Fish,,,,,,750,,
2025,5/31/2025,22:30,Full,15 min,as,No Fish,,,,,,750,,
2025,5/31/2025,22:45,Full,15 min,as,No Fish,,,,,,750,animal activity,
2025,5/31/2025,23:00,Full,15 min,as,No Fish,,,,,,750,animal activity,
2025,5/31/2025,23:15,Full,15 min,as,No Fish,,,,,,750,,
2025,5/31/2025,23:30,Full,15 min,as,No Fish,,,,,,750,,
2025,5/31/2025,23:45,Full,15 min,as,No Fish,,,,,,750,,
2025,6/1/2025,0:00,Full,15 min,as,No Fish,,,,,,666,,
2025,6/1/2025,0:15,Full,15 min,as,No Fish,,,,,,666,animal activity,
2025,6/1/2025,0:30,Full,15 min,as,No Fish,,,,,,666,,
2025,6/1/2025,0:45,Full,15 min,as,No Fish,,,,,,666,animal activity,
2025,6/1/2025,1:00,Full,15 min,as,No Fish,,,,,,666,,
2025,6/1/2025,1:15,Full,15 min,as,No Fish,,,,,,666,,
2025,6/1/2025,1:30,Full,15 min,as,No Fish,,,,,,666,animal activity,
2025,6/1/2025,1:45,Full,15 min,as,No Fish,,,,,,666,,
2025,6/1/2025,2:00,Full,15 min,as,No Fish,,,,,,666,,
2025,6/1/2025,2:15,Full,15 min,as,No Fish,,,,,,666,,
2025,6/1/2025,2:30,Full,15 min,as,No Fish,,,,,,666,,
2025,6/1/2025,2:45,Full,15 min,as,No Fish,,,,,,666,,
2025,6/1/2025,3:00,Full,15 min,as,No Fish,,,,,,666,,
2025,6/1/2025,3:15,Full,15 min,as,No Fish,,,,,,666,,
2025,6/1/2025,3:30,Full,15 min,as,No Fish,,,,,,666,,
2025,6/1/2025,3:45,Full,15 min,as,No Fish,,,,,,666,,
2025,6/1/2025,4:00,Full,15 min,as,No Fish,,,,,,666,,
2025,6/1/2025,4:15,Full,15 min,as,No Fish,,,,,,666,,
2025,6/1/2025,4:30,Full,15 min,as,No Fish,,,,,,666,,
2025,6/1/2025,4:45,Full,15 min,as,No Fish,,,,,,666,,
2025,6/1/2025,5:00,Full,15 min,as,No Fish,,,,,,666,,
2025,6/1/2025,5:15,Full,15 min,as,No Fish,,,,,,666,,
2025,6/1/2025,5:30,Full,15 min,as,No Fish,,,,,,666,,
2025,6/1/2025,5:45,Full,15 min,as,No Fish,,,,,,666,,
2025,6/1/2025,6:00,Full,15 min,as,6:03:55,upstream,58.3,1186,11.97,1,666,,
2025,6/1/2025,6:15,Full,15 min,as,No Fish,,,,,,666,,
2025,6/1/2025,6:30,Full,15 min,as,No Fish,,,,,,666,,
2025,6/1/2025,6:45,Full,15 min,as,No Fish,,,,,,666,,
2025,6/1/2025,7:00,Full,15 min,as,No Fish,,,,,,666,,
2025,6/1/2025,7:15,Full,15 min,as,No Fish,,,,,,666,,
2025,6/1/2025,7:30,Full,15 min,as,7:30:45,upstream,58.4,,,1,666,,
2025,6/1/2025,7:45,Full,15 min,as,No Fish,,,,,,666,,
2025,6/1/2025,8:00,Full,15 min,as,8:03:33,downstream,58.1,1076,8.22,1,666,,
2025,6/1/2025,8:15,Full,15 min,as,No Fish,,,,,,666,,
2025,6/1/2025,8:30,Full,15 min,as,No Fish,,,,,,666,,
2025,6/1/2025,8:45,Full,15 min,as,8:52:28,upstream,46.8,,,,666,,
2025,6/1/2025,9:00,Full,15 min,as,No Fish,,,,,,666,,
2025,6/1/2025,9:15,Full,15 min,as,No Fish,,,,,,666,,
2025,6/1/2025,9:30,Full,15 min,as,9:43:03,upstream,56.9,3982,9.54,1,666,,
2025,6/1/2025,9:45,Full,15 min,as,No Fish,,,,,,666,,
2025,6/1/2025,10:00,Full,15 min,as,No Fish,,,,,,666,,
2025,6/1/2025,10:15,Full,15 min,as,No Fish,,,,,,666,,
2025,6/1/2025,10:30,Full,15 min,as,No Fish,,,,,,666,,
2025,6/1/2025,10:45,Full,15 min,as,No Fish,,,,,,666,,
2025,6/1/2025,11:00,Full,15 min,as,No Fish,,,,,,666,,
2025,6/1/2025,11:15,Full,15 min,as,No Fish,,,,,,666,,
2025,6/1/2025,11:30,Full,15 min,as,No Fish,,,,,,666,,
2025,6/1/2025,11:45,Full,15 min,as,11:58:52,upstream,47.8,4221,17.58,1,666,,
2025,6/1/2025,12:00,Full,15 min,as,No Fish,,,,,,666,,
2025,6/1/2025,12:15,Full,15 min,as,No Fish,,,,,,666,,
2025,6/1/2025,12:30,Full,15 min,as,No Fish,,,,,,666,,
2025,6/1/2025,12:45,Full,15 min,as,No Fish,,,,,,666,,
2025,6/1/2025,13:00,Full,15 min,as,No Fish,,,,,,666,,
2025,6/1/2025,13:15,Full,15 min,as,No Fish,,,,,,666,,
2025,6/1/2025,13:30,Full,15 min,as,No Fish,,,,,,666,,
2025,6/1/2025,13:45,Full,15 min,as,13:59:10,downstream,54.5,4312,9.9,1,666,,
2025,6/1/2025,14:00,Full,15 min,as,No Fish,,,,,,666,,
2025,6/1/2025,14:15,Full,15 min,as,No Fish,,,,,,666,,
2025,6/1/2025,14:30,Full,15 min,as,No Fish,,,,,,666,,
2025,6/1/2025,14:45,Full,15 min,as,No Fish,,,,,,666,,
2025,6/1/2025,15:00,Full,15 min,as,No Fish,,,,,,666,,
2025,6/1/2025,15:15,Full,15 min,as,No Fish,,,,,,666,,
2025,6/1/2025,15:30,Full,15 min,as,No Fish,,,,,,666,,
2025,6/1/2025,15:45,Full,15 min,as,No Fish,,,,,,666,,
2025,6/1/2025,16:00,Full,15 min,as,No Fish,,,,,,666,,
2025,6/1/2025,16:15,Full,15 min,as,No Fish,,,,,,666,,
2025,6/1/2025,16:30,Full,15 min,as,No Fish,,,,,,666,,
2025,6/1/2025,16:45,Full,15 min,as,No Fish,,,,,,666,,
2025,6/1/2025,17:00,Full,15 min,as,No Fish,,,,,,666,,
2025,6/1/2025,17:15,Full,15 min,as,No Fish,,,,,,666,,
2025,6/1/2025,17:30,Full,15 min,as,No Fish,,,,,,666,,
2025,6/1/2025,17:45,Full,15 min,as,No Fish,,,,,,666,,
2025,6/1/2025,18:00,Full,15 min,as,No Fish,,,,,,666,,
2025,6/1/2025,18:15,Full,15 min,as,No Fish,,,,,,666,,
2025,6/1/2025,18:30,Full,15 min,as,No Fish,,,,,,666,,
2025,6/1/2025,18:45,Full,15 min,as,No Fish,,,,,,666,,
2025,6/1/2025,19:00,Full,15 min,as,No Fish,,,,,,666,,
2025,6/1/2025,19:15,Full,15 min,as,No Fish,,,,,,666,,
2025,6/1/2025,19:30,Full,15 min,as,No Fish,,,,,,666,,
2025,6/1/2025,19:45,Full,15 min,as,No Fish,,,,,,666,,
2025,6/1/2025,20:00,Full,15 min,as,No Fish,,,,,,666,,
2025,6/1/2025,20:15,Full,15 min,as,No Fish,,,,,,666,,
2025,6/1/2025,20:30,Full,15 min,as,No Fish,,,,,,666,,
2025,6/1/2025,20:45,Full,15 min,as,No Fish,,,,,,666,,
2025,6/1/2025,21:00,Full,15 min,as,No Fish,,,,,,666,,
2025,6/1/2025,21:15,Full,15 min,as,No Fish,,,,,,666,,
2025,6/1/2025,21:30,Full,15 min,as,No Fish,,,,,,666,,
2025,6/1/2025,21:45,Full,15 min,as,No Fish,,,,,,666,,
2025,6/1/2025,22:00,Full,15 min,as,No Fish,,,,,,666,seal,
2025,6/1/2025,22:15,Full,15 min,as,No Fish,,,,,,666,,
2025,6/1/2025,22:30,Full,15 min,as,No Fish,,,,,,666,seal,
2025,6/1/2025,22:45,Full,15 min,as,No Fish,,,,,,666,,
2025,6/1/2025,23:00,Full,15 min,as,No Fish,,,,,,666,,
2025,6/1/2025,23:15,Full,15 min,as,No Fish,,,,,,666,,
2025,6/1/2025,23:30,Full,15 min,as,No Fish,,,,,,666,,
2025,6/1/2025,23:45,Full,15 min,as,No Fish,,,,,,666,,
2025,6/2/2025,0:00,Full,15 min,as,No Fish,,,,,,587,,
2025,6/2/2025,0:15,Full,15 min,as,No Fish,,,,,,587,,
2025,6/2/2025,0:30,Full,15 min,as,No Fish,,,,,,587,,
2025,6/2/2025,0:45,Full,15 min,as,No Fish,,,,,,587,,
2025,6/2/2025,1:00,Full,15 min,as,No Fish,,,,,,587,,
2025,6/2/2025,1:15,Full,15 min,as,No Fish,,,,,,587,,
2025,6/2/2025,1:30,Full,15 min,as,No Fish,,,,,,587,,
2025,6/2/2025,1:45,corrupt,,,,,,,,,587,,
2025,6/2/2025,2:00,Full,15 min,as,No Fish,,,,,,587,,
2025,6/2/2025,2:15,Full,15 min,as,No Fish,,,,,,587,,
2025,6/2/2025,2:30,Full,15 min,as,No Fish,,,,,,587,,
2025,6/2/2025,2:45,Full,15 min,as,No Fish,,,,,,587,,
2025,6/2/2025,3:00,Full,15 min,as,No Fish,,,,,,587,,
2025,6/2/2025,3:15,Full,15 min,as,No Fish,,,,,,587,,
2025,6/2/2025,3:30,corrupt,,,,,,,,,587,,
2025,6/2/2025,3:45,Full,15 min,as,No Fish,,,,,,587,,
2025,6/2/2025,4:00,Full,15 min,as,No Fish,,,,,,587,,
2025,6/2/2025,4:15,Full,15 min,as,No Fish,,,,,,587,,
2025,6/2/2025,4:30,Full,15 min,as,No Fish,,,,,,587,,
2025,6/2/2025,4:45,Full,15 min,as,No Fish,,,,,,587,,
2025,6/2/2025,5:00,Full,15 min,as,5:08:32,downstream,69,2601,15.53,,587,,
2025,6/2/2025,5:15,Full,15 min,as,No Fish,,,,,,587,,
2025,6/2/2025,5:30,Full,15 min,as,No Fish,,,,,,587,,
2025,6/2/2025,5:45,Full,15 min,as,No Fish,,,,,,587,,
2025,6/2/2025,6:00,Full,15 min,as,No Fish,,,,,,587,,
2025,6/2/2025,6:15,Full,15 min,as,No Fish,,,,,,587,,
2025,6/2/2025,6:30,Full,15 min,as,No Fish,,,,,,587,,
2025,6/2/2025,6:45,Full,15 min,as,No Fish,,,,,,587,,
2025,6/2/2025,7:00,Full,15 min,as,No Fish,,,,,,587,,
2025,6/2/2025,7:15,Full,15 min,as,No Fish,,,,,,587,,
2025,6/2/2025,7:30,Full,15 min,as,No Fish,,,,,,587,,
2025,6/2/2025,7:45,Full,15 min,as,No Fish,,,,,,587,,
2025,6/2/2025,8:00,Full,15 min,as,No Fish,,,,,,587,,
2025,6/2/2025,8:15,Full,15 min,as,No Fish,,,,,,587,,
2025,6/2/2025,8:30,Full,15 min,as,No Fish,,,,,,587,,
2025,6/2/2025,8:45,Full,15 min,as,8:59:17,downstream,61.6,4360,11.17,1,587,,
2025,6/2/2025,9:00,Full,15 min,as,No Fish,,,,,,587,,
2025,6/2/2025,9:15,Full,15 min,as,No Fish,,,,,,587,,
2025,6/2/2025,9:30,Full,15 min,as,No Fish,,,,,,587,,
2025,6/2/2025,9:45,Full,15 min,as,No Fish,,,,,,587,,
2025,6/2/2025,10:00,Full,15 min,as,No Fish,,,,,,587,,
2025,6/2/2025,10:15,Full,15 min,as,No Fish,,,,,,587,,
2025,6/2/2025,10:30,Full,15 min,as,No Fish,,,,,,587,,
2025,6/2/2025,10:45,corrupt,,,,,,,,,587,,
2025,6/2/2025,11:00,Full,15 min,as,No Fish,,,,,,587,,
2025,6/2/2025,11:15,Full,15 min,as,No Fish,,,,,,587,,
2025,6/2/2025,11:30,Full,15 min,as,No Fish,,,,,,587,,
2025,6/2/2025,11:45,Full,15 min,as,No Fish,,,,,,587,,
2025,6/2/2025,12:00,Full,15 min,as,No Fish,,,,,,587,,
2025,6/2/2025,12:15,corrupt,,,,,,,,,587,,
2025,6/2/2025,12:30,Full,15 min,as,No Fish,,,,,,587,,
2025,6/2/2025,12:45,Full,15 min,as,No Fish,,,,,,587,,
2025,6/2/2025,13:00,Full,15 min,as,No Fish,,,,,,587,,
2025,6/2/2025,13:15,Full,15 min,as,No Fish,,,,,,587,,
2025,6/2/2025,13:30,Full,15 min,as,No Fish,,,,,,587,,
2025,6/2/2025,13:45,Full,15 min,as,No Fish,,,,,,587,,
2025,6/2/2025,14:00,Full,15 min,as,No Fish,,,,,,587,,
2025,6/2/2025,14:15,Full,15 min,as,No Fish,,,,,,587,,
2025,6/2/2025,14:30,Full,15 min,as,No Fish,,,,,,587,,
2025,6/2/2025,14:45,Full,15 min,as,No Fish,,,,,,587,,
2025,6/2/2025,15:00,Full,15 min,as,No Fish,,,,,,587,,
2025,6/2/2025,15:15,Full,15 min,as,No Fish,,,,,,587,,
2025,6/2/2025,15:30,Full,15 min,as,No Fish,,,,,,587,,
2025,6/2/2025,15:45,Full,15 min,as,No Fish,,,,,,587,,
2025,6/2/2025,16:00,Full,15 min,as,No Fish,,,,,,587,,
2025,6/2/2025,16:15,Full,15 min,as,No Fish,,,,,,587,,
2025,6/2/2025,16:30,Full,15 min,as,No Fish,,,,,,587,,
2025,6/2/2025,16:45,Full,15 min,as,No Fish,,,,,,587,,
2025,6/2/2025,17:00,Full,15 min,as,No Fish,,,,,,587,,
2025,6/2/2025,17:15,Full,15 min,as,No Fish,,,,,,587,,
2025,6/2/2025,17:30,Full,15 min,as,No Fish,,,,,,587,,
2025,6/2/2025,17:45,Full,15 min,as,No Fish,,,,,,587,,
2025,6/2/2025,18:00,Full,15 min,as,18:14:42,upstreaam,58.8,4411,10.43,,587,,
2025,6/2/2025,18:15,Full,15 min,as,No Fish,,,,,,587,,
2025,6/2/2025,18:30,Full,15 min,as,No Fish,,,,,,587,,
2025,6/2/2025,18:45,Full,15 min,as,No Fish,,,,,,587,,
2025,6/2/2025,19:00,Full,15 min,as,No Fish,,,,,,587,pack of otters,
2025,6/2/2025,19:15,Full,15 min,as,No Fish,,,,,,587,,
2025,6/2/2025,19:30,Full,15 min,as,No Fish,,,,,,587,,
2025,6/2/2025,19:45,Full,15 min,as,No Fish,,,,,,587,,
2025,6/2/2025,20:00,Full,15 min,as,No Fish,,,,,,587,,
2025,6/2/2025,20:15,Full,15 min,as,No Fish,,,,,,587,,
2025,6/2/2025,20:30,Full,15 min,as,No Fish,,,,,,587,,
2025,6/2/2025,20:45,Full,15 min,as,No Fish,,,,,,587,,
2025,6/2/2025,21:00,Full,15 min,as,No Fish,,,,,,587,,
2025,6/2/2025,21:15,Full,15 min,as,No Fish,,,,,,587,,
2025,6/2/2025,21:30,Full,15 min,as,No Fish,,,,,,587,,
2025,6/2/2025,21:45,Full,15 min,as,No Fish,,,,,,587,,
2025,6/2/2025,22:00,Full,15 min,as,No Fish,,,,,,587,,
2025,6/2/2025,22:15,Full,15 min,as,No Fish,,,,,,587,,
2025,6/2/2025,22:30,Full,15 min,as,No Fish,,,,,,587,,
2025,6/2/2025,22:45,corrupt,,,,,,,,,587,,
2025,6/2/2025,23:00,Full,15 min,as,No Fish,,,,,,587,,
2025,6/2/2025,23:15,Full,15 min,as,No Fish,,,,,,587,,
2025,6/2/2025,23:30,Full,15 min,as,No Fish,,,,,,587,otter,
2025,6/2/2025,23:45,Full,15 min,as,No Fish,,,,,,587,,
2025,6/3/2025,0:00,Full,15 min,as,No Fish,,,,,,509,,
2025,6/3/2025,0:15,Full,15 min,as,No Fish,,,,,,509,,
2025,6/3/2025,0:30,Full,15 min,as,No Fish,,,,,,509,,
2025,6/3/2025,0:45,Full,15 min,as,No Fish,,,,,,509,,
2025,6/3/2025,1:00,Full,15 min,as,No Fish,,,,,,509,,
2025,6/3/2025,1:15,Full,15 min,as,No Fish,,,,,,509,,
2025,6/3/2025,1:30,Full,15 min,as,No Fish,,,,,,509,,
2025,6/3/2025,1:45,Full,15 min,as,No Fish,,,,,,509,,
2025,6/3/2025,2:00,Full,15 min,as,No Fish,,,,,,509,,
2025,6/3/2025,2:15,Full,15 min,as,No Fish,,,,,,509,,
2025,6/3/2025,2:30,Full,15 min,as,No Fish,,,,,,509,,
2025,6/3/2025,2:45,Full,15 min,as,No Fish,,,,,,509,,
2025,6/3/2025,3:00,corrupt,,,,,,,,,509,,
2025,6/3/2025,3:15,Full,15 min,as,No Fish,,,,,,509,,
2025,6/3/2025,3:30,Full,15 min,as,No Fish,,,,,,509,,
2025,6/3/2025,3:45,Full,15 min,as,No Fish,,,,,,509,,
2025,6/3/2025,4:00,Full,15 min,as,No Fish,,,,,,509,,
2025,6/3/2025,4:15,Full,15 min,as,No Fish,,,,,,509,,
2025,6/3/2025,4:30,Full,15 min,as,No Fish,,,,,,509,,
2025,6/3/2025,4:45,Full,15 min,as,No Fish,,,,,,509,,
2025,6/3/2025,5:00,Full,15 min,as,No Fish,,,,,,509,,
2025,6/3/2025,5:15,Full,15 min,as,No Fish,,,,,,509,,
2025,6/3/2025,5:30,Full,15 min,as,No Fish,,,,,,509,,
2025,6/3/2025,5:45,Full,15 min,as,No Fish,,,,,,509,,
2025,6/3/2025,6:00,Full,15 min,as,No Fish,,,,,,509,,
2025,6/3/2025,6:15,Full,15 min,as,No Fish,,,,,,509,,
2025,6/3/2025,6:30,Full,15 min,as,No Fish,,,,,,509,,
2025,6/3/2025,6:45,Full,15 min,as,No Fish,,,,,,509,,
2025,6/3/2025,7:00,Full,15 min,as,No Fish,,,,,,509,,
2025,6/3/2025,7:15,Full,15 min,as,No Fish,,,,,,509,,
2025,6/3/2025,7:30,Full,15 min,as,No Fish,,,,,,509,,
2025,6/3/2025,7:45,Full,15 min,as,No Fish,,,,,,509,,
2025,6/3/2025,8:00,Full,15 min,as,No Fish,,,,,,509,,
2025,6/3/2025,8:15,Full,15 min,as,No Fish,,,,,,509,,
2025,6/3/2025,8:30,Full,15 min,as,No Fish,,,,,,509,,
2025,6/3/2025,8:45,Full,15 min,as,No Fish,,,,,,509,,
2025,6/3/2025,9:00,Full,15 min,as,No Fish,,,,,,509,,
2025,6/3/2025,9:15,Full,15 min,as,No Fish,,,,,,509,,
2025,6/3/2025,9:30,Full,15 min,as,No Fish,,,,,,509,,
2025,6/3/2025,9:45,Full,15 min,as,No Fish,,,,,,509,,
2025,6/3/2025,10:00,Full,15 min,as,No Fish,,,,,,509,,
2025,6/3/2025,10:15,Full,15 min,as,No Fish,,,,,,509,,
2025,6/3/2025,10:30,Full,15 min,as,No Fish,,,,,,509,,
2025,6/3/2025,10:45,Full,15 min,as,No Fish,,,,,,509,,
2025,6/3/2025,11:00,corrupt,,,,,,,,,509,,
2025,6/3/2025,11:15,Full,15 min,as,No Fish,,,,,,509,,
2025,6/3/2025,11:30,Full,15 min,as,No Fish,,,,,,509,,
2025,6/3/2025,11:45,Full,15 min,as,No Fish,,,,,,509,,
2025,6/3/2025,12:00,Full,15 min,as,No Fish,,,,,,509,,
2025,6/3/2025,12:15,Full,15 min,as,No Fish,,,,,,509,,
2025,6/3/2025,12:30,Full,15 min,as,No Fish,,,,,,509,,
2025,6/3/2025,12:45,Full,15 min,as,No Fish,,,,,,509,,
2025,6/3/2025,13:00,Full,15 min,as,No Fish,,,,,,509,,
2025,6/3/2025,13:15,Full,15 min,as,No Fish,,,,,,509,,
2025,6/3/2025,13:30,Full,15 min,as,No Fish,,,,,,509,,
2025,6/3/2025,13:45,Full,15 min,as,No Fish,,,,,,509,,
2025,6/3/2025,14:00,Full,15 min,as,No Fish,,,,,,509,,
2025,6/3/2025,14:15,Full,15 min,as,No Fish,,,,,,509,,
2025,6/3/2025,14:30,Full,15 min,as,No Fish,,,,,,509,,
2025,6/3/2025,14:45,Full,15 min,as,No Fish,,,,,,509,,
2025,6/3/2025,15:00,Full,15 min,as,No Fish,,,,,,509,,
2025,6/3/2025,15:15,Full,15 min,as,No Fish,,,,,,509,,
2025,6/3/2025,15:30,Full,15 min,as,No Fish,,,,,,509,,
2025,6/3/2025,15:45,Full,15 min,as,No Fish,,,,,,509,,
2025,6/3/2025,16:00,Full,15 min,as,No Fish,,,,,,509,,
2025,6/3/2025,16:15,Full,15 min,as,No Fish,,,,,,509,otter,
2025,6/3/2025,16:30,Full,15 min,as,No Fish,,,,,,509,,
2025,6/3/2025,16:45,Full,15 min,as,No Fish,,,,,,509,,
2025,6/3/2025,17:00,Full,15 min,as,No Fish,,,,,,509,,
2025,6/3/2025,17:15,Full,15 min,as,No Fish,,,,,,509,,
2025,6/3/2025,17:30,Full,15 min,as,No Fish,,,,,,509,,
2025,6/3/2025,17:45,Full,15 min,as,No Fish,,,,,,509,,
2025,6/3/2025,18:00,Full,15 min,as,No Fish,,,,,,509,,
2025,6/3/2025,18:15,Full,15 min,as,No Fish,,,,,,509,,
2025,6/3/2025,18:30,Full,15 min,as,No Fish,,,,,,509,,
2025,6/3/2025,18:45,corrupt,,,,,,,,,509,,
2025,6/3/2025,19:00,Full,15 min,as,No Fish,,,,,,509,,
2025,6/3/2025,19:15,Full,15 min,as,No Fish,,,,,,509,,
2025,6/3/2025,19:30,Full,15 min,as,No Fish,,,,,,509,,
2025,6/3/2025,19:45,Full,15 min,as,No Fish,,,,,,509,,
2025,6/3/2025,20:00,Full,15 min,as,No Fish,,,,,,509,,
2025,6/3/2025,20:15,Full,15 min,as,No Fish,,,,,,509,,
2025,6/3/2025,20:30,Full,15 min,as,No Fish,,,,,,509,"cluster of small fish, likely hatchery Chinook 0+",
2025,6/3/2025,20:45,Full,15 min,as,No Fish,,,,,,509,,
2025,6/3/2025,21:00,Full,15 min,as,21:09:20,downstream,44.7,2794,12.74,1,509,,
2025,6/3/2025,21:15,Full,15 min,as,21:17:28,upstream,44.2,738,14.84,1,509,,
2025,6/3/2025,21:30,Full,15 min,as,No Fish,,,,,,509,,
2025,6/3/2025,21:45,Full,15 min,as,21:50:18,upstream,42.2,1579,15.29,1,509,,
2025,6/3/2025,22:00,Full,15 min,as,No Fish,,,,,,509,,
2025,6/3/2025,22:15,Full,15 min,as,No Fish,,,,,,509,,
2025,6/3/2025,22:30,corrupt,,,,,,,,,509,,
2025,6/3/2025,22:45,Full,15 min,as,No Fish,,,,,,509,,
2025,6/3/2025,23:00,Full,15 min,as,No Fish,,,,,,509,,
2025,6/3/2025,23:15,Full,15 min,as,No Fish,,,,,,509,,
2025,6/3/2025,23:30,Full,15 min,as,23:30:59,upstream,83,292,13.18,1,509,,
2025,6/3/2025,23:45,Full,15 min,as,No Fish,,,,,,509,,
2025,6/4/2025,0:00,Full,15 min,as,No Fish,,,,,,519,,
2025,6/4/2025,0:15,Full,15 min,as,No Fish,,,,,,519,otters,
2025,6/4/2025,0:30,Full,15 min,as,0:38:21,upstreaam,79.3,2508,15.23,2,519,likely chinook,
2025,6/4/2025,0:45,Full,15 min,as,No Fish,,,,,,519,,
2025,6/4/2025,1:00,Full,15 min,as,No Fish,,,,,,519,,
2025,6/4/2025,1:15,Full,15 min,as,No Fish,,,,,,519,,
2025,6/4/2025,1:30,Full,15 min,as,No Fish,,,,,,519,,
2025,6/4/2025,1:45,Full,15 min,as,No Fish,,,,,,519,,
2025,6/4/2025,2:00,corrupt,,,,,,,,,519,,
2025,6/4/2025,2:15,Full,15 min,as,No Fish,,,,,,519,,
2025,6/4/2025,2:30,Full,15 min,as,2:41:58,upstream,75.7,3585,10.53,2,519,likely chinook,
2025,6/4/2025,2:45,corrupt,,,,,,,,,519,,
2025,6/4/2025,3:00,corrupt,,,,,,,,,519,,
2025,6/4/2025,3:15,Full,15 min,as,No Fish,,,,,,519,,
2025,6/4/2025,3:30,Full,15 min,as,No Fish,,,,,,519,,
2025,6/4/2025,3:45,Full,15 min,as,No Fish,,,,,,519,,
2025,6/4/2025,4:00,Full,15 min,as,4:10:27,downstream,75.5,3127,11.24,1,519,,
2025,6/4/2025,4:15,Full,15 min,as,No Fish,,,,,,519,,
2025,6/4/2025,4:30,Full,15 min,as,No Fish,,,,,,519,,
2025,6/4/2025,4:45,Full,15 min,as,No Fish,,,,,,519,,
2025,6/4/2025,5:00,Full,15 min,as,No Fish,,,,,,519,,
2025,6/4/2025,5:15,Full,15 min,as,No Fish,,,,,,519,,
2025,6/4/2025,5:30,Full,15 min,as,5:32:17,downstream,50.3,674,7.2,1,519,,
2025,6/4/2025,5:45,Full,15 min,as,No Fish,,,,,,519,,
2025,6/4/2025,6:00,Full,15 min,as,No Fish,,,,,,519,,
2025,6/4/2025,6:15,Full,15 min,as,No Fish,,,,,,519,"clusters of small fish, likely hatchery Chinook 0+",
2025,6/4/2025,6:30,Full,15 min,as,No Fish,,,,,,519,,
2025,6/4/2025,6:45,Full,15 min,as,No Fish,,,,,,519,,
2025,6/4/2025,7:00,Full,15 min,as,No Fish,,,,,,519,,
2025,6/4/2025,7:15,Full,15 min,as,No Fish,,,,,,519,,
2025,6/4/2025,7:30,Full,15 min,as,No Fish,,,,,,519,,
2025,6/4/2025,7:45,Full,15 min,as,7:49:25,upstream,74.5,1325,15.05,1,519,,
2025,6/4/2025,8:00,Full,15 min,as,No Fish,,,,,,519,,
2025,6/4/2025,8:15,Full,15 min,as,No Fish,,,,,,519,,
2025,6/4/2025,8:30,Full,15 min,as,No Fish,,,,,,519,,
2025,6/4/2025,8:45,Full,15 min,as,No Fish,,,,,,519,,
2025,6/4/2025,9:00,Full,15 min,as,No Fish,,,,,,519,,
2025,6/4/2025,9:15,Full,15 min,as,No Fish,,,,,,519,,
2025,6/4/2025,9:30,Full,15 min,as,No Fish,,,,,,519,,
2025,6/4/2025,9:45,Full,15 min,as,No Fish,,,,,,519,,
2025,6/4/2025,10:00,Full,15 min,as,No Fish,,,,,,519,,
2025,6/4/2025,10:15,Full,15 min,as,No Fish,,,,,,519,,
2025,6/4/2025,10:30,Full,15 min,as,No Fish,,,,,,519,,
2025,6/4/2025,10:45,Full,15 min,as,No Fish,,,,,,519,,
2025,6/4/2025,11:00,Full,15 min,as,No Fish,,,,,,519,,
2025,6/4/2025,11:15,Full,15 min,as,11:15:58,upstream,83.9,289,289,1,519,,
2025,6/4/2025,11:30,Full,15 min,as,No Fish,,,,,,519,,
2025,6/4/2025,11:45,Full,15 min,as,No Fish,,,,,,519,,
2025,6/4/2025,12:00,Full,15 min,as,No Fish,,,,,,519,,
2025,6/4/2025,12:15,partial,12:15 to 1:19,,No Fish,,,,,,519,,
2025,6/4/2025,12:30,No Data,No Data,,,,,,,,519,,
2025,6/4/2025,12:45,No Data,No Data,,,,,,,,519,,
2025,6/4/2025,13:00,Full,15 min,as,No Fish,,,,,,519,,
2025,6/4/2025,13:15,corrupt,,,,,,,,,519,,
2025,6/4/2025,13:30,Full,15 min,as,No Fish,,,,,,519,,
2025,6/4/2025,13:45,Full,15 min,as,No Fish,,,,,,519,,
2025,6/4/2025,14:00,Full,15 min,as,No Fish,,,,,,519,,
2025,6/4/2025,14:15,Full,15 min,as,No Fish,,,,,,519,,
2025,6/4/2025,14:30,Full,15 min,as,No Fish,,,,,,519,,
2025,6/4/2025,14:45,Full,15 min,as,No Fish,,,,,,519,,
2025,6/4/2025,15:00,Full,15 min,as,No Fish,,,,,,519,,
2025,6/4/2025,15:15,Full,15 min,as,No Fish,,,,,,519,,
2025,6/4/2025,15:30,Full,15 min,as,No Fish,,,,,,519,,
2025,6/4/2025,15:45,Full,15 min,as,No Fish,,,,,,519,,
2025,6/4/2025,16:00,Full,15 min,as,No Fish,,,,,,519,,
2025,6/4/2025,16:15,Full,15 min,as,No Fish,,,,,,519,,
2025,6/4/2025,16:30,Full,15 min,as,No Fish,,,,,,519,,
2025,6/4/2025,16:45,Full,15 min,as,No Fish,,,,,,519,,
2025,6/4/2025,17:00,Full,15 min,as,No Fish,,,,,,519,,
2025,6/4/2025,17:15,Full,15 min,as,No Fish,,,,,,519,,
2025,6/4/2025,17:30,Full,15 min,as,No Fish,,,,,,519,,
2025,6/4/2025,17:45,Full,15 min,as,No Fish,,,,,,519,,
2025,6/4/2025,18:00,Full,15 min,as,No Fish,,,,,,519,,
2025,6/4/2025,18:15,Full,15 min,as,No Fish,,,,,,519,,
2025,6/4/2025,18:30,Full,15 min,as,No Fish,,,,,,519,,
2025,6/4/2025,18:45,Full,15 min,as,No Fish,,,,,,519,,
2025,6/4/2025,19:00,Full,15 min,as,No Fish,,,,,,519,,
2025,6/4/2025,19:15,Full,15 min,as,No Fish,,,,,,519,,
2025,6/4/2025,19:30,Full,15 min,as,No Fish,,,,,,519,,
2025,6/4/2025,19:45,Full,15 min,as,No Fish,,,,,,519,,
2025,6/4/2025,20:00,Full,15 min,as,No Fish,,,,,,519,,
2025,6/4/2025,20:15,Full,15 min,as,No Fish,,,,,,519,,
2025,6/4/2025,20:30,Full,15 min,as,No Fish,,,,,,519,,
2025,6/4/2025,20:45,Full,15 min,as,No Fish,,,,,,519,,
2025,6/4/2025,21:00,Full,15 min,as,No Fish,,,,,,519,,
2025,6/4/2025,21:15,corrupt,,,,,,,,,519,,
2025,6/4/2025,21:30,Full,15 min,as,No Fish,,,,,,519,,
2025,6/4/2025,21:45,Full,15 min,as,No Fish,,,,,,519,,
2025,6/4/2025,22:00,,,,22:13:44,downstream,50.8,4193,19.67,1,519,,
2025,6/4/2025,22:15,corrupt,,,,,,,,,519,,
2025,6/4/2025,22:30,Full,15 min,as,No Fish,,,,,,519,,
2025,6/4/2025,22:45,Full,15 min,as,No Fish,,,,,,519,,
2025,6/4/2025,23:00,corrupt,,,,,,,,,519,,
2025,6/4/2025,23:15,Full,15 min,as,23:19:04,upstream,37.2,1433,12.17,1,519,,
2025,6/4/2025,23:30,Full,15 min,as,No Fish,,,,,,519,,
2025,6/4/2025,23:45,Full,15 min,as,No Fish,,,,,,519,,
2025,6/8/2025,0:00,Full,15 min,as,0:11:06,downstream,68.1,3379,9.02,1,678,,
2025,6/8/2025,0:15,Full,15 min,as,No Fish,,,,,,678,,
2025,6/8/2025,0:30,Full,15 min,as,No Fish,,,,,,678,,
2025,6/8/2025,0:45,Full,15 min,as,No Fish,,,,,,678,,
2025,6/8/2025,1:00,Full,15 min,as,No Fish,,,,,,678,,
2025,6/8/2025,1:15,Full,15 min,as,No Fish,,,,,,678,,
2025,6/8/2025,1:30,Full,15 min,as,No Fish,,,,,,678,,
2025,6/8/2025,1:45,Full,15 min,as,No Fish,,,,,,678,,
2025,6/8/2025,2:00,Full,15 min,as,No Fish,,,,,,678,,
2025,6/8/2025,2:15,Full,15 min,as,No Fish,,,,,,678,,
2025,6/8/2025,2:30,Full,15 min,as,No Fish,,,,,,678,,
2025,6/8/2025,2:45,Full,15 min,as,No Fish,,,,,,678,,
2025,6/8/2025,3:00,Full,15 min,as,No Fish,,,,,,678,,
2025,6/8/2025,3:15,Full,15 min,as,No Fish,,,,,,678,,
2025,6/8/2025,3:30,Full,15 min,as,No Fish,,,,,,678,,
2025,6/8/2025,3:45,Full,15 min,as,No Fish,,,,,,678,,
2025,6/8/2025,4:00,Full,15 min,as,No Fish,,,,,,678,,
2025,6/8/2025,4:15,Full,15 min,as,No Fish,,,,,,678,,
2025,6/8/2025,4:30,Full,15 min,as,4:43:08,downstream,40.3,3998,5.68,1,678,,
2025,6/8/2025,4:45,Full,15 min,as,No Fish,,,,,,678,,
2025,6/8/2025,5:00,Full,15 min,as,No Fish,,,,,,678,,
2025,6/8/2025,5:15,Full,15 min,as,No Fish,,,,,,678,,
2025,6/8/2025,5:30,Full,15 min,as,No Fish,,,,,,678,,
2025,6/8/2025,5:45,Full,15 min,as,No Fish,,,,,,678,,
2025,6/8/2025,6:00,Full,15 min,as,No Fish,,,,,,678,,
2025,6/8/2025,6:15,Full,15 min,as,No Fish,,,,,,678,,
2025,6/8/2025,6:30,Full,15 min,as,No Fish,,,,,,678,,
2025,6/8/2025,6:45,Full,15 min,as,No Fish,,,,,,678,,
2025,6/8/2025,7:00,Full,15 min,as,No Fish,,,,,,678,,
2025,6/8/2025,7:15,Full,15 min,as,No Fish,,,,,,678,,
2025,6/8/2025,7:30,Full,15 min,as,No Fish,,,,,,678,,
2025,6/8/2025,7:45,Full,15 min,as,No Fish,,,,,,678,,
2025,6/8/2025,8:00,Full,15 min,as,No Fish,,,,,,678,,
2025,6/8/2025,8:15,Full,15 min,as,No Fish,,,,,,678,,
2025,6/8/2025,8:30,Full,15 min,as,No Fish,,,,,,678,,
2025,6/8/2025,8:45,Full,15 min,as,No Fish,,,,,,678,,
2025,6/8/2025,9:00,Full,15 min,as,No Fish,,,,,,678,,
2025,6/8/2025,9:15,Full,15 min,as,No Fish,,,,,,678,,
2025,6/8/2025,9:30,Full,15 min,as,No Fish,,,,,,678,,
2025,6/8/2025,9:45,Full,15 min,as,No Fish,,,,,,678,,
2025,6/8/2025,10:00,Full,15 min,as,No Fish,,,,,,678,,
2025,6/8/2025,10:15,Full,15 min,as,No Fish,,,,,,678,,
2025,6/8/2025,10:30,Full,15 min,as,No Fish,,,,,,678,,
2025,6/8/2025,10:45,Full,15 min,as,No Fish,,,,,,678,,
2025,6/8/2025,11:00,Full,15 min,as,No Fish,,,,,,678,,
2025,6/8/2025,11:15,Full,15 min,as,No Fish,,,,,,678,,
2025,6/8/2025,11:30,Full,15 min,as,No Fish,,,,,,678,,
2025,6/8/2025,11:45,Full,15 min,as,No Fish,,,,,,678,,
2025,6/8/2025,12:00,Full,15 min,as,No Fish,,,,,,678,,
2025,6/8/2025,12:15,Full,15 min,as,No Fish,,,,,,678,,
2025,6/8/2025,12:30,Full,15 min,as,No Fish,,,,,,678,,
2025,6/8/2025,12:45,Full,15 min,as,No Fish,,,,,,678,,
2025,6/8/2025,13:00,Full,15 min,as,No Fish,,,,,,678,,
2025,6/8/2025,13:15,Full,15 min,as,No Fish,,,,,,678,,
2025,6/8/2025,13:30,Full,15 min,as,No Fish,,,,,,678,,
2025,6/8/2025,13:45,Full,15 min,as,No Fish,,,,,,678,,
2025,6/8/2025,14:00,Full,15 min,as,No Fish,,,,,,678,,
2025,6/8/2025,14:15,Full,15 min,as,No Fish,,,,,,678,,
2025,6/8/2025,14:30,Full,15 min,as,No Fish,,,,,,678,,
2025,6/8/2025,14:45,Full,15 min,as,No Fish,,,,,,678,,
2025,6/8/2025,15:00,Full,15 min,as,No Fish,,,,,,678,,
2025,6/8/2025,15:15,Full,15 min,as,No Fish,,,,,,678,,
2025,6/8/2025,15:30,Full,15 min,as,No Fish,,,,,,678,,
2025,6/8/2025,15:45,Full,15 min,as,No Fish,,,,,,678,,
2025,6/8/2025,16:00,Full,15 min,as,No Fish,,,,,,678,,
2025,6/8/2025,16:15,Full,15 min,as,No Fish,,,,,,678,,
2025,6/8/2025,16:30,Full,15 min,as,No Fish,,,,,,678,,
2025,6/8/2025,16:45,Full,15 min,as,No Fish,,,,,,678,,
2025,6/8/2025,17:00,Full,15 min,as,No Fish,,,,,,678,,
2025,6/8/2025,17:15,Full,15 min,as,No Fish,,,,,,678,,
2025,6/8/2025,17:30,Full,15 min,as,No Fish,,,,,,678,,
2025,6/8/2025,17:45,Full,15 min,as,No Fish,,,,,,678,,
2025,6/8/2025,18:00,Full,15 min,as,18:03:41,downstream,51.3,1114,7.13,1,678,,
2025,6/8/2025,18:00,Full,15 min,as,18:03:41,downstream,37.4,1114,7.13,1,678,,
2025,6/8/2025,18:15,Full,15 min,as,No Fish,,,,,,678,,
2025,6/8/2025,18:30,Full,15 min,as,No Fish,,,,,,678,,
2025,6/8/2025,18:45,Full,15 min,as,No Fish,,,,,,678,,
2025,6/8/2025,19:00,Full,15 min,as,No Fish,,,,,,678,,
2025,6/8/2025,19:15,Full,15 min,as,No Fish,,,,,,678,,
2025,6/8/2025,19:30,Full,15 min,as,No Fish,,,,,,678,,
2025,6/8/2025,19:45,Full,15 min,as,No Fish,,,,,,678,,
2025,6/8/2025,20:00,Full,15 min,as,No Fish,,,,,,678,,
2025,6/8/2025,20:15,Full,15 min,as,No Fish,,,,,,678,,
2025,6/8/2025,20:30,Full,15 min,as,No Fish,,,,,,678,,
2025,6/8/2025,20:45,Full,15 min,as,No Fish,,,,,,678,,
2025,6/8/2025,21:00,Full,15 min,as,No Fish,,,,,,678,,
2025,6/8/2025,21:15,Full,15 min,as,No Fish,,,,,,678,,
2025,6/8/2025,21:30,Full,15 min,as,No Fish,,,,,,678,,
2025,6/8/2025,21:45,Full,15 min,as,No Fish,,,,,,678,,
2025,6/8/2025,22:00,Full,15 min,as,No Fish,,,,,,678,,
2025,6/8/2025,22:15,Full,15 min,as,No Fish,,,,,,678,,
2025,6/8/2025,22:30,Full,15 min,as,No Fish,,,,,,678,,
2025,6/8/2025,22:45,Full,15 min,as,No Fish,,,,,,678,,
2025,6/8/2025,23:00,Full,15 min,as,No Fish,,,,,,678,,
2025,6/8/2025,23:15,Full,15 min,as,No Fish,,,,,,678,,
2025,6/8/2025,23:30,Full,15 min,as,No Fish,,,,,,678,,
2025,6/8/2025,23:45,Full,15 min,as,No Fish,,,,,,678,,
2025,6/9/2025,0:00,Full,15 min,as,No Fish,,,,,,732,,
2025,6/9/2025,0:15,Full,15 min,as,No Fish,,,,,,732,,
2025,6/9/2025,0:30,Full,15 min,as,No Fish,,,,,,732,,
2025,6/9/2025,0:45,Full,15 min,as,No Fish,,,,,,732,,
2025,6/9/2025,1:00,Full,15 min,as,No Fish,,,,,,732,,
2025,6/9/2025,1:15,Full,15 min,as,No Fish,,,,,,732,,
2025,6/9/2025,1:30,Full,15 min,as,No Fish,,,,,,732,seal,
2025,6/9/2025,1:45,Full,15 min,as,No Fish,,,,,,732,seal,
2025,6/9/2025,2:00,Full,15 min,as,No Fish,,,,,,732,,
2025,6/9/2025,2:15,Full,15 min,as,No Fish,,,,,,732,,
2025,6/9/2025,2:30,Full,15 min,as,No Fish,,,,,,732,,
2025,6/9/2025,2:45,Full,15 min,as,No Fish,,,,,,732,,
2025,6/9/2025,3:00,Full,15 min,as,No Fish,,,,,,732,,
2025,6/9/2025,3:15,Full,15 min,as,No Fish,,,,,,732,,
2025,6/9/2025,3:30,Full,15 min,as,No Fish,,,,,,732,,
2025,6/9/2025,3:45,Full,15 min,as,No Fish,,,,,,732,,
2025,6/9/2025,4:00,Full,15 min,as,No Fish,,,,,,732,,
2025,6/9/2025,4:15,Full,15 min,as,No Fish,,,,,,732,,
2025,6/9/2025,4:30,Full,15 min,as,No Fish,,,,,,732,,
2025,6/9/2025,4:45,Full,15 min,as,No Fish,,,,,,732,"cluster of small fish, likely hatchery",
2025,6/9/2025,5:00,Full,15 min,as,No Fish,,,,,,732,,
2025,6/9/2025,5:15,Full,15 min,as,No Fish,,,,,,732,,
2025,6/9/2025,5:30,Full,15 min,as,No Fish,,,,,,732,,
2025,6/9/2025,5:45,Full,15 min,as,No Fish,,,,,,732,,
2025,6/9/2025,6:00,Full,15 min,as,No Fish,,,,,,732,,
2025,6/9/2025,6:15,Full,15 min,as,No Fish,,,,,,732,,
2025,6/9/2025,6:30,Full,15 min,as,No Fish,,,,,,732,,
2025,6/9/2025,6:45,Full,15 min,as,No Fish,,,,,,732,,
2025,6/9/2025,7:00,Full,15 min,as,No Fish,,,,,,732,,
2025,6/9/2025,7:15,Full,15 min,as,No Fish,,,,,,732,,
2025,6/9/2025,7:30,Full,15 min,as,7:44:49,downstream,35.5,4513,11.15,1,732,,
2025,6/9/2025,7:45,Full,15 min,as,No Fish,,,,,,732,,
2025,6/9/2025,8:00,Full,15 min,as,No Fish,,,,,,732,,
2025,6/9/2025,8:15,Full,15 min,as,No Fish,,,,,,732,,
2025,6/9/2025,8:30,Full,15 min,as,No Fish,,,,,,732,,
2025,6/9/2025,8:45,Full,15 min,as,No Fish,,,,,,732,,
2025,6/9/2025,9:00,Full,15 min,as,No Fish,,,,,,732,,
2025,6/9/2025,9:15,Full,15 min,as,No Fish,,,,,,732,,
2025,6/9/2025,9:30,Full,15 min,as,No Fish,,,,,,732,,
2025,6/9/2025,9:45,Full,15 min,as,No Fish,,,,,,732,,
2025,6/9/2025,10:00,Full,15 min,as,No Fish,,,,,,732,,
2025,6/9/2025,10:15,Full,15 min,as,No Fish,,,,,,732,,
2025,6/9/2025,10:30,Full,15 min,as,No Fish,,,,,,732,,
2025,6/9/2025,10:45,Full,15 min,as,No Fish,,,,,,732,,
2025,6/9/2025,11:00,Full,15 min,as,No Fish,,,,,,732,,
2025,6/9/2025,11:15,Full,15 min,as,No Fish,,,,,,732,,
2025,6/9/2025,11:30,Full,15 min,as,No Fish,,,,,,732,,
2025,6/9/2025,11:45,Full,15 min,as,No Fish,,,,,,732,,
2025,6/9/2025,12:00,Full,15 min,as,No Fish,,,,,,732,,
2025,6/9/2025,12:15,Full,15 min,as,No Fish,,,,,,732,,
2025,6/9/2025,12:30,Full,15 min,as,No Fish,,,,,,732,,
2025,6/9/2025,12:45,Full,15 min,as,No Fish,,,,,,732,,
2025,6/9/2025,13:00,Full,15 min,as,No Fish,,,,,,732,,
2025,6/9/2025,13:15,Full,15 min,as,No Fish,,,,,,732,,
2025,6/9/2025,13:30,Full,15 min,as,No Fish,,,,,,732,,
2025,6/9/2025,13:45,Full,15 min,as,No Fish,,,,,,732,small fish holding,
2025,6/9/2025,14:00,Full,15 min,as,No Fish,,,,,,732,,
2025,6/9/2025,14:15,Full,15 min,as,No Fish,,,,,,732,,
2025,6/9/2025,14:30,Full,15 min,as,No Fish,,,,,,732,,
2025,6/9/2025,14:45,Full,15 min,as,No Fish,,,,,,732,,
2025,6/9/2025,15:00,Full,15 min,as,No Fish,,,,,,732,,
2025,6/9/2025,15:15,Full,15 min,as,No Fish,,,,,,732,,
2025,6/9/2025,15:30,Full,15 min,as,No Fish,,,,,,732,,
2025,6/9/2025,15:45,Full,15 min,as,No Fish,,,,,,732,,
2025,6/9/2025,16:00,Full,15 min,as,No Fish,,,,,,732,,
2025,6/9/2025,16:15,Full,15 min,as,No Fish,,,,,,732,,
2025,6/9/2025,16:30,Full,15 min,as,No Fish,,,,,,732,,
2025,6/9/2025,16:45,Full,15 min,as,No Fish,,,,,,732,,
2025,6/9/2025,17:00,Full,15 min,as,No Fish,,,,,,732,,
2025,6/9/2025,17:15,Full,15 min,as,No Fish,,,,,,732,,
2025,6/9/2025,17:30,Full,15 min,as,No Fish,,,,,,732,,
2025,6/9/2025,17:45,Full,15 min,as,No Fish,,,,,,732,,
2025,6/9/2025,18:00,Full,15 min,as,No Fish,,,,,,732,,
2025,6/9/2025,18:15,Full,15 min,as,No Fish,,,,,,732,,
2025,6/9/2025,18:30,Full,15 min,as,No Fish,,,,,,732,,
2025,6/9/2025,18:45,Full,15 min,as,No Fish,,,,,,732,,
2025,6/9/2025,19:00,Full,15 min,as,No Fish,,,,,,732,,
2025,6/9/2025,19:15,Full,15 min,as,No Fish,,,,,,732,,
2025,6/9/2025,19:30,Full,15 min,as,No Fish,,,,,,732,,
2025,6/9/2025,19:45,Full,15 min,as,No Fish,,,,,,732,,
2025,6/9/2025,20:00,Full,15 min,as,No Fish,,,,,,732,,
2025,6/9/2025,20:15,Full,15 min,as,No Fish,,,,,,732,,
2025,6/9/2025,20:30,Full,15 min,as,No Fish,,,,,,732,,
2025,6/9/2025,20:45,Full,15 min,as,No Fish,,,,,,732,,
2025,6/9/2025,21:00,Full,15 min,as,No Fish,,,,,,732,,
2025,6/9/2025,21:15,Full,15 min,as,No Fish,,,,,,732,,
2025,6/9/2025,21:30,Full,15 min,as,No Fish,,,,,,732,,
2025,6/9/2025,21:45,Full,15 min,as,No Fish,,,,,,732,,
2025,6/9/2025,22:00,Full,15 min,as,No Fish,,,,,,732,,
2025,6/9/2025,22:15,Full,15 min,as,No Fish,,,,,,732,seal,
2025,6/9/2025,22:30,Full,15 min,as,No Fish,,,,,,732,,
2025,6/9/2025,22:45,Full,15 min,as,No Fish,,,,,,732,,
2025,6/9/2025,23:00,Full,15 min,as,No Fish,,,,,,732,,
2025,6/9/2025,23:15,Full,15 min,as,No Fish,,,,,,732,,
2025,6/9/2025,23:30,Full,15 min,as,No Fish,,,,,,732,,
2025,6/9/2025,23:45,Full,15 min,as,No Fish,,,,,,732,,
2025,6/10/2025,0:00,Full,15 min,as,No Fish,,,,,,840,,
2025,6/10/2025,0:15,Full,15 min,as,No Fish,,,,,,840,,
2025,6/10/2025,0:30,Full,15 min,as,No Fish,,,,,,840,,
2025,6/10/2025,0:45,Full,15 min,as,No Fish,,,,,,840,,
2025,6/10/2025,1:00,Full,15 min,as,No Fish,,,,,,840,,
2025,6/10/2025,1:15,Full,15 min,as,No Fish,,,,,,840,,
2025,6/10/2025,1:30,Full,15 min,as,No Fish,,,,,,840,,
2025,6/10/2025,1:45,Full,15 min,as,No Fish,,,,,,840,,
2025,6/10/2025,2:00,Full,15 min,as,No Fish,,,,,,840,,
2025,6/10/2025,2:15,Full,15 min,as,No Fish,,,,,,840,,
2025,6/10/2025,2:30,Full,15 min,as,No Fish,,,,,,840,,
2025,6/10/2025,2:45,Full,15 min,as,No Fish,,,,,,840,,
2025,6/10/2025,3:00,Full,15 min,as,No Fish,,,,,,840,,
2025,6/10/2025,3:15,Full,15 min,as,No Fish,,,,,,840,,
2025,6/10/2025,3:30,Full,15 min,as,No Fish,,,,,,840,,
2025,6/10/2025,3:45,Full,15 min,as,No Fish,,,,,,840,,
2025,6/10/2025,4:00,Full,15 min,as,No Fish,,,,,,840,,
2025,6/10/2025,4:15,Full,15 min,as,No Fish,,,,,,840,,
2025,6/10/2025,4:30,Full,15 min,as,No Fish,,,,,,840,,
2025,6/10/2025,4:45,Full,15 min,as,No Fish,,,,,,840,,
2025,6/10/2025,5:00,Full,15 min,as,No Fish,,,,,,840,,
2025,6/10/2025,5:15,Full,15 min,as,No Fish,,,,,,840,,
2025,6/10/2025,5:30,Full,15 min,as,No Fish,,,,,,840,,
2025,6/10/2025,5:45,Full,15 min,as,No Fish,,,,,,840,,
2025,6/10/2025,6:00,Full,15 min,as,No Fish,,,,,,840,,
2025,6/10/2025,6:15,Full,15 min,as,No Fish,,,,,,840,,
2025,6/10/2025,6:30,Full,15 min,as,No Fish,,,,,,840,,
2025,6/10/2025,6:45,Full,15 min,as,No Fish,,,,,,840,,
2025,6/10/2025,7:00,Full,15 min,as,No Fish,,,,,,840,,
2025,6/10/2025,7:15,Full,15 min,as,No Fish,,,,,,840,,
2025,6/10/2025,7:30,Full,15 min,as,No Fish,,,,,,840,,
2025,6/10/2025,7:45,Full,15 min,as,No Fish,,,,,,840,,
2025,6/10/2025,8:00,Full,15 min,as,No Fish,,,,,,840,,
2025,6/10/2025,8:15,Full,15 min,as,No Fish,,,,,,840,,
2025,6/10/2025,8:30,Full,15 min,as,No Fish,,,,,,840,,
2025,6/10/2025,8:45,Full,15 min,as,No Fish,,,,,,840,,
2025,6/10/2025,9:00,Full,15 min,as,No Fish,,,,,,840,,
2025,6/10/2025,9:15,Full,15 min,as,No Fish,,,,,,840,,
2025,6/10/2025,9:30,Full,15 min,as,No Fish,,,,,,840,,
2025,6/10/2025,9:45,Full,15 min,as,No Fish,,,,,,840,,
2025,6/10/2025,10:00,Full,15 min,as,No Fish,,,,,,840,,
2025,6/10/2025,10:15,Full,15 min,as,No Fish,,,,,,840,,
2025,6/10/2025,10:30,Full,15 min,as,No Fish,,,,,,840,,
2025,6/10/2025,10:45,Full,15 min,as,10:51:38,upstream,84.1,2012,14.35,1,840,,
2025,6/10/2025,11:00,Full,15 min,as,No Fish,,,,,,840,,
2025,6/10/2025,11:15,Full,15 min,as,No Fish,,,,,,840,,
2025,6/10/2025,11:30,Full,15 min,as,No Fish,,,,,,840,,
2025,6/10/2025,11:45,Full,15 min,as,No Fish,,,,,,840,,
2025,6/10/2025,12:00,Full,15 min,as,No Fish,,,,,,840,,
2025,6/10/2025,12:15,Full,15 min,as,No Fish,,,,,,840,,
2025,6/10/2025,12:30,Full,15 min,as,No Fish,,,,,,840,,
2025,6/10/2025,12:45,Full,15 min,as,No Fish,,,,,,840,,
2025,6/10/2025,13:00,Full,15 min,as,No Fish,,,,,,840,,
2025,6/10/2025,13:15,Full,15 min,as,No Fish,,,,,,840,,
2025,6/10/2025,13:30,Full,15 min,as,No Fish,,,,,,840,,
2025,6/10/2025,13:45,Full,15 min,as,No Fish,,,,,,840,,
2025,6/10/2025,14:00,Full,15 min,as,No Fish,,,,,,840,,
2025,6/10/2025,14:15,Full,15 min,as,No Fish,,,,,,840,,
2025,6/10/2025,14:30,Full,15 min,as,No Fish,,,,,,840,,
2025,6/10/2025,14:45,Full,15 min,as,No Fish,,,,,,840,,
2025,6/10/2025,15:00,Full,15 min,as,No Fish,,,,,,840,,
2025,6/10/2025,15:15,Full,15 min,as,No Fish,,,,,,840,,
2025,6/10/2025,15:30,Full,15 min,as,No Fish,,,,,,840,,
2025,6/10/2025,15:45,Full,15 min,as,15:45:55,downstream,75,273,12.2,1,840,,
2025,6/10/2025,16:00,Full,15 min,as,No Fish,,,,,,840,,
2025,6/10/2025,16:15,Full,15 min,as,No Fish,,,,,,840,,
2025,6/10/2025,16:30,Full,15 min,as,No Fish,,,,,,840,,
2025,6/10/2025,16:45,Full,15 min,as,No Fish,,,,,,840,,
2025,6/10/2025,17:00,Full,15 min,as,No Fish,,,,,,840,,
2025,6/10/2025,17:15,Full,15 min,as,No Fish,,,,,,840,,
2025,6/10/2025,17:30,Full,15 min,as,No Fish,,,,,,840,,
2025,6/10/2025,17:45,Full,15 min,as,No Fish,,,,,,840,,
2025,6/10/2025,18:00,Full,15 min,as,No Fish,,,,,,840,,
2025,6/10/2025,18:15,Full,15 min,as,No Fish,,,,,,840,,
2025,6/10/2025,18:30,Full,15 min,as,No Fish,,,,,,840,,
2025,6/10/2025,18:45,Full,15 min,as,No Fish,,,,,,840,,
2025,6/10/2025,19:00,Full,15 min,as,No Fish,,,,,,840,,
2025,6/10/2025,19:15,Full,15 min,as,No Fish,,,,,,840,,
2025,6/10/2025,19:30,Full,15 min,as,No Fish,,,,,,840,,
2025,6/10/2025,19:45,Full,15 min,as,No Fish,,,,,,840,,
2025,6/10/2025,20:00,Full,15 min,as,20:00:31,upstream,85.9,147,13.16,1,840,,
2025,6/10/2025,20:15,Full,15 min,as,No Fish,,,,,,840,,
2025,6/10/2025,20:30,Full,15 min,as,No Fish,,,,,,840,,
2025,6/10/2025,20:45,Full,15 min,as,No Fish,,,,,,840,,
2025,6/10/2025,21:00,Full,15 min,as,No Fish,,,,,,840,,
2025,6/10/2025,21:15,Full,15 min,as,No Fish,,,,,,840,,
2025,6/10/2025,21:30,Full,15 min,as,21:38:08,downstream,43.3,2470,11.65,1,840,,
2025,6/10/2025,21:45,Full,15 min,as,No Fish,,,,,,840,,
2025,6/10/2025,22:00,Full,15 min,as,No Fish,,,,,,840,,
2025,6/10/2025,22:15,Full,15 min,as,No Fish,,,,,,840,,
2025,6/10/2025,22:30,Full,15 min,as,No Fish,,,,,,840,,
2025,6/10/2025,22:45,Full,15 min,as,No Fish,,,,,,840,,
2025,6/10/2025,23:00,Full,15 min,as,No Fish,,,,,,840,,
2025,6/10/2025,23:15,Full,15 min,as,No Fish,,,,,,840,,
2025,6/10/2025,23:30,Full,15 min,as,23:31:46,downstream,76.2,530,15.29,1,840,,
2025,6/10/2025,23:45,Full,15 min,as,No Fish,,,,,,840,,
2025,6/11/2025,0:00,Full,15 min,as,No Fish,,,,,,655,,
2025,6/11/2025,0:15,Full,15 min,as,No Fish,,,,,,655,,
2025,6/11/2025,0:30,Full,15 min,as,No Fish,,,,,,655,,
2025,6/11/2025,0:45,Full,15 min,as,No Fish,,,,,,655,,
2025,6/11/2025,1:00,Full,15 min,as,No Fish,,,,,,655,,
2025,6/11/2025,1:15,Full,15 min,as,No Fish,,,,,,655,,
2025,6/11/2025,1:30,Full,15 min,as,No Fish,,,,,,655,,
2025,6/11/2025,1:45,Full,15 min,as,No Fish,,,,,,655,,
2025,6/11/2025,2:00,Full,15 min,as,No Fish,,,,,,655,,
2025,6/11/2025,2:15,Full,15 min,as,No Fish,,,,,,655,,
2025,6/11/2025,2:30,Full,15 min,as,No Fish,,,,,,655,,
2025,6/11/2025,2:45,Full,15 min,as,No Fish,,,,,,655,,
2025,6/11/2025,3:00,Full,15 min,as,No Fish,,,,,,655,,
2025,6/11/2025,3:15,Full,15 min,as,No Fish,,,,,,655,,
2025,6/11/2025,3:30,Full,15 min,as,No Fish,,,,,,655,,
2025,6/11/2025,3:45,Full,15 min,as,No Fish,,,,,,655,,
2025,6/11/2025,4:00,Full,15 min,as,No Fish,,,,,,655,,
2025,6/11/2025,4:15,Full,15 min,as,4:27:19,upstream,48.6,3717,17.19,1,655,,
2025,6/11/2025,4:30,Full,15 min,as,No Fish,,,,,,655,,
2025,6/11/2025,4:45,Full,15 min,as,No Fish,,,,,,655,,
2025,6/11/2025,5:00,Full,15 min,as,No Fish,,,,,,655,,
2025,6/11/2025,5:15,Full,15 min,as,No Fish,,,,,,655,,
2025,6/11/2025,5:30,Full,15 min,as,No Fish,,,,,,655,,
2025,6/11/2025,5:45,Full,15 min,as,No Fish,,,,,,655,,
2025,6/11/2025,6:00,Full,15 min,as,No Fish,,,,,,655,,
2025,6/11/2025,6:15,Full,15 min,as,6:21:36,downstream,74.9,2008,14.41,1,655,,
2025,6/11/2025,6:30,Full,15 min,as,No Fish,,,,,,655,,
2025,6/11/2025,6:45,Full,15 min,as,No Fish,,,,,,655,,
2025,6/11/2025,7:00,Full,15 min,as,No Fish,,,,,,655,,
2025,6/11/2025,7:15,Full,15 min,as,7:19:17,upstream,74.5,1297,15.41,1,655,,
2025,6/11/2025,7:30,Full,15 min,as,No Fish,,,,,,655,,
2025,6/11/2025,7:45,Full,15 min,as,7:49:27,upstream,67.9,1340,15.15,1,655,,
2025,6/11/2025,8:00,Full,15 min,as,No Fish,,,,,,655,,
2025,6/11/2025,8:15,Full,15 min,as,No Fish,,,,,,655,,
2025,6/11/2025,8:30,Full,15 min,as,No Fish,,,,,,655,,
2025,6/11/2025,8:45,Full,15 min,as,No Fish,,,,,,655,,
2025,6/11/2025,9:00,Full,15 min,as,No Fish,,,,,,655,,
2025,6/11/2025,9:15,Full,15 min,as,No Fish,,,,,,655,,
2025,6/11/2025,9:30,Full,15 min,as,No Fish,,,,,,655,,
2025,6/11/2025,9:45,Full,15 min,as,No Fish,,,,,,655,,
2025,6/11/2025,10:00,Full,15 min,as,No Fish,,,,,,655,fish moves up then back down,
2025,6/11/2025,10:15,Full,15 min,as,No Fish,,,,,,655,,
2025,6/11/2025,10:30,Full,15 min,as,No Fish,,,,,,655,,
2025,6/11/2025,10:45,Full,15 min,as,10:54:26,upstream,61.3,2869,11.54,1,655,,
2025,6/11/2025,11:00,Full,15 min,as,11:07:15,downstream,61.4,2202,10.21,1,655,,
2025,6/11/2025,11:00,Full,15 min,as,11:07:19,downstream,64.1,2221,9.04,1,655,,
2025,6/11/2025,11:00,Full,15 min,as,11:08:04,upstream,63.5,2445,14.36,1,655,,
2025,6/11/2025,11:00,Full,15 min,as,11:08:04,upstream,59.6,2445,13.77,1,655,,
2025,6/11/2025,11:00,Full,15 min,as,11:14:31,downstream,59.1,4407,10.74,1,655,,
2025,6/11/2025,11:15,Full,15 min,as,No Fish,,,,,,655,,
2025,6/11/2025,11:30,Full,15 min,as,No Fish,,,,,,655,,
2025,6/11/2025,11:45,Full,15 min,as,No Fish,,,,,,655,,
2025,6/11/2025,12:00,Full,15 min,as,No Fish,,,,,,655,,
2025,6/11/2025,12:15,Full,15 min,as,No Fish,,,,,,655,,
2025,6/11/2025,12:30,Full,15 min,as,No Fish,,,,,,655,,
2025,6/11/2025,12:45,Full,15 min,as,No Fish,,,,,,655,,
2025,6/11/2025,13:00,Full,15 min,as,No Fish,,,,,,655,,
2025,6/11/2025,13:15,Full,15 min,as,No Fish,,,,,,655,,
2025,6/11/2025,13:30,Full,15 min,as,No Fish,,,,,,655,,
2025,6/11/2025,13:45,Full,15 min,as,No Fish,,,,,,655,,
2025,6/11/2025,14:00,Full,15 min,as,No Fish,,,,,,655,,
2025,6/11/2025,14:15,Full,15 min,as,No Fish,,,,,,655,,
2025,6/11/2025,14:30,Full,15 min,as,No Fish,,,,,,655,,
2025,6/11/2025,14:45,Full,15 min,as,No Fish,,,,,,655,,
2025,6/11/2025,15:00,Full,15 min,as,No Fish,,,,,,655,,
2025,6/11/2025,15:15,Full,15 min,as,No Fish,,,,,,655,,
2025,6/11/2025,15:30,Full,15 min,as,No Fish,,,,,,655,,
2025,6/11/2025,15:45,Full,15 min,as,No Fish,,,,,,655,,
2025,6/11/2025,16:00,Full,15 min,as,No Fish,,,,,,655,,
2025,6/11/2025,16:15,Full,15 min,as,No Fish,,,,,,655,,
2025,6/11/2025,16:30,Full,15 min,as,No Fish,,,,,,655,,
2025,6/11/2025,16:45,Full,15 min,as,No Fish,,,,,,655,,
2025,6/11/2025,17:00,Full,15 min,as,No Fish,,,,,,655,,
2025,6/11/2025,17:15,Full,15 min,as,No Fish,,,,,,655,,
2025,6/11/2025,17:30,Full,15 min,as,No Fish,,,,,,655,,
2025,6/11/2025,17:45,Full,15 min,as,No Fish,,,,,,655,,
2025,6/11/2025,18:00,Full,15 min,as,No Fish,,,,,,655,,
2025,6/11/2025,18:15,Full,15 min,as,No Fish,,,,,,655,,
2025,6/11/2025,18:30,Full,15 min,as,No Fish,,,,,,655,,
2025,6/11/2025,18:45,Full,15 min,as,No Fish,,,,,,655,,
2025,6/11/2025,19:00,Full,15 min,as,No Fish,,,,,,655,,
2025,6/11/2025,19:15,Full,15 min,as,No Fish,,,,,,655,,
2025,6/11/2025,19:30,Full,15 min,as,No Fish,,,,,,655,,
2025,6/11/2025,19:45,Full,15 min,as,No Fish,,,,,,655,,
2025,6/11/2025,20:00,Full,15 min,as,No Fish,,,,,,655,,
2025,6/11/2025,20:15,Full,15 min,as,No Fish,,,,,,655,,
2025,6/11/2025,20:30,Full,15 min,as,No Fish,,,,,,655,,
2025,6/11/2025,20:45,Full,15 min,as,No Fish,,,,,,655,,
2025,6/11/2025,21:00,Full,15 min,as,No Fish,,,,,,655,,
2025,6/11/2025,21:15,Full,15 min,as,No Fish,,,,,,655,,
2025,6/11/2025,21:30,Full,15 min,as,No Fish,,,,,,655,,
2025,6/11/2025,21:45,Full,15 min,as,No Fish,,,,,,655,,
2025,6/11/2025,22:00,Full,15 min,as,No Fish,,,,,,655,seal,
2025,6/11/2025,22:15,Full,15 min,as,No Fish,,,,,,655,,
2025,6/11/2025,22:30,Full,15 min,as,No Fish,,,,,,655,,
2025,6/11/2025,22:45,Full,15 min,as,22:56:38,upstream,83.8,3517,11.1,2,655,likely Chinook,
2025,6/11/2025,23:00,Full,15 min,as,No Fish,,,,,,655,,
2025,6/11/2025,23:15,Full,15 min,as,No Fish,,,,,,655,,
2025,6/11/2025,23:30,Full,15 min,as,No Fish,,,,,,655,,
2025,6/11/2025,23:45,Full,15 min,as,No Fish,,,,,,655,,
2025,6/12/2025,0:00,Full,15 min,as,No Fish,,,,,,577,,
2025,6/12/2025,0:15,Full,15 min,as,No Fish,,,,,,577,,
2025,6/12/2025,0:30,Full,15 min,as,No Fish,,,,,,577,,
2025,6/12/2025,0:45,corrupt,,,,,,,,,577,unable to create echogram,
2025,6/12/2025,1:00,Full,15 min,as,No Fish,,,,,,577,,
2025,6/12/2025,1:15,Full,15 min,as,No Fish,,,,,,577,,
2025,6/12/2025,1:30,Full,15 min,as,No Fish,,,,,,577,,
2025,6/12/2025,1:45,Full,15 min,as,No Fish,,,,,,577,,
2025,6/12/2025,2:00,Full,15 min,as,No Fish,,,,,,577,,
2025,6/12/2025,2:15,corrupt,,,,,,,,,577,unable to create echogram,
2025,6/12/2025,2:30,Full,15 min,as,2:32:21,downstream,54.8,710,8.73,1,577,,
2025,6/12/2025,2:45,Full,15 min,as,No Fish,,,,,,577,,
2025,6/12/2025,3:00,Full,15 min,as,No Fish,,,,,,577,,
2025,6/12/2025,3:15,Full,15 min,as,No Fish,,,,,,577,,
2025,6/12/2025,3:30,Full,15 min,as,3:39:48,upstream,75.5,2950,9.86,2,577,most likely Chinook,
2025,6/12/2025,3:45,Full,15 min,as,No Fish,,,,,,577,,
2025,6/12/2025,4:00,Full,15 min,as,No Fish,,,,,,577,,
2025,6/12/2025,4:15,Full,15 min,as,No Fish,,,,,,577,,
2025,6/12/2025,4:30,Full,15 min,as,No Fish,,,,,,577,,
2025,6/12/2025,4:45,Full,15 min,as,4:54:46,upstream,82.4,2958,9.52,2,577,most likely Chinook,
2025,6/12/2025,5:00,Full,15 min,as,5:08:00,upstream,91.2,2428,15.36,2,577,most likely Chinook,
2025,6/12/2025,5:15,Full,15 min,as,No Fish,,,,,,577,,
2025,6/12/2025,5:30,Full,15 min,as,No Fish,,,,,,577,,
2025,6/12/2025,5:45,Full,15 min,as,No Fish,,,,,,577,,
2025,6/12/2025,6:00,Full,15 min,as,6:00:33,upstream,82.4,155,10.64,2,577,most likely Chinook,
2025,6/12/2025,6:00,Full,15 min,as,6:05:30,downstream,48.6,1657,14.22,1,577,,
2025,6/12/2025,6:15,Full,15 min,as,No Fish,,,,,,577,,
2025,6/12/2025,6:30,Full,15 min,as,No Fish,,,,,,577,,
2025,6/12/2025,6:45,Full,15 min,as,No Fish,,,,,,577,,
2025,6/12/2025,7:00,Full,15 min,as,No Fish,,,,,,577,,
2025,6/12/2025,7:15,Full,15 min,as,No Fish,,,,,,577,,
2025,6/12/2025,7:30,Full,15 min,as,No Fish,,,,,,577,,
2025,6/12/2025,7:45,Full,15 min,as,7:52:55,upstream,76.8,2397,11.4,2,577,most likely Chinook,
2025,6/12/2025,8:00,Full,15 min,as,No Fish,,,,,,577,,
2025,6/12/2025,8:15,Full,15 min,as,No Fish,,,,,,577,,
2025,6/12/2025,8:30,Full,15 min,as,No Fish,,,,,,577,,
2025,6/12/2025,8:45,Full,15 min,as,No Fish,,,,,,577,,
2025,6/12/2025,9:00,Full,15 min,as,9:12:11,downstream,42,3692,9.96,1,577,,
2025,6/12/2025,9:15,Full,15 min,as,No Fish,,,,,,577,,
2025,6/12/2025,9:30,Full,15 min,as,No Fish,,,,,,577,,
2025,6/12/2025,9:45,Full,15 min,as,No Fish,,,,,,577,,
2025,6/12/2025,10:00,Full,15 min,as,No Fish,,,,,,577,,
2025,6/12/2025,10:15,Full,15 min,as,No Fish,,,,,,577,,
2025,6/12/2025,10:30,Full,15 min,as,No Fish,,,,,,577,,
2025,6/12/2025,10:45,Full,15 min,as,No Fish,,,,,,577,,
2025,6/12/2025,11:00,Full,15 min,as,No Fish,,,,,,577,,
2025,6/12/2025,11:15,Full,15 min,as,No Fish,,,,,,577,,
2025,6/12/2025,11:30,Full,15 min,as,No Fish,,,,,,577,,
2025,6/12/2025,11:45,Full,15 min,as,No Fish,,,,,,577,,
2025,6/12/2025,12:00,Full,15 min,as,No Fish,,,,,,577,,
2025,6/12/2025,12:15,Full,15 min,as,No Fish,,,,,,577,,
2025,6/12/2025,12:30,Full,15 min,as,No Fish,,,,,,577,,
2025,6/12/2025,12:45,Full,15 min,as,No Fish,,,,,,577,,
2025,6/12/2025,13:00,Full,15 min,as,No Fish,,,,,,577,,
2025,6/12/2025,13:15,Full,15 min,as,No Fish,,,,,,577,,
2025,6/12/2025,13:30,Full,15 min,as,No Fish,,,,,,577,,
2025,6/12/2025,13:45,Full,15 min,as,No Fish,,,,,,577,,
2025,6/12/2025,14:00,Full,15 min,as,No Fish,,,,,,577,,
2025,6/12/2025,14:15,Full,15 min,as,No Fish,,,,,,577,,
2025,6/12/2025,14:30,Full,15 min,as,No Fish,,,,,,577,,
2025,6/12/2025,14:45,Full,15 min,as,No Fish,,,,,,577,,
2025,6/12/2025,15:00,Full,15 min,as,No Fish,,,,,,577,,
2025,6/12/2025,15:15,Full,15 min,as,No Fish,,,,,,577,,
2025,6/12/2025,15:30,Full,15 min,as,No Fish,,,,,,577,,
2025,6/12/2025,15:45,Full,15 min,as,No Fish,,,,,,577,,
2025,6/12/2025,16:00,Full,15 min,as,No Fish,,,,,,577,,
2025,6/12/2025,16:15,Full,15 min,as,16:20:40,upstream,39.4,1710,11.62,1,577,,
2025,6/12/2025,16:30,Full,15 min,as,No Fish,,,,,,577,,
2025,6/12/2025,16:45,Full,15 min,as,No Fish,,,,,,577,,
2025,6/12/2025,17:00,Full,15 min,as,No Fish,,,,,,577,,
2025,6/12/2025,17:15,Full,15 min,as,No Fish,,,,,,577,,
2025,6/12/2025,17:30,Full,15 min,as,No Fish,,,,,,577,,
2025,6/12/2025,17:45,corrupt,,,,,,,,,577,unable to create echogram,
2025,6/12/2025,18:00,Full,15 min,as,No Fish,,,,,,577,,
2025,6/12/2025,18:15,Full,15 min,as,No Fish,,,,,,577,,
2025,6/12/2025,18:30,Full,15 min,as,18:43:58,upstream,70.4,4227,6.77,1,577,,
2025,6/12/2025,18:45,Full,15 min,as,No Fish,,,,,,577,,
2025,6/12/2025,19:00,Full,15 min,as,No Fish,,,,,,577,,
2025,6/12/2025,19:15,Full,15 min,as,No Fish,,,,,,577,,
2025,6/12/2025,19:30,Full,15 min,as,No Fish,,,,,,577,,
2025,6/12/2025,19:45,Full,15 min,as,No Fish,,,,,,577,,
2025,6/12/2025,20:00,Full,15 min,as,No Fish,,,,,,577,,
2025,6/12/2025,20:15,Full,15 min,as,No Fish,,,,,,577,,
2025,6/12/2025,20:30,Full,15 min,as,No Fish,,,,,,577,,
2025,6/12/2025,20:45,Full,15 min,as,No Fish,,,,,,577,,
2025,6/12/2025,21:00,Full,15 min,as,No Fish,,,,,,577,,
2025,6/12/2025,21:15,Full,15 min,as,No Fish,,,,,,577,,
2025,6/12/2025,21:30,corrupt,,,,,,,,,577,unable to create echogram,
2025,6/12/2025,21:45,Full,15 min,as,21:54:17,upstream,87.1,2800,11.04,2,577,most likely Chinook,
2025,6/12/2025,22:00,Full,15 min,as,No Fish,,,,,,577,,
2025,6/12/2025,22:15,Full,15 min,as,22:25:49,upstream,149,3267,10.16,3,577,seal,
2025,6/12/2025,22:30,Full,15 min,as,No Fish,,,,,,577,,
2025,6/12/2025,22:45,Full,15 min,as,No Fish,,,,,,577,,
2025,6/12/2025,23:00,Full,15 min,as,No Fish,,,,,,577,,
2025,6/12/2025,23:15,Full,15 min,as,No Fish,,,,,,577,,
2025,6/12/2025,23:30,Full,15 min,as,No Fish,,,,,,577,,
2025,6/12/2025,23:45,Full,15 min,as,No Fish,,,,,,577,,
2025,1/17/2025,14:00,Full,15 min,as,No Fish,,,,,,,,
2025,1/17/2025,15:00,Full,15 min,as,No Fish,,,,,,,,
2025,1/17/2025,16:00,Full,15 min,as,No Fish,,,,,,,,
2025,1/17/2025,16:15,Full,15 min,as,No Fish,,,,,,,,
2025,1/17/2025,16:30,Full,,,,,,,,,,,
2025,1/17/2025,16:45,Full,,,,,,,,,,,
2025,1/17/2025,17:00,Full,15 min,as,No Fish,,,,,,,,
2025,1/17/2025,17:15,Full,15 min,as,No Fish,,,,,,,,
2025,1/17/2025,17:30,Full,,,,,,,,,,,
2025,1/17/2025,17:45,Full,,,,,,,,,,,
2025,1/17/2025,18:00,Full,15 min,as,No Fish,,,,,,,,
2025,1/17/2025,18:15,Full,15 min,as,18:18:35,upstream,62.5,1109,14.75,1,,,
2025,1/17/2025,18:30,Full,,,,,,,,,,,
2025,1/17/2025,18:45,Full,,,,,,,,,,,
2025,1/17/2025,19:00,Full,15 min,as,19:00:40,upstream,76,203,7.44,1,,,
2025,1/17/2025,19:15,Full,15 min,as,No Fish,,,,,,,,
2025,1/17/2025,19:30,Full,,,,,,,,,,,
2025,1/17/2025,19:45,Full,,,,,,,,,,,
2025,1/17/2025,20:00,Full,15 min,as,No Fish,,,,,,,,
2025,1/17/2025,20:15,Full,15 min,as,No Fish,,,,,,,,
2025,1/17/2025,20:30,Full,,,,,,,,,,,
2025,1/17/2025,20:45,Full,,,,,,,,,,,
2025,1/17/2025,21:00,Full,15 min,as,No Fish,,,,,,,,
2025,1/17/2025,21:15,Full,15 min,as,No Fish,,,,,,,,
2025,1/17/2025,21:30,Full,,,,,,,,,,,
2025,1/17/2025,21:45,Full,,,,,,,,,,,
2025,1/17/2025,22:00,Full,15 min,as,No Fish,,,,,,,,
2025,1/17/2025,22:15,Full,15 min,as,No Fish,,,,,,,,
2025,1/17/2025,22:30,Full,,,,,,,,,,,
2025,1/17/2025,22:45,Full,,,,,,,,,,,
2025,1/17/2025,23:00,Full,15 min,as,No Fish,,,,,,,,
2025,1/17/2025,23:15,Full,15 min,as,No Fish,,,,,,,,
2025,1/17/2025,23:30,Full,,,,,,,,,,,
2025,1/17/2025,23:45,Full,,,,,,,,,,,
2025,1/18/2025,0:00,Full,15 min,as,No Fish,,,,,,,,
2025,1/18/2025,0:15,Full,15 min,as,No Fish,,,,,,,,
2025,,,,,,,,,,,,,,
2025,,,,,,,,,,,,,,
2025,1/18/2025,1:00,Full,15 min,as,No Fish,,,,,,,,
2025,1/18/2025,1:00,Full,15 min,as,No Fish,,,,,,,,
2025,1/18/2025,1:15,Full,15 min,as,No Fish,,,,,,,,
2025,,,,,,,,,,,,,,
2025,,,,,,,,,,,,,,
2025,1/18/2025,2:00,Full,15 min,as,No Fish,,,,,,,,
2025,1/18/2025,2:15,Full,15 min,as,No Fish,,,,,,,,
2025,,,,,,,,,,,,,,
2025,,,,,,,,,,,,,,
2025,1/18/2025,3:00,Full,15 min,as,No Fish,,,,,,,,
2025,1/18/2025,3:15,Full,15 min,as,No Fish,,,,,,,,
2025,,,,,,,,,,,,,,
2025,,,,,,,,,,,,,,
2025,1/18/2025,4:00,Full,15 min,as,No Fish,,,,,,,,
2025,1/18/2025,4:15,Full,15 min,as,No Fish,,,,,,,,
2025,,,,,,,,,,,,,,
2025,,,,,,,,,,,,,,
2025,1/18/2025,5:00,Full,15 min,as,No Fish,,,,,,,,
2025,1/18/2025,5:15,Full,15 min,as,No Fish,,,,,,,,
2025,,,,,,,,,,,,,,
2025,,,,,,,,,,,,,,
2025,1/18/2025,6:00,Full,15 min,as,No Fish,,,,,,,,
2025,1/18/2025,6:15,Full,15 min,as,No Fish,,,,,,,,
2025,,,,,,,,,,,,,,
2025,,,,,,,,,,,,,,
2025,1/18/2025,7:00,Full,15 min,as,No Fish,,,,,,,,
2025,1/18/2025,7:15,Full,15 min,as,No Fish,,,,,,,,
2025,,,,,,,,,,,,,,
2025,,,,,,,,,,,,,,
2025,1/18/2025,8:00,Full,15 min,as,No Fish,,,,,,,,
2025,1/18/2025,8:15,Full,15 min,as,No Fish,,,,,,,,
2025,,,,,,,,,,,,,,
2025,,,,,,,,,,,,,,
2025,1/18/2025,9:00,Full,15 min,as,No Fish,,,,,,,,
2025,1/18/2025,9:15,Full,15 min,as,No Fish,,,,,,,,
2025,1/18/2025,10:00,Full,15 min,as,No Fish,,,,,,,,
2025,1/18/2025,11:00,Full,15 min,as,No Fish,,,,,,,,
2025,1/18/2025,12:00,Full,15 min,as,No Fish,,,,,,,,
2025,1/18/2025,13:00,Full,15 min,as,No Fish,,,,,,,,
2025,1/18/2025,14:00,Full,15 min,as,No Fish,,,,,,,,
2025,1/18/2025,15:00,Full,15 min,as,No Fish,,,,,,,,
2025,1/18/2025,16:00,Full,15 min,as,No Fish,,,,,,,,
2025,1/18/2025,16:15,Full,15 min,as,No Fish,,,,,,,,
2025,,16:30,,,,,,,,,,,,
2025,,16:45,,,,,,,,,,,,
2025,1/18/2025,17:00,Full,15 min,as,No Fish,,,,,,,,
2025,1/18/2025,17:15,Full,15 min,as,No Fish,,,,,,,,
2025,,17:30,,,,,,,,,,,,
2025,,17:45,,,,,,,,,,,,
2025,1/18/2025,18:00,Full,15 min,as,No Fish,,,,,,,,
2025,1/18/2025,18:15,Full,15 min,as,No Fish,,,,,,,,
2025,,18:30,,,,,,,,,,,,
2025,,18:45,,,,,,,,,,,,
2025,1/18/2025,19:00,Full,15 min,as,No Fish,,,,,,,,
2025,1/18/2025,19:15,Full,15 min,as,No Fish,,,,,,,,
2025,,19:30,,,,,,,,,,,,
2025,,19:45,,,,,,,,,,,,
2025,1/18/2025,20:00,Full,15 min,as,No Fish,,,,,,,,
2025,1/18/2025,20:15,Full,15 min,as,No Fish,,,,,,,,
2025,,20:30,,,,,,,,,,,,
2025,,20:45,,,,,,,,,,,,
2025,1/18/2025,21:00,Full,15 min,as,No Fish,,,,,,,,
2025,1/18/2025,21:15,Full,15 min,as,No Fish,,,,,,,,
2025,,21:30,,,,,,,,,,,,
2025,,21:45,,,,,,,,,,,,
2025,1/18/2025,22:00,Full,15 min,as,No Fish,,,,,,,,
2025,1/18/2025,22:15,Full,15 min,as,No Fish,,,,,,,,
2025,,22:30,,,,,,,,,,,,
2025,,22:45,,,,,,,,,,,,
2025,1/18/2025,23:00,Full,15 min,as,No Fish,,,,,,,,
2025,1/18/2025,23:15,Full,15 min,as,No Fish,,,,,,,,
2025,,23:30,,,,,,,,,,,,
2025,,23:45,,,,,,,,,,,,
2025,1/19/2025,0:00,Full,15 min,as,No Fish,,,,,,,,
2025,1/19/2025,0:15,,,,No Fish,,,,,,,,
2025,1/19/2025,0:30,,,,,,,,,,,,
2025,1/19/2025,0:45,,,,,,,,,,,,
2025,1/19/2025,1:00,Full,15 min,as,No Fish,,,,,,,,
2025,1/19/2025,1:15,,,,No Fish,,,,,,,,
2025,1/19/2025,1:30,,,,,,,,,,,,
2025,1/19/2025,1:45,,,,,,,,,,,,
2025,1/19/2025,2:00,Full,15 min,as,No Fish,,,,,,,,
2025,1/19/2025,2:15,,,,No Fish,,,,,,,,
2025,1/19/2025,2:30,,,,,,,,,,,,
2025,1/19/2025,2:45,,,,,,,,,,,,
2025,1/19/2025,3:00,Full,15 min,as,No Fish,,,,,,,,
2025,1/19/2025,3:15,,,,No Fish,,,,,,,,
2025,1/19/2025,3:30,,,,,,,,,,,,
2025,1/19/2025,3:45,,,,,,,,,,,,
2025,1/19/2025,4:00,Full,15 min,as,No Fish,,,,,,,,
2025,1/19/2025,4:15,,,,No Fish,,,,,,,,
2025,1/19/2025,4:30,,,,,,,,,,,,
2025,1/19/2025,4:45,,,,,,,,,,,,
2025,1/19/2025,5:00,Full,15 min,as,No Fish,,,,,,,,
2025,1/19/2025,5:15,,,,No Fish,,,,,,,,
2025,1/19/2025,5:30,,,,,,,,,,,,
2025,1/19/2025,5:45,,,,,,,,,,,,
2025,1/19/2025,6:00,Full,15 min,as,No Fish,,,,,,,,
2025,1/19/2025,6:15,,,,No Fish,,,,,,,,
2025,1/19/2025,6:30,,,,,,,,,,,,
2025,1/19/2025,6:45,,,,,,,,,,,,
2025,1/19/2025,7:00,Full,15 min,as,No Fish,,,,,,,,
2025,1/19/2025,7:15,,,,No Fish,,,,,,,,
2025,1/19/2025,7:30,,,,,,,,,,,,
2025,1/19/2025,7:45,,,,,,,,,,,,
2025,1/19/2025,8:00,Full,15 min,as,No Fish,,,,,,,,
2025,1/19/2025,8:15,,,,No Fish,,,,,,,,
2025,1/19/2025,8:30,,,,,,,,,,,,
2025,1/19/2025,8:45,,,,,,,,,,,,
2025,1/19/2025,9:00,Full,15 min,as,No Fish,,,,,,,,
2025,1/19/2025,9:15,,,,,,,,,,,,
2025,1/19/2025,9:30,,,,,,,,,,,,
2025,1/19/2025,9:45,,,,,,,,,,,,
2025,1/19/2025,10:00,Full,15 min,as,No Fish,,,,,,,,
2025,1/19/2025,11:00,Full,15 min,as,11:13:52,downstream,44.9,4327,13.95,1,,,
2025,1/19/2025,12:00,Full,15 min,as,No Fish,,,,,,,,
2025,1/19/2025,13:00,Full,15 min,as,No Fish,,,,,,,,
2025,1/19/2025,14:00,Full,15 min,as,No Fish,,,,,,,,
2025,1/19/2025,15:00,Full,15 min,as,No Fish,,,,,,,,
2025,1/19/2025,16:00,Full,15 min,as,No Fish,,,,,,,,
2025,1/19/2025,16:15,Full,,,No Fish,,,,,,,,
2025,1/19/2025,16:30,Full,,,,,,,,,,,
2025,1/19/2025,16:45,Full,,,,,,,,,,,
2025,1/19/2025,17:00,Full,15 min,as,No Fish,,,,,,,,
2025,1/19/2025,17:15,,,,No Fish,,,,,,,,
2025,1/19/2025,17:30,,,,,,,,,,,,
2025,1/19/2025,17:45,,,,,,,,,,,,
2025,1/19/2025,18:00,Full,15 min,as,No Fish,,,,,,,,
2025,1/19/2025,18:15,,,,No Fish,,,,,,,,
2025,1/19/2025,18:30,,,,,,,,,,,,
2025,1/19/2025,18:45,,,,,,,,,,,,
2025,1/19/2025,19:00,Full,15 min,as,No Fish,,,,,,,,
2025,1/19/2025,19:15,,,,No Fish,,,,,,,,
2025,1/19/2025,19:30,,,,,,,,,,,,
2025,1/19/2025,19:45,,,,,,,,,,,,
2025,1/19/2025,20:00,Full,15 min,as,No Fish,,,,,,,,
2025,1/19/2025,20:15,,,,No Fish,,,,,,,,
2025,1/19/2025,20:30,,,,,,,,,,,,
2025,1/19/2025,20:45,,,,,,,,,,,,
2025,1/19/2025,21:00,Full,15 min,as,No Fish,,,,,,,,
2025,1/19/2025,21:15,,,,No Fish,,,,,,,,
2025,1/19/2025,21:30,,,,,,,,,,,,
2025,1/19/2025,21:45,,,,,,,,,,,,
2025,1/19/2025,22:00,Full,15 min,as,No Fish,,,,,,,,
2025,1/19/2025,22:15,,,,No Fish,,,,,,,,
2025,1/19/2025,22:30,,,,,,,,,,,,
2025,1/19/2025,22:45,,,,,,,,,,,,
2025,1/19/2025,23:00,Full,15 min,as,No Fish,,,,,,,,
2025,1/19/2025,23:15,,,,No Fish,,,,,,,,
2025,1/19/2025,23:30,,,,No Fish,,,,,,,,
2025,1/19/2025,23:45,,,,No Fish,,,,,,,,
2025,1/22/2025,0:00,,,,No Fish,,,,,,,,
2025,1/22/2025,0:15,,,,No Fish,,,,,,,,
2025,1/22/2025,0:30,,,,No Fish,,,,,,,,
2025,1/22/2025,0:45,,,,0:52:30,downstream,50.8,2352,15.38,1,,,
2025,1/22/2025,1:00,Full,15 min,as,No Fish,,,,,,,,
2025,1/22/2025,1:15,,,,No Fish,,,,,,,,
2025,1/22/2025,1:30,,,,No Fish,,,,,,,,
2025,1/22/2025,1:45,,,,No Fish,,,,,,,,
2025,1/22/2025,2:00,Full,15 min,as,No Fish,,,,,,,,
2025,1/22/2025,2:15,,,,2:28:04,upstream,54.3,4070,16.06,1,,,
2025,1/22/2025,2:30,,,,No Fish,,,,,,,,
2025,1/22/2025,2:45,,,,No Fish,,,,,,,,
2025,1/22/2025,3:00,Full,15 min,as,No Fish,,,,,,,,
2025,1/22/2025,3:15,,,,No Fish,,,,,,,,
2025,1/22/2025,3:30,,,,No Fish,,,,,,,,
2025,1/22/2025,3:45,,,,No Fish,,,,,,,,
2025,1/22/2025,4:00,Full,15 min,as,No Fish,,,,,,,,
2025,1/22/2025,4:15,,,,No Fish,,,,,,,,
2025,1/22/2025,4:30,,,,No Fish,,,,,,,,
2025,1/22/2025,4:45,,,,No Fish,,,,,,,,
2025,1/22/2025,5:00,Full,15 min,as,No Fish,,,,,,,,
2025,1/22/2025,5:15,,,,No Fish,,,,,,,,
2025,1/22/2025,5:30,,,,No Fish,,,,,,,,
2025,1/22/2025,5:45,,,,No Fish,,,,,,,,
2025,1/22/2025,6:00,Full,15 min,as,No Fish,,,,,,,,
2025,1/22/2025,6:15,,,,No Fish,,,,,,,,
2025,1/22/2025,6:30,,,,No Fish,,,,,,,,
2025,1/22/2025,6:45,,,,No Fish,,,,,,,,
2025,1/22/2025,7:00,Full,15 min,as,No Fish,,,,,,,,
2025,1/22/2025,7:15,,,,No Fish,,,,,,,,
2025,1/22/2025,7:30,,,,No Fish,,,,,,,,
2025,1/22/2025,7:45,,,,No Fish,,,,,,,,
2025,1/22/2025,8:00,Full,15 min,as,No Fish,,,,,,,,
2025,1/22/2025,8:15,,,,No Fish,,,,,,,,
2025,1/22/2025,8:30,,,,No Fish,,,,,,,,
2025,1/22/2025,8:45,,,,No Fish,,,,,,,,
2025,1/22/2025,9:00,Full,15 min,as,No Fish,,,,,,,,
2025,1/22/2025,9:15,,,,No Fish,,,,,,,,
2025,1/22/2025,9:30,,,,No Fish,,,,,,,,
2025,1/22/2025,9:45,,,,9:52:39,upstream,64.8,2394,13.15,1,,,
2025,1/22/2025,10:00,Full,15 min,as,No Fish,,,,,,,,
2025,1/22/2025,11:00,Full,15 min,as,No Fish,,,,,,,,
2025,1/22/2025,12:00,Full,15 min,as,No Fish,,,,,,,,
2025,1/22/2025,13:00,Full,15 min,as,No Fish,,,,,,,,
2025,1/22/2025,14:00,Full,15 min,as,No Fish,,,,,,,,
2025,1/22/2025,15:00,Full,15 min,as,No Fish,,,,,,,,
2025,1/22/2025,16:00,Full,15 min,as,No Fish,,,,,,,,
2025,1/22/2025,16:15,,,,,,,,,,,,
2025,1/22/2025,16:30,,,,,,,,,,,,
2025,1/22/2025,16:45,,,,,,,,,,,,
2025,1/22/2025,17:00,Full,15 min,as,No Fish,,,,,,,,
2025,1/22/2025,17:15,,,,,,,,,,,,
2025,1/22/2025,17:30,,,,,,,,,,,,
2025,1/22/2025,17:45,,,,,,,,,,,,
2025,1/22/2025,18:00,Full,15 min,as,No Fish,,,,,,,,
2025,1/22/2025,18:15,,,,,,,,,,,,
2025,1/22/2025,18:30,,,,,,,,,,,,
2025,1/22/2025,18:45,,,,,,,,,,,,
2025,1/22/2025,19:00,Full,15 min,as,No Fish,,,,,,,,
2025,1/22/2025,19:15,,,,,,,,,,,,
2025,1/22/2025,19:30,,,,,,,,,,,,
2025,1/22/2025,19:45,,,,,,,,,,,,
2025,1/22/2025,20:00,Full,15 min,as,No Fish,,,,,,,,
2025,1/22/2025,20:15,,,,,,,,,,,,
2025,1/22/2025,20:30,,,,,,,,,,,,
2025,1/22/2025,20:45,,,,,,,,,,,,
2025,1/22/2025,21:00,Full,15 min,as,No Fish,,,,,,,,
2025,1/22/2025,21:15,,,,,,,,,,,,
2025,1/22/2025,21:30,,,,,,,,,,,,
2025,1/22/2025,21:45,,,,,,,,,,,,
2025,1/22/2025,22:00,Full,15 min,as,No Fish,,,,,,,,
2025,1/22/2025,22:15,,,,,,,,,,,,
2025,1/22/2025,22:30,,,,,,,,,,,,
2025,1/22/2025,22:45,,,,,,,,,,,,
2025,1/22/2025,23:00,Full,15 min,as,23:09:20,downstream,83.2,2912,13.66,1,,,
2025,1/22/2025,23:15,,,,,,,,,,,,
2025,1/22/2025,23:30,,,,,,,,,,,,
2025,1/22/2025,23:45,,,,,,,,,,,,
2025,1/23/2025,0:00,Full,15 min,jw,No Fish,,,,,,,,
2025,1/23/2025,0:15,Full,15 min,jw,No Fish,,,,,,,,
2025,1/23/2025,0:30,Full,15 min,jw,No Fish,,,,,,,,
2025,1/23/2025,0:45,Full,15 min,jw,No Fish,,,,,,,,
2025,1/23/2025,1:00,Full,15 min,jw,No Fish,,,,,,,,
2025,1/23/2025,1:15,Full,15 min,jw,No Fish,,,,,,,,
2025,1/23/2025,1:30,Full,15 min,jw,No Fish,,,,,,,,
2025,1/23/2025,1:45,Full,15 min,jw,No Fish,,,,,,,,
2025,1/23/2025,2:00,Full,15 min,jw,No Fish,,,,,,,,
2025,1/23/2025,2:15,Full,15 min,jw ,No Fish,,,,,,,Big mark not calling fish,
2025,1/23/2025,2:30,Full,15 min,jw,No Fish,,,,,,,,
2025,1/23/2025,2:45,Full,15 min,jw,2:59:40,upstream,37.5,4569,13.45,1,,,
2025,1/23/2025,3:00,Full,15 min,jw,No Fish,,,,,,,,
2025,1/23/2025,3:15,Full,15 min,jw,No Fish,,,,,,,,
2025,1/23/2025,3:30,Full,15 min,jw,No Fish,,,,,,,,
2025,1/23/2025,3:45,Full,15 min,jw,No Fish,,,,,,,,
2025,1/23/2025,4:00,Full,15 min,jw,No Fish,,,,,,,,
2025,1/23/2025,4:15,Full,15 min,jw,No Fish,,,,,,,,
2025,1/23/2025,4:30,Full,15 min,jw,No Fish,,,,,,,,
2025,1/23/2025,4:45,Full,15 min,jw,No Fish,,,,,,,,
2025,1/23/2025,5:00,Full,15 min,jw,5:12:41,upstream,70.4,3970,9.45,1,,,
2025,1/23/2025,5:15,Full,15 min,jw,No Fish,,,,,,,,
2025,1/23/2025,5:30,Full,15 min,jw,No Fish,,,,,,,,
2025,1/23/2025,5:45,Full,15 min,jw,No Fish,,,,,,,,
2025,1/23/2025,6:00,Full,15 min,jw,No Fish,,,,,,,,
2025,1/23/2025,6:15,Full,15 min,jw,No Fish,,,,,,,,
2025,1/23/2025,6:30,Full,15 min,jw,No Fish,,,,,,,,
2025,1/23/2025,6:45,Full,15 min,jw,6:55:49,upstream,69.7,3358,10.83,1,,,
2025,1/23/2025,7:00,Full,15 min,jw,No Fish,,,,,,,,
2025,1/23/2025,7:15,Full,15 min,jw,No Fish,,,,,,,,
2025,1/23/2025,7:30,Full,15 min,jw,No Fish,,,,,,,,
2025,1/23/2025,7:45,Full,15 min,jw,No Fish,,,,,,,,
2025,1/23/2025,8:00,Full,15 min,jw,No Fish,,,,,,,,
2025,1/23/2025,8:15,Full,15 min,jw,No Fish,,,,,,,,
2025,1/23/2025,8:30,Full,15 min,jw,No Fish,,,,,,,,
2025,1/23/2025,8:45,Full,15 min,jw,No Fish,,,,,,,,
2025,1/23/2025,9:00,Full,15 min,jw,No Fish,,,,,,,,
2025,1/23/2025,9:15,Full,15 min,jw,No Fish,,,,,,,,
2025,1/23/2025,9:30,Full,15 min,jw,No Fish,,,,,,,,
2025,1/23/2025,9:45,Full,15 min,jw,No Fish,,,,,,,,
2025,1/23/2025,10:00,Full,15 min,jw,No Fish,,,,,,,,
2025,1/23/2025,10:15,Full,15 min,jw,No Fish,,,,,,,,
2025,1/23/2025,10:30,Full,15 min,jw,No Fish,,,,,,,,
2025,1/23/2025,10:45,Full,15 min,jw,No Fish,,,,,,,,
2025,1/23/2025,11:00,Full,15 min,jw,No Fish,,,,,,,,
2025,1/23/2025,11:15,Full,15 min,jw,No Fish,,,,,,,,
2025,1/23/2025,11:30,Full,15 min,jw,No Fish,,,,,,,,
2025,1/23/2025,11:45,Full,15 min,jw,No Fish,,,,,,,,
2025,1/23/2025,12:00,Full,15 min,jw,No Fish,,,,,,,,
2025,1/23/2025,12:15,Full,15 min,jw,No Fish,,,,,,,,
2025,1/23/2025,12:30,Full,15 min,jw,No Fish,,,,,,,,
2025,1/23/2025,12:45,Full,15 min,jw,No Fish,,,,,,,,
2025,1/23/2025,13:00,Full,15 min,jw,No Fish,,,,,,,,
2025,1/23/2025,13:15,Full,15 min,jw,No Fish,,,,,,,,
2025,1/23/2025,13:30,Full,15 min,jw,No Fish,,,,,,,,
2025,1/23/2025,13:45,Full,15 min,jw,No Fish,,,,,,,,
2025,1/23/2025,14:00,Full,15 min,jw,No Fish,,,,,,,,
2025,1/23/2025,14:15,Full,15 min,jw,No Fish,,,,,,,,
2025,1/23/2025,14:30,Full,15 min,jw,No Fish,,,,,,,,
2025,1/23/2025,14:45,Full,15 min,jw,No Fish,,,,,,,,
2025,1/23/2025,15:00,Full,15 min,jw,No Fish,,,,,,,,
2025,1/23/2025,15:15,Full,15 min,jw,No Fish,,,,,,,,
2025,1/23/2025,15:30,Full,15 min,jw,No Fish,,,,,,,,
2025,1/23/2025,15:45,Full,15 min,jw,No Fish,,,,,,,,
2025,1/23/2025,16:00,Full,15 min,jw,No Fish,,,,,,,,
2025,1/23/2025,16:15,Full,15 min,jw,No Fish,,,,,,,,
2025,1/23/2025,16:30,Full,15 min,jw,No Fish,,,,,,,,
2025,1/23/2025,16:45,Full,15 min,jw,No Fish,,,,,,,,
2025,1/23/2025,17:00,Full,15 min,jw,No Fish,,,,,,,,
2025,1/23/2025,17:15,Full,15 min,jw,17:29:16,downstream,68,4451,14.24,1,,,
2025,1/23/2025,17:30,Full,15 min,jw,No Fish,,,,,,,,
2025,1/23/2025,17:45,Full,15 min,jw,No Fish,,,,,,,,
2025,1/23/2025,18:00,Full,15 min,jw,No Fish,,,,,,,,
2025,1/23/2025,18:15,Full,15 min,jw,No Fish,,,,,,,,
2025,1/23/2025,18:30,Full,15 min,jw,No Fish,,,,,,,,
2025,1/23/2025,18:45,Full,15 min,jw,No Fish,,,,,,,,
2025,1/23/2025,19:00,Full,15 min,jw,No Fish,,,,,,,,
2025,1/23/2025,19:15,Full,15 min,jw,No Fish,,,,,,,,
2025,1/23/2025,19:30,Full,15 min,jw,No Fish,,,,,,,,
2025,1/23/2025,19:45,Full,15 min,jw,No Fish,,,,,,,,
2025,1/23/2025,20:00,Full,15 min,jw,No Fish,,,,,,,,
2025,1/23/2025,20:15,Full,15 min,jw,No Fish,,,,,,,,
2025,1/23/2025,20:30,Full,15 min,jw,No Fish,,,,,,,,
2025,1/23/2025,20:45,Full,15 min,jw,No Fish,,,,,,,,
2025,1/23/2025,21:00,Full,15 min,jw,No Fish,,,,,,,,
2025,1/23/2025,21:15,Full,15 min,jw,No Fish,,,,,,,,
2025,1/23/2025,21:30,Full,15 min,jw,No Fish,,,,,,,,
2025,1/23/2025,21:45,Full,15 min,jw,No Fish,,,,,,,,
2025,1/23/2025,22:00,Full,15 min,jw,22:02:51,upstream,81.6,893,9.8,1,,,
2025,1/23/2025,22:15,Full,15 min,jw,No Fish,,,,,,,,
2025,1/23/2025,22:30,Full,15 min,jw,No Fish,,,,,,,,
2025,1/23/2025,22:45,Full,15 min,jw,No Fish,,,,,,,,
2025,1/23/2025,23:00,Full,15 min,jw,No Fish,,,,,,,,
2025,1/23/2025,23:15,Full,15 min,jw,No Fish,,,,,,,,
2025,1/23/2025,23:30,Full,15 min,jw,No Fish,,,,,,,,
2025,1/23/2025,23:45,Full,15 min,jw,No Fish,,,,,,,,
2025,1/24/2025,0:00,Full,15 min,jw,No Fish,,,,,,,,
2025,1/24/2025,0:15,Full,15 min,jw,No Fish,,,,,,,,
2025,1/24/2025,0:30,Full,15 min,jw,No Fish,,,,,,,,
2025,1/24/2025,0:45,Full,15 min,jw,No Fish,,,,,,,,
2025,1/24/2025,1:00,Full,15 min,jw,No Fish,,,,,,,,
2025,1/24/2025,1:15,Full,15 min,jw,No Fish,,,,,,,,
2025,1/24/2025,1:30,Full,15 min,jw,No Fish,,,,,,,,
2025,1/24/2025,1:45,Full,15 min,jw,No Fish,,,,,,,,
2025,1/24/2025,2:00,Full,15 min,jw,No Fish,,,,,,,,
2025,1/24/2025,2:15,Full,15 min,jw,No Fish,,,,,,,,
2025,1/24/2025,2:30,Full,15 min,jw,No Fish,,,,,,,,
2025,1/24/2025,2:45,Full,15 min,jw,No Fish,,,,,,,,
2025,1/24/2025,3:00,Full,15 min,jw,No Fish,,,,,,,,
2025,1/24/2025,3:15,Full,15 min,jw,No Fish,,,,,,,,
2025,1/24/2025,3:30,Full,15 min,jw,No Fish,,,,,,,,
2025,1/24/2025,3:45,Full,15 min,jw,No Fish,,,,,,,,
2025,1/24/2025,4:00,Full,15 min,jw,No Fish,,,,,,,,
2025,1/24/2025,4:15,Full,15 min,jw,No Fish,,,,,,,,
2025,1/24/2025,4:30,Full,15 min,jw,No Fish,,,,,,,,
2025,1/24/2025,4:45,Full,15 min,jw,No Fish,,,,,,,,
2025,1/24/2025,5:00,Full,15 min,jw,No Fish,,,,,,,,
2025,1/24/2025,5:15,Full,15 min,jw,No Fish,,,,,,,,
2025,1/24/2025,5:30,Full,15 min,jw,No Fish,,,,,,,,
2025,1/24/2025,5:45,Full,15 min,jw,No Fish,,,,,,,,
2025,1/24/2025,6:00,Full,15 min,jw,No Fish,,,,,,,,
2025,1/24/2025,6:15,Full,15 min,jw,No Fish,,,,,,,,
2025,1/24/2025,6:30,Full,15 min,jw,No Fish,,,,,,,,
2025,1/24/2025,6:45,Full,15 min,jw,No Fish,,,,,,,,
2025,1/24/2025,7:00,Full,15 min,jw,No Fish,,,,,,,,
2025,1/24/2025,7:15,Full,15 min,jw,No Fish,,,,,,,,
2025,1/24/2025,7:30,Full,15 min,jw,No Fish,,,,,,,,
2025,1/24/2025,7:45,Full,15 min,jw,No Fish,,,,,,,,
2025,1/24/2025,8:00,Full,15 min,jw,No Fish,,,,,,,,
2025,1/24/2025,8:15,Full,15 min,jw,No Fish,,,,,,,,
2025,1/24/2025,8:30,Full,15 min,jw,No Fish,,,,,,,,
2025,1/24/2025,8:45,Full,15 min,jw,No Fish,,,,,,,,
2025,1/24/2025,9:00,Full,15 min,jw,No Fish,,,,,,,,
2025,1/24/2025,9:15,Full,15 min,jw,No Fish,,,,,,,,
2025,1/24/2025,9:30,Full,15 min,jw,No Fish,,,,,,,,
2025,1/24/2025,9:45,Full,15 min ,jw,No Fish,,,,,,,,
2025,1/24/2025,10:00,Full,15 min,jw,No Fish,,,,,,,,
2025,1/24/2025,10:15,Full,15 min,jw,No Fish,,,,,,,,
2025,1/24/2025,10:30,Full,15 min,jw,No Fish,,,,,,,,
2025,1/24/2025,10:45,Full,15 min,jw,No Fish,,,,,,,,
2025,1/24/2025,11:00,Full,15 min,jw,No Fish,,,,,,,,
2025,1/24/2025,11:15,Full,15 min,jw,No Fish,,,,,,,,
2025,1/24/2025,11:30,Full,15 min,jw,No Fish,,,,,,,,
2025,1/24/2025,11:45,Full,15 min,jw,No Fish,,,,,,,,
2025,1/24/2025,12:00,Full,15 min,jw,No Fish,,,,,,,,
2025,1/24/2025,12:15,Full,15 min,jw,No Fish,,,,,,,,
2025,1/24/2025,12:30,Full,15 min,jw,No Fish,,,,,,,,
2025,1/24/2025,12:45,Full,15 min,jw,No Fish,,,,,,,,
2025,1/24/2025,13:00,Full,15 min,jw,No Fish,,,,,,,,
2025,1/24/2025,13:15,Full,15 min,jw,No Fish,,,,,,,,
2025,1/24/2025,13:30,Full,15 min,jw,No Fish,,,,,,,,
2025,1/24/2025,13:45,Full,15 min,jw,No Fish,,,,,,,,
2025,1/24/2025,14:00,Full,15 min,jw,No Fish,,,,,,,,
2025,1/24/2025,14:15,Full,15 min,jw,No Fish,,,,,,,,
2025,1/24/2025,14:30,Full,15 min,jw,No Fish,,,,,,,,
2025,1/24/2025,14:45,Full,15 min,jw,No Fish,,,,,,,,
2025,1/24/2025,15:00,Full,15 min,jw,No Fish,,,,,,,,
2025,1/24/2025,15:15,Full,15 min,jw,No Fish,,,,,,,,
2025,1/24/2025,15:30,Full,15 min,jw,No Fish,,,,,,,,
2025,1/24/2025,15:45,Full,15 min,jw,No Fish,,,,,,,,
2025,1/24/2025,16:00,Full,15 min,jw,No Fish,,,,,,,,
2025,1/24/2025,16:15,Full ,15 min,jw,No Fish,,,,,,,,
2025,1/24/2025,16:30,Full,15 min,jw,No Fish,,,,,,,,
2025,1/24/2025,16:45,Full,15 min,jw,No Fish,,,,,,,,
2025,1/24/2025,17:00,Full,15 min ,jw,No Fish,,,,,,,,
2025,1/24/2025,17:15,Full,15 min,jw,No Fish,,,,,,,,
2025,1/24/2025,17:30,Full,15 min,jw,No Fish,,,,,,,,
2025,1/24/2025,17:45,Full,15 min,jw,No Fish,,,,,,,,
2025,1/24/2025,18:00,Full,15 min,jw,No Fish,,,,,,,,
2025,1/24/2025,18:15,Full,15 min,jw ,No Fish,,,,,,,,
2025,1/24/2025,18:30,Full,15 min,jw,No Fish,,,,,,,,
2025,1/24/2025,18:45,Full,15 min,jw ,No Fish,,,,,,,,
2025,1/24/2025,19:00,Full,15 min,jw,No Fish,,,,,,,,
2025,1/24/2025,19:15,Full,15 min,jw,No Fish,,,,,,,,
2025,1/24/2025,19:30,Full,15 min,jw,No Fish,,,,,,,,
2025,1/24/2025,19:45,Full,15 min,jw,19:55:08,upstream,72.9,3174,7.87,1,,,
,,,,,,19:57:30,upstream,75.8,3912,15.43,1,,,
2025,1/24/2025,20:00,Full,15 min,jw,No Fish,,,,,,,,
2025,1/24/2025,20:15,Full,15 min,jw,No Fish,,,,,,,,
2025,1/24/2025,20:30,Full,15 min,jw ,No Fish,,,,,,,,
2025,1/24/2025,20:45,Full,15 min,jw,20:54:48,downstream,84.7,3050,13.16,1,,,
2025,1/24/2025,21:00,Full,15 min,jw,21:00:54,upstream,33.6,273,3.58,1,,,
2025,1/24/2025,21:15,Full,15 min,jw,21:24:20,upstream,78.8,2913,9.3,1,,,
2025,1/24/2025,21:30,Full,15 min,jw,No Fish,,,,,,,,
2025,1/24/2025,21:45,Full,15 min,jw,No Fish,,,,,,,,
2025,1/24/2025,22:00,Full,15 min,jw,No Fish,,,,,,,,
2025,1/24/2025,22:15,Full,15 min,jw,No Fish,,,,,,,,
2025,1/24/2025,22:30,Full,15 min,jw,22:40:30,upstream,68.1,3277,6.75,1,,,
2025,1/24/2025,22:45,Full,15 min,jw,No Fish,,,,,,,,
2025,1/24/2025,23:00,Full,15 min,jw,No Fish,,,,,,,,
2025,1/24/2025,23:15,Full,15 min,jw,No Fish,,,,,,,,
2025,1/24/2025,23:30,Full,15 min,jw,No Fish,,,,,,,,
2025,1/24/2025,23:45,Full,15 min,jw,No Fish,,,,,,,,
2025,1/25/2025,0:00,Full,15 min,jw,0:00:50,downstream,43.7,2305,12.98,1,,,
2025,1/25/2025,0:15,Full,15 min,jw ,No Fish,,,,,,,,
2025,1/25/2025,0:30,Full,15 min,jw,No Fish,,,,,,,,
2025,1/25/2025,0:45,Full,15 min,jw,No Fish,,,,,,,,
2025,1/25/2025,1:00,Full,15 min,jw,No Fish,,,,,,,,
2025,1/25/2025,1:15,Full,15 min,jw ,1:23:02,upstream,42.5,2514,14.56,1,,,
2025,1/25/2025,1:30,Full,15 min,jw,No Fish,,,,,,,,
2025,1/25/2025,1:45,Full,15 min,jw,No Fish,,,,,,,,
2025,1/25/2025,2:00,Full,15 min,jw,No Fish,,,,,,,,
2025,1/25/2025,2:15,Full,15 min,jw,No Fish,,,,,,,,
2025,1/25/2025,2:30,Full,15 min,jw,No Fish,,,,,,,,
2025,1/25/2025,2:45,Full,15 min,jw,No Fish,,,,,,,,
2025,1/25/2025,3:00,Full,15 min ,jw,3:14:32,upstream,69.9,4545,13.5,1,,,
2025,1/25/2025,3:15,Full,15 min ,jw,No Fish,,,,,,,,
2025,1/25/2025,3:30,Full,15 min,jw,No Fish,,,,,,,,
2025,1/25/2025,3:45,Full,15 min,jw,No Fish,,,,,,,,
2025,1/25/2025,4:00,Full,15 min,jw,No Fish,,,,,,,,
2025,1/25/2025,4:15,Full,15 min,jw,No Fish,,,,,,,,
2025,1/25/2025,4:30,Full,15 min,jw,No Fish,,,,,,,,
2025,1/25/2025,4:45,Full,15 min,jw,No Fish,,,,,,,,
2025,1/25/2025,5:00,Full,15 min,jw,No Fish,,,,,,,,
2025,1/25/2025,5:15,Full,15 min,jw,No Fish,,,,,,,,
2025,1/25/2025,5:30,Full,15 min,jw,No Fish,,,,,,,,
2025,1/25/2025,5:45,Full,15 min ,jw,5:58:04,upstream,43,4060,15.34,1,,,
2025,1/25/2025,6:00,Full,15 min,jw ,No Fish,,,,,,,,
2025,1/25/2025,6:15,Full,15 min,jw,No Fish,,,,,,,,
2025,1/25/2025,6:30,Full,15 min,jw,No Fish,,,,,,,,
2025,1/25/2025,6:45,Full,15 min,jw,No Fish,,,,,,,,
2025,1/25/2025,7:00,Full,15 min,jw,No Fish,,,,,,,,
2025,1/25/2025,7:15,Full,15 min,jw,No Fish,,,,,,,,
2025,1/25/2025,7:30,Full,15 min,jw,No Fish,,,,,,,,
2025,1/25/2025,7:45,Full,15 min,jw,No Fish,,,,,,,,
2025,1/25/2025,8:00,Full,15 min,jw,No Fish,,,,,,,,
2025,1/25/2025,8:15,Full,15 min,jw,No Fish,,,,,,,,
2025,1/25/2025,8:30,Full,15 min,jw,No Fish,,,,,,,,
2025,1/25/2025,8:45,Full,15 min,jw,No Fish,,,,,,,,
2025,1/25/2025,9:00,Full,15 min ,jw,No Fish,,,,,,,,
2025,1/25/2025,9:15,Full,15 min,jw,No Fish,,,,,,,,
2025,1/25/2025,9:30,Full,15 min,jw,No Fish,,,,,,,,
2025,1/25/2025,9:45,Full,15 min,jw,No Fish,,,,,,,,
2025,1/25/2025,10:00,Full,15 min,jw,No Fish,,,,,,,,
2025,1/25/2025,10:15,Full,15 min,jw,No Fish,,,,,,,,
2025,1/25/2025,10:30,Full,15 min,jw,No Fish,,,,,,,,
2025,1/25/2025,10:45,Full,15 min,jw,No Fish,,,,,,,,
2025,1/25/2025,11:00,Full,15 min,jw,No Fish,,,,,,,,
2025,1/25/2025,11:15,Full,15 min,jw,No Fish,,,,,,,,
2025,1/25/2025,11:30,Full,15 min,jw,No Fish,,,,,,,,
2025,1/25/2025,11:45,Full,15 min ,jw,No Fish,,,,,,,,
2025,1/25/2025,12:00,Full,15 min,jw,No Fish,,,,,,,,
2025,1/25/2025,12:15,Full,15 min,jw,No Fish,,,,,,,,
2025,1/25/2025,12:30,Full,15 min,jw,No Fish,,,,,,,,
2025,1/25/2025,12:45,Full,15 min,jw,No Fish,,,,,,,,
2025,1/25/2025,13:00,Full,15 min,jw,No Fish,,,,,,,,
2025,1/25/2025,13:15,Full,15 min,jw,No Fish,,,,,,,,
2025,1/25/2025,13:30,Full,15 min,jw,No Fish,,,,,,,,
2025,1/25/2025,13:45,Full,15 min,jw,No Fish,,,,,,,,
2025,1/25/2025,14:00,Full,15 min,jw,No Fish,,,,,,,,
2025,1/25/2025,14:15,Full,15 min,jw,No Fish,,,,,,,,
2025,1/25/2025,14:30,Full,15 min,jw,No Fish,,,,,,,,
2025,1/25/2025,14:45,Full,15 min,jw,No Fish,,,,,,,,
2025,1/25/2025,15:00,Full,15 min,jw,No Fish,,,,,,,,
2025,1/25/2025,15:15,Full,15 min,jw,No Fish,,,,,,,,
2025,1/25/2025,15:30,Full,15 min,jw,No Fish,,,,,,,,
2025,1/25/2025,15:45,Full,15 min,jw,No Fish,,,,,,,,
2025,1/25/2025,16:00,Full,15 min,jw,No Fish,,,,,,,,
2025,1/25/2025,16:15,Full,15 min,jw,No Fish,,,,,,,,
2025,1/25/2025,16:30,Full,15 min,jw,No Fish,,,,,,,,
2025,1/25/2025,16:45,Full,15 min,jw,No Fish,,,,,,,,
2025,1/25/2025,17:00,Full,15 min,jw,No Fish,,,,,,,,
2025,1/25/2025,17:15,Full,15 min,jw,No Fish,,,,,,,,
2025,1/25/2025,17:30,Full,15 min,jw,17:44:03,downstream,54.5,4386,16.02,1,,,
2025,1/25/2025,17:45,Full,15 min,jw,No Fish,,,,,,,,
2025,1/25/2025,18:00,Full,15 min,jw,18:02:41,upstream,55,839,16.08,1,,,
,,,,,,18:07:25,downstream,40.3,2307,11.99,1,,,
2025,1/25/2025,18:15,Full,15 min,jw,No Fish,,,,,,,,
2025,1/25/2025,18:30,Full,15 min,jw,No Fish,,,,,,,,
2025,1/25/2025,18:45,Full,15 min,jw,No Fish,,,,,,,,
2025,1/25/2025,19:00,Full,15 min,jw,No Fish,,,,,,,,
2025,1/25/2025,19:15,Full,15 min,jw,No Fish,,,,,,,,
2025,1/25/2025,19:30,Full,15 min,jw,19:40:19,upstream,51.1,3226,14.42,1,,,
2025,1/25/2025,19:45,Full,15 min,jw,No Fish,,,,,,,,
2025,1/25/2025,20:00,Full,15 min,jw,No Fish,,,,,,,,
2025,1/25/2025,20:15,Full,15 min,jw,No Fish,,,,,,,,
2025,1/25/2025,20:30,Full,15 min,jw,No Fish,,,,,,,,
2025,1/25/2025,20:45,Full,15 min,jw,No Fish,,,,,,,,
2025,1/25/2025,21:00,Full,15 min,jw,No Fish,,,,,,,,
2025,1/25/2025,21:15,Full,15 min,jw,No Fish,,,,,,,,
2025,1/25/2025,21:30,Full,15 min,jw,No Fish,,,,,,,,
2025,1/25/2025,21:45,Full,15 min,jw,No Fish,,,,,,,,
2025,1/25/2025,22:00,Full,15 min,jw,No Fish,,,,,,,,
2025,1/25/2025,22:15,Full,15 min,jw,No Fish,,,,,,,,
2025,1/25/2025,22:30,Full,15 min,jw,No Fish,,,,,,,,
2025,1/25/2025,22:45,Full,15 min,jw,No Fish,,,,,,,,
2025,1/25/2025,23:00,Full,15 min,jw,23:11:30,upstream,78.8,3575,11.82,1,,,
2025,1/25/2025,23:15,Full,15 min,jw,No Fish,,,,,,,,
2025,1/25/2025,23:30,Full,15 min,jw,No Fish,,,,,,,,
2025,1/25/2025,23:45,Full,15 min,jw,No Fish,,,,,,,,
2025,2/1/2025,0:00,Full,15 min,jw,No Fish,,,,,,,,
2025,2/1/2025,0:15,Full,15 min,jw,0:16:53,downstream,74,595,11.1,1,,,
2025,2/1/2025,0:30,Full,15 min,jw,No Fish,,,,,,,,
2025,2/1/2025,0:45,Full,15 min,jw,0:54:20,upstream,74.4,2940,11.39,1,,,
2025,2/1/2025,1:00,Full,15 min,jw,No Fish,,,,,,,,
2025,2/1/2025,1:15,Full,15 min,jw,No Fish,,,,,,,,
2025,2/1/2025,1:30,Full,15 min,jw,No Fish,,,,,,,,
2025,2/1/2025,1:45,Full,15 min ,jw,No Fish,,,,,,,,
2025,2/1/2025,2:00,Full,15 min,jw,No Fish,,,,,,,,
2025,2/1/2025,2:15,Full,15 min,jw,2:16:50,downstream,66.3,571,8.86,1,,,
2025,2/1/2025,2:30,Full,15 min,jw,No Fish,,,,,,,,
2025,2/1/2025,2:45,Full,15 min,jw,2:58:20,downstream,68,4214,13.7,1,,,
2025,2/1/2025,3:00,Full,15 min,jw,3:09:31,upstream,72.2,3001,10.36,1,,,
2025,2/1/2025,3:15,Full,15 min,jw,3:28:05,upstream,68.8,4139,8.49,1,,,
2025,2/1/2025,3:30,Full,15 min,jw,No Fish,,,,,,,,
2025,2/1/2025,3:45,Full,15 min,jw,3:46:23,downstream,54.8,426,7.89,1,,,
2025,2/1/2025,4:00,Full,15 min,jw,No Fish,,,,,,,,
2025,2/1/2025,4:15,Full,15 min,jw,No Fish,,,,,,,,
2025,2/1/2025,4:30,Full,15 min,jw,No Fish,,,,,,,,
2025,2/1/2025,4:45,Full,15 min,jw,4:58:30,upstream,60.4,4253,7.58,1,,,
2025,2/1/2025,5:00,Full,15 min,jw,No Fish,,,,,,,,
2025,2/1/2025,5:15,Full,15 min,jw,No Fish,,,,,,,,
2025,2/1/2025,5:30,Full,15 min,jw,No Fish,,,,,,,,
2025,2/1/2025,5:45,Full,15 min,jw,No Fish,,,,,,,,
2025,2/1/2025,6:00,Full,15 min ,jw,No Fish,,,,,,,,
2025,2/1/2025,6:15,Full,15 min,jw,No Fish,,,,,,,,
2025,2/1/2025,6:30,Full,15 min,jw,No Fish,,,,,,,,
2025,2/1/2025,6:45,Full,15 min,jw,No Fish,,,,,,,,
2025,2/1/2025,7:00,Full,15 min,jw,No Fish,,,,,,,,
2025,2/1/2025,7:15,Full,15 min,jw,No Fish,,,,,,,,
2025,2/1/2025,7:30,Full,15 min,jw,No Fish,,,,,,,,
2025,2/1/2025,7:45,Full,15 min,jw,No Fish,,,,,,,,
2025,2/1/2025,8:00,Full,15 min,jw,No Fish,,,,,,,,
2025,2/1/2025,8:15,Full,15 min,jw,No Fish,,,,,,,,
2025,2/1/2025,8:30,Full,15 min,jw,No Fish,,,,,,,,
2025,2/1/2025,8:45,Full,15 min,jw,No Fish,,,,,,,,
2025,2/1/2025,9:00,Full,15 min,jw,No Fish,,,,,,,,
2025,2/1/2025,9:15,Full,15 min,jw,No Fish,,,,,,,,
2025,2/1/2025,9:30,Full,15 min,jw,No Fish,,,,,,,,
2025,2/1/2025,9:45,Full,15 min,jw,No Fish,,,,,,,,
2025,2/1/2025,10:00,Full,15 min,jw,No Fish,,,,,,,,
2025,2/1/2025,10:15,Full,15 min,jw,No Fish,,,,,,,,
2025,2/1/2025,10:30,Full,15 min,jw,No Fish,,,,,,,,
2025,2/1/2025,10:45,Full,15 min,jw,No Fish,,,,,,,,
2025,2/1/2025,11:00,Full,15 min,jw,No Fish,,,,,,,,
2025,2/1/2025,11:15,Full,15 min,jw,No Fish,,,,,,,,
2025,2/1/2025,11:30,Full,15 min,jw,No Fish,,,,,,,,
2025,2/1/2025,11:45,Full,15 min,jw,No Fish,,,,,,,,
2025,2/1/2025,12:00,Full,15 min,jw ,No Fish,,,,,,,,
2025,2/1/2025,12:15,Full,15 min,jw ,No Fish,,,,,,,,
2025,2/1/2025,12:30,Full,15 min,jw,No Fish,,,,,,,,
2025,2/1/2025,12:45,Full,15 min,jw,No Fish,,,,,,,,
2025,2/1/2025,13:00,Full,15 min,jw,No Fish,,,,,,,,
2025,2/1/2025,13:15,Full,15 min,jw,No Fish,,,,,,,,
2025,2/1/2025,13:30,Full,15 min,jw,No Fish,,,,,,,,
2025,2/1/2025,13:45,Full,15 min,jw,No Fish,,,,,,,,
2025,2/1/2025,14:00,Full,15 min,jw,No Fish,,,,,,,,
2025,2/1/2025,14:15,Full,15 min,jw,No Fish,,,,,,,,
2025,2/1/2025,14:30,Full,15 min,jw,No Fish,,,,,,,,
2025,2/1/2025,14:45,Full,15 min,jw,No Fish,,,,,,,,
2025,2/1/2025,15:00,Full,15 min,jw,No Fish,,,,,,,,
2025,2/1/2025,15:15,Full,15 min,jw,No Fish,,,,,,,,
2025,2/1/2025,15:30,Full,15 min,jw,No Fish,,,,,,,,
2025,2/1/2025,15:45,Full,15 min,jw,No Fish,,,,,,,,
2025,2/1/2025,16:00,Full,15 min,jw,No Fish,,,,,,,,
2025,2/1/2025,16:15,Full,15 min,jw,No Fish,,,,,,,,
2025,2/1/2025,16:30,Full,15 min,jw,No Fish,,,,,,,,
2025,2/1/2025,16:45,Full,15 min,jw,No Fish,,,,,,,,
2025,2/1/2025,17:00,Full,15 min,jw,No Fish,,,,,,,,
2025,2/1/2025,17:15,Full,15 min,jw,No Fish,,,,,,,,
2025,2/1/2025,17:30,Full,15 min,jw,No Fish,,,,,,,,
2025,2/1/2025,17:45,Full,15 min,jw,No Fish,,,,,,,,
2025,2/1/2025,18:00,Full,15 min,jw,No Fish,,,,,,,,
2025,2/1/2025,18:15,Full,15 min,jw,18:15:33,upstream,64.6,171,13.58,1,,,
2025,2/1/2025,18:30,Full,15 min,jw,No Fish,,,,,,,,
2025,2/1/2025,18:45,Full,15 min,jw,No Fish,,,,,,,,
2025,2/1/2025,19:00,Full,15 min,jw,No Fish,,,,,,,,
2025,2/1/2025,19:15,Full,15 min,jw,19:22:42,upstream,38.7,2426,5.45,1,,,
2025,2/1/2025,19:30,Full,15 min,jw,No Fish,,,,,,,,
2025,2/1/2025,19:45,Full,15 min,jw,No Fish,,,,,,,,
2025,2/1/2025,20:00,Full,15 min,jw,No Fish,,,,,,,,
2025,2/1/2025,20:15,Full,15 min,jw,No Fish,,,,,,,,
2025,2/1/2025,20:30,Full,15 min,jw,No Fish,,,,,,,,
2025,2/1/2025,20:45,Full,15 min,jw,20:56:37,upstream,71.1,3667,8.02,1,,,
2025,2/1/2025,21:00,Full,15 min,jw,No Fish,,,,,,,,
2025,2/1/2025,21:15,Full,15 min,jw,21:16:56,upstream,66.5,609,11.61,1,,,
2025,2/1/2025,21:30,Full,15 min,jw,21:44:49,upstream,55,4679,8.77,1,,,
2025,2/1/2025,21:45,Full,15 min,jw,No Fish,,,,,,,,
2025,2/1/2025,22:00,Full,15 min,jw,No Fish,,,,,,,,
2025,2/1/2025,22:15,Full,15 min,jw,No Fish,,,,,,,,
2025,2/1/2025,22:30,Full,15 min,jw,No Fish,,,,,,,,
2025,2/1/2025,22:45,Full,15 min,jw,No Fish,,,,,,,,
2025,2/1/2025,23:00,Full,15 min,jw,No Fish,,,,,,,,
2025,2/1/2025,23:15,Full,15 min,jw,No Fish,,,,,,,,
2025,2/1/2025,23:30,Full,15 min,jw,No Fish,,,,,,,,
2025,2/1/2025,23:45,Full,15 min,jw,No Fish,,,,,,,,
2025,2/2/2025,0:00,Full,15 min,jw,No Fish,,,,,,,,
2025,2/2/2025,0:15,Full,15 min,jw,No Fish,,,,,,,,
2025,2/2/2025,0:30,Full,15 min,jw,No Fish,,,,,,,,
2025,2/2/2025,0:45,Full,15 min,jw,No Fish,,,,,,,,
2025,2/2/2025,1:00,Full,15 min,jw,No Fish,,,,,,,,
2025,2/2/2025,1:15,Full,15 min,jw,No Fish,,,,,,,,
2025,2/2/2025,1:30,Full,15 min,jw,No Fish,,,,,,,,
2025,2/2/2025,1:45,Full,15 min,jw,No Fish,,,,,,,,
2025,2/2/2025,2:00,Full,15 min,jw,No Fish,,,,,,,,
2025,2/2/2025,2:15,Full,15 min,jw,2:19:06,downstream,63.9,1294,10.59,1,,,
2025,2/2/2025,2:30,Full,15 min,jw,No Fish,,,,,,,,
2025,2/2/2025,2:45,Full,15 min,jw,No Fish,,,,,,,,
2025,2/2/2025,3:00,Full,15 min,jw,3:08:05,upstream,73.4,2542,11.6,1,,,
2025,2/2/2025,3:15,Full,15 min,jw,No Fish,,,,,,,,
2025,2/2/2025,3:30,Full,15 min,jw,No Fish,,,,,,,,
2025,2/2/2025,3:45,Full,15 min,jw,3:46:36,upstream,63.5,500,8.77,1,,,
2025,2/2/2025,4:00,Full,15 min,jw,No Fish,,,,,,,,
2025,2/2/2025,4:15,Full,15 min,jw,4:20:44,downstream,61,1811,8.95,1,,,
2025,2/2/2025,4:30,Full,15 min,jw,No Fish,,,,,,,,
2025,2/2/2025,4:45,Full,15 min,jw,No Fish,,,,,,,,
2025,2/2/2025,5:00,Full,15 min,jw,No Fish,,,,,,,,
2025,2/2/2025,5:15,Full,15 min,jw,No Fish,,,,,,,,
2025,2/2/2025,5:30,Full,15 min,jw,No Fish,,,,,,,,
2025,2/2/2025,5:45,Full,15 min,jw,No Fish,,,,,,,,
2025,2/2/2025,6:00,Full,15 min,jw,No Fish,,,,,,,,
2025,2/2/2025,6:15,Full,15 min,jw,No Fish,,,,,,,,
2025,2/2/2025,6:30,Full,15 min,jw,No Fish,,,,,,,,
2025,2/2/2025,6:45,Full,15 in,jw,6:53:35,upstream,58.7,2703,9.66,1,,,
2025,2/2/2025,7:00,Full,15 min,jw,7:10:33,upstream,47.9,3315,10.74,1,,,
2025,2/2/2025,7:15,Full,15 min,jw,No Fish,,,,,,,,
2025,2/2/2025,7:30,Full,15 min,jw,No Fish,,,,,,,,
2025,2/2/2025,7:45,Full,15 min,jw,No Fish,,,,,,,,
2025,2/2/2025,8:00,Full,15 min,jw,No Fish,,,,,,,,
2025,2/2/2025,8:15,Full,15 min,jw,No Fish,,,,,,,,
2025,2/2/2025,8:30,Full,15 min,jw,No Fish,,,,,,,,
2025,2/2/2025,8:45,Full,15 min,jw,No Fish,,,,,,,,
2025,2/2/2025,9:00,Full,15 min,jw,No Fish,,,,,,,,
2025,2/2/2025,9:15,Full,15 min,jw,No Fish,,,,,,,,
2025,2/2/2025,9:30,Full,15 min,jw,No Fish,,,,,,,,
2025,2/2/2025,9:45,Full,15 min,jw,No Fish,,,,,,,,
2025,2/2/2025,10:00,Full,15 min,jw,No Fish,,,,,,,,
2025,2/2/2025,10:15,Full,15 min,jw,No Fish,,,,,,,,
2025,2/2/2025,10:30,Full,15 min,jw,No Fish,,,,,,,,
2025,2/2/2025,10:45,Full,15 min,jw,No Fish,,,,,,,,
2025,2/2/2025,11:00,Full,15 min,jw,No Fish,,,,,,,,
2025,2/2/2025,11:15,Full,15 min,jw,No Fish,,,,,,,,
2025,2/2/2025,11:30,Full,15 min,jw,No Fish,,,,,,,,
2025,2/2/2025,11:45,Full,15 min,jw,No Fish,,,,,,,,
2025,2/2/2025,12:00,Full,15 min,jw,No Fish,,,,,,,,
2025,2/2/2025,12:15,Full,15 min,jw,No Fish,,,,,,,,
2025,2/2/2025,12:30,Full,15 min,jw,No Fish,,,,,,,,
2025,2/2/2025,12:45,Full,15 min,jw,No Fish,,,,,,,,
2025,2/2/2025,13:00,Full,15 min,jw,No Fish,,,,,,,,
2025,2/2/2025,13:15,Full,15 min,jw,No Fish,,,,,,,,
2025,2/2/2025,13:30,Full,15 min,jw,No Fish,,,,,,,,
2025,2/2/2025,13:45,Full,15 min,jw,No Fish,,,,,,,,
2025,2/2/2025,14:00,Full,15 min,jw,No Fish,,,,,,,,
2025,2/2/2025,14:15,Full,15 min,jw,No Fish,,,,,,,,
2025,2/2/2025,14:30,Full,15 min,jw,No Fish,,,,,,,,
2025,2/2/2025,14:45,Full,15 min,jw,No Fish,,,,,,,,
2025,2/2/2025,15:00,Full,15 min,jw,No Fish,,,,,,,,
2025,2/2/2025,15:15,Full,15 min,jw,No Fish,,,,,,,,
2025,2/2/2025,15:30,Full,15 min,jw,No Fish,,,,,,,,
2025,2/2/2025,15:45,Full,15 min,jw,No Fish,,,,,,,,
2025,2/2/2025,16:00,Full,15 min,jw,No Fish,,,,,,,,
2025,2/2/2025,16:15,Full,15 min,jw,No Fish,,,,,,,,
2025,2/2/2025,16:30,Full,15 min,jw,No Fish,,,,,,,,
2025,2/2/2025,16:45,Full,15 min,jw,No Fish,,,,,,,,
2025,2/2/2025,17:00,Full,15 min,jw,No Fish,,,,,,,,
2025,2/2/2025,17:15,Full,15 min,jw,No Fish,,,,,,,,
2025,2/2/2025,17:30,Full,15 min,jw,No Fish,,,,,,,,
2025,2/2/2025,17:45,Full,15 min,jw,No Fish,,,,,,,,
2025,2/2/2025,18:00,Full,15 min,jw,No Fish,,,,,,,,
2025,2/2/2025,18:15,Full,15 min,jw,No Fish,,,,,,,,
2025,2/2/2025,18:30,Full,15 min,jw,18:37:40,upstream,70.2,2417,10.42,1,,,
2025,2/2/2025,18:45,Full,15 min,jw,No Fish,,,,,,,,
2025,2/2/2025,19:00,Full,15 min,jw,No Fish,,,,,,,,
2025,2/2/2025,19:15,Full,15 min,jw,19:26:43,upstream,71.9,3699,12.27,1,,,
2025,2/2/2025,19:30,Full,15 min,jw,No Fish,,,,,,,,
2025,2/2/2025,19:45,Full,15 min,jw,No Fish,,,,,,,,
2025,2/2/2025,20:00,Full,15 min,jw,No Fish,,,,,,,,
2025,2/2/2025,20:15,Full,15 min,jw,No Fish,,,,,,,,
2025,2/2/2025,20:30,Full,15 min,jw,No Fish,,,,,,,,
2025,2/2/2025,20:45,Full,15 min,jw,No Fish,,,,,,,,
2025,2/2/2025,21:00,Full,15 min,jw,No Fish,,,,,,,,
2025,2/2/2025,21:15,Full,15 min,jw,No Fish,,,,,,,,
2025,2/2/2025,21:30,Full,15 min,jw,No Fish,,,,,,,,
2025,2/2/2025,21:45,Full,15 min,jw,21:48:11,downstream,79,993,11.39,1,,,
2025,2/2/2025,22:00,Full,15 min,jw,No Fish,,,,,,,,
2025,2/2/2025,22:15,Full,15 min,jw,22:27,upstream,80.6,3817,14.26,1,,,
2025,2/2/2025,22:30,Full,15 min,jw,22:32:25,downsteam,78.7,758,10.81,1,,,
2025,2/2/2025,22:45,Full,15 min,jw,No Fish,,,,,,,,
2025,2/2/2025,23:00,Full,15 min,jw,No Fish,,,,,,,,
2025,2/2/2025,23:15,Full,15 min,jw,No Fish,,,,,,,,
2025,2/2/2025,23:30,Full,15 min,jw,No Fish,,,,,,,,
2025,2/2/2025,23:45,Full,15 min,jw,No Fish,,,,,,,,
,2/3/2025,0:00,Full,15 min,jw,No Fish,,,,,,,,
,2/3/2025,0:15,Full,15 min,jw,No Fish,,,,,,,,
,2/3/2025,0:30,Full,15 min,jw,0:42:17,upstream,42.9,3873,14.57,1,,,
,2/3/2025,0:45,Full,15 min,jw,No Fish,,,,,,,,
,2/3/2025,1:00,Full,15 min,jw,1:01:48,downstream,50.3,566,13.28,1,,,
,,,,,jw,1:12:01,upstream,81.2,3791,9.06,1,,,
,2/3/2025,1:15,Full,15 min,jw,1:17:54,downstream,48.7,908,8.16,1,,,
,,,Full,15 min,jw,1:18:47,upstream,49.2,1188,17.62,1,,,
,,,Full,15 min,jw,1:27:25,downstream,44.3,3917,8.43,1,,,
,2/3/2025,1:30,Full,15 min,jw,1:36:27,upstream,59.8,2023,11.07,1,,,
,2/3/2025,1:45,Full,15 min,jw,No Fish,,,,,,,,
,2/3/2025,2:00,Full,15 min,jw,No Fish,,,,,,,,
,2/3/2025,2:15,Full,15 min,jw,No Fish,,,,,,,,
,2/3/2025,2:30,Full,15 min,jw,No Fish,,,,,,,,
,2/3/2025,2:45,Full,15 min,jw,No Fish,,,,,,,,
,2/3/2025,3:00,Full,15 min,jw,No Fish,,,,,,,,
,2/3/2025,3:15,Full,15 min,jw,No Fish,,,,,,,,
,2/3/2025,3:30,Full,15 min,jw,No Fish,,,,,,,,
,2/3/2025,3:45,Full,15 min,jw,No Fish,,,,,,,,
,2/3/2025,4:00,Full,15 min,jw,No Fish,,,,,,,,
,2/3/2025,4:15,Full,15 min,jw,No Fish,,,,,,,,
,2/3/2025,4:30,Full,15 min,jw,No Fish,,,,,,,,
,2/3/2025,4:45,Full,15 min,jw,No Fish,,,,,,,,
,2/3/2025,5:00,Full,15 min,jw,No Fish,,,,,,,,
,2/3/2025,5:15,Full,15 min,jw,No Fish,,,,,,,,
,2/3/2025,5:30,Full,15 min,jw,No Fish,,,,,,,,
,2/3/2025,5:45,Full,15 min,jw,No Fish,,,,,,,,
,2/3/2025,6:00,Full,15 min,jw,No Fish,,,,,,,,
,2/3/2025,6:15,Full,15 min,jw,No Fish,,,,,,,,
,2/3/2025,6:30,Full,15 min,jw,No Fish,,,,,,,,
,2/3/2025,6:45,Full,15 min,jw,No Fish,,,,,,,,
,2/3/2025,7:00,Full,15 min,jw,No Fish,,,,,,,,
,2/3/2025,7:15,Full,15 min,jw,No Fish,,,,,,,,
,2/3/2025,7:30,Full,15 min,jw,No Fish,,,,,,,,
,2/3/2025,7:45,Full,15 min,jw,No Fish,,,,,,,,
,2/3/2025,8:00,Full,15 min,jw,No Fish,,,,,,,,
,2/3/2025,8:15,Full,15 min,jw,No Fish,,,,,,,,
,2/3/2025,8:30,Full,15 min,jw,No Fish,,,,,,,,
,2/3/2025,8:45,Full,15 min,jw,No Fish,,,,,,,,
,2/3/2025,9:00,Full,15 min,jw,No Fish,,,,,,,,
,2/3/2025,9:15,Full,15 min,jw,No Fish,,,,,,,,
,2/3/2025,9:30,Full,15 min,jw,No Fish,,,,,,,,
,2/3/2025,9:45,Full,15 min,jw,No Fish,,,,,,,,
,2/3/2025,10:00,Full,15 min,jw,No Fish,,,,,,,,
,2/3/2025,10:15,Full,15 min,jw,No Fish,,,,,,,,
,2/3/2025,10:30,Full,15 min,jw,No Fish,,,,,,,,
,2/3/2025,10:45,Full,15 min,jw,No Fish,,,,,,,,
,2/3/2025,11:00,Full,15 min,jw,No Fish,,,,,,,,
,2/3/2025,11:15,Full,15 min,jw,No Fish,,,,,,,,
,2/3/2025,11:30,Full,15 min,jw,No Fish,,,,,,,,
,2/3/2025,11:45,Full,15 min,jw,No Fish,,,,,,,,
,2/3/2025,12:00,Full,15 min,jw,No Fish,,,,,,,,
,2/3/2025,12:15,Full,15 min,jw,No Fish,,,,,,,,
,2/3/2025,12:30,Full,15 min,jw,No Fish,,,,,,,,
,2/3/2025,12:45,Full,15 min,jw,No Fish,,,,,,,,
,2/3/2025,13:00,Full,15 min,jw,No Fish,,,,,,,,
,2/3/2025,13:15,Full,15 min,jw,No Fish,,,,,,,,
,2/3/2025,13:30,Full,15 min,jw,No Fish,,,,,,,,
,2/3/2025,13:45,Full,15 min,jw,No Fish,,,,,,,,
,2/3/2025,14:00,Full,15 min,jw,No Fish,,,,,,,,
,2/3/2025,14:15,Full,15 min,jw,No Fish,,,,,,,,
,2/3/2025,14:30,Full,15 min,jw,No Fish,,,,,,,,
,2/3/2025,14:45,Full,15 min,jw,No Fish,,,,,,,,
,2/3/2025,15:00,Full,15 min,jw,No Fish,,,,,,,,
,2/3/2025,15:15,Full,15 min,jw,No Fish,,,,,,,,
,2/3/2025,15:30,Full,15 min,jw,No Fish,,,,,,,,
,2/3/2025,15:45,Full,15 min,jw,No Fish,,,,,,,,
,2/3/2025,16:00,Full,15 min,jw,No Fish,,,,,,,,
,2/3/2025,16:15,Full,15 min,jw,No Fish,,,,,,,,
,2/3/2025,16:30,Full,15 min,jw,No Fish,,,,,,,,
,2/3/2025,16:45,Full,15 min,jw,No Fish,,,,,,,,
,2/3/2025,17:00,Full,15 min,jw,No Fish,,,,,,,,
,2/3/2025,17:15,Full,15 min,jw,No Fish,,,,,,,,
,2/3/2025,17:30,Full,15 min,jw,No Fish,,,,,,,,
,2/3/2025,17:45,Full,15 min,jw,No Fish,,,,,,,,
,2/3/2025,18:00,Full,15 min,jw,No Fish,,,,,,,,
,2/3/2025,18:15,Full,15 min,jw,No Fish,,,,,,,,
,2/3/2025,18:30,Full,15 min,jw,No Fish,,,,,,,,
,2/3/2025,18:45,Full,15 min,jw,18:48:20,upstream,47,1055,12.11,1,,,
,2/3/2025,19:00,Full,15 min,jw,No Fish,,,,,,,,
,2/3/2025,19:15,Full,15 min,jw,No Fish,,,,,,,,
,2/3/2025,19:30,Full,15 min,jw,No Fish,,,,,,,,
,2/3/2025,19:45,Full,15 min,jw,No Fish,,,,,,,,
,2/3/2025,20:00,Full,15 min,jw,No Fish,,,,,,,,
,2/3/2025,20:15,Full,15 min,jw,No Fish,,,,,,,,
,2/3/2025,20:30,Full,15 min,jw,No Fish,,,,,,,,
,2/3/2025,20:45,Full,15 min,jw,20:56:11,downstream,47.7,3525,14.16,1,,,
,2/3/2025,21:00,Full,15 min,jw,No Fish,,,,,,,,
,2/3/2025,21:15,Full,15 min,jw,No Fish,,,,,,,,
,2/3/2025,21:30,Full,15 min,jw,No Fish,,,,,,,,
,2/3/2025,21:45,Full,15 min,jw,21:59:03,upstream,82,4415,11.23,1,,,
,2/3/2025,22:00,Full,15 min,jw,No Fish,,,,,,,,
,2/3/2025,22:15,Full,15 min,jw,No Fish,,,,,,,,
,2/3/2025,22:30,Full,15 min,jw,22:40:10,downstream,78.7,3197,12.96,1,,,
,2/3/2025,22:45,Full,15 min,jw,No Fish,,,,,,,,
,2/3/2025,23:00,Full,15 min,jw,No Fish,,,,,,,,
,2/3/2025,23:15,Full,15 min,jw,No Fish,,,,,,,,
,2/3/2025,23:30,Full,15 min,jw,No Fish,,,,,,,,
,2/3/2025,23:45,Full,15 min,jw,No Fish,,,,,,,,
,2/10/2025,0:00,Full,15 min,jw,No Fish,,,,,,,,
,2/10/2025,0:15,Full,15 min,jw,No Fish,,,,,,,,
,2/10/2025,0:30,Full,15 min,jw,No Fish,,,,,,,,
,2/10/2025,0:45,Full,15 min,jw,No Fish,,,,,,,,
,2/10/2025,1:00,Full,15 min,jw,No Fish,,,,,,,,
,2/10/2025,1:15,Full,15 min,jw,No Fish,,,,,,,,
,2/10/2025,1:30,Full,15 min,jw,No Fish,,,,,,,,
,2/10/2025,1:45,Full,15 min,jw,No Fish,,,,,,,,
,2/10/2025,2:00,Full,15 min,jw,No Fish,,,,,,,,
,2/10/2025,2:15,Full,15 min,jw,No Fish,,,,,,,,
,2/10/2025,2:30,Full,15 min,jw,No Fish,,,,,,,,
,2/10/2025,2:45,Full,15 min,jw,No Fish,,,,,,,,
,2/10/2025,3:00,Full,15 min,jw,No Fish,,,,,,,,
,2/10/2025,3:15,Full,15 min,jw,No Fish,,,,,,,,
,2/10/2025,3:30,Full,15 min,jw,No Fish,,,,,,,,
,2/10/2025,3:45,Full,15 min,jw ,3:56:23,upstream,67.3,3558,10.16,1,,,
,2/10/2025,4:00,Full,15 min,jw,4:03:05,downstream,66.8,965,11.4,1,,,
,2/10/2025,4:15,Full,15 min,jw,No Fish,,,,,,,,
,2/10/2025,4:30,Full,15 min,jw,No Fish,,,,,,,,
,2/10/2025,4:45,Full,15 min,jw,No Fish,,,,,,,,
,2/10/2025,5:00,Full,15 min,jw,No Fish,,,,,,,,
,2/10/2025,5:15,Full,15 min,jw,No Fish,,,,,,,,
,2/10/2025,5:30,Full,15 min,jw,No Fish,,,,,,,,
,2/10/2025,5:45,Full,15 min,jw,No Fish,,,,,,,,
,2/10/2025,6:00,Full,15 min,jw,No Fish,,,,,,,,
,2/10/2025,6:15,Full,15 min,jw,No Fish,,,,,,,,
,2/10/2025,6:30,Full,15 min,jw,6:41:24,upstream,71.7,3559,13.39,1,,,
,2/10/2025,6:45,Full,15 min,jw,No Fish,,,,,,,,
,2/10/2025,7:00,Full,15 min,jw,No Fish,,,,,,,,
,2/10/2025,7:15,Full,15 min,jw,No Fish,,,,,,,,
,2/10/2025,7:30,Full,15 min,jw,No Fish,,,,,,,,
,2/10/2025,7:45,Full,15 min,jw,No Fish,,,,,,,,
,2/10/2025,8:00,Full,15 min,jw,No Fish,,,,,,,,
,2/10/2025,8:15,Full,15 min,jw,No Fish,,,,,,,,
,2/10/2025,8:30,Full,15 min,jw,No Fish,,,,,,,,
,2/10/2025,8:45,Full,15 min,jw,No Fish,,,,,,,,
,2/10/2025,9:00,Full,15 min,jw,No Fish,,,,,,,,
,2/10/2025,9:15,Full,15 min,jw,No Fish,,,,,,,,
,2/10/2025,9:30,Full,15 min,jw,No Fish,,,,,,,,
,2/10/2025,9:45,Full,15 min,jw,No Fish,,,,,,,,
,2/10/2025,10:00,Full,15 min,jw,No Fish,,,,,,,,
,2/10/2025,10:15,Full,15 min,jw,No Fish,,,,,,,,
,2/10/2025,10:30,Full,15 min,jw,No Fish,,,,,,,,
,2/10/2025,10:45,Full,15 min,jw,No Fish,,,,,,,,
,2/10/2025,11:00,Full,15 min,jw,No Fish,,,,,,,,
,2/10/2025,11:15,Full,15 min,jw,No Fish,,,,,,,,
,2/10/2025,11:30,Full,15 min,jw,No Fish,,,,,,,,
,2/10/2025,11:45,Full,15 min,jw,No Fish,,,,,,,,
,2/10/2025,12:00,Full,15 min,jw,No Fish,,,,,,,,
,2/10/2025,12:15,Full,15 min,jw,No Fish,,,,,,,,
,2/10/2025,12:30,Full,15 min,jw,No Fish,,,,,,,,
,2/10/2025,12:45,Full,15 min,jw,No Fish,,,,,,,,
,2/10/2025,13:00,Full,15 min,jw,No Fish,,,,,,,,
,2/10/2025,13:15,Full,15 min,jw,No Fish,,,,,,,,
,2/10/2025,13:30,Full,15 min,jw,No Fish,,,,,,,,
,2/10/2025,13:45,Full,15 min,jw,No Fish,,,,,,,,
,2/10/2025,14:00,Full,15 min,jw,No Fish,,,,,,,,
,2/10/2025,14:15,Full,15 min,jw,No Fish,,,,,,,,
,2/10/2025,14:30,Full,15 min,jw,No Fish,,,,,,,,
,2/10/2025,14:45,Full,15 min,jw,No Fish,,,,,,,,
,2/10/2025,15:00,Full,15 min,jw,No Fish,,,,,,,,
,2/10/2025,15:15,Full,15 min,jw,No Fish,,,,,,,,
,2/10/2025,15:30,Full,15 min,jw,No Fish,,,,,,,,
,2/10/2025,15:45,Full,15 min,jw,No Fish,,,,,,,,
,2/10/2025,16:00,Full,15 min,jw,No Fish,,,,,,,,
,2/10/2025,16:15,Full,15 min,jw,No Fish,,,,,,,,
,2/10/2025,16:30,Full,15 min,jw,No Fish,,,,,,,,
,2/10/2025,16:45,Full,15 min,jw,No Fish,,,,,,,,
,2/10/2025,17:00,Full,15 min,jw,No Fish,,,,,,,,
,2/10/2025,17:15,Full,15 min,jw,No Fish,,,,,,,,
,2/10/2025,17:30,Full,15 min,jw,No Fish,,,,,,,,
,2/10/2025,17:45,Full,15 min,jw,No Fish,,,,,,,,
,2/10/2025,18:00,Full,15 min,jw,No Fish,,,,,,,,
,2/10/2025,18:15,Full,15 min,jw,No Fish,,,,,,,,
,2/10/2025,18:30,Full,15 min,jw,18:30:12,upstream,50.9,57,14.92,1,,,
,2/10/2025,18:45,Full,15 min,jw,18:58:05,upstream,34.2,4108,8.92,1,,,
,2/10/2025,19:00,Full,15 min,jw,No Fish,,,,,,,,
,2/10/2025,19:15,Full,15 min,jw,No Fish,,,,,,,,
,2/10/2025,19:30,Full,15 min,jw,No Fish,,,,,,,,
,2/10/2025,19:45,Full,15 min,jw,No Fish,,,,,,,,
,2/10/2025,20:00,Full,15 min,jw,No Fish,,,,,,,,
,2/10/2025,20:15,Full,15 min,jw,No Fish,,,,,,,,
,2/10/2025,20:30,Full,15 min,jw,No Fish,,,,,,,,
,2/10/2025,20:45,Full,15 min,jw,No Fish,,,,,,,,
,2/10/2025,21:00,Full,15 min,jw,No Fish,,,,,,,,
,2/10/2025,21:15,Full,15 min,jw,No Fish,,,,,,,,
,2/10/2025,21:30,Full,15 min,jw,No Fish,,,,,,,,
,2/10/2025,21:45,Full,15 min,jw,No Fish,,,,,,,,
,2/10/2025,22:00,Full,15 min,jw,No Fish,,,,,,,,
,2/10/2025,22:15,Full,15 min,jw,No Fish,,,,,,,,
,2/10/2025,22:30,Full,15 min,jw,No Fish,,,,,,,,
,2/10/2025,22:45,Full,15 min,jw,No Fish,,,,,,,,
,2/10/2025,23:00,Full,15 min,jw,No Fish,,,,,,,,
,2/10/2025,23:15,Full,15 min,jw,No Fish,,,,,,,,
,2/10/2025,23:30,Full,15 min,jw,No Fish,,,,,,,,
,2/10/2025,23:45,Full,15 min,jw,No Fish,,,,,,,,
,2/11/2025,0:00,Full,15 min,jw,No Fish,,,,,,,,
,2/11/2025,0:15,Full,15 min,jw,No Fish,,,,,,,,
,2/11/2025,0:30,Full,15 min,jw,No Fish,,,,,,,,
,2/11/2025,0:45,Full,15 min,jw,No Fish,,,,,,,,
,2/11/2025,1:00,Full,15 min,jw,No Fish,,,,,,,,
,2/11/2025,1:15,Full,15 min,jw,No Fish,,,,,,,,
,2/11/2025,1:30,Full,15 min,jw,No Fish,,,,,,,,
,2/11/2025,1:45,Full,15 min,jw,1:52:54,downstream,40.6,2480,8.67,1,,,
,2/11/2025,2:00,Full,15 min,jw,No Fish,,,,,,,,
,2/11/2025,2:15,Full,15 min,jw,No Fish,,,,,,,,
,2/11/2025,2:30,Full,15 min,jw,No Fish,,,,,,,,
,2/11/2025,2:45,Full,15 min,jw,No Fish,,,,,,,,
,2/11/2025,3:00,Full,15 min,jw,No Fish,,,,,,,,
,2/11/2025,3:15,Full,15 min,jw,No Fish,,,,,,,,
,2/11/2025,3:30,Full,15 min,jw,No Fish,,,,,,,,
,2/11/2025,3:45,Full,15 min,jw,No Fish,,,,,,,,
,2/11/2025,4:00,Full,15 min,jw,No Fish,,,,,,,,
,2/11/2025,4:15,Full,15 min,jw,No Fish,,,,,,,,
,2/11/2025,4:30,Full,15 min,jw,4:33:39,upstream,69.8,1133,15.01,1,,,
,2/11/2025,4:45,Full,15 min,jw,No Fish,,,,,,,,
,2/11/2025,5:00,Full,15 min,jw,5:09:34,downstream,64.7,3008,14.53,1,,,
,2/11/2025,5:15,Full,15 min,jw,No Fish,,,,,,,,
,2/11/2025,5:30,Full,15 min,jw,No Fish,,,,,,,,
,2/11/2025,5:45,Full,15 min,jw,5:45:53,downstream,67.6,275,11.95,1,,,
,2/11/2025,6:00,Full,15 min,jw,No Fish,,,,,,,,
,2/11/2025,6:15,Full,15 min,jw,No Fish,,,,,,,,
,2/11/2025,6:30,Full,15 min,jw,No Fish,,,,,,,,
,2/11/2025,6:45,Full,15 min,jw,No Fish,,,,,,,,
,2/11/2025,7:00,Full,15 min,jw,No Fish,,,,,,,,
,2/11/2025,7:15,Full,15 min,jw,No Fish,,,,,,,,
,2/11/2025,7:30,Full,15 min,jw,No Fish,,,,,,,,
,2/11/2025,7:45,Full,15 min,jw,No Fish,,,,,,,,
,2/11/2025,8:00,Full,15 min,jw,No Fish,,,,,,,,
,2/11/2025,8:15,Full,15 min,jw,No Fish,,,,,,,,
,2/11/2025,8:30,Full,15 min,jw,No Fish,,,,,,,,
,2/11/2025,8:45,Full,15 min,jw,No Fish,,,,,,,,
,2/11/2025,9:00,Full,15 min,jw,No Fish,,,,,,,,
,2/11/2025,9:15,Full,15 min,jw,No Fish,,,,,,,,
,2/11/2025,9:30,Full,15 min,jw,No Fish,,,,,,,,
,2/11/2025,9:45,Full,15 min,jw,No Fish,,,,,,,,
,2/11/2025,10:00,Full,15 min,jw,No Fish,,,,,,,,
,2/11/2025,10:15,Full,15 min,jw,No Fish,,,,,,,,
,2/11/2025,10:30,Full,15 min,jw,No Fish,,,,,,,,
,2/11/2025,10:45,Full,15 min,jw,No Fish,,,,,,,,
,2/11/2025,11:00,Full,15 min,jw,No Fish,,,,,,,,
,2/11/2025,11:15,Full,15 min,jw,No Fish,,,,,,,,
,2/11/2025,11:30,Full,15 min,jw,No Fish,,,,,,,,
,2/11/2025,11:45,Full,15 min,jw,No Fish,,,,,,,,
,2/11/2025,12:00,Full,15 min,jw,No Fish,,,,,,,,
,2/11/2025,12:15,Full,15 min,jw,No Fish,,,,,,,,
,2/11/2025,12:30,Full,15 min,jw,No Fish,,,,,,,,
,2/11/2025,12:45,Full,15 min,jw,No Fish,,,,,,,,
,2/11/2025,13:00,Full,15 min,jw,No Fish,,,,,,,,
,2/11/2025,13:15,Full,15 min,jw,No Fish,,,,,,,,
,2/11/2025,13:30,Full,15 min,jw,No Fish,,,,,,,,
,2/11/2025,13:45,Full,15 min,jw,No Fish,,,,,,,,
,2/11/2025,14:00,Full,15 min,jw,No Fish,,,,,,,,
,2/11/2025,14:15,Full,15 min,jw,No Fish,,,,,,,,
,2/11/2025,14:30,Full,15 min,jw,No Fish,,,,,,,,
,2/11/2025,14:45,Full,15 min,jw,No Fish,,,,,,,,
,2/11/2025,15:00,Full,15 min,jw,No Fish,,,,,,,,
,2/11/2025,15:15,Full,15 min,jw,No Fish,,,,,,,,
,2/11/2025,15:30,Full,15 min,jw,No Fish,,,,,,,,
,2/11/2025,15:45,Full,15 min,jw,No Fish,,,,,,,,
,2/11/2025,16:00,Full,15 min,jw,No Fish,,,,,,,,
,2/11/2025,16:15,Full,15 min,jw,No Fish,,,,,,,,
,2/11/2025,16:30,Full,15 min,jw,No Fish,,,,,,,,
,2/11/2025,16:45,Full,15 min,jw,No Fish,,,,,,,,
,2/11/2025,17:00,Full,15 min,jw,No Fish,,,,,,,,
,2/11/2025,17:15,Full,15 min,jw,No Fish,,,,,,,,
,2/11/2025,17:30,Full,15 min,jw,No Fish,,,,,,,,
,2/11/2025,17:45,Full,15 min,jw,No Fish,,,,,,,,
,2/11/2025,18:00,Full,15 min,jw,No Fish,,,,,,,,
,2/11/2025,18:15,Full,15 min,jw,No Fish,,,,,,,,
,2/11/2025,18:30,Full,15 min,jw,No Fish,,,,,,,,
,2/11/2025,18:45,Full,15 min,jw,18:52:32,downstream,69.6,2367,10.21,1,,,
,2/11/2025,19:00,Full,15 min,jw,No Fish,,,,,,,,
,2/11/2025,19:15,Full,15 min,jw,19:17:19,upstream,79.8,727,13.39,1,,,
,2/11/2025,19:30,Full,15 min,jw,No Fish,,,,,,,,
,2/11/2025,19:45,Full,15 min,jw,No Fish,,,,,,,,
,2/11/2025,20:00,Full,15 min,jw,No Fish,,,,,,,,
,2/11/2025,20:15,Full,15 min,jw,No Fish,,,,,,,,
,2/11/2025,20:30,Full,15 min,jw,No Fish,,,,,,,,
,2/11/2025,20:45,Full,15 min,jw,No Fish,,,,,,,,
,2/11/2025,21:00,Full,15 min,jw,No Fish,,,,,,,,
,2/11/2025,21:15,Full,15 min,jw,No Fish,,,,,,,,
,2/11/2025,21:30,Full,15 min,jw,No Fish,,,,,,,,
,2/11/2025,21:45,Full,15 min,jw,No Fish,,,,,,,,
,2/11/2025,22:00,Full,15 min,jw,22:06:42,upstream,57.4,2087,14.11,1,,,
,2/11/2025,22:15,Full,15 min,jw,No Fish,,,,,,,,
,2/11/2025,22:30,Full,15 min,jw,No Fish,,,,,,,,
,2/11/2025,22:45,Full,15 min,jw,No Fish,,,,,,,,
,2/11/2025,23:00,Full,15 min,jw,No Fish,,,,,,,,
,2/11/2025,23:15,Full,15 min,jw,No Fish,,,,,,,,
,2/11/2025,23:30,Full,15 min,jw,No Fish,,,,,,,,
,2/11/2025,23:45,Full,15 min,jw,No Fish,,,,,,,,
,2/12/2025,0:00,Full,15 min,jw,No Fish,,,,,,,,
,2/12/2025,0:15,Full,15 min,jw,No Fish,,,,,,,,
,2/12/2025,0:30,Full,15 min,jw,No Fish,,,,,,,,
,2/12/2025,0:45,Full,15 min,jw,No Fish,,,,,,,,
,2/12/2025,1:00,Full,15 min,jw,No Fish,,,,,,,,
,2/12/2025,1:15,Full,15 min,jw,1:15:28,downstream,73.9,138,11.77,1,,,
,2/12/2025,,Full,15 min,jw,1:18:33,upstream,74,1098,12.03,1,,,
,2/12/2025,1:30,Full,15 min,jw,No Fish,,,,,,,,
,2/12/2025,1:45,Full,15 min,jw,No Fish,,,,,,,,
,2/12/2025,2:00,Full,15 min,jw,No Fish,,,,,,,,
,2/12/2025,2:15,Full,15 min,jw,No Fish,,,,,,,,
,2/12/2025,2:30,Full,15 min,jw,No Fish,,,,,,,,
,2/12/2025,2:45,Full,15 min,jw,No Fish,,,,,,,,
,2/12/2025,3:00,Full,15 min,jw,No Fish,,,,,,,,
,2/12/2025,3:15,Full,15 min,jw,3:20:57,downstream,68.7,1862,12.21,1,,,
,2/12/2025,3:30,Full,15 min,jw,No Fish,,,,,,,,
,2/12/2025,3:45,Full,15 min,jw,No Fish,,,,,,,,
,2/12/2025,4:00,Full,15 min,jw,4:05:32,downstream,71.1,1734,10.39,1,,,
,2/12/2025,4:15,Full,15 min,jw,No Fish,,,,,,,,
,2/12/2025,4:30,Full,15 min,jw,No Fish,,,,,,,,
,2/12/2025,4:45,Full,15 min,jw,4:51:08,upstream,68.6,1904,9.41,1,,,
,2/12/2025,5:00,Full,15 min,jw,No Fish,,,,,,,,
,2/12/2025,5:15,Full,15 min,jw,5:19:46,upstream,65.5,1481,13.15,1,,,
,2/12/2025,5:30,Full,15 min,jw,No Fish,,,,,,,,
,2/12/2025,5:45,Full,15 min,jw,No Fish,,,,,,,,
,2/12/2025,6:00,Full,15 min,jw,No Fish,,,,,,,,
,2/12/2025,6:15,Full,15 min,jw,No Fish,,,,,,,,
,2/12/2025,6:30,Full,15 min,jw,No Fish,,,,,,,,
,2/12/2025,6:45,Full,15 min,jw,No Fish,,,,,,,,
,2/12/2025,7:00,Full,15 min,jw,No Fish,,,,,,,,
,2/12/2025,7:15,Full,15 min,jw,No Fish,,,,,,,,
,2/12/2025,7:30,Full,15 min,jw,No Fish,,,,,,,,
,2/12/2025,7:45,Full,15 min,jw,No Fish,,,,,,,,
,2/12/2025,8:00,Full,15 min,jw,No Fish,,,,,,,,
,2/12/2025,8:15,Full,15 min,jw,No Fish,,,,,,,,
,2/12/2025,8:30,Full,15 min,jw,No Fish,,,,,,,,
,2/12/2025,8:45,Full,15 min,jw,No Fish,,,,,,,,
,2/12/2025,9:00,Full,15 min,jw,No Fish,,,,,,,,
,2/12/2025,9:15,Full,15 min,jw,No Fish,,,,,,,,
,2/12/2025,9:30,Full,15 min,jw,No Fish,,,,,,,,
,2/12/2025,9:45,Full,15 min,jw,No Fish,,,,,,,,
,2/12/2025,10:00,Full,15 min,jw,No Fish,,,,,,,,
,2/12/2025,10:15,Full,15 min,jw,No Fish,,,,,,,,
,2/12/2025,10:30,Full,15 min,jw,No Fish,,,,,,,,
,2/12/2025,10:45,Full,15 min,jw,No Fish,,,,,,,,
,2/12/2025,11:00,Full,15 min,jw,No Fish,,,,,,,,
,2/12/2025,11:15,Full,15 min,jw,No Fish,,,,,,,,
,2/12/2025,11:30,Full,15 min,jw,No Fish,,,,,,,,
,2/12/2025,11:45,Full,15 min,jw,No Fish,,,,,,,,
,2/12/2025,12:00,Full,15 min,jw,No Fish,,,,,,,,
,2/12/2025,12:15,Full,15 min,jw,No Fish,,,,,,,,
,2/12/2025,12:30,Full,15 min,jw,No Fish,,,,,,,,
,2/12/2025,12:45,Full,15 min,jw,No Fish,,,,,,,,
,2/12/2025,13:00,Full,15 min,jw,No Fish,,,,,,,,
,2/12/2025,13:15,Full,15 min,jw,No Fish,,,,,,,,
,2/12/2025,13:30,Full,15 min,jw,No Fish,,,,,,,,
,2/12/2025,13:45,Full,15 min,jw,No Fish,,,,,,,,
,2/12/2025,14:00,Full,15 min,jw,No Fish,,,,,,,,
,2/12/2025,14:15,Full,15 min,jw,No Fish,,,,,,,,
,2/12/2025,14:30,Full,15 min,jw,No Fish,,,,,,,,
,2/12/2025,14:45,Full,15 min,jw,No Fish,,,,,,,,
,2/12/2025,15:00,Full,15 min,jw,No Fish,,,,,,,,
,2/12/2025,15:15,Full,15 min,jw,No Fish,,,,,,,,
,2/12/2025,15:30,Full,15 min,jw,No Fish,,,,,,,,
,2/12/2025,15:45,Full,15 min,jw,No Fish,,,,,,,,
,2/12/2025,16:00,Full, 15 min,jw,No Fish,,,,,,,,
,2/12/2025,16:15,Full,15 min,jw,No Fish,,,,,,,,
,2/12/2025,16:30,Full,15 min,jw,No Fish,,,,,,,,
,2/12/2025,16:45,Full,15 min,jw,No Fish,,,,,,,,
,2/12/2025,17:00,Full,15 min,jw,No Fish,,,,,,,,
,2/12/2025,17:15,Full,15 min,jw,No Fish,,,,,,,,
,2/12/2025,17:30,Full,15 min,jw,No Fish,,,,,,,,
,2/12/2025,17:45,Full,15 min,jw,17:59:13,upstream,54.6,4460,13.8,1,,,
,2/12/2025,18:00,Full,15 min,jw,No Fish,,,,,,,,
,2/12/2025,18:15,Full,15 min,jw,18:19:00,upstream,71.6,1241,14.18,1,,,
,2/12/2025,18:30,Full,15 min,jw,No Fish,,,,,,,,
,2/12/2025,18:45,Full,15 min,jw,No Fish,,,,,,,,
,2/12/2025,19:00,Full,15 min,jw,No Fish,,,,,,,,
,2/12/2025,19:15,Full,15 min,jw,No Fish,,,,,,,,
,2/12/2025,19:30,Full,15 min,jw,19:30:28,downstream,68,142,13.45,1,,,
,2/12/2025,19:45,Full,15 min,jw,19:51:13,upstream,73,1950,13.73,1,,,
,,,Full,15 min,jw,19:57:00,downstream,70.7,3768,8.77,1,,,
,2/12/2025,20:00,Full,15 min,jw,No Fish,,,,,,,,
,2/12/2025,20:15,Full,15 min,jw,20:22:22,upstream,74,2298,12.24,1,,,
,2/12/2025,20:30,Full,15 min,jw,20:32:57,upstream,73.4,926,12.17,1,,,
,2/12/2025,20:45,Full,15 min,jw,No Fish,,,,,,,,
,2/12/2025,21:00,Full,15 min,jw,No Fish,,,,,,,,
,2/12/2025,21:15,Full,15 min,jw,No Fish,,,,,,,,
,2/12/2025,21:30,Full,15 min,jw,No Fish,,,,,,,,
,2/12/2025,21:45,Full,15 min,jw,No Fish,,,,,,,,
,2/12/2025,22:00,Full,15 min,jw,No Fish,,,,,,,,
,2/12/2025,22:15,Full,15 min,jw,No Fish,,,,,,,,
,2/12/2025,22:30,Full,15 min,jw,22:39:17,upstream,46.1,2914,14.55,1,,,
,2/12/2025,22:45,Full,15 min,jw,22:45:31,downstream,72.9,154,12.97,1,,,
,2/12/2025,23:00,Full,15 min,jw,23:00:35,downstream,69.2,182,11.54,1,,,
,2/12/2025,23:15,Full,15 min,jw,No Fish,,,,,,,,
,2/12/2025,23:30,Full,15 min,jw,No Fish,,,,,,,,
,2/12/2025,23:45,Full,15 min,jw,No Fish,,,,,,,,
,2/19/2025,0:00,Full,15 min,jw,No Fish,,,,,,,,
,2/19/2025,0:15,Full,15 min,jw,No Fish,,,,,,,,
,2/19/2025,0:30,Full,15 min,jw,No Fish,,,,,,,,
,2/19/2025,0:45,Full,15 min,jw,0:45:09,upstream,61.1,354,10.81,1,,,
,2/19/2025,1:00,Full,15 min,jw,No Fish,,,,,,,,
,2/19/2025,1:15,Full,15 min,jw,No Fish,,,,,,,,
,2/19/2025,1:30,Full,15 min,jw,No Fish,,,,,,,,
,2/19/2025,1:45,Full,15 min,jw,No Fish,,,,,,,,
,2/19/2025,2:00,Full,15 min,jw,No Fish,,,,,,,,
,2/19/2025,2:15,Full,15 min,jw,No Fish,,,,,,,,
,2/19/2025,2:30,Full,15 min,jw,No Fish,,,,,,,,
,2/19/2025,2:45,Full,15 min,jw,No Fish,,,,,,,,
,2/19/2025,3:00,Full,15 min,jw,No Fish,,,,,,,,
,2/19/2025,3:15,Full,15 min,jw,No Fish,,,,,,,,
,2/19/2025,3:30,Full,15 min,jw,No Fish,,,,,,,,
,2/19/2025,3:45,Full,15 min,jw,No Fish,,,,,,,,
,2/19/2025,4:00,Full,15 min,jw,No Fish,,,,,,,,
,2/19/2025,4:15,Full,15 min,jw,4:22:00,upstream,65.3,2184,14.49,1,,,
,2/19/2025,4:30,Full,15 min,jw,4:32:24,downstream,66.2,749,12.59,1,,,
,2/19/2025,4:45,Full,15 min,jw,No Fish,,,,,,,,
,2/19/2025,5:00,Full,15 min,jw,No Fish,,,,,,,,
,2/19/2025,5:15,Full,15 min,jw,No Fish,,,,,,,,
,2/19/2025,5:30,Full,15 min,jw,No Fish,,,,,,,,
,2/19/2025,5:45,Full,15 min,jw,No Fish,,,,,,,,
,2/19/2025,6:00,Full,15 min,jw,No Fish,,,,,,,,
,2/19/2025,6:15,Full,15 min,jw,No Fish,,,,,,,,
,2/19/2025,6:30,Full,15 min,jw,No Fish,,,,,,,,
,2/19/2025,6:45,Full,15 min,jw,No Fish,,,,,,,,
,2/19/2025,7:00,Full,15 min,jw,No Fish,,,,,,,,
,2/19/2025,7:15,Full,15 min,jw,No Fish,,,,,,,,
,2/19/2025,7:30,Full,15 min,jw,No Fish,,,,,,,,
,2/19/2025,7:45,Full,15 min,jw,No Fish,,,,,,,,
,2/19/2025,8:00,Full,15 min,jw,No Fish,,,,,,,,
,2/19/2025,8:15,Full,15 min,jw,No Fish,,,,,,,,
,2/19/2025,8:30,Full,15 min,jw,No Fish,,,,,,,,
,2/19/2025,8:45,Full,15 min,jw,No Fish,,,,,,,,
,2/19/2025,9:00,Full,15 min,jw,No Fish,,,,,,,,
,2/19/2025,9:15,Full,15 min,jw,No Fish,,,,,,,,
,2/19/2025,9:30,Full,15 min,jw,No Fish,,,,,,,,
,2/19/2025,9:45,Full,15 min,jw,No Fish,,,,,,,,
,2/19/2025,10:00,Full,15 min,jw,No Fish,,,,,,,,
,2/19/2025,10:15,Full,15 min,jw,No Fish,,,,,,,,
,2/19/2025,10:30,Full,15 min,jw,No Fish,,,,,,,,
,2/19/2025,10:45,Full,15 min,jw,No Fish,,,,,,,,
,2/19/2025,11:00,Full,15 min,jw,No Fish,,,,,,,,
,2/19/2025,11:15,Full,15 min,jw,No Fish,,,,,,,,
,2/19/2025,11:30,Full,15 min,jw,No Fish,,,,,,,,
,2/19/2025,11:45,Full,15 min,jw,No Fish,,,,,,,,
,2/19/2025,12:00,Full,15 min,jw,No Fish,,,,,,,,
,2/19/2025,12:15,Full,15 min,jw,No Fish,,,,,,,,
,2/19/2025,12:30,Full,15 min,jw,No Fish,,,,,,,,
,2/19/2025,12:45,Full,15 min,jw,No Fish,,,,,,,,
,2/19/2025,13:00,Full,15 min,jw,No Fish,,,,,,,,
,2/19/2025,13:15,Full,15 min,jw,No Fish,,,,,,,,
,2/19/2025,13:30,Full,15 min,jw,No Fish,,,,,,,,
,2/19/2025,13:45,Full,15 min,jw,No Fish,,,,,,,,
,2/19/2025,14:00,Full,15 min,jw,No Fish,,,,,,,,
,2/19/2025,14:15,Full,15 min,jw,No Fish,,,,,,,,
,2/19/2025,14:30,Full,15 min,jw,No Fish,,,,,,,,
,2/19/2025,14:45,Full,15 min,jw,No Fish,,,,,,,,
,2/19/2025,15:00,Full,15 min,jw,No Fish,,,,,,,,
,2/19/2025,15:15,Full,15 min,jw,No Fish,,,,,,,,
,2/19/2025,15:30,Full,15 min,jw,No Fish,,,,,,,,
,2/19/2025,15:45,Full,15 min,jw,No Fish,,,,,,,,
,2/19/2025,16:00,Full,15 min,jw,No Fish,,,,,,,,
,2/19/2025,16:15,Full,15 min,jw,No Fish,,,,,,,,
,2/19/2025,16:30,Full,15 min,jw,No Fish,,,,,,,,
,2/19/2025,16:45,Full,15 min,jw,No Fish,,,,,,,,
,2/19/2025,17:00,Full,15 min,jw,No Fish,,,,,,,,
,2/19/2025,17:15,Full,15 min,jw,No Fish,,,,,,,,
,2/19/2025,17:30,Full,15 min,jw,No Fish,,,,,,,,
,2/19/2025,17:45,Full,15 min,jw,No Fish,,,,,,,,
,2/19/2025,18:00,Full,15 min,jw,18:11:23,upstream,63.7,3522,12.87,1,,,
,,,,,,18:14:20,upstream,48.1,4445,11.65,1,,,
,2/19/2025,18:15,Full,15 min,jw,No Fish,,,,,,,,
,2/19/2025,18:30,Full,15 min,jw,No Fish,,,,,,,,
,2/19/2025,18:45,Full,15 min,jw,No Fish,,,,,,,,
,2/19/2025,19:00,Full,15 min,jw,19:01:49,upstream,66.7,554,7.72,1,,,
,2/19/2025,19:15,Full,15 min,jw,No Fish,,,,,,,,
,2/19/2025,19:30,Full,15 min,jw,19:41:29,upstream,73.8,3561,17.53,1,,,
,,,,,,19:42:38,downstream,70.6,3908,15.09,1,,,
,2/19/2025,19:45,Full,15 min,jw,19:52:06,upstream,73.2,2223,9.73,1,,,
,2/19/2025,20:00,Full,15 min,jw,No Fish,,,,,,,,
,2/19/2025,20:15,Full,15 min,jw,No Fish,,,,,,,,
,2/19/2025,20:30,Full,15 min,jw,No Fish,,,,,,,,
,2/19/2025,20:45,Full,15 min,jw,No Fish,,,,,,,,
,2/19/2025,21:00,Full,15 min,jw,No Fish,,,,,,,,
,2/19/2025,21:15,Full,15 min,jw,No Fish,,,,,,,,
,2/19/2025,21:30,Full,15 min,jw,No Fish,,,,,,,,
,2/19/2025,21:45,Full,15 min,jw,No Fish,,,,,,,,
,2/19/2025,22:00,Full,15 min,jw,No Fish,,,,,,,,
,2/19/2025,22:15,Full,15 min,jw,No Fish,,,,,,,,
,2/19/2025,22:30,Full,15 min,jw,No Fish,,,,,,,,
,2/19/2025,22:45,Full,15 min,jw,No Fish,,,,,,,fish downstream but then back upstream,
,2/19/2025,23:00,Full,15 min,jw,23:02:33,upstream,70.5,768,15.5,1,,,
,2/19/2025,23:15,Full,15 min,jw,23:25:33,downstream,70.2,3253,11.82,1,,,
,2/19/2025,23:30,Full,15 min,jw,No Fish,,,,,,,,
,2/19/2025,23:45,Full,15 min,jw,No Fish,,,,,,,,
,2/20/2025,0:00,Full,15 min,jw,No Fish,,,,,,,,
,2/20/2025,0:15,Full,15 min,jw,No Fish,,,,,,,,
,2/20/2025,0:30,Full,15 min,jw,No Fish,,,,,,,,
,2/20/2025,0:45,Full,15 min,jw,No Fish,,,,,,,,
,2/20/2025,1:00,Full,15 min,jw,No Fish,,,,,,,,
,2/20/2025,1:15,Full,15 min,jw,1:22:02,downstream,62.1,2174,14.21,1,,,
,2/20/2025,1:30,Full,15 min,jw,No Fish,,,,,,,,
,2/20/2025,1:45,Full,15 min,jw,No Fish,,,,,,,,
,2/20/2025,2:00,Full,15 min,jw,No Fish,,,,,,,,
,2/20/2025,2:15,Full,15 min,jw,No Fish,,,,,,,,
,2/20/2025,2:30,Full,15 min,jw,No Fish,,,,,,,,
,2/20/2025,2:45,Full,15 min,jw,2:58:22,upstream,62,4141,10.61,1,,,
,2/20/2025,3:00,Full,15 min,jw,No Fish,,,,,,,,
,2/20/2025,3:15,Full,15 min,jw,No Fish,,,,,,,,
,2/20/2025,3:30,Full,15 min,jw,No Fish,,,,,,,,
,2/20/2025,3:45,Full,15 min,jw,No Fish,,,,,,,,
,2/20/2025,4:00,Full,15 min,jw,No Fish,,,,,,,,
,2/20/2025,4:15,Full,15 min,jw,4:17:29,upstream,71.7,773,10.41,1,,,
,2/20/2025,4:30,Full,15 min,jw,No Fish,,,,,,,,
,2/20/2025,4:45,Full,15 min,jw,No Fish,,,,,,,,
,2/20/2025,5:00,Full,15 min,jw,No Fish,,,,,,,,
,2/20/2025,5:15,Full,15 min,jw,No Fish,,,,,,,,
,2/20/2025,5:30,Full,15 min,jw,No Fish,,,,,,,,
,2/20/2025,5:45,Full,15 min,jw,No Fish,,,,,,,,
,2/20/2025,6:00,Full,15 min,jw,No Fish,,,,,,,,
,2/20/2025,6:15,Full,15 min,jw,No Fish,,,,,,,,
,2/20/2025,6:30,Full,15 min,jw,No Fish,,,,,,,,
,2/20/2025,6:45,Full,15 min,jw,No Fish,,,,,,,,
,2/20/2025,7:00,Full,15 min,jw,No Fish,,,,,,,,
,2/20/2025,7:15,Full,15 min,jw,No Fish,,,,,,,,
,2/20/2025,7:30,Full,15 min,jw,No Fish,,,,,,,,
,2/20/2025,7:45,Full,15 min,jw,No Fish,,,,,,,,
,2/20/2025,8:00,Full,15 min,jw,No Fish,,,,,,,,
,2/20/2025,8:15,Full,15 min,jw,No Fish,,,,,,,,
,2/20/2025,8:30,Full,15 min,jw,No Fish,,,,,,,,
,2/20/2025,8:45,Full,15 min,jw,No Fish,,,,,,,,
,2/20/2025,9:00,Full,15 min,jw,No Fish,,,,,,,,
,2/20/2025,9:15,Full,15 min,jw,No Fish,,,,,,,,
,2/20/2025,9:30,Full,15 min,jw,No Fish,,,,,,,,
,2/20/2025,9:45,Full,15 min,jw,No Fish,,,,,,,,
,2/20/2025,10:00,Full,15 min,jw,10:00:37,upstream,62.3,187,12.35,1,,,
,2/20/2025,10:15,Full,15 min,jw,No Fish,,,,,,,,
,2/20/2025,10:30,Full,15 min,jw,No Fish,,,,,,,,
,2/20/2025,10:45,Full,15 min,jw,No Fish,,,,,,,,
,2/20/2025,11:00,Full,15 min,jw,No Fish,,,,,,,,
,2/20/2025,11:15,Full,15 min,jw,No Fish,,,,,,,,
,2/20/2025,11:30,Full,15 min,jw,No Fish,,,,,,,,
,2/20/2025,11:45,Full,15 min,jw,No Fish,,,,,,,,
,2/20/2025,12:00,Full,15 min,jw,No Fish,,,,,,,,
,2/20/2025,12:15,Full,15 min,jw,No Fish,,,,,,,,
,2/20/2025,12:30,Full,15 min,jw,No Fish,,,,,,,,
,2/20/2025,12:45,Full,15 min,jw,No Fish,,,,,,,,
,2/20/2025,13:00,Full,15 min,jw,No Fish,,,,,,,,
,2/20/2025,13:15,Full,15 min,jw,No Fish,,,,,,,,
,2/20/2025,13:30,Full,15 min,jw,No Fish,,,,,,,,
,2/20/2025,13:45,Full,15 min,jw,No Fish,,,,,,,,
,2/20/2025,14:00,Full,15 min,jw,No Fish,,,,,,,,
,2/20/2025,14:15,Full,15 min,jw,No Fish,,,,,,,,
,2/20/2025,14:30,Full,15 min,jw,No Fish,,,,,,,,
,2/20/2025,14:45,Full,15 min,jw,No Fish,,,,,,,,
,2/20/2025,15:00,Full,15 min,jw,No Fish,,,,,,,,
,2/20/2025,15:15,Full,15 min,jw,No Fish,,,,,,,,
,2/20/2025,15:30,Full,15 min,jw,No Fish,,,,,,,,
,2/20/2025,15:45,Full,15 min,jw,No Fish,,,,,,,,
,2/20/2025,16:00,Full,15 min,jw,No Fish,,,,,,,,
,2/20/2025,16:15,Full,15 min,jw,No Fish,,,,,,,,
,2/20/2025,16:30,Full,15 min,jw,No Fish,,,,,,,,
,2/20/2025,16:45,Full,15 min,jw,No Fish,,,,,,,,
,2/20/2025,17:00,Full,15 min,jw,No Fish,,,,,,,,
,2/20/2025,17:15,Full,15 min,jw,No Fish,,,,,,,,
,2/20/2025,17:30,Full,15 min,jw,No Fish,,,,,,,,
,2/20/2025,17:45,Full,15 min,jw,No Fish,,,,,,,,
,2/20/2025,18:00,Full,15 min,jw,No Fish,,,,,,,,
,2/20/2025,18:15,Full,15 min,jw,No Fish,,,,,,,,
,2/20/2025,18:30,Full,15 min,jw,18:44:41,upstream,75.3,4533,9.86,1,,,
,2/20/2025,18:45,Full,15 min,jw,18:49:55,downstream,68.6,1522,9.45,1,,,
,,,,,,18:49:58,downstream,70.3,1536,9.33,1,,,
,,,,,,18:59:14,upstream,69.2,4408,10.45,1,,,
,,,,,,18:59:26,upstream,69.7,4470,10.99,1,,,
,2/20/2025,19:00,Full,15 min,jw,19:01:01,downstream,74,304,13.64,1,,,
,,,,,,19:14:45,downstream,72.3,4559,11.63,1,,,
,2/20/2025,19:15,Full,15 min,jw,19:21:56,upstream,67.6,2147,14.64,1,,,
,,,,,,19:23:59,upstream,70.3,2783,14.59,1,,,
,,,,,,19:26:44,upstream,69.6,3629,10.74,1,,,
,2/20/2025,19:30,Full,15 min,jw,No Fish,,,,,,,,
,2/20/2025,19:45,Full,15 min,jw,19:54:48,upstream,70.6,3046,11.84,1,,,
,2/20/2025,20:00,Full,15 min,jw,No Fish,,,,,,,,
,2/20/2025,20:15,Full,15 min,jw,No Fish,,,,,,,,
,2/20/2025,20:30,Full,15 min,jw,No Fish,,,,,,,,
,2/20/2025,20:45,Full,15 min,jw,No Fish,,,,,,,,
,2/20/2025,21:00,Full,15 min,jw,21:01:30,downstream,80.5,462,11.05,1,,,
,,,,,,21:06:43,downstream,73.9,2070,11.01,1,,,
,2/20/2025,21:15,Full,15 min,jw,No Fish,,,,,,,,
,2/20/2025,21:30,Full,15 min,jw,21:43:51,downstream,67.4,4303,15.59,1,,,
,2/20/2025,21:45,Full,15 min,jw,No Fish,,,,,,,,
,2/20/2025,22:00,Full,15 min,jw,No Fish,,,,,,,,
,2/20/2025,22:15,Full,15 min,jw,No Fish,,,,,,,,
,2/20/2025,22:30,Full,15 min,jw,No Fish,,,,,,,,
,2/20/2025,22:45,Full,15 min,jw,No Fish,,,,,,,,
,2/20/2025,23:00,Full,15 min,jw,No Fish,,,,,,,,
,2/20/2025,23:15,Full,15 min,jw,No Fish,,,,,,,,
,2/20/2025,23:30,Full,15 min,jw,No Fish,,,,,,,,
,2/20/2025,23:45,Full,15 min,jw,23:55:11,upstream,65.8,3150,13.45,1,,,
,2/21/2025,0:00,Full,15 min,jw,No Fish,,,,,,,,
,2/21/2025,0:15,Full,15 min,jw,No Fish,,,,,,,,
,2/21/2025,0:30,Full,15 min,jw,No Fish,,,,,,,,
,2/21/2025,0:45,Full,15 min,jw,0:57:49,upstream,71.1,3967,8.9,1,,,
,2/21/2025,1:00,Full,15 min,jw,1:10:12,upstream,53,3167,11.7,1,,,
,2/21/2025,1:15,Full,15 min,jw,1:29:22,upstream,59.8,4455,14.38,1,,,
,2/21/2025,1:30,Full,15 min,jw,1:43:08,downstream,53.5,4071,15.09,1,,,
,2/21/2025,1:45,Full,15 min,jw,No Fish,,,,,,,,
,2/21/2025,2:00,Full,15 min,jw,No Fish,,,,,,,,
,2/21/2025,2:15,Full,15 min,jw,2:17:36,upstream,67.8,791,14.03,1,,,
,,,,,,2:22:33,upstream,74.1,2328,9.1,1,,,
,,,,,,2:22:38,upstream,60.6,2355,7.81,1,,,
,,,,,,2:24:06,upstream,60.8,2799,9.28,1,,,
,,,,,,2:26:48,upstream,53.8,3639,14.41,1,,,
,,,,,,2:28:23,downstream,69,4128,13.32,1,,,
,2/21/2025,2:30,Full,15 min,jw,2:42:07,downstream,59.2,3749,14.52,1,,,
,,,,,,2:42:34,upstream,60.4,3888,10.21,1,,,
,,,,,,2:43:22,downstream,66.4,4146,14.38,1,,,
,2/21/2025,2:45,Full,15 min,jw,No Fish,,,,,,,,
,2/21/2025,3:00,Full,15 min,jw,3:10:02,upstream,66.9,3118,13.77,1,,,
,2/21/2025,3:15,Full,15 min,jw,3:16:36,downstream,75.1,483,10.88,1,,,
,,,,,,3:20:07,upstream,60.4,1592,12.43,1,,,
,,,,,,3:27:34,downstream,62.6,3889,15.95,1,,,
,2/21/2025,3:30,Full,15 min,jw,No Fish,,,,,,,,
,2/21/2025,3:45,Full,15 min,jw,No Fish,,,,,,,,
,2/21/2025,4:00,Full,15 min,jw,No Fish,,,,,,,,
,2/21/2025,4:15,Full,15 min,jw,No Fish,,,,,,,,
,2/21/2025,4:30,Full,15 min,jw,4:36:53,downstream,57.7,2124,10.1,1,,,
,,,,,,4:36:54,downstream,62.9,2128,9.78,1,,,
,2/21/2025,4:45,Full,15 min,jw,4:45:08,upstream,70.8,41,10.84,1,,,
,,,,,,4:50:30,upstream,60.5,1706,13.11,1,,,
,,,,,,4:52:36,downstream,49.1,2358,12.52,1,,,
,2/21/2025,5:00,Full,15 min,jw,5:04:35,upstream,60.1,1424,13.91,1,,,
,2/21/2025,5:15,Full,15 min,jw,No Fish,,,,,,,,
,2/21/2025,5:30,Full,15 min,jw,No Fish,,,,,,,,
,2/21/2025,5:45,Full,15 min,jw,No Fish,,,,,,,,
,2/21/2025,6:00,Full,15 min,jw,No Fish,,,,,,,,
,2/21/2025,6:15,Full,15 min,jw,6:26:59,downstream,69.4,3705,7.66,1,,,
,,,,,,6:27:00,downstream,61.8,3707,8.3,1,,,
,2/21/2025,6:30,Full,15 min,jw,6:39:44,upstream,63.8,3015,10.31,1,,,
,,,,,,6:39:45,upstream,71.3,3019,10.76,1,,,
,2/21/2025,6:45,Full,15 min,jw,No Fish,,,,,,,,
,2/21/2025,7:00,Full,15 min,jw,No Fish,,,,,,,,
,2/21/2025,7:15,Full,15 min,jw,No Fish,,,,,,,,
,2/21/2025,7:30,Full,15 min,jw,No Fish,,,,,,,,
,2/21/2025,7:45,Full,15 min,jw,No Fish,,,,,,,,
,2/21/2025,8:00,Full,15 min,jw,No Fish,,,,,,,,
,2/21/2025,8:15,Full,15 min,jw,No Fish,,,,,,,,
,2/21/2025,8:30,Full,15 min,jw,No Fish,,,,,,,,
,2/21/2025,8:45,Full,15 min,jw,No Fish,,,,,,,,
,2/21/2025,9:00,Full,15 min,jw,No Fish,,,,,,,,
,2/21/2025,9:15,Full,15 min,jw,No Fish,,,,,,,,
,2/21/2025,9:30,Full,15 min,jw,No Fish,,,,,,,,
,2/21/2025,9:45,Full,15 min,jw,No Fish,,,,,,,,
,2/21/2025,10:00,No Sonar data,,,,,,,,,,,
,2/21/2025,10:15,No Sonar data,,,,,,,,,,,
,2/21/2025,10:30,No Sonar data,,,,,,,,,,,
,2/21/2025,10:45,No Sonar data,,,,,,,,,,,
,2/21/2025,11:00,No Sonar data,,,,,,,,,,,
,2/21/2025,11:18,Full,12 min,jw,No Fish,,,,,,,,
,2/21/2025,11:30,Full,15 min,jw,No Fish,,,,,,,,
,2/21/2025,11:45,Full,15 min,jw,No Fish,,,,,,,,
,2/21/2025,12:00,Full,15 min,jw,No Fish,,,,,,,,
,2/21/2025,12:15,Full,15 min,jw,No Fish,,,,,,,,
,2/21/2025,12:30,Full,15 min,jw,No Fish,,,,,,,,
,2/21/2025,12:45,Full,15 min,jw,No Fish,,,,,,,,
,2/21/2025,13:00,Full,15 min,jw,No Fish,,,,,,,,
,2/21/2025,13:15,Full,15 min,jw,No Fish,,,,,,,,
,2/21/2025,13:30,Full,15 min,jw,No Fish,,,,,,,,
,2/21/2025,13:45,Full,15 min,jw,No Fish,,,,,,,,
,2/21/2025,14:00,Full,15 min,jw,No Fish,,,,,,,,
,2/21/2025,14:15,Full,15 min,jw,No Fish,,,,,,,,
,2/21/2025,14:30,Full,15 min,jw,No Fish,,,,,,,,
,2/21/2025,14:45,Full,15 min,jw,No Fish,,,,,,,,
,2/21/2025,15:00,Full,15 min,jw,No Fish,,,,,,,,
,2/21/2025,15:15,Full,15 min,jw,No Fish,,,,,,,,
,2/21/2025,15:30,Full,15 min,jw,No Fish,,,,,,,,
,2/21/2025,15:45,Full,15 min,jw,No Fish,,,,,,,,
,2/21/2025,16:00,Full,15 min,jw,No Fish,,,,,,,,
,2/21/2025,16:15,Full,15 min,jw,No Fish,,,,,,,,
,2/21/2025,16:30,Full,15 min,jw,No Fish,,,,,,,,
,2/21/2025,16:45,Full,15 min,jw,No Fish,,,,,,,,
,2/21/2025,17:00,Full,15 min,jw,No Fish,,,,,,,,
,2/21/2025,17:15,Full,15 min,jw,No Fish,,,,,,,,
,2/21/2025,17:30,Full,15 min,jw,No Fish,,,,,,,,
,2/21/2025,17:45,Full,15 min,jw,No Fish,,,,,,,,
,2/21/2025,18:00,Full,15 min,jw,No Fish,,,,,,,,
,2/21/2025,18:15,Full,15 min,jw,18:29:12,upstream,51.4,4599,14.79,1,,,
,2/21/2025,18:30,Full,15 min,jw,No Fish,,,,,,,,
,2/21/2025,18:45,Full,15 min,jw,No Fish,,,,,,,,
,2/21/2025,19:00,Full,15 min,jw,No Fish,,,,,,,,
,2/21/2025,19:15,Full,15 min,jw,No Fish,,,,,,,,
,2/21/2025,19:30,Full,15 min,jw,No Fish,,,,,,,,
,2/21/2025,19:45,Full,15 min,jw,19:58:02,upstream,81.2,4226,13,1,,,
,2/21/2025,20:00,Full,15 min,jw,20:00:07,upstream,59.3,36,10.8,1,,,
,2/21/2025,20:15,Full,15 min,jw,20:18:58,upstream,50.2,1282,7.45,1,,,
,2/21/2025,20:30,Full,15 min,jw,No Fish,,,,,,,,
,2/21/2025,20:45,Full,15 min,jw,No Fish,,,,,,,,
,2/21/2025,21:00,Full,15 min,jw,No Fish,,,,,,,,
,2/21/2025,21:15,Full,15 min,jw,No Fish,,,,,,,,
,2/21/2025,21:30,Full,15 min,jw,21:31:45,downstream,62.3,567,14.48,1,,,
,2/21/2025,21:45,Full,15 min,jw,21:45:03,upstream,54.9,14,11.63,1,,,
,2/21/2025,22:00,Full,15 min,jw,No Fish,,,,,,,,
,2/21/2025,22:15,Full,15 min,jw,22:18:33,upstream,64.1,1149,7.91,1,,,
,2/21/2025,22:30,Full,15 min,jw,No Fish,,,,,,,,
,2/21/2025,22:45,Full,15 min,jw,No Fish,,,,,,,,
,2/21/2025,23:00,Full,15 min,jw,No Fish,,,,,,,,
,2/21/2025,23:15,Full,15 min,jw,No Fish,,,,,,,,
,2/21/2025,23:30,Full,15 min,jw,23:38:52,upstream,78.9,2863,11.08,1,,,
,2/21/2025,23:45,Full,15 min,jw,23:57:52,downstream,76.4,4164,14.42,1,,,
,3/2/2025,0:00,Full,15 min,jw,No Fish,,,,,,,,
,3/2/2025,0:15,Full,15 min,jw,No Fish,,,,,,,,
,3/2/2025,0:30,Full,15 min,jw,No Fish,,,,,,,,
,3/2/2025,0:45,Full,15 min,jw,No Fish,,,,,,,,
,3/2/2025,1:00,Full,15 min,jw,No Fish,,,,,,,,
,3/2/2025,1:15,Full,15 min,jw,No Fish,,,,,,,,
,3/2/2025,1:30,Full,15 min,jw,No Fish,,,,,,,,
,3/2/2025,1:45,Full,15 min,jw,No Fish,,,,,,,,
,3/2/2025,2:00,Full,15 min,jw,No Fish,,,,,,,,
,3/2/2025,2:15,Full,15 min,jw,No Fish,,,,,,,,
,3/2/2025,2:30,Full,15 min,jw,No Fish,,,,,,,,
,3/2/2025,2:45,Full,15 min,jw,No Fish,,,,,,,,
,3/2/2025,3:00,Full,15 min,jw,3:09:01,upstream,71.2,2927,14.34,1,,,
,3/2/2025,3:15,Full,15 min,jw,No Fish,,,,,,,,
,3/2/2025,3:30,Full,15 min,jw,No Fish,,,,,,,,
,3/2/2025,3:45,Full,15 min,jw,No Fish,,,,,,,,
,3/2/2025,4:00,Full,15 min,jw,No Fish,,,,,,,,
,3/2/2025,4:15,Full,15 min,jw,No Fish,,,,,,,,
,3/2/2025,4:30,Full,15 min,jw,No Fish,,,,,,,,
,3/2/2025,4:45,Full,15 min,jw,No Fish,,,,,,,,
,3/2/2025,5:00,Full,15 min,jw,No Fish,,,,,,,,
,3/2/2025,5:15,Full,15 min,jw,No Fish,,,,,,,,
,3/2/2025,5:30,Full,15 min,jw,No Fish,,,,,,,,
,3/2/2025,5:45,Full,15 min,jw,No Fish,,,,,,,,
,3/2/2025,6:00,Full,15 min,jw,No Fish,,,,,,,,
,3/2/2025,6:15,Full,15 min,jw,No Fish,,,,,,,,
,3/2/2025,6:30,Full,15 min,jw,No Fish,,,,,,,,
,3/2/2025,6:45,Full,15 min,jw,No Fish,,,,,,,,
,3/2/2025,7:00,Full,15 min,jw,No Fish,,,,,,,,
,3/2/2025,7:15,Full,15 min,jw,7:17:53,upstream,62.9,933,14.56,1,,,
,3/2/2025,7:30,Full,15 min,jw,No Fish,,,,,,,,
,3/2/2025,7:45,Full,15 min,jw,No Fish,,,,,,,,
,3/2/2025,8:00,Full,15 min,jw,No Fish,,,,,,,,
,3/2/2025,8:15,Full,15 min,jw,No Fish,,,,,,,,
,3/2/2025,8:30,Full,15 min,jw,No Fish,,,,,,,,
,3/2/2025,8:45,Full,15 min,jw,No Fish,,,,,,,,
,3/2/2025,9:00,Full,15 min,jw,No Fish,,,,,,,,
,3/2/2025,9:15,Full,15 min,jw,No Fish,,,,,,,,
,3/2/2025,9:30,Full,15 min,jw,No Fish,,,,,,,,
,3/2/2025,9:45,Full,15 min,jw,No Fish,,,,,,,,
,3/2/2025,10:00,Full,15 min,jw,No Fish,,,,,,,,
,3/2/2025,10:15,Full,15 min,jw,No Fish,,,,,,,,
,3/2/2025,10:30,Full,15 min,jw,No Fish,,,,,,,,
,3/2/2025,10:45,Full,15 min,jw,No Fish,,,,,,,,
,3/2/2025,11:00,Full,15 min,jw,No Fish,,,,,,,,
,3/2/2025,11:15,Full,15 min,jw,No Fish,,,,,,,,
,3/2/2025,11:30,Full,15 min,jw,No Fish,,,,,,,,
,3/2/2025,11:45,Full,15 min,jw,No Fish,,,,,,,,
,3/2/2025,12:00,Full,15 min,jw,No Fish,,,,,,,,
,3/2/2025,12:15,Full,15 min,jw,No Fish,,,,,,,,
,3/2/2025,12:30,Full,15 min,jw,No Fish,,,,,,,,
,3/2/2025,12:45,Full,15 min,jw,No Fish,,,,,,,,
,3/2/2025,13:00,Full,15 min,jw,No Fish,,,,,,,,
,3/2/2025,13:15,Full,15 min,jw,No Fish,,,,,,,,
,3/2/2025,13:30,Full,15 min,jw,13:32:54,upstream,41.8,941,8.11,1,,,
,3/2/2025,13:45,Full,15 min,jw,No Fish,,,,,,,,
,3/2/2025,14:00,Full,15 min,jw,No Fish,,,,,,,,
,3/2/2025,14:15,Full,15 min,jw,No Fish,,,,,,,,
,3/2/2025,14:30,Full,15 min,jw,No Fish,,,,,,,,
,3/2/2025,14:45,Full,15 min,jw,No Fish,,,,,,,,
,3/2/2025,15:00,Full,15 min,jw,No Fish,,,,,,,,
,3/2/2025,15:15,Full,15 min,jw,No Fish,,,,,,,,
,3/2/2025,15:30,Full,15 min,jw ,No Fish,,,,,,,,
,3/2/2025,15:45,Full,15 min,jw,No Fish,,,,,,,,
,3/2/2025,16:00,Full,15 min,jw,No Fish,,,,,,,,
,3/2/2025,16:15,Full,15 min,jw,No Fish,,,,,,,,
,3/2/2025,16:30,Full,15 min,jw,No Fish,,,,,,,,
,3/2/2025,16:45,Full,15 min,jw,No Fish,,,,,,,,
,3/2/2025,17:00,Full,15 min,jw,No Fish,,,,,,,,
,3/2/2025,17:15,Full,15 min,jw,No Fish,,,,,,,,
,3/2/2025,17:30,Full,15 min,jw,No Fish,,,,,,,,
,3/2/2025,17:45,Full,15 min,jw,No Fish,,,,,,,,
,3/2/2025,18:00,Full,15 min,jw,No Fish,,,,,,,,
,3/2/2025,18:15,Full,15 min,jw,No Fish,,,,,,,,
,3/2/2025,18:30,Full,15 min,jw,No Fish,,,,,,,,
,3/2/2025,18:45,Full,15 min,jw,No Fish,,,,,,,,
,3/2/2025,19:00,Full,15 min,jw,No Fish,,,,,,,,
,3/2/2025,19:15,Full,15 min,jw,No Fish,,,,,,,,
,3/2/2025,19:30,Full,15 min,jw,No Fish,,,,,,,,
,3/2/2025,19:45,Full,15 min,jw,19:58:20,upstream,68.9,4334,8.72,1,,,
,3/2/2025,20:00,Full,15 min,jw,No Fish,,,,,,,,
,3/2/2025,20:15,Full,15 min,jw,No Fish,,,,,,,,
,3/2/2025,20:30,Full,15 min,jw,No Fish,,,,,,,,
,3/2/2025,20:45,Full,15 min,jw,No Fish,,,,,,,,
,3/2/2025,21:00,Full,15 min,jw,No Fish,,,,,,,,
,3/2/2025,21:15,Full,15 min,jw,No Fish,,,,,,,,
,3/2/2025,21:30,Full,15 min,jw,No Fish,,,,,,,,
,3/2/2025,21:45,Full,15 min,jw,No Fish,,,,,,,,
,3/2/2025,22:00,Full,15 min,jw,No Fish,,,,,,,,
,3/2/2025,22:15,Full,15 min,jw,No Fish,,,,,,,,
,3/2/2025,22:30,Full,15 min,jw,No Fish,,,,,,,,
,3/2/2025,22:45,Full,15 min,jw,No Fish,,,,,,,,
,3/2/2025,23:00,Full,15 min,jw,No Fish,,,,,,,,
,3/2/2025,23:15,Full,15 min,jw,No Fish,,,,,,,,
,3/2/2025,23:30,Full,15 min,jw,No Fish,,,,,,,,
,3/2/2025,23:45,Full,15 min,jw,No Fish,,,,,,,,
,3/3/2025,0:00,Full,15 min,jw,No Fish,,,,,,,,
,3/3/2025,0:15,Full,15 min,jw,No Fish,,,,,,,,
,3/3/2025,0:30,Full,15 min,jw,No Fish,,,,,,,,
,3/3/2025,0:45,Full,15 min,jw,No Fish,,,,,,,,
,3/3/2025,1:00,Full,15 min,jw,1:10:32,upstream,69.6,3413,10.1,1,,,
,3/3/2025,1:15,Full,15 min,jw,No Fish,,,,,,,,
,3/3/2025,1:30,Full,15 min,jw,No Fish,,,,,,,,
,3/3/2025,1:45,Full,15 min,jw,No Fish,,,,,,,,
,3/3/2025,2:00,Full,15 min,jw,No Fish,,,,,,,,
,3/3/2025,2:15,Full,15 min,jw,No Fish,,,,,,,,
,3/3/2025,2:30,Full,15 min,jw,No Fish,,,,,,,,
,3/3/2025,2:45,Full,15 min,jw,No Fish,,,,,,,,
,3/3/2025,3:00,Full,15 min,jw,No Fish,,,,,,,,
,3/3/2025,3:15,Full,15 min,jw,No Fish,,,,,,,,
,3/3/2025,3:30,Full,15 min,jw,No Fish,,,,,,,,
,3/3/2025,3:45,Full,15 min,jw,No Fish,,,,,,,,
,3/3/2025,4:00,Full,15 min,jw,No Fish,,,,,,,,
,3/3/2025,4:15,Full,15 min,jw,No Fish,,,,,,,,
,3/3/2025,4:30,Full,15 min,jw,No Fish,,,,,,,,
,3/3/2025,4:45,Full,15 min,jw,No Fish,,,,,,,,
,3/3/2025,5:00,Full,15 min,jw,No Fish,,,,,,,,
,3/3/2025,5:15,Full,15 min,jw,No Fish,,,,,,,,
,3/3/2025,5:30,Full,15 min,jw,No Fish,,,,,,,,
,3/3/2025,5:45,Full,15 min,jw,No Fish,,,,,,,,
,3/3/2025,6:00,Full,15 min,jw,No Fish,,,,,,,,
,3/3/2025,6:15,Full,15 min,jw,No Fish,,,,,,,,
,3/3/2025,6:30,Full,15 min,jw,No Fish,,,,,,,,
,3/3/2025,6:45,Full,15 min,jw,No Fish,,,,,,,,
,3/3/2025,7:00,Full,15 min,jw,No Fish,,,,,,,,
,3/3/2025,7:15,Full,15 min,jw,No Fish,,,,,,,,
,3/3/2025,7:30,Full,15 min,jw,No Fish,,,,,,,,
,3/3/2025,7:45,Full,15 min,jw,No Fish,,,,,,,,
,3/3/2025,8:00,Full,15 min,jw,No Fish,,,,,,,,
,3/3/2025,8:15,Full,15 min,jw,No Fish,,,,,,,,
,3/3/2025,8:30,Full,15 min,jw,No Fish,,,,,,,,
,3/3/2025,8:45,Full,15 min,jw,No Fish,,,,,,,,
,3/3/2025,9:00,Full,15 min,jw,No Fish,,,,,,,,
,3/3/2025,9:15,Full,15 min,jw,No Fish,,,,,,,,
,3/3/2025,9:30,Full,15 min,jw,No Fish,,,,,,,,
,3/3/2025,9:45,Full,15 min,jw,No Fish,,,,,,,,
,3/3/2025,10:00,Full,15 min,jw,No Fish,,,,,,,,
,3/3/2025,10:15,Full,15 min,jw,No Fish,,,,,,,,
,3/3/2025,10:30,Full,15 min,jw,No Fish,,,,,,,,
,3/3/2025,10:45,Full,15 min,jw,No Fish,,,,,,,,
,3/3/2025,11:00,Full,15 min,jw,No Fish,,,,,,,,
,3/3/2025,11:15,Full,15 min,jw,No Fish,,,,,,,,
,3/3/2025,11:30,Full,15 min,jw,No Fish,,,,,,,,
,3/3/2025,11:45,Full,15 min,jw,No Fish,,,,,,,,
,3/3/2025,12:00,Full,15 min,jw,No Fish,,,,,,,,
,3/3/2025,12:15,Full,15 min,jw,12:27:06,upstream,62.3,3922,11.39,1,,,
,3/3/2025,12:30,Full,15 min,jw,No Fish,,,,,,,,
,3/3/2025,12:45,Full,15 min,jw,No Fish,,,,,,,,
,3/3/2025,13:00,Full,15 min,jw,No Fish,,,,,,,,
,3/3/2025,13:15,Full,15 min,jw,No Fish,,,,,,,,
,3/3/2025,13:30,Full,15 min,jw,No Fish,,,,,,,,
,3/3/2025,13:45,Full,15 min,jw,No Fish,,,,,,,,
,3/3/2025,14:00,Full,15 min,jw,No Fish,,,,,,,,
,3/3/2025,14:15,Full,15 min,jw,No Fish,,,,,,,,
,3/3/2025,14:30,Full,15 min,jw,No Fish,,,,,,,,
,3/3/2025,14:45,Full,15 min,jw,No Fish,,,,,,,,
,3/3/2025,15:00,Full,15 min,jw,No Fish,,,,,,,,
,3/3/2025,15:15,Full,15 min,jw,No Fish,,,,,,,,
,3/3/2025,15:30,Full,15 min,jw,No Fish,,,,,,,,
,3/3/2025,15:45,Full,15 min,jw,15:49:04,upstream,68.1,1319,10.82,1,,,
,3/3/2025,16:00,Full,15 min,jw,No Fish,,,,,,,,
,3/3/2025,16:15,Full,15 min,jw,No Fish,,,,,,,,
,3/3/2025,16:30,Full,15 min,jw,No Fish,,,,,,,,
,3/3/2025,16:45,Full,15 min,jw,No Fish,,,,,,,,
,3/3/2025,17:00,Full,15 min,jw,No Fish,,,,,,,,
,3/3/2025,17:15,Full,15 min,jw,No Fish,,,,,,,,
,3/3/2025,17:30,Full,15 min,jw,No Fish,,,,,,,,
,3/3/2025,17:45,Full,15 min,jw,No Fish,,,,,,,,
,3/3/2025,18:00,Full,15 min,jw,No Fish,,,,,,,,
,3/3/2025,18:15,Full,15 min,jw,No Fish,,,,,,,,
,3/3/2025,18:30,Full,15 min,jw,No Fish,,,,,,,,
,3/3/2025,18:45,Full,15 min,jw,No Fish,,,,,,,,
,3/3/2025,19:00,Full,15 min,jw,No Fish,,,,,,,,
,3/3/2025,19:15,Full,15 min,jw,No Fish,,,,,,,,
,3/3/2025,19:30,Full,15 min,jw,No Fish,,,,,,,,
,3/3/2025,19:45,Full,15 min,jw,No Fish,,,,,,,,
,3/3/2025,20:00,Full,15 min,jw,No Fish,,,,,,,,
,3/3/2025,20:15,Full,15 min,jw,No Fish,,,,,,,,
,3/3/2025,20:30,Full,15 min,jw,No Fish,,,,,,,,
,3/3/2025,20:45,Full,15 min,jw,No Fish,,,,,,,,
,3/3/2025,21:00,Full,15 min,jw,No Fish,,,,,,,,
,3/3/2025,21:15,Full,15 min,jw,No Fish,,,,,,,,
,3/3/2025,21:30,Full,15 min,jw,No Fish,,,,,,,,
,3/3/2025,21:45,Full,15 min,jw,No Fish,,,,,,,,
,3/3/2025,22:00,Full,15 min,jw,No Fish,,,,,,,,
,3/3/2025,22:15,Full,15 min,jw,No Fish,,,,,,,,
,3/3/2025,22:30,Full,15 min,jw,No Fish,,,,,,,,
,3/3/2025,22:45,Full,15 min,jw,No Fish,,,,,,,,
,3/3/2025,23:00,Full,15 min,jw,No Fish,,,,,,,,
,3/3/2025,23:15,Full,15 min,jw,No Fish,,,,,,,,
,3/3/2025,23:30,Full,15 min,jw,No Fish,,,,,,,,
,3/3/2025,23:45,Full,15 min,jw,No Fish,,,,,,,,
,3/4/2025,0:00,Full,15 min,jw,No Fish,,,,,,,,
,3/4/2025,0:15,Full,15 min,jw,No Fish,,,,,,,,
,3/4/2025,0:30,Full,15 min,jw,No Fish,,,,,,,,
,3/4/2025,0:45,Full,15 min,jw,No Fish,,,,,,,,
,3/4/2025,1:00,Full,15 min,jw,No Fish,,,,,,,,
,3/4/2025,1:15,Full,15 min,jw,No Fish,,,,,,,,
,3/4/2025,1:30,Full,15 min,jw,No Fish,,,,,,,,
,3/4/2025,1:45,Full,15 min,jw,No Fish,,,,,,,,
,3/4/2025,2:00,Full,15 min,jw,No Fish,,,,,,,,
,3/4/2025,2:15,Full,15 min,jw,No Fish,,,,,,,,
,3/4/2025,2:30,Full,15 min,jw,No Fish,,,,,,,,
,3/4/2025,2:45,Full,15 min,jw,No Fish,,,,,,,,
,3/4/2025,3:00,Full,15 min,jw,No Fish,,,,,,,,
,3/4/2025,3:15,Full,15 min,jw,No Fish,,,,,,,,
,3/4/2025,3:30,Full,15 min,jw,No Fish,,,,,,,,
,3/4/2025,3:45,Full,15 min,jw,3:53:12,upstream,42.4,2658,8.15,1,,,
,3/4/2025,4:00,Full,15 min,jw,No Fish,,,,,,,,
,3/4/2025,4:15,Full,15 min,jw,No Fish,,,,,,,,
,3/4/2025,4:30,Full,15 min,jw,No Fish,,,,,,,,
,3/4/2025,4:45,Full,15 min,jw,No Fish,,,,,,,,
,3/4/2025,5:00,Full,15 min,jw,5:10:16,upstream,55.3,3318,10.6,1,,,
,3/4/2025,5:15,Full,15 min,jw,No Fish,,,,,,,,
,3/4/2025,5:30,Full,15 min,jw,No Fish,,,,,,,,
,3/4/2025,5:45,Full,15 min,jw,No Fish,,,,,,,,
,3/4/2025,6:00,Full,15 min,jw,No Fish,,,,,,,,
,3/4/2025,6:15,Full,15 min,jw,No Fish,,,,,,,,
,3/4/2025,6:30,Full,15 min,jw,No Fish,,,,,,,,
,3/4/2025,6:45,Full,15 min,jw,No Fish,,,,,,,,
,3/4/2025,7:00,Full,15 min,jw,No Fish,,,,,,,,
,3/4/2025,7:15,Full,15 min,jw,No Fish,,,,,,,,
,3/4/2025,7:30,Full,15 min,jw,No Fish,,,,,,,,
,3/4/2025,7:45,Full,15 min,jw,No Fish,,,,,,,,
,3/4/2025,8:00,Full,15 min,jw,No Fish,,,,,,,,
,3/4/2025,8:15,Full,15 min,jw,No Fish,,,,,,,,
,3/4/2025,8:30,Full,15 min,jw,No Fish,,,,,,,,
,3/4/2025,8:45,Full,15 min,jw,No Fish,,,,,,,,
,3/4/2025,9:00,Full,15 min,jw,No Fish,,,,,,,,
,3/4/2025,9:15,Full,15 min,jw,No Fish,,,,,,,,
,3/4/2025,9:30,Full,15 min,jw,No Fish,,,,,,,,
,3/4/2025,9:45,Full,15 min,jw,No Fish,,,,,,,,
,3/4/2025,10:00,Full,15 min,jw,No Fish,,,,,,,,
,3/4/2025,10:15,Full,15 min,jw,No Fish,,,,,,,,
,3/4/2025,10:30,Full,15 min,jw,No Fish,,,,,,,,
,3/4/2025,10:45,Full,15 min,jw,No Fish,,,,,,,,
,3/4/2025,11:00,Full,15 min,jw,No Fish,,,,,,,,
,3/4/2025,11:15,Full,15 min,jw,No Fish,,,,,,,,
,3/4/2025,11:30,Full,15 min,jw,No Fish,,,,,,,,
,3/4/2025,11:45,Full,15 min,jw,No Fish,,,,,,,,
,3/4/2025,12:00,Full,15 min,jw,No Fish,,,,,,,,
,3/4/2025,12:15,Full,15 min,jw,No Fish,,,,,,,,
,3/4/2025,12:30,Full,15 min,jw,No Fish,,,,,,,,
,3/4/2025,12:45,Full,15 min,jw,No Fish,,,,,,,,
,3/4/2025,13:00,Full,15 min,jw,No Fish,,,,,,,,
,3/4/2025,13:15,Full,15 min,jw,No Fish,,,,,,,,
,3/4/2025,13:30,Full,15 min,jw,No Fish,,,,,,,,
,3/4/2025,13:45,Full,15 min,jw,No Fish,,,,,,,,
,3/4/2025,14:00,Full,15 min,jw,No Fish,,,,,,,,
,3/4/2025,14:15,Full,15 min,jw,No Fish,,,,,,,,
,3/4/2025,14:30,Full,15 min,jw,No Fish,,,,,,,,
,3/4/2025,14:45,Full,15 min,jw,No Fish,,,,,,,,
,3/4/2025,15:00,Full,15 min,jw,No Fish,,,,,,,,
,3/4/2025,15:15,Full,15 min,jw,No Fish,,,,,,,,
,3/4/2025,15:30,Full,15 min,jw,No Fish,,,,,,,,
,3/4/2025,15:45,Full,15 min,jw,No Fish,,,,,,,,
,3/4/2025,16:00,Full,15 min,jw,No Fish,,,,,,,,
,3/4/2025,16:15,Full,15 min,jw,No Fish,,,,,,,,
,3/4/2025,16:30,Full,15 min,jw,No Fish,,,,,,,,
,3/4/2025,16:45,Full,15 min,jw,No Fish,,,,,,,,
,3/4/2025,17:00,Full,15 min,jw,No Fish,,,,,,,,
,3/4/2025,17:15,Full,15 min,jw,No Fish,,,,,,,,
,3/4/2025,17:30,Full,15 min,jw,17:34:23,upstream,44,1413,14.71,1,,,
,3/4/2025,17:45,Full,15 min,jw,No Fish,,,,,,,,
,3/4/2025,18:00,Full,15 min,jw,No Fish,,,,,,,,
,3/4/2025,18:15,Full,15 min,jw,No Fish,,,,,,,,
,3/4/2025,18:30,Full,15 min,jw,No Fish,,,,,,,,
,3/4/2025,18:45,Full,15 min,jw,No Fish,,,,,,,,
,3/4/2025,19:00,Full,15 min,jw,19:11:14,upstream,70.2,3563,10.43,1,,,
,3/4/2025,19:15,Full,15 min,jw,No Fish,,,,,,,,
,3/4/2025,19:30,Full,15 min,jw,19:37:43,upstream,66.4,2488,8.75,1,,,
,3/4/2025,19:45,Full,15 min,jw,No Fish,,,,,,,,
,3/4/2025,20:00,Full,15 min,jw,No Fish,,,,,,,,
,3/4/2025,20:15,Full,15 min,jw,No Fish,,,,,,,,
,3/4/2025,20:30,Full,15 min,jw,No Fish,,,,,,,,
,3/4/2025,20:45,Full,15 min,jw,No Fish,,,,,,,,
,3/4/2025,21:00,Full,15 min,jw,No Fish,,,,,,,,
,3/4/2025,21:15,Full,15 min,jw,No Fish,,,,,,,,
,3/4/2025,21:30,Full,15 min,jw,No Fish,,,,,,,,
,3/4/2025,21:45,Full,15 min,jw,No Fish,,,,,,,,
,3/4/2025,22:00,Full,15 min,jw,No Fish,,,,,,,,
,3/4/2025,22:15,Full,15 min,jw,No Fish,,,,,,,,
,3/4/2025,22:30,Full,15 min,jw,No Fish,,,,,,,,
,3/4/2025,22:45,Full,15 min,jw,No Fish,,,,,,,,
,3/4/2025,23:00,Full,15 min,jw,No Fish,,,,,,,,
,3/4/2025,23:15,Full,15 min,jw,23:21:24,upstream,86.3,2076,7.54,1,,,
,3/4/2025,23:30,Full,15 min,jw,No Fish,,,,,,,,
,3/4/2025,23:45,Full,15 min,jw,No Fish,,,,,,,,
,3/13/2025,0:00,Full,15 min,jw,No Fish,,,,,,,,
,3/13/2025,0:15,Full,15 min,jw,No Fish,,,,,,,,
,3/13/2025,0:30,Full,15 min,jw,No Fish,,,,,,,,
,3/13/2025,0:45,Full,15 min,jw,No Fish,,,,,,,,
,3/13/2025,1:00,Full,15 min,jw,No Fish,,,,,,,,
,3/13/2025,1:15,Full,15 min,jw,No Fish,,,,,,,,
,3/13/2025,1:30,Full,15 min,jw,1:38:05,downstream,71.2,2569,11.29,1,,,
,,,,,,1:38:16,upstream,73.5,2625,15.79,1,,,
,3/13/2025,1:45,Full,15 min,jw,1:57:21,upstream,72.4,3936,14.51,1,,,
,3/13/2025,2:00,Full,15 min,jw,No Fish,,,,,,,,
,3/13/2025,2:15,Full,15 min,jw,No Fish,,,,,,,,
,3/13/2025,2:30,Full,15 min,jw,No Fish,,,,,,,,
,3/13/2025,2:45,Full,15 min,jw,2:50:58,downstream,74.2,1896,11.98,1,,,
,3/13/2025,3:00,Full,15 min,jw,No Fish,,,,,,,,
,3/13/2025,3:15,Full,15 min,jw,3:23:50,downstream,84.3,2822,10.43,1,,,
,,,,,,3:24:31,upstream,83.9,3039,10.9,1,,,
,3/13/2025,3:30,Full,15 min,jw,No Fish,,,,,,,,
,3/13/2025,3:45,Full,15 min,jw,No Fish,,,,,,,,
,3/13/2025,4:00,Full,15 min,jw,No Fish,,,,,,,,
,3/13/2025,4:15,Full,15 min,jw,No Fish,,,,,,,,
,3/13/2025,4:30,Full,15 min,jw,4:42:28,upstream,82.6,3974,10.67,1,,,
,3/13/2025,4:45,Full,15 min,jw,No Fish,,,,,,,,
,3/13/2025,5:00,Full,15 min,jw,No Fish,,,,,,,,
,3/13/2025,5:15,Full,15 min,jw,No Fish,,,,,,,,
,3/13/2025,5:30,Full,15 min,jw,No Fish,,,,,,,,
,3/13/2025,5:45,Full,15 min,jw,No Fish,,,,,,,,
,3/13/2025,6:00,Full,15 min,jw,No Fish,,,,,,,,
,3/13/2025,6:15,Full,15 min,jw,No Fish,,,,,,,,
,3/13/2025,6:30,Full,15 min,jw,No Fish,,,,,,,,
,3/13/2025,6:45,Full,15 min,jw,No Fish,,,,,,,,
,3/13/2025,7:00,Full,15 min,jw,No Fish,,,,,,,,
,3/13/2025,7:15,Full,15 min,jw,No Fish,,,,,,,,
,3/13/2025,7:30,Full,15 min,jw,No Fish,,,,,,,,
,3/13/2025,7:45,Full,15 min,jw,No Fish,,,,,,,,
,3/13/2025,8:00,Full,15 min,jw,No Fish,,,,,,,,
,3/13/2025,8:15,Full,15 min,jw,No Fish,,,,,,,,
,3/13/2025,8:30,Full,15 min,jw,No Fish,,,,,,,,
,3/13/2025,8:45,Full,15 min,jw,No Fish,,,,,,,,
,3/13/2025,9:00,Full,15 min,jw,No Fish,,,,,,,,
,3/13/2025,9:15,Full,15 min,jw,No Fish,,,,,,,,
,3/13/2025,9:30,Full,15 min,jw,No Fish,,,,,,,,
,3/13/2025,9:45,Full,15 min,jw,No Fish,,,,,,,,
,3/13/2025,10:00,Full,15 min,jw,No Fish,,,,,,,,
,3/13/2025,10:15,Full,15 min,jw,No Fish,,,,,,,,
,3/13/2025,10:30,Full,15 min,jw,No Fish,,,,,,,,
,3/13/2025,10:45,Full,15 min,jw,No Fish,,,,,,,,
,3/13/2025,11:00,Full,15 min,jw,No Fish,,,,,,,,
,3/13/2025,11:15,Full,15 min,jw,No Fish,,,,,,,,
,3/13/2025,11:30,Full,15 min,jw,No Fish,,,,,,,,
,3/13/2025,11:45,Full,15 min,jw,No Fish,,,,,,,,
,3/13/2025,12:00,Full,15 min,jw,No Fish,,,,,,,,
,3/13/2025,12:15,Full,15 min,jw,No Fish,,,,,,,,
,3/13/2025,12:30,Full,15 min,jw,No Fish,,,,,,,,
,3/13/2025,12:45,Full,15 min,jw,No Fish,,,,,,,,
,3/13/2025,13:00,Full,15 min,jw,No Fish,,,,,,,,
,3/13/2025,13:15,Full,15 min,jw,No Fish,,,,,,,,
,3/13/2025,13:30,Full,15 min,jw,No Fish,,,,,,,,
,3/13/2025,13:45,Full,15 min,jw,No Fish,,,,,,,,
,3/13/2025,14:00,Full,15 min,jw,No Fish,,,,,,,,
,3/13/2025,14:15,Full,15 min,jw,No Fish,,,,,,,,
,3/13/2025,14:30,Full,15 min,jw,No Fish,,,,,,,,
,3/13/2025,14:45,Full,15 min,jw,No Fish,,,,,,,,
,3/13/2025,15:00,Full,15 min,jw,No Fish,,,,,,,,
,3/13/2025,15:15,Full,15 min,jw,No Fish,,,,,,,,
,3/13/2025,15:30,Full,15 min,jw,No Fish,,,,,,,,
,3/13/2025,15:45,Full,15 min,jw,No Fish,,,,,,,,
,3/13/2025,16:00,Full,15 min,jw,No Fish,,,,,,,,
,3/13/2025,16:15,Full,15 min,jw,No Fish,,,,,,,,
,3/13/2025,16:30,Full,15 min,jw,No Fish,,,,,,,,
,3/13/2025,16:45,Full,15 min,jw,No Fish,,,,,,,,
,3/13/2025,17:00,Full,15 min,jw,No Fish,,,,,,,,
,3/13/2025,17:15,Full,15 min,jw,No Fish,,,,,,,,
,3/13/2025,17:30,Full,15 min,jw,No Fish,,,,,,,,
,3/13/2025,17:45,Full,15 min,jw,No Fish,,,,,,,,
,3/13/2025,18:00,Full,15 min,jw,No Fish,,,,,,,,
,3/13/2025,18:15,Full,15 min,jw,No Fish,,,,,,,,
,3/13/2025,18:30,Full,15 min,jw,No Fish,,,,,,,,
,3/13/2025,18:45,Full,15 min,jw,No Fish,,,,,,,,
,3/13/2025,19:00,Full,15 min,jw,No Fish,,,,,,,,
,3/13/2025,19:15,Full,15 min,jw,No Fish,,,,,,,,
,3/13/2025,19:30,Full,15 min,jw,No Fish,,,,,,,,
,3/13/2025,19:45,Full,15 min,jw,19:50:24,downstream,47.9,1720,7.36,1,,,
,,,,,,19:50:40,upstream,51.9,1809,4.9,1,,,
,,,,,,19:53:13,upstream,62.4,2627,13.67,1,,,
,,,,,,19:54:01,downstream,61.8,2889,8.41,1,,,
,,,,,,19:54:04,downstream,56.4,2908,8.52,1,,,
,,,,,,19:54:42,upstream,72,3099,11.66,1,,,
,,,,,,19:58:31,downstream,69.7,4317,11.36,1,,,
,3/13/2025,20:00,Full,15 min,jw,20:04:41,upstream,58.3,1482,12.7,1,,,
,,,,,,20:08:47,upstream,77.4,2796,11.45,1,,,
,,,,,,20:11:27,upstream,61.7,3646,7.9,1,,,
,,,,,,20:11:26,upstream,58,3641,8.39,1,,,
,,,,,,20:13:17,upstream,70.2,4237,10.22,1,,,
,,,,,,20:14:16,upstream,75.1,4552,11.04,1,,,
,3/13/2025,20:15,Full,15 min,jw,20:22:18,downstream,61.8,2334,12.35,1,,,
,3/13/2025,20:30,Full,15 min,jw,20:32:08,upstream,58.6,680,9.83,1,,,
,,,,,,20:38:01,downstream,74.2,2549,10.89,1,,,
,,,,,,20:38:02,downstream,68.1,2556,10.98,1,,,
,3/13/2025,20:45,Full,15 min,jw,20:52:07,upstream,72.2,2261,10.73,1,,,
,3/13/2025,21:00,Full,15 min,jw,No Fish,,,,,,,,
,3/13/2025,21:15,Full,15 min,jw,21:28:46,downstream,43.1,4410,15.02,1,,,
,3/13/2025,21:30,Full,15 min,jw,21:43:45,upstream,68,4393,8.33,1,,,
,3/13/2025,21:45,Full,15 min,jw,21:51:00,downstream,67.5,1909,11.69,1,,,
,,,,,,21:51:14,downstream,80.2,1988,14.64,1,,,
,,,,,,21:52:27,upstream,75,2376,13.34,1,,,
,,,,,,21:52:43,upstream,70.3,2459,13.94,1,,,
,3/13/2025,22:00,Full,15 min,jw,22:13:48,upstream,70.4,4423,13.71,1,,,
,3/13/2025,22:15,Full,15 min,jw,22:20:35,downstream,45.8,1778,11.4,1,,,
,,,,,,22:21:16,downstream,79.7,2000,14.78,1,,,
,,,,,,22:21:42,upstream,80.8,2131,12.53,1,,,
,,,,,,22:28:32,downstream,64.9,4326,10.91,1,,,
,3/13/2025,22:30,Full,15 min,jw,22:35:56,downstream,63,1882,9.91,1,,,
,3/13/2025,22:45,Full,15 min,jw,22:47:03,downstream,57.3,657,8.28,2,,,
,3/13/2025,23:00,Full,15 min,jw,23:08:00,upstream,53.8,2552,13.97,1,,,
,3/13/2025,23:15,Full,15 min,jw,No Fish,,,,,,,,
,3/13/2025,23:30,Full,15 min,jw,No Fish,,,,,,,,
,3/13/2025,23:45,Full,15 min,jw,23:52:18,downstream,52.7,2330,13.54,1,,,
,3/14/2025,0:00,Full,15 min,jw,No Fish,,,,,,,,
,3/14/2025,0:15,Full,15 min,jw,No Fish,,,,,,,,
,3/14/2025,0:30,Full,15 min,jw,0:42:37,downstream,53,4029,12.88,1,,,
,3/14/2025,0:45,Full,15 min,jw,No Fish,,,,,,,,
,3/14/2025,1:00,Full,15 min,jw,No Fish,,,,,,,,
,3/14/2025,1:15,Full,15 min,jw,No Fish,,,,,,,,
,3/14/2025,1:30,Full,15 min,jw,No Fish,,,,,,,,
,3/14/2025,1:45,Full,15 min,jw,No Fish,,,,,,,,
,3/14/2025,2:00,Full,15 min,jw,No Fish,,,,,,,,
,3/14/2025,2:15,Full,15 min,jw,No Fish,,,,,,,,
,3/14/2025,2:30,Full,15 min,jw,No Fish,,,,,,,,
,3/14/2025,2:45,Full,15 min,jw,No Fish,,,,,,,,
,3/14/2025,3:00,Full,15 min,jw,No Fish,,,,,,,,
,3/14/2025,3:15,Full,15 min,jw,No Fish,,,,,,,,
,3/14/2025,3:30,Full,15 min,jw,No Fish,,,,,,,,
,3/14/2025,3:45,Full,15 min,jw,No Fish,,,,,,,,
,3/14/2025,4:00,Full,15 min,jw,No Fish,,,,,,,,
,3/14/2025,4:15,Full,15 min,jw,No Fish,,,,,,,,
,3/14/2025,4:30,Full,15 min,jw,No Fish,,,,,,,,
,3/14/2025,4:45,Full,15 min,jw,4:56:01,downstream,75.3,3514,13.99,1,,,
,,,,,,4:56:39,upstream,44.5,3703,13.26,1,,,
,3/14/2025,5:00,Full,15 min,jw,No Fish,,,,,,,,
,3/14/2025,5:15,Full,15 min,jw,No Fish,,,,,,,,
,3/14/2025,5:30,Full,15 min,jw,5:35:35,upstream,73,1782,11.46,1,,,
,3/14/2025,5:45,Full,15 min,jw,5:58:29,upstream,62.2,4317,10.73,1,,,
,3/14/2025,6:00,Full,15 min,jw,No Fish,,,,,,,,
,3/14/2025,6:15,Full,15 min,jw,6:25:43,upstream,79.9,3442,10.58,1,,,
,3/14/2025,6:30,Full,15 min,jw,No Fish,,,,,,,,
,3/14/2025,6:45,Full,15 min,jw,6:56:14,upstream,51.5,3586,11.59,1,,,
,,,,,,6:58:49,upstream,77,4399,12.36,1,,,
,3/14/2025,7:00,Full,15 min,jw,No Fish,,,,,,,,
,3/14/2025,7:15,Full,15 min,jw,No Fish,,,,,,,,
,3/14/2025,7:30,Full,15 min,jw,No Fish,,,,,,,,
,3/14/2025,7:45,Full,15 min,jw,No Fish,,,,,,,,
,3/14/2025,8:00,Full,15 min,jw,No Fish,,,,,,,,
,3/14/2025,8:15,Full,15 min,jw,No Fish,,,,,,,,
,3/14/2025,8:30,Full,15 min,jw,No Fish,,,,,,,,
,3/14/2025,8:45,Full,15 min,jw,No Fish,,,,,,,,
,3/14/2025,9:00,Full,15 min,jw,No Fish,,,,,,,,
,3/14/2025,9:15,Full,15 min,jw,No Fish,,,,,,,,
,3/14/2025,9:30,Full,15 min,jw,No Fish,,,,,,,,
,3/14/2025,9:45,Full,15 min,jw,No Fish,,,,,,,,
,3/14/2025,10:00,Full,15 min,jw,No Fish,,,,,,,,
,3/14/2025,10:15,Full,15 min,jw,No Fish,,,,,,,,
,3/14/2025,10:30,Full,15 min,jw,No Fish,,,,,,,,
,3/14/2025,10:45,Full,15 min,jw,No Fish,,,,,,,,
,3/14/2025,11:00,Full,15 min,jw,No Fish,,,,,,,,
,3/14/2025,11:15,Full,15 min,jw,No Fish,,,,,,,,
,3/14/2025,11:30,Full,15 min,jw,No Fish,,,,,,,,
,3/14/2025,11:45,Full,15 min,jw,No Fish,,,,,,,,
,3/14/2025,12:00,Full,15 min,jw,No Fish,,,,,,,,
,3/14/2025,12:15,Full,15 min,jw,No Fish,,,,,,,,
,3/14/2025,12:30,Full,15 min,jw,No Fish,,,,,,,,
,3/14/2025,12:45,Full,15 min,jw,No Fish,,,,,,,,
,3/14/2025,13:00,Full,15 min,jw,No Fish,,,,,,,,
,3/14/2025,13:15,Full,15 min,jw,No Fish,,,,,,,,
,3/14/2025,13:30,Full,15 min,jw,No Fish,,,,,,,,
,3/14/2025,13:45,Full,15 min,jw,No Fish,,,,,,,,
,3/14/2025,14:00,Full,15 min,jw,No Fish,,,,,,,,
,3/14/2025,14:15,Full,15 min,jw,No Fish,,,,,,,,
,3/14/2025,14:30,Full,15 min,jw,No Fish,,,,,,,,
,3/14/2025,14:45,Full,15 min,jw,No Fish,,,,,,,,
,3/14/2025,15:00,Full,15 min,jw,No Fish,,,,,,,,
,3/14/2025,15:15,Full,15 min,jw,No Fish,,,,,,,,
,3/14/2025,15:30,Full,15 min,jw,No Fish,,,,,,,,
,3/14/2025,15:45,Full,15 min,jw,No Fish,,,,,,,,
,3/14/2025,16:00,Full,15 min,jw,No Fish,,,,,,,,
,3/14/2025,16:15,Full,15 min,jw,No Fish,,,,,,,,
,3/14/2025,16:30,Full,15 min,jw,No Fish,,,,,,,,
,3/14/2025,16:45,Full,15 min,jw,No Fish,,,,,,,,
,3/14/2025,17:00,Full,15 min,jw,No Fish,,,,,,,,
,3/14/2025,17:15,Full,15 min,jw,No Fish,,,,,,,,
,3/14/2025,17:30,Full,15 min,jw,No Fish,,,,,,,,
,3/14/2025,17:45,Full,15 min,jw,No Fish,,,,,,,,
,3/14/2025,18:00,Full,15 min,jw,No Fish,,,,,,,,
,3/14/2025,18:15,Full,15 min,jw,No Fish,,,,,,,,
,3/14/2025,18:30,Full,15 min,jw,No Fish,,,,,,,,
,3/14/2025,18:45,Full,15 min,jw,No Fish,,,,,,,,
,3/14/2025,19:00,Full,15 min,jw,No Fish,,,,,,,,
,3/14/2025,19:15,Full,15 min,jw,No Fish,,,,,,,,
,3/14/2025,19:30,Full,15 min,jw,No Fish,,,,,,,,
,3/14/2025,19:45,Full,15 min,jw,No Fish,,,,,,,,
,3/14/2025,20:00,Full,15 min,jw ,20:10:55,downstream,60.2,3551,3.73,1,,,
,3/14/2025,20:15,Full,15 min,jw,20:19:26,upstream,61.3,1442,11.05,1,,,
,,,,,,20:23:40,upstream,42.6,2822,13.75,1,,,
,3/14/2025,20:30,Full,15 min,jw,20:37:03,upstream,47.4,2287,13.33,1,,,
,,,,,,20:43:07,upstream,55.5,4268,4.27,1,,,
,3/14/2025,20:45,Full,15 min,jw,No Fish,,,,,,,,
,3/14/2025,21:00,Full,15 min,jw,21:04:02,downstream,54.4,1309,4.03,1,,,
,3/14/2025,21:15,Full,15 min,jw,No Fish,,,,,,,,
,3/14/2025,21:30,Full,15 min,jw,No Fish,,,,,,,,
,3/14/2025,21:45,Full,15 min,jw,No Fish,,,,,,,,
,3/14/2025,22:00,Full,15 min,jw,22:01:28,upstream,74.9,469,13.75,1,,,
,3/14/2025,22:15,Full,15 min,jw,No Fish,,,,,,,,
,3/14/2025,22:30,Full,15 min,jw,No Fish,,,,,,,,
,3/14/2025,22:45,Full,15 min,jw,22:51:01,upstream,55.4,1947,13.8,1,,,
,3/14/2025,23:00,Full,15 min,jw,No Fish,,,,,,,,
,3/14/2025,23:15,Full,15 min,jw,No Fish,,,,,,,,
,3/14/2025,23:30,Full,15 min,jw,No Fish,,,,,,,,
,3/14/2025,23:45,Full,15 min,jw,No Fish,,,,,,,,
,3/15/2025,0:00,Full,15 min,jw,0:05:13,downstream,60.3,1701,8.53,1,,,
,,,,,,0:05:13,downstream,74,1698,8.17,1,,,
,,,,,,0:05:30,upstream,54.9,1791,12.9,1,,,
,,,,,,0:05:55,downstream,45.9,1925,11.64,1,,,
,,,,,,0:11:27,upstream,45.8,3724,12.39,1,,,
,3/15/2025,0:15,Full,15 min,jw,No Fish,,,,,,,,
,3/15/2025,0:30,Full,15 min,jw,No Fish,,,,,,,,
,3/15/2025,0:45,Full,15 min,jw,No Fish,,,,,,,,
,3/15/2025,1:00,Full,15 min,jw,No Fish,,,,,,,,
,3/15/2025,1:15,Full,15 min,jw,No Fish,,,,,,,,
,3/15/2025,1:30,Full,15 min,jw,No Fish,,,,,,,,
,3/15/2025,1:45,Full,15 min,jw,1:45:09,upstream,46.9,45,15.41,1,,,
,,,,,,1:58:56,downstream,60.2,4536,11.51,1,,,
,3/15/2025,2:00,Full,15 min,jw,No Fish,,,,,,,,
,3/15/2025,2:15,Full,15 min,jw,2:15:51,upstream,60.9,272,10.72,1,,,
,3/15/2025,2:30,Full,15 min,jw,No Fish,,,,,,,,
,3/15/2025,2:45,Full,15 min,jw,2:54:21,upstream,70.6,3026,10.11,1,,,
,3/15/2025,3:00,Full,15 min,jw,No Fish,,,,,,,,
,3/15/2025,3:15,Full,15 min,jw,No Fish,,,,,,,,
,3/15/2025,3:30,Full,15 min,jw,No Fish,,,,,,,,
,3/15/2025,3:45,Full,15 min,jw,No Fish,,,,,,,,
,3/15/2025,4:00,Full,15 min,jw,No Fish,,,,,,,,
,3/15/2025,4:15,Full,15 min,jw,No Fish,,,,,,,,
,3/15/2025,4:30,Full,15 min,jw,No Fish,,,,,,,,
,3/15/2025,4:45,Full,15 min,jw,No Fish,,,,,,,,
,3/15/2025,5:00,Full,15 min,jw,No Fish,,,,,,,,
,3/15/2025,5:15,Full,15 min,jw,No Fish,,,,,,,,
,3/15/2025,5:30,Full,15 min,jw,No Fish,,,,,,,,
,3/15/2025,5:45,Full,15 min,jw,No Fish,,,,,,,,
,3/15/2025,6:00,Full,15 min,jw,No Fish,,,,,,,,
,3/15/2025,6:15,Full,15 min,jw,No Fish,,,,,,,,
,3/15/2025,6:30,Full,15 min,jw,No Fish,,,,,,,,
,3/15/2025,6:45,Full,15 min,jw,No Fish,,,,,,,,
,3/15/2025,7:00,Full,15 min,jw,No Fish,,,,,,,,
,3/15/2025,7:15,Full,15 min,jw,No Fish,,,,,,,,
,3/15/2025,7:30,Full,15 min,jw,7:42:09,upstream,84.6,3953,12.58,1,,,
,,,,,,7:42:11,upstream,53.2,3966,12.52,1,,,
,3/15/2025,7:45,Full,15 min,jw,No Fish,,,,,,,,
,3/15/2025,8:00,Full,15 min,jw,No Fish,,,,,,,,
,3/15/2025,8:15,Full,15 min,jw,No Fish,,,,,,,,
,3/15/2025,8:30,Full,15 min,jw,No Fish,,,,,,,,
,3/15/2025,8:45,Full,15 min,jw,No Fish,,,,,,,,
,3/15/2025,9:00,Full,15 min,jw,No Fish,,,,,,,,
,3/15/2025,9:15,Full,15 min,jw,No Fish,,,,,,,,
,3/15/2025,9:30,Full,15 min,jw,No Fish,,,,,,,,
,3/15/2025,9:45,Full,15 min,jw,No Fish,,,,,,,,
,3/15/2025,10:00,Full,15 min,jw,No Fish,,,,,,,,
,3/15/2025,10:15,Full,15 min,jw,No Fish,,,,,,,,
,3/15/2025,10:30,Full,15 min,jw,No Fish,,,,,,,,
,3/15/2025,10:45,Full,15 min,jw,No Fish,,,,,,,,
,3/15/2025,11:00,Full,15 min,jw,No Fish,,,,,,,,
,3/15/2025,11:15,Full,15 min,jw,No Fish,,,,,,,,
,3/15/2025,11:30,Full,15 min,jw,No Fish,,,,,,,,
,3/15/2025,11:45,Full,15 min,jw,No Fish,,,,,,,,
,3/15/2025,12:00,Full,15 min,jw,No Fish,,,,,,,,
,3/15/2025,12:15,Full,15 min,jw,No Fish,,,,,,,,
,3/15/2025,12:30,Full,15 min,jw,No Fish,,,,,,,,
,3/15/2025,12:45,Full,15 min,jw,No Fish,,,,,,,,
,3/15/2025,13:00,Full,15 min,jw,No Fish,,,,,,,,
,3/15/2025,13:15,Full,15 min,jw,No Fish,,,,,,,,
,3/15/2025,13:30,Full,15 min,jw,No Fish,,,,,,,,
,3/15/2025,13:45,Full,15 min,jw,No Fish,,,,,,,,
,3/15/2025,14:00,Full,15 min,jw,No Fish,,,,,,,,
,3/15/2025,14:15,Full,15 min,jw,No Fish,,,,,,,,
,3/15/2025,14:30,Full,15 min,jw,No Fish,,,,,,,,
,3/15/2025,14:45,Full,15 min,jw,No Fish,,,,,,,,
,3/15/2025,15:00,Full,15 min,jw,No Fish,,,,,,,,
,3/15/2025,15:15,Full,15 min,jw,No Fish,,,,,,,,
,3/15/2025,15:30,Full,15 min,jw,No Fish,,,,,,,,
,3/15/2025,15:45,Full,15 min,jw,No Fish,,,,,,,,
,3/15/2025,16:00,Full,15 min,jw,No Fish,,,,,,,,
,3/15/2025,16:15,Full,15 min,jw,No Fish,,,,,,,,
,3/15/2025,16:30,Full,15 min,jw,No Fish,,,,,,,,
,3/15/2025,16:45,Full,15 min,jw,No Fish,,,,,,,,
,3/15/2025,17:00,Full,15 min,jw,No Fish,,,,,,,,
,3/15/2025,17:15,Full,15 min,jw,No Fish,,,,,,,,
,3/15/2025,17:30,Full,15 min,jw,No Fish,,,,,,,,
,3/15/2025,17:45,Full,15 min,jw,No Fish,,,,,,,,
,3/15/2025,18:00,Full,15 min,jw,No Fish,,,,,,,,
,3/15/2025,18:15,Full,15 min,jw,No Fish,,,,,,,,
,3/15/2025,18:30,Full,15 min,jw,No Fish,,,,,,,,
,3/15/2025,18:45,Full,15 min,jw,No Fish,,,,,,,,
,3/15/2025,19:00,Full,15 min,jw,No Fish,,,,,,,,
,3/15/2025,19:15,Full,15 min,jw,No Fish,,,,,,,,
,3/15/2025,19:30,Full,15 min,jw,19:35:44,upstream,42.5,1869,13.48,1,,,
,3/15/2025,19:45,Full,15 min,jw,19:46:34,downstream,53,507,8.33,1,,,
,3/15/2025,20:00,Full,15 min,jw,20:12:51,downstream,55,4183,11.05,1,,,
,3/15/2025,20:15,Full,15 min,jw,20:22:20,upstream,55.4,2386,13.9,1,,,
,3/15/2025,20:30,Full,15 min,jw,No Fish,,,,,,,,
,3/15/2025,20:45,Full,15 min,jw,20:55:53,upstream,45.5,3544,14.51,1,,,
,3/15/2025,21:00,Full,15 min,jw,21:00:51,upstream,66.6,272,14.17,1,,,
,3/15/2025,21:15,Full,15 min,jw,21:23:04,upstream,44.3,2621,5.22,1,,,
,3/15/2025,21:30,Full,15 min,jw,No Fish,,,,,,,,
,3/15/2025,21:45,Full,15 min,jw,21:53:04,downstream,44.5,2623,4.02,1,,,
,3/15/2025,22:00,Full,15 min,jw,No Fish,,,,,,,,
,3/15/2025,22:15,Full,15 min,jw,No Fish,,,,,,,,
,3/15/2025,22:30,Full,15 min,jw,No Fish,,,,,,,,
,3/15/2025,22:45,Full,15 min,jw,No Fish,,,,,,,,
,3/15/2025,23:00,Full,15 min,jw,No Fish,,,,,,,,
,3/15/2025,23:15,Full,15 min,jw,No Fish,,,,,,,,
,3/15/2025,23:30,Full,15 min,jw,No Fish,,,,,,,,
,3/15/2025,23:45,Full,15 min,jw,No Fish,,,,,,,,
,3/17/2025,0:00,Full,15 min,jw,No Fish,,,,,,,,
,3/17/2025,0:15,Full,15 min,jw,No Fish,,,,,,,,
,3/17/2025,0:30,Full,15 min,jw,No Fish,,,,,,,,
,3/17/2025,0:45,Full,15 min,jw,No Fish,,,,,,,,
,3/17/2025,1:00,Full,15 min,jw,1:08:21,upstream,66,2716,13.55,1,,,
,,,,,,1:11:19,downstream,65.4,3679,12.09,1,,,
,3/17/2025,1:15,Full,15 min,jw,1:22:05,upstream,64.1,2303,13.58,1,,,
,3/17/2025,1:30,Full,15 min,jw,No Fish,,,,,,,,
,3/17/2025,1:45,Full,15 min,jw,No Fish,,,,,,,,
,3/17/2025,2:00,Full,15 min,jw,No Fish,,,,,,,,
,3/17/2025,2:15,Full,15 min,jw,2:29:37,upstream,71.5,4750,8.22,1,,,
,3/17/2025,2:30,Full,15 min,jw,No Fish,,,,,,,,
,3/17/2025,2:45,Full,15 min,jw,No Fish,,,,,,,,
,3/17/2025,3:00,Full,15 min,jw,No Fish,,,,,,,,
,3/17/2025,3:15,Full,15 min,jw,No Fish,,,,,,,,
,3/17/2025,3:30,Full,15 min,jw,3:43:47,upstream,53.2,4481,13.49,1,,,
,3/17/2025,3:45,Full,15 min,jw,No Fish,,,,,,,,
,3/17/2025,4:00,Full,15 min,jw,No Fish,,,,,,,,
,3/17/2025,4:15,Full,15 min,jw,No Fish,,,,,,,,
,3/17/2025,4:30,Full,15 min,jw,No Fish,,,,,,,,
,3/17/2025,4:45,Full,15 min,jw,4:55:38,upstream,51.1,3457,14.18,1,,,
,3/17/2025,5:00,Full,15 min,jw,No Fish,,,,,,,,
,3/17/2025,5:15,Full,15 min,jw,No Fish,,,,,,,,
,3/17/2025,5:30,Full,15 min,jw,No Fish,,,,,,,,
,3/17/2025,5:45,Full,15 min,jw,No Fish,,,,,,,,
,3/17/2025,6:00,Full,15 min,jw,6:06:51,upstream,52.3,2228,6.66,1,,,
,3/17/2025,6:15,Full,15 min,jw,6:29:26,downstream,39,4687,9.49,1,,,
,3/17/2025,6:30,Full,15 min,jw,6:30:03,upstream,40.4,14,15,1,,,
,3/17/2025,6:45,Full,15 min,jw,No Fish,,,,,,,,
,3/17/2025,7:00,Full,15 min,jw,No Fish,,,,,,,,
,3/17/2025,7:15,Full,15 min,jw,No Fish,,,,,,,,
,3/17/2025,7:30,Full,15 min,jw,No Fish,,,,,,,,
,3/17/2025,7:45,Full,15 min,jw,No Fish,,,,,,,,
,3/17/2025,8:00,Full,15 min,jw,No Fish,,,,,,,,
,3/17/2025,8:15,Full,15 min,jw,No Fish,,,,,,,,
,3/17/2025,8:30,Full,15 min,jw,No Fish,,,,,,,,
,3/17/2025,8:45,Full,15 min,jw,No Fish,,,,,,,,
,3/17/2025,9:00,Full,15 min,jw,No Fish,,,,,,,,
,3/17/2025,9:15,Full,15 min,jw,No Fish,,,,,,,,
,3/17/2025,9:30,Full,15 min,jw,No Fish,,,,,,,,
,3/17/2025,9:45,Full,15 min,jw,No Fish,,,,,,,,
,3/17/2025,10:00,Full,15 min,jw,No Fish,,,,,,,,
,3/17/2025,10:15,Full,15 min,jw,No Fish,,,,,,,,
,3/17/2025,10:30,Full,15 min,jw,No Fish,,,,,,,,
,3/17/2025,10:45,Full,15 min,jw,No Fish,,,,,,,,
,3/17/2025,11:00,Full,15 min,jw,No Fish,,,,,,,,
,3/17/2025,11:15,Full,15 min,jw,No Fish,,,,,,,,
,3/17/2025,11:30,Full,15 min,jw,No Fish,,,,,,,,
,3/17/2025,11:45,Full,15 min,jw,No Fish,,,,,,,,
,3/17/2025,12:00,Full,15 min,jw,No Fish,,,,,,,,
,3/17/2025,12:15,Full,15 min,jw,No Fish,,,,,,,,
,3/17/2025,12:30,Full,15 min,jw,No Fish,,,,,,,,
,3/17/2025,12:45,Full,15 min,jw,No Fish,,,,,,,,
,3/17/2025,13:00,Full,15 min,jw,No Fish,,,,,,,,
,3/17/2025,13:15,Full,15 min,jw,No Fish,,,,,,,,
,3/17/2025,13:30,Full,15 min,jw,No Fish,,,,,,,,
,3/17/2025,13:45,Full,15 min,jw,No Fish,,,,,,,,
,3/17/2025,14:00,Full,15 min,jw,14:14:21,upstream,63.9,4652,11.54,1,,,
,3/17/2025,14:15,Full,15 min,jw,No Fish,,,,,,,,
,3/17/2025,14:30,Full,15 min,jw,No Fish,,,,,,,,
,3/17/2025,14:45,Full,15 min,jw,No Fish,,,,,,,,
,3/17/2025,15:00,Full,15 min,jw,No Fish,,,,,,,,
,3/17/2025,15:15,Full,15 min,jw,No Fish,,,,,,,,
,3/17/2025,15:30,Full,15 min,jw,No Fish,,,,,,,,
,3/17/2025,15:45,Full,15 min,jw,No Fish,,,,,,,,
,3/17/2025,16:00,Full,15 min,jw,No Fish,,,,,,,,
,3/17/2025,16:15,Full,15 min,jw,16:26:01,upstream,70.2,3568,4.72,1,,,
,,,,,,16:26:01,upstream,53.4,3570,4.31,1,,,
,3/17/2025,16:30,Full,15 min,jw,No Fish,,,,,,,,
,3/17/2025,16:45,Full,15 min,jw,No Fish,,,,,,,,
,3/17/2025,17:00,Full,15 min,jw,No Fish,,,,,,,,
,3/17/2025,17:15,Full,15 min,jw,17:22:51,downstream,50.2,2539,9.5,1,,,
,,,,,,17:23:38,upstream,56.1,2801,8.61,1,,,
,3/17/2025,17:30,Full,15 min,jw,No Fish,,,,,,,,
,3/17/2025,17:45,Full,15 min,jw,No Fish,,,,,,,,
,3/17/2025,18:00,Full,15 min,jw,No Fish,,,,,,,,
,3/17/2025,18:15,Full,15 min,jw,No Fish,,,,,,,,
,3/17/2025,18:30,Full,15 min,jw,No Fish,,,,,,,,
,3/17/2025,18:45,Full,15 min,jw,No Fish,,,,,,,,
,3/17/2025,19:00,Full,15 min,jw,No Fish,,,,,,,,
,3/17/2025,19:15,Full,15 min,jw,No Fish,,,,,,,,
,3/17/2025,19:30,Full,15 min,jw,No Fish,,,,,,,,
,3/17/2025,19:45,Full,15 min,jw,19:52:09,downstream,67,2327,10.13,1,,,
,,,,,,19:58:52,upstream,48.1,4508,12.33,1,,,
,3/17/2025,20:00,Full,15 min,jw,No Fish,,,,,,,,
,3/17/2025,20:15,Full,15 min,jw,20:27:06,downstream,56,3924,12,1,,,
,,,,,,20:27:31,downstream,53.4,4054,8.75,1,,,
,,,,,,20:28:34,upstream,50.9,4400,5.16,1,,,
,3/17/2025,20:30,Full,15 min,jw,20:34:16,upstream,53.9,1385,11.16,1,,,
,,,,,,20:40:18,downstream,52.7,3347,14.91,1,,,
,3/17/2025,20:45,Full,15 min,jw,20:47:43,upstream,66.7,874,10.9,1,,,
,,,,,,20:49:35,downstream,57.5,1484,11.6,1,,,
,3/17/2025,21:00,Full,15 min,jw,21:08:06,upstream,60,2627,13.57,1,,,
,3/17/2025,21:15,Full,15 min,jw,21:22:13,upstream,50.8,2342,14.7,1,,,
,3/17/2025,21:30,Full,15 min,jw,21:40:21,downstream,50.5,3354,14.08,1,,,
,3/17/2025,21:45,Full,15 min,jw,No Fish,,,,,,,,
,3/17/2025,22:00,Full,15 min,jw,No Fish,,,,,,,,
,3/17/2025,22:15,Full,15 min,jw,22:16:41,upstream,57.7,541,11.13,1,,,
,3/17/2025,22:30,Full,15 min,jw,22:33:28,downstream,55.7,1129,10.79,1,,,
,,,,,,22:36:04,downstream,67.6,1968,7.23,1,,,
,3/17/2025,22:45,Full,15 min,jw,No Fish,,,,,,,,
,3/17/2025,23:00,Full,15 min,jw,23:04:48,upstream,64.7,1555,14.04,1,,,
,3/17/2025,23:15,Full,15 min,jw,23:15:44,upstream,70.4,234,9.81,1,,,
,3/17/2025,23:30,Full,15 min,jw,No Fish,,,,,,,,
,3/17/2025,23:45,Full,15 min,jw,No Fish,,,,,,,,
,3/24/2025,0:00,Full,15 min,jw,No Fish,,,,,,,,
,3/24/2025,0:15,Full,15 min,jw,0:27:56,upstream,74.6,4186,8.9,1,,,
,3/24/2025,0:30,Full,15 min,jw,0:31:22,upstream,65.3,440,9.71,1,,,
,,,,,,0:32:47,upstream,66.2,902,9.53,1,,,
,3/24/2025,0:45,Full,15 min,jw,No Fish,,,,,,,,
,3/24/2025,1:00,Full,15 min,jw,1:06:42,upstream,65.2,2163,13.6,1,,,
,3/24/2025,1:15,Full,15 min,jw,1:18:55,upstream,63.8,1272,8.67,1,,,
,3/24/2025,1:30,Full,15 min,jw,No Fish,,,,,,,,
,3/24/2025,1:45,Full,15 min,jw,No Fish,,,,,,,,
,3/24/2025,2:00,Full,15 min,jw,2:01:42,downstream,62.5,550,11.09,1,,,
,3/24/2025,2:15,Full,15 min,jw,2:24:57,upstream,59.4,3231,7.54,1,,,
,3/24/2025,2:30,Full,15 min,jw,No Fish,,,,,,,,
,3/24/2025,2:45,Full,15 min,jw,No Fish,,,,,,,,
,3/24/2025,3:00,Full,15 min,jw,3:02:12,downstream,58.8,715,11.06,1,,,
,,,,,,3:07:56,downstream,55.2,2577,13.76,1,,,
,3/24/2025,3:15,Full,15 min,jw,3:24:14,upstream,69.2,2986,13.37,1,,,
,3/24/2025,3:30,Full,15 min,jw,3:34:47,downstream,65.4,1555,9.87,1,,,
,3/24/2025,3:45,Full,15 min,jw,No Fish,,,,,,,,
,3/24/2025,4:00,Full,15 min,jw,No Fish,,,,,,,,
,3/24/2025,4:15,Full,15 min,jw,No Fish,,,,,,,,
,3/24/2025,4:30,Full,15 min,jw,No Fish,,,,,,,,
,3/24/2025,4:45,Full,15 min,jw,No Fish,,,,,,,,
,3/24/2025,5:00,Full,15 min,jw,No Fish,,,,,,,,
,3/24/2025,5:15,Full,15 min,jw,5:19:44,upstream,65.9,1533,15.56,1,,,
,3/24/2025,5:30,Full,15 min,jw,5:43:30,downstream,40.7,4373,5.88,1,,,
,3/24/2025,5:45,Full,15 min,jw,5:48:55,downstream,59.6,1263,12.36,1,,,
,3/24/2025,6:00,Full,15 min,jw,No Fish,,,,,,,,
,3/24/2025,6:15,Full,15 min,jw,No Fish,,,,,,,,
,3/24/2025,6:30,Full,15 min,jw,No Fish,,,,,,,,
,3/24/2025,6:45,Full,15 min,jw,No Fish,,,,,,,,
,3/24/2025,7:00,Full,15 min,jw,7:14:14,upstream,65.5,4609,7.04,1,,,
,3/24/2025,7:15,Full,15 min,jw,No Fish,,,,,,,,
,3/24/2025,7:30,Full,15 min,jw,No Fish,,,,,,,,
,3/24/2025,7:45,Full,15 min,jw,No Fish,,,,,,,,
,3/24/2025,8:00,Full,15 min,jw,No Fish,,,,,,,,
,3/24/2025,8:15,Full,15 min,jw,No Fish,,,,,,,,
,3/24/2025,8:30,Full,15 min,jw,8:33:10,upstream,61.8,1024,7.18,1,,,
,3/24/2025,8:45,Full,15 min,jw,No Fish,,,,,,,,
,3/24/2025,9:00,Full,15 min,jw,No Fish,,,,,,,,
,3/24/2025,9:15,Full,15 min,jw,No Fish,,,,,,,,
,3/24/2025,9:30,Full,15 min,jw,No Fish,,,,,,,,
,3/24/2025,9:45,Full,15 min,jw,No Fish,,,,,,,,
,3/24/2025,10:00,Full,15 min,jw,No Fish,,,,,,,,
,3/24/2025,10:15,Full,15 min,jw,10:17:44,upstream,52.3,878,3.8,1,,,
,3/24/2025,10:30,Full,15 min,jw,No Fish,,,,,,,,
,3/24/2025,10:45,Full,15 min,jw,No Fish,,,,,,,,
,3/24/2025,11:00,Full,15 min,jw,No Fish,,,,,,,,
,3/24/2025,11:15,Full,15 min,jw,No Fish,,,,,,,,
,3/24/2025,11:30,Full,15 min,jw,No Fish,,,,,,,,
,3/24/2025,11:45,Full,15 min,jw,No Fish,,,,,,,,
,3/24/2025,12:00,Full,15 min,jw,No Fish,,,,,,,,
,3/24/2025,12:15,Full,15 min,jw,No Fish,,,,,,,,
,3/24/2025,12:30,Full,15 min,jw,No Fish,,,,,,,,
,3/24/2025,12:45,Full,15 min,jw,No Fish,,,,,,,,
,3/24/2025,13:00,Full,15 min,jw,No Fish,,,,,,,,
,3/24/2025,13:15,Full,15 min,jw,No Fish,,,,,,,,
,3/24/2025,13:30,Full,15 min,jw,No Fish,,,,,,,,
,3/24/2025,13:45,Full,15 min,jw,No Fish,,,,,,,,
,3/24/2025,14:00,Full,15 min,jw,14:02:38,upstream,61.7,848,5.34,1,,,
,3/24/2025,14:15,Full,15 min,jw,No Fish,,,,,,,,
,3/24/2025,14:30,Full,15 min,jw,No Fish,,,,,,,,
,3/24/2025,14:45,Full,15 min,jw,No Fish,,,,,,,,
,3/24/2025,15:00,Full,15 min,jw,No Fish,,,,,,,,
,3/24/2025,15:15,Full,15 min,jw,No Fish,,,,,,,,
,3/24/2025,15:30,Full,15 min,jw,15:30:09,downstream,51,44,11.14,1,,,
,,,,,,15:37:34,upstream,61.9,2449,3.6,1,,,
,3/24/2025,15:45,Full,15 min,jw,No Fish,,,,,,,,
,3/24/2025,16:00,Full,15 min,jw,16:00:13,downstream,50.6,67,11.94,1,,,
,3/24/2025,16:15,Full,15 min,jw,No Fish,,,,,,,,
,3/24/2025,16:30,Full,15 min,jw,16:34:25,upstream,51.9,1426,6.98,1,,,
,3/24/2025,16:45,Full,15 min,jw,No Fish,,,,,,,,
,3/24/2025,17:00,Full,15 min,jw,No Fish,,,,,,,,
,3/24/2025,17:15,Full,15 min,jw,No Fish,,,,,,,,
,3/24/2025,17:30,Full,15 min,jw,No Fish,,,,,,,,
,3/24/2025,17:45,Full,15 min,jw,No Fish,,,,,,,,
,3/24/2025,18:00,Full,15 min,jw,18:03:57,upstream,47.4,1278,12.59,1,,,
,3/24/2025,18:15,Full,15 min,jw,No Fish,,,,,,,,
,3/24/2025,18:30,Full,15 min,jw,No Fish,,,,,,,,
,3/24/2025,18:45,Full,15 min,jw,No Fish,,,,,,,,
,3/24/2025,19:00,Full,15 min,jw,No Fish,,,,,,,,
,3/24/2025,19:15,Full,15 min,jw,No Fish,,,,,,,,
,3/24/2025,19:30,Full,15 min,jw,19:32:26,upstream,57,783,3.7,1,,,
,3/24/2025,19:45,Full,15 min,jw,No Fish,,,,,,,,
,3/24/2025,20:00,Full,15 min,jw,No Fish,,,,,,,,
,3/24/2025,20:15,Full,15 min,jw,20:26:42,upstream,66.3,3786,12.92,1,,,
,3/24/2025,20:30,Full,15 min,jw,No Fish,,,,,,,,
,3/24/2025,20:45,Full,15 min,jw,No Fish,,,,,,,,
,3/24/2025,21:00,Full,15 min,jw,No Fish,,,,,,,,
,3/24/2025,21:15,Full,15 min,jw,No Fish,,,,,,,,
,3/24/2025,21:30,Full,15 min,jw,No Fish,,,,,,,,
,3/24/2025,21:45,Full,15 min,jw,21:51:02,upstream,64.3,1947,6.91,1,,,
,3/24/2025,22:00,Full,15 min,jw,No Fish,,,,,,,,
,3/24/2025,22:15,Full,15 min,jw,No Fish,,,,,,,,
,3/24/2025,22:30,Full,15 min,jw,No Fish,,,,,,,,
,3/24/2025,22:45,Full,15 min,jw,No Fish,,,,,,,,
,3/24/2025,23:00,Full,15 min,jw,No Fish,,,,,,,,
,3/24/2025,23:15,Full,15 min,jw,23:20:44,upstream,54.8,1845,3.82,1,,,
,3/24/2025,23:30,Full,15 min,jw,No Fish,,,,,,,,
,3/24/2025,23:45,Full,15 min,jw,No Fish,,,,,,,,
,3/25/2025,0:00,Full,15 min,jw,No Fish,,,,,,,,
,3/25/2025,0:15,Full,15 min,jw,No Fish,,,,,,,,
,3/25/2025,0:30,Full,15 min,jw,No Fish,,,,,,,,
,3/25/2025,0:45,Full,15 min,jw,No Fish,,,,,,,,
,3/25/2025,1:00,Full,15 min,jw,No Fish,,,,,,,,
,3/25/2025,1:15,Full,15 min,jw,No Fish,,,,,,,,
,3/25/2025,1:30,Full,15 min,jw,No Fish,,,,,,,,
,3/25/2025,1:45,Full,15 min,jw,No Fish,,,,,,,,
,3/25/2025,2:00,Full,15 min,jw,2:00:50,upstream,71.7,264,9.94,1,,,
,3/25/2025,2:15,Full,15 min,jw,No Fish,,,,,,,,
,3/25/2025,2:30,Full,15 min,jw,No Fish,,,,,,,,
,3/25/2025,2:45,Full,15 min,jw,No Fish,,,,,,,,
,3/25/2025,3:00,Full,15 min,jw,No Fish,,,,,,,,
,3/25/2025,3:15,Full,15 min,jw,No Fish,,,,,,,,
,3/25/2025,3:30,Full,15 min,jw,No Fish,,,,,,,,
,3/25/2025,3:45,Full,15 min,jw,No Fish,,,,,,,,
,3/25/2025,4:00,Full,15 min,jw,No Fish,,,,,,,,
,3/25/2025,4:15,Full,15 min,jw,No Fish,,,,,,,,
,3/25/2025,4:30,Full,15 min,jw,No Fish,,,,,,,,
,3/25/2025,4:45,Full,15 min,jw,No Fish,,,,,,,,
,3/25/2025,5:00,Full,15 min,jw,No Fish,,,,,,,,
,3/25/2025,5:15,Full,15 min,jw,No Fish,,,,,,,,
,3/25/2025,5:30,Full,15 min,jw,No Fish,,,,,,,,
,3/25/2025,5:45,Full,15 min,jw,No Fish,,,,,,,,
,3/25/2025,6:00,Full,15 min,jw,No Fish,,,,,,,,
,3/25/2025,6:15,Full,15 min,jw,No Fish,,,,,,,,
,3/25/2025,6:30,Full,15 min,jw,No Fish,,,,,,,,
,3/25/2025,6:45,Full,15 min,jw,No Fish,,,,,,,,
,3/25/2025,7:00,Full,15 min,jw,No Fish,,,,,,,,
,3/25/2025,7:15,Full,15 min,jw,No Fish,,,,,,,,
,3/25/2025,7:30,Full,15 min,jw,No Fish,,,,,,,,
,3/25/2025,7:45,Full,15 min,jw,No Fish,,,,,,,,
,3/25/2025,8:00,Full,15 min,jw,No Fish,,,,,,,,
,3/25/2025,8:15,Full,15 min,jw,No Fish,,,,,,,,
,3/25/2025,8:30,Full,15 min,jw,No Fish,,,,,,,,
,3/25/2025,8:45,Partial,15 min,jw,No Fish,,,,,,,,
,3/25/2025,9:00,Sonar Out,,,,,,,,,,,
,3/25/2025,9:15,Sonar Out,,,,,,,,,,,
,3/25/2025,9:30,Sonar Out,,,,,,,,,,,
,3/25/2025,9:45,Sonar Out,,,,,,,,,,,
,3/25/2025,10:00,Sonar Out,,,,,,,,,,,
,3/25/2025,10:15,Sonar Out,,,,,,,,,,,
,3/25/2025,10:30,Sonar Out,,,,,,,,,,,
,3/25/2025,10:45,Sonar Out,,,,,,,,,,,
,3/25/2025,11:00,Sonar Out,,,,,,,,,,,
,3/25/2025,11:15,Sonar Out,,,,,,,,,,,
,3/25/2025,11:30,Sonar Out,,,,,,,,,,,
,3/25/2025,11:45,Sonar Out,,,,,,,,,,,
,3/25/2025,12:00,Sonar Out,,,,,,,,,,,
,3/25/2025,12:15,Sonar Out,,,,,,,,,,,
,3/25/2025,12:30,Sonar Out,,,,,,,,,,,
,3/25/2025,12:45,Sonar Out,,,,,,,,,,,
,3/25/2025,13:00,Sonar Out,,,,,,,,,,,
,3/25/2025,13:15,Sonar Out,,,,,,,,,,,
,3/25/2025,13:30,Sonar Out,,,,,,,,,,,
,3/25/2025,13:45,Sonar Out,,,,,,,,,,,
,3/25/2025,14:00,Sonar Out,,,,,,,,,,,
,3/25/2025,14:15,Sonar Out,,,,,,,,,,,
,3/25/2025,14:30,Sonar Out,,,,,,,,,,,
,3/25/2025,14:45,Sonar Out,,,,,,,,,,,
,3/25/2025,15:00,Sonar Out,,,,,,,,,,,
,3/25/2025,15:15,Sonar Out,,,,,,,,,,,
,3/25/2025,15:30,Sonar Out,,,,,,,,,,,
,3/25/2025,15:45,Sonar Out,,,,,,,,,,,
,3/25/2025,16:00,Sonar Out,,,,,,,,,,,
,3/25/2025,16:15,Sonar Out,,,,,,,,,,,
,3/25/2025,16:30,Sonar Out,,,,,,,,,,,
,3/25/2025,16:45,Sonar Out,,,,,,,,,,,
,3/25/2025,17:00,Sonar Out,,,,,,,,,,,
,3/25/2025,17:15,Sonar Out,,,,,,,,,,,
,3/25/2025,17:30,Sonar Out,,,,,,,,,,,
,3/25/2025,17:45,Sonar Out,,,,,,,,,,,
,3/25/2025,18:00,Full,15 min,jw,18:11:10,upstream,77.2,3576,7.51,1,,,
,3/25/2025,18:15,Full,15 min,jw,No Fish,,,,,,,,
,3/25/2025,18:30,Full,15 min,jw,No Fish,,,,,,,,
,3/25/2025,18:45,Full,15 min,jw,No Fish,,,,,,,,
,3/25/2025,19:00,Full,15 min,jw,No Fish,,,,,,,,
,3/25/2025,19:15,Full,15 min,jw,No Fish,,,,,,,,
,3/25/2025,19:30,Full,15 min,jw,No Fish,,,,,,,,
,3/25/2025,19:45,Full,15 min,jw,No Fish,,,,,,,,
,3/25/2025,20:00,Full,15 min,jw,No Fish,,,,,,,,
,3/25/2025,20:15,Full,15 min,jw,No Fish,,,,,,,,
,3/25/2025,20:30,Full,15 min,jw,No Fish,,,,,,,,
,3/25/2025,20:45,Full,15 min,jw,No Fish,,,,,,,,
,3/25/2025,21:00,Full,15 min,jw,No Fish,,,,,,,,
,3/25/2025,21:15,Full,15 min,jw,No Fish,,,,,,,,
,3/25/2025,21:30,Full,15 min,jw,No Fish,,,,,,,,
,3/25/2025,21:45,Full,15 min,jw,No Fish,,,,,,,,
,3/25/2025,22:00,Full,15 min,jw,No Fish,,,,,,,,
,3/25/2025,22:15,Full,15 min,jw,No Fish,,,,,,,,
,3/25/2025,22:30,Full,15 min,jw,No Fish,,,,,,,,
,3/25/2025,22:45,Full,15 min,jw,No Fish,,,,,,,,
,3/25/2025,23:00,Full,15 min,jw,No Fish,,,,,,,,
,3/25/2025,23:15,Full,15 min,jw,No Fish,,,,,,,,
,3/25/2025,23:30,Full,15 min,jw,No Fish,,,,,,,,
,3/25/2025,23:45,Full,15 min,jw,No Fish,,,,,,,,
,3/26/2025,0:00,Full,15 min,jw,No Fish,,,,,,,,
,3/26/2025,0:15,Full,15 min,jw,No Fish,,,,,,,,
,3/26/2025,0:30,Full,15 min,jw,No Fish,,,,,,,,
,3/26/2025,0:45,Full,15 min,jw,No Fish,,,,,,,,
,3/26/2025,1:00,Full,15 min,jw,No Fish,,,,,,,,
,3/26/2025,1:15,Full,15 min,jw,No Fish,,,,,,,,
,3/26/2025,1:30,Full,15 min,jw,No Fish,,,,,,,,
,3/26/2025,1:45,Full,15 min,jw,No Fish,,,,,,,,
,3/26/2025,2:00,Full,15 min,jw,No Fish,,,,,,,,
,3/26/2025,2:15,Full,15 min,jw,No Fish,,,,,,,,
,3/26/2025,2:30,Full,15 min,jw,No Fish,,,,,,,,
,3/26/2025,2:45,Full,15 min,jw,No Fish,,,,,,,,
,3/26/2025,3:00,Full,15 min,jw,No Fish,,,,,,,,
,3/26/2025,3:15,Full,15 min,jw,No Fish,,,,,,,,
,3/26/2025,3:30,Full,15 min,jw,No Fish,,,,,,,,
,3/26/2025,3:45,Full,15 min,jw,No Fish,,,,,,,,
,3/26/2025,4:00,Full,15 min,jw,No Fish,,,,,,,,
,3/26/2025,4:15,Full,15 min,jw,No Fish,,,,,,,,
,3/26/2025,4:30,Full,15 min,jw,No Fish,,,,,,,,
,3/26/2025,4:45,Full,15 min,jw,No Fish,,,,,,,,
,3/26/2025,5:00,Full,15 min,jw,No Fish,,,,,,,,
,3/26/2025,5:15,Full,15 min,jw,No Fish,,,,,,,,
,3/26/2025,5:30,Full,15 min,jw,No Fish,,,,,,,,
,3/26/2025,5:45,Full,15 min,jw,No Fish,,,,,,,,
,3/26/2025,6:00,Full,15 min,jw,No Fish,,,,,,,,
,3/26/2025,6:15,Full,15 min,jw,No Fish,,,,,,,,
,3/26/2025,6:30,Full,15 min,jw,No Fish,,,,,,,,
,3/26/2025,6:45,Full,15 min,jw,No Fish,,,,,,,,
,3/26/2025,7:00,Full,15 min,jw,No Fish,,,,,,,,
,3/26/2025,7:15,Full,15 min,jw,No Fish,,,,,,,,
,3/26/2025,7:30,Full,15 min,jw,No Fish,,,,,,,,
,3/26/2025,7:45,Full,15 min,jw,No Fish,,,,,,,,
,3/26/2025,8:00,Full,15 min,jw,No Fish,,,,,,,,
,3/26/2025,8:15,Full,15 min,jw,No Fish,,,,,,,,
,3/26/2025,8:30,Full,15 min,jw,No Fish,,,,,,,,
,3/26/2025,8:45,Full,15 min,jw,No Fish,,,,,,,,
,3/26/2025,9:00,Full,15 min,jw,No Fish,,,,,,,,
,3/26/2025,9:15,Full,15 min,jw,No Fish,,,,,,,,
,3/26/2025,9:30,Full,15 min,jw,No Fish,,,,,,,,
,3/26/2025,9:45,Full,15 min,jw,No Fish,,,,,,,,
,3/26/2025,10:00,Full,15 min,jw,No Fish,,,,,,,,
,3/26/2025,10:15,Full,15 min,jw,No Fish,,,,,,,,
,3/26/2025,10:30,Full,15 min,jw,No Fish,,,,,,,,
,3/26/2025,10:45,Full,15 min,jw,No Fish,,,,,,,,
,3/26/2025,11:00,Full,15 min,jw,No Fish,,,,,,,,
,3/26/2025,11:15,Full,15 min,jw,No Fish,,,,,,,,
,3/26/2025,11:30,Full,15 min,jw,No Fish,,,,,,,,
,3/26/2025,11:45,Full,15 min,jw,No Fish,,,,,,,,
,3/26/2025,12:00,Full,15 min,jw,No Fish,,,,,,,,
,3/26/2025,12:15,Full,15 min,jw,No Fish,,,,,,,,
,3/26/2025,12:30,Full,15 min,jw,No Fish,,,,,,,,
,3/26/2025,12:45,Full,15 min,jw,No Fish,,,,,,,,
,3/26/2025,13:00,Full,15 min,jw,No Fish,,,,,,,,
,3/26/2025,13:15,Full,15 min,jw,No Fish,,,,,,,,
,3/26/2025,13:30,Full,15 min,jw,No Fish,,,,,,,,
,3/26/2025,13:45,Full,15 min,jw,No Fish,,,,,,,,
,3/26/2025,14:00,Full,15 min,jw,No Fish,,,,,,,,
,3/26/2025,14:15,Full,15 min,jw,No Fish,,,,,,,,
,3/26/2025,14:30,Full,15 min,jw,No Fish,,,,,,,,
,3/26/2025,14:45,Full,15 min,jw,No Fish,,,,,,,,
,3/26/2025,15:00,Full,15 min,jw,No Fish,,,,,,,,
,3/26/2025,15:15,Full,15 min,jw,No Fish,,,,,,,,
,3/26/2025,15:30,Full,15 min,jw,No Fish,,,,,,,,
,3/26/2025,15:45,Full,15 min,jw,No Fish,,,,,,,,
,3/26/2025,16:00,Full,15 min,jw,No Fish,,,,,,,,
,3/26/2025,16:15,Full,15 min,jw,No Fish,,,,,,,,
,3/26/2025,16:30,Full,15 min,jw,No Fish,,,,,,,,
,3/26/2025,16:45,Full,15 min,jw,No Fish,,,,,,,,
,3/26/2025,17:00,Full,15 min,jw,No Fish,,,,,,,,
,3/26/2025,17:15,Full,15 min,jw,17:22:06,upstream,72.6,2314,14.55,1,,,
,,,,,,17:25:38,downstream,49.5,3461,11.87,1,,,
,3/26/2025,17:30,Full,15 min,jw,No Fish,,,,,,,,
,3/26/2025,17:45,Full,15 min,jw,No Fish,,,,,,,,
,3/26/2025,18:00,Full,15 min,jw,No Fish,,,,,,,,
,3/26/2025,18:15,Full,15 min,jw,No Fish,,,,,,,,
,3/26/2025,18:30,Full,15 min,jw,No Fish,,,,,,,,
,3/26/2025,18:45,Full,15 min,jw,No Fish,,,,,,,,
,3/26/2025,19:00,Full,15 min,jw,No Fish,,,,,,,,
,3/26/2025,19:15,Full,15 min,jw,No Fish,,,,,,,,
,3/26/2025,19:30,Full,15 min,jw,No Fish,,,,,,,,
,3/26/2025,19:45,Full,15 min,jw,No Fish,,,,,,,,
,3/26/2025,20:00,Full,15 min,jw,No Fish,,,,,,,,
,3/26/2025,20:15,Full,15 min,jw,No Fish,,,,,,,,
,3/26/2025,20:30,Full,15 min,jw,No Fish,,,,,,,,
,3/26/2025,20:45,Full,15 min,jw,No Fish,,,,,,,,
,3/26/2025,21:00,Full,15 min,jw,No Fish,,,,,,,,
,3/26/2025,21:15,Full,15 min,jw,No Fish,,,,,,,,
,3/26/2025,21:30,Full,15 min,jw,No Fish,,,,,,,,
,3/26/2025,21:45,Full,15 min,jw,No Fish,,,,,,,,
,3/26/2025,22:00,Full,15 min,jw,No Fish,,,,,,,,
,3/26/2025,22:15,Full,15 min,jw,No Fish,,,,,,,,
,3/26/2025,22:30,Full,15 min,jw,No Fish,,,,,,,,
,3/26/2025,22:45,Full,15 min,jw,No Fish,,,,,,,,
,3/26/2025,23:00,Full,15 min,jw,No Fish,,,,,,,,
,3/26/2025,23:15,Full,15 min,jw,No Fish,,,,,,,,
,3/26/2025,23:30,Full,15 min,jw,No Fish,,,,,,,,
,3/26/2025,23:45,Full,15 min,jw,No Fish,,,,,,,,
,4/3/2025,0:00,Full,15 min,jw,No Fish,,,,,,,,
,4/3/2025,0:15,Full,15 min,jw,No Fish,,,,,,,,
,4/3/2025,0:30,Full,15 min,jw,No Fish,,,,,,,,
,4/3/2025,0:45,Full,15 min,jw,No Fish,,,,,,,,
,4/3/2025,1:00,Full,15 min,jw,No Fish,,,,,,,,
,4/3/2025,1:15,Full,15 min,jw,No Fish,,,,,,,,
,4/3/2025,1:30,Full,15 min,jw,1:36:02,upstream,72.4,1951,15.32,1,,,
,4/3/2025,1:45,Full,15 min,jw,No Fish,,,,,,,,
,4/3/2025,2:00,Full,15 min,jw,No Fish,,,,,,,,
,4/3/2025,2:15,Full,15 min,jw,No Fish,,,,,,,,
,4/3/2025,2:30,Full,15 min,jw,No Fish,,,,,,,,
,4/3/2025,2:45,Full,15 min,jw,2:47:14,upstream,64.2,714,11.04,1,,,
,,,,,,2:58:55,upstream,69.4,4507,14.33,1,,,
,4/3/2025,3:00,Full,15 min,jw,No Fish,,,,,,,,
,4/3/2025,3:15,Full,15 min,jw,No Fish,,,,,,,,
,4/3/2025,3:30,Full,15 min,jw,3:44:05,upstream,47.2,4545,8.08,1,,,
,4/3/2025,3:45,Full,15 min,jw,No Fish,,,,,,,,
,4/3/2025,4:00,Full,15 min,jw,No Fish,,,,,,,,
,4/3/2025,4:15,Full,15 min,jw,4:16:56,upstream,65.5,620,15.67,1,,,
,4/3/2025,4:30,Full,15 min,jw,No Fish,,,,,,,,
,4/3/2025,4:45,Full,15 min,jw,No Fish,,,,,,,,
,4/3/2025,5:00,Full,15 min,jw,No Fish,,,,,,,,
,4/3/2025,5:15,Full,15 min,jw,No Fish,,,,,,,,
,4/3/2025,5:30,Full,15 min,jw,No Fish,,,,,,,,
,4/3/2025,5:45,Full,15 min,jw,No Fish,,,,,,,,
,4/3/2025,6:00,Full,15 min,jw,No Fish,,,,,,,,
,4/3/2025,6:15,Full,15 min,jw,6:23:37,upstream,75.1,2771,10.34,1,,,
,4/3/2025,6:30,Full,15 min,jw,No Fish,,,,,,,,
,4/3/2025,6:45,Full,15 min,jw,No Fish,,,,,,,,
,4/3/2025,7:00,Full,15 min,jw,No Fish,,,,,,,,
,4/3/2025,7:15,Full,15 min,jw,No Fish,,,,,,,,
,4/3/2025,7:30,Full,15 min,jw,No Fish,,,,,,,,
,4/3/2025,7:45,Full,15 min,jw,No Fish,,,,,,,,
,4/3/2025,8:00,Full,15 min,jw,No Fish,,,,,,,,
,4/3/2025,8:15,Full,15 min,jw,No Fish,,,,,,,,
,4/3/2025,8:30,Full,15 min,jw,No Fish,,,,,,,,
,4/3/2025,8:45,Full,15 min,jw,No Fish,,,,,,,,
,4/3/2025,9:00,Full,15 min,jw,No Fish,,,,,,,,
,4/3/2025,9:15,Full,15 min,jw,No Fish,,,,,,,,
,4/3/2025,9:30,Full,15 min,jw,No Fish,,,,,,,,
,4/3/2025,9:45,Full,15 min,jw,No Fish,,,,,,,,
,4/3/2025,10:00,Full,15 min,jw,No Fish,,,,,,,,
,4/3/2025,10:15,Full,15 min,jw,10:28:37,upstream,68.4,4403,15.2,1,,,
,4/3/2025,10:30,Full,15 min,jw,No Fish,,,,,,,,
,4/3/2025,10:45,Full,15 min,jw,No Fish,,,,,,,,
,4/3/2025,11:00,Full,15 min,jw,No Fish,,,,,,,,
,4/3/2025,11:15,Full,15 min,jw,No Fish,,,,,,,,
,4/3/2025,11:30,Full,15 min,jw,11:39:43,upstream,60.2,3151,13.34,1,,,
,4/3/2025,11:45,Full,15 min,jw,No Fish,,,,,,,,
,4/3/2025,12:00,Full,15 min,jw,No Fish,,,,,,,,
,4/3/2025,12:15,Full,15 min,jw,No Fish,,,,,,,,
,4/3/2025,12:30,Full,15 min,jw,No Fish,,,,,,,,
,4/3/2025,12:45,Full,15 min,jw,No Fish,,,,,,,,
,4/3/2025,13:00,Full,15 min,jw,No Fish,,,,,,,,
,4/3/2025,13:15,Full,15 min,jw,No Fish,,,,,,,,
,4/3/2025,13:30,Full,15 min,jw,No Fish,,,,,,,,
,4/3/2025,13:45,Full,15 min,jw,No Fish,,,,,,,,
,4/3/2025,14:00,Full,15 min,jw,No Fish,,,,,,,,
,4/3/2025,14:15,Full,15 min,jw,No Fish,,,,,,,,
,4/3/2025,14:30,Full,15 min,jw,No Fish,,,,,,,,
,4/3/2025,14:45,Full,15 min,jw,No Fish,,,,,,,,
,4/3/2025,15:00,Full,15 min,jw,No Fish,,,,,,,,
,4/3/2025,15:15,Full,15 min,jw,No Fish,,,,,,,,
,4/3/2025,15:30,Full,15 min,jw,No Fish,,,,,,,,
,4/3/2025,15:45,Full,15 min,jw,No Fish,,,,,,,,
,4/3/2025,16:00,Full,15 min,jw,No Fish,,,,,,,,
,4/3/2025,16:15,Full,15 min,jw,No Fish,,,,,,,,
,4/3/2025,16:30,Full,15 min,jw,No Fish,,,,,,,,
,4/3/2025,16:45,Full,15 min,jw,No Fish,,,,,,,,
,4/3/2025,17:00,Full,15 min,jw,No Fish,,,,,,,,
,4/3/2025,17:15,Full,15 min,jw,No Fish,,,,,,,,
,4/3/2025,17:30,Full,15 min,jw,No Fish,,,,,,,,
,4/3/2025,17:45,Full,15 min,jw,No Fish,,,,,,,,
,4/3/2025,18:00,Full,15 min,jw,No Fish,,,,,,,,
,4/3/2025,18:15,Full,15 min,jw,No Fish,,,,,,,,
,4/3/2025,18:30,Full,15 min,jw,No Fish,,,,,,,,
,4/3/2025,18:45,Full,15 min,jw,No Fish,,,,,,,,
,4/3/2025,19:00,Full,15 min,jw,No Fish,,,,,,,,
,4/3/2025,19:15,Full,15 min,jw,No Fish,,,,,,,,
,4/3/2025,19:30,Full,15 min,jw,No Fish,,,,,,,,
,4/3/2025,19:45,Full,15 min,jw,No Fish,,,,,,,,
,4/3/2025,20:00,Full,15 min,jw,No Fish,,,,,,,,
,4/3/2025,20:15,Full,15 min,jw,No Fish,,,,,,,,
,4/3/2025,20:30,Full,15 min,jw,20:42:04,upstream,76.6,3912,1,,,,
,,,,,,20:42:05,upstream,69,3917,1,,,,
,,,,,,20:42:06,upstream,71.9,3927,1,,,,
,4/3/2025,20:45,Full,15 min,jw,No Fish,,,,,,,,
,4/3/2025,21:00,Full,15 min,jw,21:08:45,upstream,63.7,2837,1,,,,
,4/3/2025,21:15,Full,15 min,jw,No Fish,,,,,,,,
,4/3/2025,21:30,Full,15 min,jw,21:30:03,upstream,60.6,13,1,,,,
,4/3/2025,21:45,Full,15 min,jw,21:50:29,upstream,64.3,1772,1,,,,
,4/3/2025,22:00,Full,15 min,jw,No Fish,,,,,,,,
,4/3/2025,22:15,Full,15 min,jw,No Fish,,,,,,,,
,4/3/2025,22:30,Full,15 min,jw,No Fish,,,,,,,,
,4/3/2025,22:45,Full,15 min,jw,No Fish,,,,,,,,
,4/3/2025,23:00,Full,15 min,jw,No Fish,,,,,,,,
,4/3/2025,23:15,Full,15 min,jw,23:28:47,upstream,68.2,4460,1,,,,
,4/3/2025,23:30,Full,15 min,jw,No Fish,,,,,,,,
,4/3/2025,23:45,Full,15 min,jw,No Fish,,,,,,,,
,4/4/2025,0:00,Full,15 min,jw,No Fish,,,,,,,,
,4/4/2025,0:15,Full,15 min,jw,No Fish,,,,,,,,
,4/4/2025,0:30,Full,15 min,jw,No Fish,,,,,,,,
,4/4/2025,0:45,Full,15 min,jw,No Fish,,,,,,,,
,4/4/2025,1:00,Full,15 min,jw,No Fish,,,,,,,,
,4/4/2025,1:15,Full,15 min,jw,No Fish,,,,,,,,
,4/4/2025,1:30,Full,15 min,jw,No Fish,,,,,,,,
,4/4/2025,1:45,Full,15 min,jw,1:50:37,upstream,67.6,1819,8.8,1,,,
,4/4/2025,2:00,Full,15 min,jw,No Fish,,,,,,,,
,4/4/2025,2:15,Full,15 min,jw,No Fish,,,,,,,,
,4/4/2025,2:30,Full,15 min,jw,No Fish,,,,,,,,
,4/4/2025,2:45,Full,15 min,jw,No Fish,,,,,,,,
,4/4/2025,3:00,Full,15 min,jw,No Fish,,,,,,,,
,4/4/2025,3:15,Full,15 min,jw,No Fish,,,,,,,,
,4/4/2025,3:30,Full,15 min,jw,3:31:08,upstream,78.3,361,13.22,1,,,
,4/4/2025,3:45,Full,15 min,jw,No Fish,,,,,,,,
,4/4/2025,4:00,Full,15 min,jw,No Fish,,,,,,,,
,4/4/2025,4:15,Full,15 min,jw,4:27:16,upstream,54.5,3969,13.39,1,,,
,4/4/2025,4:30,Full,15 min,jw,No Fish,,,,,,,,
,4/4/2025,4:45,Full,15 min,jw,No Fish,,,,,,,,
,4/4/2025,5:00,Full,15 min,jw,No Fish,,,,,,,,
,4/4/2025,5:15,Full,15 min,jw,No Fish,,,,,,,,
,4/4/2025,5:30,Full,15 min,jw,No Fish,,,,,,,,
,4/4/2025,5:45,Full,15 min,jw,No Fish,,,,,,,,
,4/4/2025,6:00,Full,15 min,jw,No Fish,,,,,,,,
,4/4/2025,6:15,Full,15 min,jw,No Fish,,,,,,,,
,4/4/2025,6:30,Full,15 min,jw,No Fish,,,,,,,,
,4/4/2025,6:45,Full,15 min,jw,No Fish,,,,,,,,
,4/4/2025,7:00,Full,15 min,jw,No Fish,,,,,,,,
,4/4/2025,7:15,Full,15 min,jw,No Fish,,,,,,,,
,4/4/2025,7:30,Full,15 min,jw,No Fish,,,,,,,,
,4/4/2025,7:45,Full,15 min,jw,No Fish,,,,,,,,
,4/4/2025,8:00,Full,15 min,jw,No Fish,,,,,,,,
,4/4/2025,8:15,Full,15 min,jw,No Fish,,,,,,,,
,4/4/2025,8:30,Full,15 min,jw,No Fish,,,,,,,,
,4/4/2025,8:45,Full,15 min,jw,No Fish,,,,,,,,
,4/4/2025,9:00,Full,15 min,jw,9:04:52,downstream,78.4,1572,12.62,1,,,
,4/4/2025,9:15,Full,15 min,jw,No Fish,,,,,,,,
,4/4/2025,9:30,Full,15 min,jw,No Fish,,,,,,,,
,4/4/2025,9:45,Full,15 min,jw,No Fish,,,,,,,,
,4/4/2025,10:00,Full,15 min,jw,No Fish,,,,,,,,
,4/4/2025,10:15,Full,15 min,jw,No Fish,,,,,,,,
,4/4/2025,10:30,Full,15 min,jw,No Fish,,,,,,,,
,4/4/2025,10:45,Full,15 min,jw,No Fish,,,,,,,,
,4/4/2025,11:00,Full,15 min,jw,No Fish,,,,,,,,
,4/4/2025,11:15,Full,15 min,jw,No Fish,,,,,,,,
,4/4/2025,11:30,Full,15 min,jw,No Fish,,,,,,,,
,4/4/2025,11:45,Full,15 min,jw,No Fish,,,,,,,,
,4/4/2025,12:00,Full,15 min,jw,No Fish,,,,,,,,
,4/4/2025,12:15,Full,15 min,jw,No Fish,,,,,,,,
,4/4/2025,12:30,Full,15 min,jw,No Fish,,,,,,,,
,4/4/2025,12:45,Full,15 min,jw,No Fish,,,,,,,,
,4/4/2025,13:00,Full,15 min,jw,No Fish,,,,,,,,
,4/4/2025,13:15,Full,15 min,jw,No Fish,,,,,,,,
,4/4/2025,13:30,Full,15 min,jw,No Fish,,,,,,,,
,4/4/2025,13:45,Full,15 min,jw,No Fish,,,,,,,,
,4/4/2025,14:00,Full,15 min,jw,No Fish,,,,,,,,
,4/4/2025,14:15,Full,15 min,jw,No Fish,,,,,,,,
,4/4/2025,14:30,Full,15 min,jw,No Fish,,,,,,,,
,4/4/2025,14:45,Full,15 min,jw,No Fish,,,,,,,,
,4/4/2025,15:00,Full,15 min,jw,No Fish,,,,,,,,
,4/4/2025,15:15,Full,15 min,jw,No Fish,,,,,,,,
,4/4/2025,15:30,Full,15 min,jw,No Fish,,,,,,,,
,4/4/2025,15:45,Full,15 min,jw,No Fish,,,,,,,,
,4/4/2025,16:00,Full,15 min,jw,No Fish,,,,,,,,
,4/4/2025,16:15,Full,15 min,jw,No Fish,,,,,,,,
,4/4/2025,16:30,Full,15 min,jw,No Fish,,,,,,,,
,4/4/2025,16:45,Full,15 min,jw,No Fish,,,,,,,,
,4/4/2025,17:00,Full,15 min,jw,No Fish,,,,,,,,
,4/4/2025,17:15,Full,15 min,jw,No Fish,,,,,,,,
,4/4/2025,17:30,Full,15 min,jw,No Fish,,,,,,,,
,4/4/2025,17:45,Full,15 min,jw,No Fish,,,,,,,,
,4/4/2025,18:00,Full,15 min,jw,No Fish,,,,,,,,
,4/4/2025,18:15,Full,15 min,jw,No Fish,,,,,,,,
,4/4/2025,18:30,Full,15 min,jw,No Fish,,,,,,,,
,4/4/2025,18:45,Full,15 min,jw,No Fish,,,,,,,,
,4/4/2025,19:00,Full,15 min,jw,No Fish,,,,,,,,
,4/4/2025,19:15,Full,15 min,jw,No Fish,,,,,,,,
,4/4/2025,19:30,Full,15 min,jw,No Fish,,,,,,,,
,4/4/2025,19:45,Full,15 min,jw,No Fish,,,,,,,,
,4/4/2025,20:00,Full,15 min,jw ,20:11:49,upstream,72,3829,13.41,1,,,
,4/4/2025,20:15,Full,15 min,jw,No Fish,,,,,,,,
,4/4/2025,20:30,Full,15 min,jw,20:34:40,downstream,58.8,1509,8.4,1,,,
,4/4/2025,20:45,Full,15 min,jw,No Fish,,,,,,,,
,4/4/2025,21:00,Full,15 min,jw,No Fish,,,,,,,,
,4/4/2025,21:15,Full,15 min,jw,No Fish,,,,,,,,
,4/4/2025,21:30,Full,15 min,jw,No Fish,,,,,,,,
,4/4/2025,21:45,Full,15 min,jw,21:53:26,upstream,59.6,2733,7.32,1,,,
,4/4/2025,22:00,Full,15 min,jw,No Fish,,,,,,,,
,4/4/2025,22:15,Full,15 min,jw,22:18:47,upstream,61.3,1216,6.9,1,,,
,,,,,,22:22:48,upstream,55.6,2519,5.41,1,,,
,,,,,,22:22:51,upstream,64.9,2535,5.82,1,,,
,4/4/2025,22:30,Full,15 min,jw,22:39:55,downstream,68.8,3216,14.64,1,,,
,4/4/2025,22:45,Full,15 min,jw,No Fish,,,,,,,,
,4/4/2025,23:00,Full,15 min,jw,No Fish,,,,,,,,
,4/4/2025,23:15,Full,15 min,jw,No Fish,,,,,,,,
,4/4/2025,23:30,Full,15 min,jw,No Fish,,,,,,,,
,4/4/2025,23:45,Full,15 min,jw,23:49:34,upstream,68.8,1480,15.47,1,,,
,4/5/2025,0:00,Full,15 min,jw,No Fish,,,,,,,,
,4/5/2025,0:15,Full,15 min,jw,No Fish,,,,,,,,
,4/5/2025,0:30,Full,15 min,jw,0:42:19,upstream,68.9,3993,10.43,1,,,
,4/5/2025,0:45,Full,15 min,jw,No Fish,,,,,,,,
,4/5/2025,1:00,Full,15 min,jw,No Fish,,,,,,,,
,4/5/2025,1:15,Full,15 min,jw,1:26:56,upstream,70.7,3850,10.43,1,,,
,4/5/2025,1:30,Full,15 min,jw,No Fish,,,,,,,,
,4/5/2025,1:45,Full,15 min,jw,No Fish,,,,,,,,
,4/5/2025,2:00,Full,15 min,jw,No Fish,,,,,,,,
,4/5/2025,2:15,Full,15 min,jw,No Fish,,,,,,,,
,4/5/2025,2:30,Full,15 min,jw,No Fish,,,,,,,,
,4/5/2025,2:45,Full,15 min,jw,No Fish,,,,,,,,
,4/5/2025,3:00,Full,15 min,jw,No Fish,,,,,,,,
,4/5/2025,3:15,Full,15 min,jw,No Fish,,,,,,,,
,4/5/2025,3:30,Full,15 min,jw,No Fish,,,,,,,,
,4/5/2025,3:45,Full,15 min,jw,No Fish,,,,,,,,
,4/5/2025,4:00,Full,15 min,jw,No Fish,,,,,,,,
,4/5/2025,4:15,Full,15 min,jw,No Fish,,,,,,,,
,4/5/2025,4:30,Full,15 min,jw,No Fish,,,,,,,,
,4/5/2025,4:45,Full,15 min,jw,No Fish,,,,,,,,
,4/5/2025,5:00,Full,15 min,jw,No Fish,,,,,,,,
,4/5/2025,5:15,Full,15 min,jw,No Fish,,,,,,,,
,4/5/2025,5:30,Full,15 min,jw,No Fish,,,,,,,,
,4/5/2025,5:45,Full,15 min,jw,No Fish,,,,,,,,
,4/5/2025,6:00,Full,15 min,jw,No Fish,,,,,,,,
,4/5/2025,6:15,Full,15 min,jw,No Fish,,,,,,,,
,4/5/2025,6:30,Full,15 min,jw,No Fish,,,,,,,,
,4/5/2025,6:45,Full,15 min,jw,No Fish,,,,,,,,
,4/5/2025,7:00,Full,15 min,jw,No Fish,,,,,,,,
,4/5/2025,7:15,Full,15 min,jw,No Fish,,,,,,,,
,4/5/2025,7:30,Full,15 min,jw,No Fish,,,,,,,,
,4/5/2025,7:45,Full,15 min,jw,No Fish,,,,,,,,
,4/5/2025,8:00,Full,15 min,jw,No Fish,,,,,,,,
,4/5/2025,8:15,Full,15 min,jw,No Fish,,,,,,,,
,4/5/2025,8:30,Full,15 min,jw,No Fish,,,,,,,,
,4/5/2025,8:45,Full,15 min,jw,No Fish,,,,,,,,
,4/5/2025,9:00,Full,15 min,jw,No Fish,,,,,,,,
,4/5/2025,9:15,Full,15 min,jw,No Fish,,,,,,,,
,4/5/2025,9:30,Full,15 min,jw,No Fish,,,,,,,,
,4/5/2025,9:45,Full,15 min,jw,No Fish,,,,,,,,
,4/5/2025,10:00,Full,15 min,jw,No Fish,,,,,,,,
,4/5/2025,10:15,Full,15 min,jw,No Fish,,,,,,,,
,4/5/2025,10:30,Full,15 min,jw,No Fish,,,,,,,,
,4/5/2025,10:45,Full,15 min,jw,No Fish,,,,,,,,
,4/5/2025,11:00,Full,15 min,jw,No Fish,,,,,,,,
,4/5/2025,11:15,Full,15 min,jw,No Fish,,,,,,,,
,4/5/2025,11:30,Full,15 min,jw,No Fish,,,,,,,,
,4/5/2025,11:45,Full,15 min,jw,No Fish,,,,,,,,
,4/5/2025,12:00,Full,15 min,jw,No Fish,,,,,,,,
,4/5/2025,12:15,Full,15 min,jw,No Fish,,,,,,,,
,4/5/2025,12:30,Full,15 min,jw,No Fish,,,,,,,,
,4/5/2025,12:45,Full,15 min,jw,No Fish,,,,,,,,
,4/5/2025,13:00,Full,15 min,jw,No Fish,,,,,,,,
,4/5/2025,13:15,Full,15 min,jw,No Fish,,,,,,,,
,4/5/2025,13:30,Full,15 min,jw,No Fish,,,,,,,,
,4/5/2025,13:45,Full,15 min,jw,No Fish,,,,,,,,
,4/5/2025,14:00,Full,15 min,jw,No Fish,,,,,,,,
,4/5/2025,14:15,Full,15 min,jw,No Fish,,,,,,,,
,4/5/2025,14:30,Full,15 min,jw,No Fish,,,,,,,,
,4/5/2025,14:45,Full,15 min,jw,No Fish,,,,,,,,
,4/5/2025,15:00,Full,15 min,jw,No Fish,,,,,,,,
,4/5/2025,15:15,Full,15 min,jw,No Fish,,,,,,,,
,4/5/2025,15:30,Full,15 min,jw,No Fish,,,,,,,,
,4/5/2025,15:45,Full,15 min,jw,No Fish,,,,,,,,
,4/5/2025,16:00,Full,15 min,jw,No Fish,,,,,,,,
,4/5/2025,16:15,Full,15 min,jw,No Fish,,,,,,,,
,4/5/2025,16:30,Full,15 min,jw,No Fish,,,,,,,,
,4/5/2025,16:45,Full,15 min,jw,No Fish,,,,,,,,
,4/5/2025,17:00,Full,15 min,jw,No Fish,,,,,,,,
,4/5/2025,17:15,Full,15 min,jw,No Fish,,,,,,,,
,4/5/2025,17:30,Full,15 min,jw,No Fish,,,,,,,,
,4/5/2025,17:45,Full,15 min,jw,No Fish,,,,,,,,
,4/5/2025,18:00,Full,15 min,jw,No Fish,,,,,,,,
,4/5/2025,18:15,Full,15 min,jw,No Fish,,,,,,,,
,4/5/2025,18:30,Full,15 min,jw,No Fish,,,,,,,,
,4/5/2025,18:45,Full,15 min,jw,No Fish,,,,,,,,
,4/5/2025,19:00,Full,15 min,jw,No Fish,,,,,,,,
,4/5/2025,19:15,Full,15 min,jw,No Fish,,,,,,,,
,4/5/2025,19:30,Full,15 min,jw,No Fish,,,,,,,,
,4/5/2025,19:45,Full,15 min,jw,No Fish,,,,,,,,
,4/5/2025,20:00,Full,15 min,jw,No Fish,,,,,,,,
,4/5/2025,20:15,Full,15 min,jw,No Fish,,,,,,,,
,4/5/2025,20:30,Full,15 min,jw,No Fish,,,,,,,,
,4/5/2025,20:45,Full,15 min,jw,No Fish,,,,,,,,
,4/5/2025,21:00,Full,15 min,jw,No Fish,,,,,,,,
,4/5/2025,21:15,Full,15 min,jw,21:21:35,upstream,67.2,2127,11.29,1,,,
,4/5/2025,21:30,Full,15 min,jw,No Fish,,,,,,,,
,4/5/2025,21:45,Full,15 min,jw,No Fish,,,,,,,,
,4/5/2025,22:00,Full,15 min,jw,22:01:20,upstream,79.9,427,11.51,1,,,
,4/5/2025,22:15,Full,15 min,jw,No Fish,,,,,,,,
,4/5/2025,22:30,Full,15 min,jw,No Fish,,,,,,,,
,4/5/2025,22:45,Full,15 min,jw,22:53:13,upstream,74.9,2661,14.34,1,,,
,4/5/2025,23:00,Full,15 min,jw,23:08:21,upstream,74.3,2695,13.97,1,,,
,4/5/2025,23:15,Full,15 min,jw,No Fish,,,,,,,,
,4/5/2025,23:30,Full,15 min,jw,No Fish,,,,,,,,
,4/5/2025,23:45,Full,15 min,jw,No Fish,,,,,,,,
,4/13/2025,0:00,Full,15 min,jw,No Fish,,,,,,,,
,4/13/2025,0:15,Full,15 min,jw,No Fish,,,,,,,,
,4/13/2025,0:30,Full,15 min,jw,No Fish,,,,,,,,
,4/13/2025,0:45,Full,15 min,jw,No Fish,,,,,,,,
,4/13/2025,1:00,Full,15 min,jw,No Fish,,,,,,,,
,4/13/2025,1:15,Full,15 min,jw,No Fish,,,,,,,,
,4/13/2025,1:30,Full,15 min,jw,No Fish,,,,,,,,
,4/13/2025,1:45,Full,15 min,jw,No Fish,,,,,,,,
,4/13/2025,2:00,Full,15 min,jw,No Fish,,,,,,,,
,4/13/2025,2:15,Full,15 min,jw,No Fish,,,,,,,,
,4/13/2025,2:30,Full,15 min,jw,No Fish,,,,,,,,
,4/13/2025,2:45,Full,15 min,jw,2:49:40,upstream,62.7,1492,7.71,1,,,
,4/13/2025,3:00,Full,15 min,jw,No Fish,,,,,,,,
,4/13/2025,3:15,Full,15 min,jw,No Fish,,,,,,,,
,4/13/2025,3:30,Full,15 min,jw,No Fish,,,,,,,,
,4/13/2025,3:45,Full,15 min,jw,3:53:51,upstream,74.3,2830,8.69,1,,,
,4/13/2025,4:00,Full,15 min,jw,No Fish,,,,,,,,
,4/13/2025,4:15,Full,15 min,jw,No Fish,,,,,,,,
,4/13/2025,4:30,Full,15 min,jw,No Fish,,,,,,,,
,4/13/2025,4:45,Full,15 min,jw,No Fish,,,,,,,,
,4/13/2025,5:00,Full,15 min,jw,No Fish,,,,,,,,
,4/13/2025,5:15,Full,15 min,jw,No Fish,,,,,,,,
,4/13/2025,5:30,Full,15 min,jw,No Fish,,,,,,,,
,4/13/2025,5:45,Full,15 min,jw,No Fish,,,,,,,,
,4/13/2025,6:00,Full,15 min,jw,No Fish,,,,,,,,
,4/13/2025,6:15,Full,15 min,jw,No Fish,,,,,,,,
,4/13/2025,6:30,Full,15 min,jw,No Fish,,,,,,,,
,4/13/2025,6:45,Full,15 min,jw,No Fish,,,,,,,,
,4/13/2025,7:00,Full,15 min,jw,No Fish,,,,,,,,
,4/13/2025,7:15,Full,15 min,jw,No Fish,,,,,,,,
,4/13/2025,7:30,Full,15 min,jw,No Fish,,,,,,,,
,4/13/2025,7:45,Full,15 min,jw,No Fish,,,,,,,,
,4/13/2025,8:00,Full,15 min,jw,No Fish,,,,,,,,
,4/13/2025,8:15,Full,15 min,jw,No Fish,,,,,,,,
,4/13/2025,8:30,Full,15 min,jw,No Fish,,,,,,,,
,4/13/2025,8:45,Full,15 min,jw,No Fish,,,,,,,,
,4/13/2025,9:00,Full,15 min,jw,No Fish,,,,,,,,
,4/13/2025,9:15,Full,15 min,jw,No Fish,,,,,,,,
,4/13/2025,9:30,Full,15 min,jw,No Fish,,,,,,,,
,4/13/2025,9:45,Full,15 min,jw,No Fish,,,,,,,,
,4/13/2025,10:00,Full,15 min,jw,No Fish,,,,,,,,
,4/13/2025,10:15,Full,15 min,jw,No Fish,,,,,,,,
,4/13/2025,10:30,Full,15 min,jw,No Fish,,,,,,,,
,4/13/2025,10:45,Full,15 min,jw,No Fish,,,,,,,,
,4/13/2025,11:00,Full,15 min,jw,No Fish,,,,,,,,
,4/13/2025,11:15,Full,15 min,jw,No Fish,,,,,,,,
,4/13/2025,11:30,Full,15 min,jw,No Fish,,,,,,,,
,4/13/2025,11:45,Full,15 min,jw,No Fish,,,,,,,,
,4/13/2025,12:00,Full,15 min,jw,No Fish,,,,,,,,
,4/13/2025,12:15,Full,15 min,jw,No Fish,,,,,,,,
,4/13/2025,12:30,Full,15 min,jw,No Fish,,,,,,,,
,4/13/2025,12:45,Full,15 min,jw,No Fish,,,,,,,,
,4/13/2025,13:00,Full,15 min,jw,No Fish,,,,,,,,
,4/13/2025,13:15,Full,15 min,jw,No Fish,,,,,,,,
,4/13/2025,13:30,Full,15 min,jw,No Fish,,,,,,,,
,4/13/2025,13:45,Full,15 min,jw,No Fish,,,,,,,,
,4/13/2025,14:00,Full,15 min,jw,No Fish,,,,,,,,
,4/13/2025,14:15,Full,15 min,jw,No Fish,,,,,,,,
,4/13/2025,14:30,Full,15 min,jw,No Fish,,,,,,,,
,4/13/2025,14:45,Full,15 min,jw,No Fish,,,,,,,,
,4/13/2025,15:00,Full,15 min,jw,No Fish,,,,,,,,
,4/13/2025,15:15,Full,15 min,jw,No Fish,,,,,,,,
,4/13/2025,15:30,Full,15 min,jw,No Fish,,,,,,,,
,4/13/2025,15:45,Full,15 min,jw,No Fish,,,,,,,,
,4/13/2025,16:00,Full,15 min,jw,No Fish,,,,,,,,
,4/13/2025,16:15,Full,15 min,jw,No Fish,,,,,,,,
,4/13/2025,16:30,Full,15 min,jw,No Fish,,,,,,,,
,4/13/2025,16:45,Full,15 min,jw,No Fish,,,,,,,,
,4/13/2025,17:00,Full,15 min,jw,No Fish,,,,,,,,
,4/13/2025,17:15,Full,15 min,jw,No Fish,,,,,,,,
,4/13/2025,17:30,Full,15 min,jw,No Fish,,,,,,,,
,4/13/2025,17:45,Full,15 min,jw,No Fish,,,,,,,,
,4/13/2025,18:00,Full,15 min,jw,No Fish,,,,,,,,
,4/13/2025,18:15,Full,15 min,jw,No Fish,,,,,,,,
,4/13/2025,18:30,Full,15 min,jw,18:38:07,upstream,80.4,2581,11.54,1,,,
,,,,,,18:38:07,upstream,73.9,2578,11.99,1,,,
,4/13/2025,18:45,Full,15 min,jw,No Fish,,,,,,,,
,4/13/2025,19:00,Full,15 min,jw,No Fish,,,,,,,,
,4/13/2025,19:15,Full,15 min,jw,No Fish,,,,,,,,
,4/13/2025,19:30,Full,15 min,jw,No Fish,,,,,,,,
,4/13/2025,19:45,Full,15 min,jw,No Fish,,,,,,,,
,4/13/2025,20:00,Full,15 min,jw,No Fish,,,,,,,,
,4/13/2025,20:15,Full,15 min,jw,No Fish,,,,,,,,
,4/13/2025,20:30,Full,15 min,jw,20:37:05,upstream,66.4,2247,14.04,1,,,
,,,,,,20:43:08,upstream,75,2268,13.51,1,,,
,4/13/2025,20:45,Full,15 min,jw,No Fish,,,,,,,,
,4/13/2025,21:00,Full,15 min,jw,No Fish,,,,,,,,
,4/13/2025,21:15,Full,15 min,jw,No Fish,,,,,,,,
,4/13/2025,21:30,Full,15 min,jw,No Fish,,,,,,,,
,4/13/2025,21:45,Full,15 min,jw,No Fish,,,,,,,,
,4/13/2025,22:00,Full,15 min,jw,22:05:53,upstream,66.9,1871,12.27,1,,,
,4/13/2025,22:15,Full,15 min,jw,No Fish,,,,,,,,
,4/13/2025,22:30,Full,15 min,jw,No Fish,,,,,,,,
,4/13/2025,22:45,Full,15 min,jw,No Fish,,,,,,,,
,4/13/2025,23:00,Full,15 min,jw,No Fish,,,,,,,,
,4/13/2025,23:15,Full,15 min,jw,23:21:48,downstream,65.3,2177,9.11,1,,,
,4/13/2025,23:30,Full,15 min,jw,No Fish,,,,,,,,
,4/13/2025,23:45,Full,15 min,jw,23:53:20,upstream,72.4,2659,12.19,1,,,
,4/14/2025,0:00,Full,15 min,jw,No Fish,,,,,,,,
,4/14/2025,0:15,Full,15 min,jw,No Fish,,,,,,,,
,4/14/2025,0:30,Full,15 min,jw,No Fish,,,,,,,,
,4/14/2025,0:45,Full,15 min,jw,No Fish,,,,,,,,
,4/14/2025,1:00,Full,15 min,jw,No Fish,,,,,,,,
,4/14/2025,1:15,Full,15 min,jw,No Fish,,,,,,,,
,4/14/2025,1:30,Full,15 min,jw,No Fish,,,,,,,,
,4/14/2025,1:45,Full,15 min,jw,No Fish,,,,,,,,
,4/14/2025,2:00,Full,15 min,jw,No Fish,,,,,,,,
,4/14/2025,2:15,Full,15 min,jw,No Fish,,,,,,,,
,4/14/2025,2:30,Full,15 min,jw,No Fish,,,,,,,,
,4/14/2025,2:45,Full,15 min,jw,No Fish,,,,,,,,
,4/14/2025,3:00,Full,15 min,jw,3:05:27,upstream,61.1,1736,13.52,1,,,
,,,,,,3:05:28,upstream,67,1739,13.42,1,,,
,4/14/2025,3:15,Full,15 min,jw,No Fish,,,,,,,,
,4/14/2025,3:30,Full,15 min,jw,No Fish,,,,,,,,
,4/14/2025,3:45,Full,15 min,jw,No Fish,,,,,,,,
,4/14/2025,4:00,Full,15 min,jw,No Fish,,,,,,,,
,4/14/2025,4:15,Full,15 min,jw,No Fish,,,,,,,,
,4/14/2025,4:30,Full,15 min,jw,No Fish,,,,,,,,
,4/14/2025,4:45,Full,15 min,jw,No Fish,,,,,,,,
,4/14/2025,5:00,Full,15 min,jw,No Fish,,,,,,,,
,4/14/2025,5:15,Full,15 min,jw,No Fish,,,,,,,,
,4/14/2025,5:30,Full,15 min,jw,No Fish,,,,,,,,
,4/14/2025,5:45,Full,15 min,jw,No Fish,,,,,,,,
,4/14/2025,6:00,Full,15 min,jw,6:07:43,upstream,67.8,2457,11.18,1,,,
,4/14/2025,6:15,Full,15 min,jw,No Fish,,,,,,,,
,4/14/2025,6:30,Full,15 min,jw,No Fish,,,,,,,,
,4/14/2025,6:45,Full,15 min,jw,No Fish,,,,,,,,
,4/14/2025,7:00,Full,15 min,jw,No Fish,,,,,,,,
,4/14/2025,7:15,Full,15 min,jw,No Fish,,,,,,,,
,4/14/2025,7:30,Full,15 min,jw,No Fish,,,,,,,,
,4/14/2025,7:45,Full,15 min,jw,No Fish,,,,,,,,
,4/14/2025,8:00,Full,15 min,jw,No Fish,,,,,,,,
,4/14/2025,8:15,Full,15 min,jw,No Fish,,,,,,,,
,4/14/2025,8:30,Full,15 min,jw,No Fish,,,,,,,,
,4/14/2025,8:45,Full,15 min,jw,No Fish,,,,,,,,
,4/14/2025,9:00,Full,15 min,jw,No Fish,,,,,,,,
,4/14/2025,9:15,Full,15 min,jw,No Fish,,,,,,,,
,4/14/2025,9:30,Full,15 min,jw,No Fish,,,,,,,,
,4/14/2025,9:45,Full,15 min,jw,9:53:29,upstream,58.4,2964,15.11,1,,,
,4/14/2025,10:00,Full,15 min,jw,No Fish,,,,,,,,
,4/14/2025,10:15,Full,15 min,jw,No Fish,,,,,,,,
,4/14/2025,10:30,Full,15 min,jw,No Fish,,,,,,,,
,4/14/2025,10:45,Full,15 min,jw,No Fish,,,,,,,,
,4/14/2025,11:00,Full,15 min,jw,No Fish,,,,,,,,
,4/14/2025,11:15,Full,15 min,jw,No Fish,,,,,,,,
,4/14/2025,11:30,Full,15 min,jw,No Fish,,,,,,,,
,4/14/2025,11:45,Full,15 min,jw,No Fish,,,,,,,,
,4/14/2025,12:00,Full,15 min,jw,No Fish,,,,,,,,
,4/14/2025,12:15,Full,15 min,jw,No Fish,,,,,,,,
,4/14/2025,12:30,Full,15 min,jw,No Fish,,,,,,,,
,4/14/2025,12:45,Full,15 min,jw,No Fish,,,,,,,,
,4/14/2025,13:00,Full,15 min,jw,No Fish,,,,,,,,
,4/14/2025,13:15,Full,15 min,jw,No Fish,,,,,,,,
,4/14/2025,13:30,Full,15 min,jw,No Fish,,,,,,,,
,4/14/2025,13:45,Full,15 min,jw,No Fish,,,,,,,,
,4/14/2025,14:00,Full,15 min,jw,No Fish,,,,,,,,
,4/14/2025,14:15,Full,15 min,jw,No Fish,,,,,,,,
,4/14/2025,14:30,Full,15 min,jw,No Fish,,,,,,,,
,4/14/2025,14:45,Full,15 min,jw,No Fish,,,,,,,,
,4/14/2025,15:00,Full,15 min,jw,No Fish,,,,,,,,
,4/14/2025,15:15,Full,15 min,jw,No Fish,,,,,,,,
,4/14/2025,15:30,Full,15 min,jw,No Fish,,,,,,,,
,4/14/2025,15:45,Full,15 min,jw,No Fish,,,,,,,,
,4/14/2025,16:00,Full,15 min,jw,No Fish,,,,,,,,
,4/14/2025,16:15,Full,15 min,jw,No Fish,,,,,,,,
,4/14/2025,16:30,Full,15 min,jw,No Fish,,,,,,,,
,4/14/2025,16:45,Full,15 min,jw,No Fish,,,,,,,,
,4/14/2025,17:00,Full,15 min,jw,No Fish,,,,,,,,
,4/14/2025,17:15,Full,15 min,jw,No Fish,,,,,,,,
,4/14/2025,17:30,Full,15 min,jw,No Fish,,,,,,,,
,4/14/2025,17:45,Full,15 min,jw,No Fish,,,,,,,,
,4/14/2025,18:00,Full,15 min,jw,No Fish,,,,,,,,
,4/14/2025,18:15,Full,15 min,jw,No Fish,,,,,,,,
,4/14/2025,18:30,Full,15 min,jw,No Fish,,,,,,,,
,4/14/2025,18:45,Full,15 min,jw,No Fish,,,,,,,,
,4/14/2025,19:00,Full,15 min,jw,No Fish,,,,,,,,
,4/14/2025,19:15,Full,15 min,jw,No Fish,,,,,,,,
,4/14/2025,19:30,Full,15 min,jw,No Fish,,,,,,,,
,4/14/2025,19:45,Full,15 min,jw,No Fish,,,,,,,,
,4/14/2025,20:00,Full,15 min,jw,No Fish,,,,,,,,
,4/14/2025,20:15,Full,15 min,jw,20:24:57,upstream,71,3159,11.65,1,,,
,4/14/2025,20:30,Full,15 min,jw,No Fish,,,,,,,,
,4/14/2025,20:45,Full,15 min,jw,No Fish,,,,,,,,
,4/14/2025,21:00,Full,15 min,jw,No Fish,,,,,,,,
,4/14/2025,21:15,Full,15 min,jw,No Fish,,,,,,,,
,4/14/2025,21:30,Full,15 min,jw,No Fish,,,,,,,,
,4/14/2025,21:45,Full,15 min,jw,21:46:53,upstream,68.3,584,10.37,1,,,
,,,,,,21:48:00,upstream,62.5,947,7.59,1,,,
,4/14/2025,22:00,Full,15 min,jw,No Fish,,,,,,,,
,4/14/2025,22:15,Full,15 min,jw,22:24:59,downstream,61.7,3167,7.16,1,,,
,4/14/2025,22:30,Full,15 min,jw,No Fish,,,,,,,,
,4/14/2025,22:45,Full,15 min,jw,No Fish,,,,,,,,
,4/14/2025,23:00,Full,15 min,jw,No Fish,,,,,,,,
,4/14/2025,23:15,Full,15 min,jw,23:23:40,upstream,59.7,2733,6.12,1,,,
,4/14/2025,23:30,Full,15 min,jw,23:36:22,upstream,69.6,2007,13.18,1,,,
,,,,,,23:43:34,upstream,71.7,4301,10.69,1,,,
,4/14/2025,23:45,Full,15 min,jw,No Fish,,,,,,,,
,4/15/2025,0:00,Full,15 min,jw,No Fish,,,,,,,,
,4/15/2025,0:15,Full,15 min,jw,No Fish,,,,,,,,
,4/15/2025,0:30,Full,15 min,jw,No Fish,,,,,,,,
,4/15/2025,0:45,Full,15 min,jw,No Fish,,,,,,,,
,4/15/2025,1:00,Full,15 min,jw,No Fish,,,,,,,,
,4/15/2025,1:15,Full,15 min,jw,No Fish,,,,,,,,
,4/15/2025,1:30,Full,15 min,jw,No Fish,,,,,,,,
,4/15/2025,1:45,Full,15 min,jw,1:48:16,upstream,72.6,1033,9.63,1,,,
,4/15/2025,2:00,Full,15 min,jw,2:12:15,upstream,61.6,3848,10.9,1,,,
,4/15/2025,2:15,Full,15 min,jw,No Fish,,,,,,,,
,4/15/2025,2:30,Full,15 min,jw,No Fish,,,,,,,,
,4/15/2025,2:45,Full,15 min,jw,No Fish,,,,,,,,
,4/15/2025,3:00,Full,15 min,jw,No Fish,,,,,,,,
,4/15/2025,3:15,Full,15 min,jw,3:22:03,downstream,65.2,2218,11.61,1,,,
,4/15/2025,3:30,Full,15 min,jw,No Fish,,,,,,,,
,4/15/2025,3:45,Full,15 min,jw,No Fish,,,,,,,,
,4/15/2025,4:00,Full,15 min,jw,No Fish,,,,,,,,
,4/15/2025,4:15,Full,15 min,jw,No Fish,,,,,,,,
,4/15/2025,4:30,Full,15 min,jw,No Fish,,,,,,,,
,4/15/2025,4:45,Full,15 min,jw,No Fish,,,,,,,,
,4/15/2025,5:00,Full,15 min,jw,No Fish,,,,,,,,
,4/15/2025,5:15,Full,15 min,jw,No Fish,,,,,,,,
,4/15/2025,5:30,Full,15 min,jw,No Fish,,,,,,,,
,4/15/2025,5:45,Full,15 min,jw,No Fish,,,,,,,,
,4/15/2025,6:00,Full,15 min,jw,6:09:52,upstream,80.4,3102,11.51,1,,,
,,,,,,6:09:55,upstream,70.4,3122,10.66,1,,,
,4/15/2025,6:15,Full,15 min,jw,No Fish,,,,,,,,
,4/15/2025,6:30,Full,15 min,jw,No Fish,,,,,,,,
,4/15/2025,6:45,Full,15 min,jw,No Fish,,,,,,,,
,4/15/2025,7:00,Full,15 min,jw,No Fish,,,,,,,,
,4/15/2025,7:15,Full,15 min,jw,No Fish,,,,,,,,
,4/15/2025,7:30,Full,15 min,jw,No Fish,,,,,,,,
,4/15/2025,7:45,Full,15 min,jw,No Fish,,,,,,,,
,4/15/2025,8:00,Full,15 min,jw,No Fish,,,,,,,,
,4/15/2025,8:15,Full,15 min,jw,No Fish,,,,,,,,
,4/15/2025,8:30,Full,15 min,jw,No Fish,,,,,,,,
,4/15/2025,8:45,Full,15 min,jw,No Fish,,,,,,,,
,4/15/2025,9:00,Full,15 min,jw,No Fish,,,,,,,,
,4/15/2025,9:15,Full,15 min,jw,No Fish,,,,,,,,
,4/15/2025,9:30,Full,15 min,jw,No Fish,,,,,,,,
,4/15/2025,9:45,Full,15 min,jw,No Fish,,,,,,,,
,4/15/2025,10:00,Full,15 min,jw,No Fish,,,,,,,,
,4/15/2025,10:15,Full,15 min,jw,No Fish,,,,,,,,
,4/15/2025,10:30,Full,15 min,jw,No Fish,,,,,,,,
,4/15/2025,10:45,Full,15 min,jw,No Fish,,,,,,,,
,4/15/2025,11:00,Full,15 min,jw,No Fish,,,,,,,,
,4/15/2025,11:15,Full,15 min,jw,No Fish,,,,,,,,
,4/15/2025,11:30,Full,15 min,jw,No Fish,,,,,,,,
,4/15/2025,11:45,Full,15 min,jw,No Fish,,,,,,,,
,4/15/2025,12:00,Full,15 min,jw,No Fish,,,,,,,,
,4/15/2025,12:15,Full,15 min,jw,No Fish,,,,,,,,
,4/15/2025,12:30,Full,15 min,jw,No Fish,,,,,,,,
,4/15/2025,12:45,Full,15 min,jw,No Fish,,,,,,,,
,4/15/2025,13:00,Full,15 min,jw,No Fish,,,,,,,,
,4/15/2025,13:15,Full,15 min,jw,No Fish,,,,,,,,
,4/15/2025,13:30,Full,15 min,jw,No Fish,,,,,,,,
,4/15/2025,13:45,Full,15 min,jw,No Fish,,,,,,,,
,4/15/2025,14:00,Full,15 min,jw,No Fish,,,,,,,,
,4/15/2025,14:15,Full,15 min,jw,No Fish,,,,,,,,
,4/15/2025,14:30,Full,15 min,jw,No Fish,,,,,,,,
,4/15/2025,14:45,Full,15 min,jw,No Fish,,,,,,,,
,4/15/2025,15:00,Full,15 min,jw,No Fish,,,,,,,,
,4/15/2025,15:15,Full,15 min,jw,No Fish,,,,,,,,
,4/15/2025,15:30,Full,15 min,jw,No Fish,,,,,,,,
,4/15/2025,15:45,Full,15 min,jw,No Fish,,,,,,,,
,4/15/2025,16:00,Full,15 min,jw,No Fish,,,,,,,,
,4/15/2025,16:15,Full,15 min,jw,No Fish,,,,,,,,
,4/15/2025,16:30,Full,15 min,jw,No Fish,,,,,,,,
,4/15/2025,16:45,Full,15 min,jw,No Fish,,,,,,,,
,4/15/2025,17:00,Full,15 min,jw,No Fish,,,,,,,,
,4/15/2025,17:15,Full,15 min,jw,No Fish,,,,,,,,
,4/15/2025,17:30,Full,15 min,jw,No Fish,,,,,,,,
,4/15/2025,17:45,Full,15 min,jw,No Fish,,,,,,,,
,4/15/2025,18:00,Full,15 min,jw,No Fish,,,,,,,,
,4/15/2025,18:15,Full,15 min,jw,No Fish,,,,,,,,
,4/15/2025,18:30,Full,15 min,jw,No Fish,,,,,,,,
,4/15/2025,18:45,Full,15 min,jw,No Fish,,,,,,,,
,4/15/2025,19:00,Full,15 min,jw,No Fish,,,,,,,,
,4/15/2025,19:15,Full,15 min,jw,No Fish,,,,,,,,
,4/15/2025,19:30,Full,15 min,jw,No Fish,,,,,,,,
,4/15/2025,19:45,Full,15 min,jw,No Fish,,,,,,,,
,4/15/2025,20:00,Full,15 min,jw,No Fish,,,,,,,,
,4/15/2025,20:15,Full,15 min,jw,No Fish,,,,,,,,
,4/15/2025,20:30,Full,15 min,jw,No Fish,,,,,,,,
,4/15/2025,20:45,Full,15 min,jw,No Fish,,,,,,,,
,4/15/2025,21:00,Full,15 min,jw,No Fish,,,,,,,,
,4/15/2025,21:15,Full,15 min,jw,21:28:03,upstream,63.3,4095,9.2,1,,,
,4/15/2025,21:30,Full,15 min,jw,21:38:51,upstream,60.9,2802,12.26,1,,,
,4/15/2025,21:45,Full,15 min,jw,No Fish,,,,,,,,
,4/15/2025,22:00,Full,15 min,jw,No Fish,,,,,,,,
,4/15/2025,22:15,Full,15 min,jw,No Fish,,,,,,,,
,4/15/2025,22:30,Full,15 min,jw,22:37:16,upstream,60.6,2271,7.54,1,,,
,4/15/2025,22:45,Full,15 min,jw,No Fish,,,,,,,,
,4/15/2025,23:00,Full,15 min,jw,No Fish,,,,,,,,
,4/15/2025,23:15,Full,15 min,jw,No Fish,,,,,,,,
,4/15/2025,23:30,Full,15 min,jw,No Fish,,,,,,,,
,4/15/2025,23:45,Full,15 min,jw,No Fish,,,,,,,,
